<?xml version="1.0" standalone="yes"?>
<Sector>
  <xs:schema id="Sector" xmlns="" xmlns:xs="http://www.w3.org/2001/XMLSchema" xmlns:msdata="urn:schemas-microsoft-com:xml-msdata">
    <xs:element name="Sector" msdata:IsDataSet="true" msdata:Locale="">
      <xs:complexType>
        <xs:choice minOccurs="0" maxOccurs="unbounded">
          <xs:element name="S" msdata:Locale="">
            <xs:complexType>
              <xs:sequence>
                <xs:element name="Calle" type="xs:string" minOccurs="0" />
                <xs:element name="Lat" type="xs:decimal" minOccurs="0" />
                <xs:element name="Lon" type="xs:decimal" minOccurs="0" />
                <xs:element name="Dis" type="xs:decimal" minOccurs="0" />
                <xs:element name="Cta" type="xs:int" minOccurs="0" />
                <xs:element name="CodSec" type="xs:int" minOccurs="0" />
              </xs:sequence>
            </xs:complexType>
          </xs:element>
        </xs:choice>
      </xs:complexType>
    </xs:element>
  </xs:schema>
  <S>
    <Calle>MARMO</Calle>
    <Lat>33.029127</Lat>
    <Lon>60.602211</Lon>
    <Dis>2837.904</Dis>
    <Cta>1</Cta>
    <CodSec>12</CodSec>
  </S>
  <S>
    <Calle>HERAS</Calle>
    <Lat>33.033642</Lat>
    <Lon>60.627562</Lon>
    <Dis>1497.047</Dis>
    <Cta>152</Cta>
    <CodSec>12</CodSec>
  </S>
  <S>
    <Calle>MITRE</Calle>
    <Lat>33.024343</Lat>
    <Lon>60.627652</Lon>
    <Dis>900.611</Dis>
    <Cta>252</Cta>
    <CodSec>12</CodSec>
  </S>
  <S>
    <Calle>FILIP</Calle>
    <Lat>33.024612</Lat>
    <Lon>60.637217</Lon>
    <Dis>1548.901</Dis>
    <Cta>313</Cta>
    <CodSec>12</CodSec>
  </S>
  <S>
    <Calle>CIRCU</Calle>
    <Lat>33.015934</Lat>
    <Lon>60.634533</Lon>
    <Dis>1462.949</Dis>
    <Cta>411</Cta>
    <CodSec>13</CodSec>
  </S>
  <S>
    <Calle>ARIJO</Calle>
    <Lat>33.003005</Lat>
    <Lon>60.636023</Lon>
    <Dis>1520.840</Dis>
    <Cta>511</Cta>
    <CodSec>13</CodSec>
  </S>
  <S>
    <Calle>SMART</Calle>
    <Lat>32.999848</Lat>
    <Lon>60.648373</Lon>
    <Dis>1070.982</Dis>
    <Cta>594</Cta>
    <CodSec>13</CodSec>
  </S>
  <S>
    <Calle>URIB.</Calle>
    <Lat>32.990892</Lat>
    <Lon>60.646657</Lon>
    <Dis>1270.257</Dis>
    <Cta>662</Cta>
    <CodSec>13</CodSec>
  </S>
  <S>
    <Calle>SEGUI</Calle>
    <Lat>32.979738</Lat>
    <Lon>60.644363</Lon>
    <Dis>1411.803</Dis>
    <Cta>738</Cta>
    <CodSec>13</CodSec>
  </S>
  <S>
    <Calle>27FEB</Calle>
    <Lat>32.968325</Lat>
    <Lon>60.640827</Lon>
    <Dis>1933.122</Dis>
    <Cta>827</Cta>
    <CodSec>13</CodSec>
  </S>
  <S>
    <Calle>CORRI</Calle>
    <Lat>32.956354</Lat>
    <Lon>60.645016</Lon>
    <Dis>2010.020</Dis>
    <Cta>936</Cta>
    <CodSec>13</CodSec>
  </S>
  <S>
    <Calle>PARAG</Calle>
    <Lat>32.939648</Lat>
    <Lon>60.642181</Lon>
    <Dis>4206.685</Dis>
    <Cta>1057</Cta>
    <CodSec>13</CodSec>
  </S>
  <S>
    <Calle>AVELL</Calle>
    <Lat>32.924872</Lat>
    <Lon>60.675323</Lon>
    <Dis>973.564</Dis>
    <Cta>1323</Cta>
    <CodSec>13</CodSec>
  </S>
  <S>
    <Calle>JJPAS</Calle>
    <Lat>32.919458</Lat>
    <Lon>60.682181</Lon>
    <Dis>2946.324</Dis>
    <Cta>1383</Cta>
    <CodSec>13</CodSec>
  </S>
  <S>
    <Calle>PUCCI</Calle>
    <Lat>32.895053</Lat>
    <Lon>60.692033</Lon>
    <Dis>2755.149</Dis>
    <Cta>1573</Cta>
    <CodSec>13</CodSec>
  </S>
  <S>
    <Calle>CIUDA</Calle>
    <Lat>32.871289</Lat>
    <Lon>60.699286</Lon>
    <Dis>1726.305</Dis>
    <Cta>1749</Cta>
    <CodSec>13</CodSec>
  </S>
  <S>
    <Calle>PAGAN</Calle>
    <Lat>32.856442</Lat>
    <Lon>60.703819</Lon>
    <Dis>2578.931</Dis>
    <Cta>1855</Cta>
    <CodSec>13</CodSec>
  </S>
  <S>
    <Calle>CELUL</Calle>
    <Lat>32.834119</Lat>
    <Lon>60.710818</Lon>
    <Dis>3891.237</Dis>
    <Cta>2000</Cta>
    <CodSec>13</CodSec>
  </S>
  <S>
    <Calle>MALVI</Calle>
    <Lat>32.800361</Lat>
    <Lon>60.721009</Lon>
    <Dis>2607.402</Dis>
    <Cta>2251</Cta>
    <CodSec>13</CodSec>
  </S>
  <S>
    <Calle>M.MOR</Calle>
    <Lat>32.777854</Lat>
    <Lon>60.727894</Lon>
    <Dis>4854.548</Dis>
    <Cta>2418</Cta>
    <CodSec>13</CodSec>
  </S>
  <S>
    <Calle>VICEN</Calle>
    <Lat>32.763175</Lat>
    <Lon>60.770089</Lon>
    <Dis>3649.722</Dis>
    <Cta>2729</Cta>
    <CodSec>13</CodSec>
  </S>
  <S>
    <Calle>S.EST</Calle>
    <Lat>32.775629</Lat>
    <Lon>60.797468</Lon>
    <Dis>0</Dis>
    <Cta>2921</Cta>
    <CodSec>13</CodSec>
  </S>
</Sector>