<?xml version="1.0" standalone="yes"?>
<Sector>
  <xs:schema id="Sector" xmlns="" xmlns:xs="http://www.w3.org/2001/XMLSchema" xmlns:msdata="urn:schemas-microsoft-com:xml-msdata">
    <xs:element name="Sector" msdata:IsDataSet="true" msdata:Locale="">
      <xs:complexType>
        <xs:choice minOccurs="0" maxOccurs="unbounded">
          <xs:element name="S" msdata:Locale="">
            <xs:complexType>
              <xs:sequence>
                <xs:element name="Calle" type="xs:string" minOccurs="0" />
                <xs:element name="Lat" type="xs:decimal" minOccurs="0" />
                <xs:element name="Lon" type="xs:decimal" minOccurs="0" />
                <xs:element name="Dis" type="xs:decimal" minOccurs="0" />
                <xs:element name="Cta" type="xs:int" minOccurs="0" />
                <xs:element name="CodSec" type="xs:int" minOccurs="0" />
              </xs:sequence>
            </xs:complexType>
          </xs:element>
        </xs:choice>
      </xs:complexType>
    </xs:element>
  </xs:schema>
  <S>
    <Calle>SJUAN</Calle>
    <Lat>32.949705</Lat>
    <Lon>60.643298</Lon>
    <Dis>1602.726</Dis>
    <Cta>1</Cta>
    <CodSec>13</CodSec>
  </S>
  <S>
    <Calle>ORO?O</Calle>
    <Lat>32.947500</Lat>
    <Lon>60.654086</Lon>
    <Dis>799.918</Dis>
    <Cta>99</Cta>
    <CodSec>13</CodSec>
  </S>
  <S>
    <Calle>OvLAG</Calle>
    <Lat>32.946017</Lat>
    <Lon>60.662377</Lon>
    <Dis>1497.130</Dis>
    <Cta>144</Cta>
    <CodSec>13</CodSec>
  </S>
  <S>
    <Calle>CAFFE</Calle>
    <Lat>32.939254</Lat>
    <Lon>60.670571</Lon>
    <Dis>942.646</Dis>
    <Cta>223</Cta>
    <CodSec>13</CodSec>
  </S>
  <S>
    <Calle>CORDO</Calle>
    <Lat>32.938932</Lat>
    <Lon>60.679209</Lon>
    <Dis>1235.920</Dis>
    <Cta>280</Cta>
    <CodSec>13</CodSec>
  </S>
  <S>
    <Calle>PELLE</Calle>
    <Lat>32.949778</Lat>
    <Lon>60.681892</Lon>
    <Dis>1736.645</Dis>
    <Cta>345</Cta>
    <CodSec>13</CodSec>
  </S>
  <S>
    <Calle>FMORE</Calle>
    <Lat>32.958657</Lat>
    <Lon>60.692819</Lon>
    <Dis>2030.596</Dis>
    <Cta>447</Cta>
    <CodSec>13</CodSec>
  </S>
  <S>
    <Calle>PUNID</Calle>
    <Lat>32.967863</Lat>
    <Lon>60.711340</Lon>
    <Dis>2845.037</Dis>
    <Cta>568</Cta>
    <CodSec>81</CodSec>
  </S>
  <S>
    <Calle>ESSO.</Calle>
    <Lat>32.981030</Lat>
    <Lon>60.737320</Lon>
    <Dis>3023.169</Dis>
    <Cta>731</Cta>
    <CodSec>85</CodSec>
  </S>
  <S>
    <Calle>YPF</Calle>
    <Lat>32.995074</Lat>
    <Lon>60.764614</Lon>
    <Dis>2537.588</Dis>
    <Cta>927</Cta>
    <CodSec>85</CodSec>
  </S>
  <S>
    <Calle>AVELL</Calle>
    <Lat>33.005604</Lat>
    <Lon>60.786729</Lon>
    <Dis>0</Dis>
    <Cta>1094</Cta>
    <CodSec>85</CodSec>
  </S>
</Sector>