<?xml version="1.0" standalone="yes"?>
<Sector>
  <xs:schema id="Sector" xmlns="" xmlns:xs="http://www.w3.org/2001/XMLSchema" xmlns:msdata="urn:schemas-microsoft-com:xml-msdata">
    <xs:element name="Sector" msdata:IsDataSet="true" msdata:Locale="">
      <xs:complexType>
        <xs:choice minOccurs="0" maxOccurs="unbounded">
          <xs:element name="S" msdata:Locale="">
            <xs:complexType>
              <xs:sequence>
                <xs:element name="Calle" type="xs:string" minOccurs="0" />
                <xs:element name="Lat" type="xs:decimal" minOccurs="0" />
                <xs:element name="Lon" type="xs:decimal" minOccurs="0" />
                <xs:element name="Dis" type="xs:decimal" minOccurs="0" />
                <xs:element name="Cta" type="xs:int" minOccurs="0" />
                <xs:element name="CodSec" type="xs:int" minOccurs="0" />
              </xs:sequence>
            </xs:complexType>
          </xs:element>
        </xs:choice>
      </xs:complexType>
    </xs:element>
  </xs:schema>
  <S>
    <Calle>Rut23</Calle>
    <Lat>34.543540</Lat>
    <Lon>58.715432</Lon>
    <Dis>3324.105</Dis>
    <Cta>1</Cta>
    <CodSec>18</CodSec>
  </S>
  <S>
    <Calle>CALLA</Calle>
    <Lat>34.538645</Lat>
    <Lon>58.739145</Lon>
    <Dis>3058.773</Dis>
    <Cta>205</Cta>
    <CodSec>18</CodSec>
  </S>
  <S>
    <Calle>ZU-LA</Calle>
    <Lat>34.519322</Lat>
    <Lon>58.752480</Lon>
    <Dis>0</Dis>
    <Cta>393</Cta>
    <CodSec>18</CodSec>
  </S>
</Sector>