<?xml version="1.0" standalone="yes"?>
<Sector>
  <xs:schema id="Sector" xmlns="" xmlns:xs="http://www.w3.org/2001/XMLSchema" xmlns:msdata="urn:schemas-microsoft-com:xml-msdata">
    <xs:element name="Sector" msdata:IsDataSet="true" msdata:Locale="">
      <xs:complexType>
        <xs:choice minOccurs="0" maxOccurs="unbounded">
          <xs:element name="S" msdata:Locale="">
            <xs:complexType>
              <xs:sequence>
                <xs:element name="Calle" type="xs:string" minOccurs="0" />
                <xs:element name="Lat" type="xs:decimal" minOccurs="0" />
                <xs:element name="Lon" type="xs:decimal" minOccurs="0" />
                <xs:element name="Dis" type="xs:decimal" minOccurs="0" />
                <xs:element name="Cta" type="xs:int" minOccurs="0" />
                <xs:element name="CodSec" type="xs:int" minOccurs="0" />
              </xs:sequence>
            </xs:complexType>
          </xs:element>
        </xs:choice>
      </xs:complexType>
    </xs:element>
  </xs:schema>
  <S>
    <Calle>PAVON</Calle>
    <Lat>34.532079</Lat>
    <Lon>58.703790</Lon>
    <Dis>659.164</Dis>
    <Cta>1</Cta>
    <CodSec>18</CodSec>
  </S>
  <S>
    <Calle>S.LOR</Calle>
    <Lat>34.536500</Lat>
    <Lon>58.708526</Lon>
    <Dis>1067.576</Dis>
    <Cta>36</Cta>
    <CodSec>18</CodSec>
  </S>
  <S>
    <Calle>RU 23</Calle>
    <Lat>34.543481</Lat>
    <Lon>58.713657</Lon>
    <Dis>1579.259</Dis>
    <Cta>92</Cta>
    <CodSec>18</CodSec>
  </S>
  <S>
    <Calle>IRIGO</Calle>
    <Lat>34.541144</Lat>
    <Lon>58.725568</Lon>
    <Dis>1463.080</Dis>
    <Cta>174</Cta>
    <CodSec>18</CodSec>
  </S>
  <S>
    <Calle>ARRIC</Calle>
    <Lat>34.532308</Lat>
    <Lon>58.735250</Lon>
    <Dis>1266.525</Dis>
    <Cta>263</Cta>
    <CodSec>18</CodSec>
  </S>
  <S>
    <Calle>GONZA</Calle>
    <Lat>34.534551</Lat>
    <Lon>58.744751</Lon>
    <Dis>1580.590</Dis>
    <Cta>343</Cta>
    <CodSec>18</CodSec>
  </S>
  <S>
    <Calle>PUEYR</Calle>
    <Lat>34.525870</Lat>
    <Lon>58.747370</Lon>
    <Dis>1233.099</Dis>
    <Cta>438</Cta>
    <CodSec>18</CodSec>
  </S>
  <S>
    <Calle>LACRO</Calle>
    <Lat>34.519967</Lat>
    <Lon>58.753962</Lon>
    <Dis>405.951</Dis>
    <Cta>511</Cta>
    <CodSec>18</CodSec>
  </S>
  <S>
    <Calle>ALTUB</Calle>
    <Lat>34.521049</Lat>
    <Lon>58.749871</Lon>
    <Dis>1368.651</Dis>
    <Cta>534</Cta>
    <CodSec>18</CodSec>
  </S>
  <S>
    <Calle>CAPDE</Calle>
    <Lat>34.522620</Lat>
    <Lon>58.760753</Lon>
    <Dis>1890.967</Dis>
    <Cta>618</Cta>
    <CodSec>18</CodSec>
  </S>
  <S>
    <Calle>USTAR</Calle>
    <Lat>34.530277</Lat>
    <Lon>58.778948</Lon>
    <Dis>894.975</Dis>
    <Cta>750</Cta>
    <CodSec>18</CodSec>
  </S>
  <S>
    <Calle>CORON</Calle>
    <Lat>34.530382</Lat>
    <Lon>58.787505</Lon>
    <Dis>782.443</Dis>
    <Cta>805</Cta>
    <CodSec>18</CodSec>
  </S>
  <S>
    <Calle>SALVA</Calle>
    <Lat>34.525863</Lat>
    <Lon>58.793010</Lon>
    <Dis>952.125</Dis>
    <Cta>866</Cta>
    <CodSec>18</CodSec>
  </S>
  <S>
    <Calle>DERQU</Calle>
    <Lat>34.531175</Lat>
    <Lon>58.801018</Lon>
    <Dis>1041.005</Dis>
    <Cta>919</Cta>
    <CodSec>18</CodSec>
  </S>
  <S>
    <Calle>SOMEL</Calle>
    <Lat>34.524221</Lat>
    <Lon>58.808025</Lon>
    <Dis>1103.140</Dis>
    <Cta>995</Cta>
    <CodSec>18</CodSec>
  </S>
  <S>
    <Calle>ACEVE</Calle>
    <Lat>34.530260</Lat>
    <Lon>58.815451</Lon>
    <Dis>0</Dis>
    <Cta>1070</Cta>
    <CodSec>18</CodSec>
  </S>
</Sector>