<?xml version="1.0" standalone="yes"?>
<Sector>
  <xs:schema id="Sector" xmlns="" xmlns:xs="http://www.w3.org/2001/XMLSchema" xmlns:msdata="urn:schemas-microsoft-com:xml-msdata">
    <xs:element name="Sector" msdata:IsDataSet="true" msdata:Locale="">
      <xs:complexType>
        <xs:choice minOccurs="0" maxOccurs="unbounded">
          <xs:element name="S" msdata:Locale="">
            <xs:complexType>
              <xs:sequence>
                <xs:element name="Calle" type="xs:string" minOccurs="0" />
                <xs:element name="Lat" type="xs:decimal" minOccurs="0" />
                <xs:element name="Lon" type="xs:decimal" minOccurs="0" />
                <xs:element name="Dis" type="xs:decimal" minOccurs="0" />
                <xs:element name="Cta" type="xs:int" minOccurs="0" />
                <xs:element name="CodSec" type="xs:int" minOccurs="0" />
              </xs:sequence>
            </xs:complexType>
          </xs:element>
        </xs:choice>
      </xs:complexType>
    </xs:element>
  </xs:schema>
  <S>
    <Calle>Rut23</Calle>
    <Lat>34.543865</Lat>
    <Lon>58.715024</Lon>
    <Dis>1316.142</Dis>
    <Cta>1</Cta>
    <CodSec>18</CodSec>
  </S>
  <S>
    <Calle>GCAMP</Calle>
    <Lat>34.550147</Lat>
    <Lon>58.723115</Lon>
    <Dis>844.832</Dis>
    <Cta>79</Cta>
    <CodSec>18</CodSec>
  </S>
  <S>
    <Calle>IRIGO</Calle>
    <Lat>34.545291</Lat>
    <Lon>58.729980</Lon>
    <Dis>2206.810</Dis>
    <Cta>130</Cta>
    <CodSec>18</CodSec>
  </S>
  <S>
    <Calle>JBJUS</Calle>
    <Lat>34.532338</Lat>
    <Lon>58.747754</Lon>
    <Dis>1135.318</Dis>
    <Cta>268</Cta>
    <CodSec>18</CodSec>
  </S>
  <S>
    <Calle>ALTUB</Calle>
    <Lat>34.524162</Lat>
    <Lon>58.754945</Lon>
    <Dis>871.075</Dis>
    <Cta>341</Cta>
    <CodSec>18</CodSec>
  </S>
  <S>
    <Calle>ZU-LA</Calle>
    <Lat>34.519255</Lat>
    <Lon>58.752263</Lon>
    <Dis>2474.919</Dis>
    <Cta>395</Cta>
    <CodSec>18</CodSec>
  </S>
  <S>
    <Calle>RUTP8</Calle>
    <Lat>34.509142</Lat>
    <Lon>58.728509</Lon>
    <Dis>1362.594</Dis>
    <Cta>570</Cta>
    <CodSec>18</CodSec>
  </S>
  <S>
    <Calle>SNIGN</Calle>
    <Lat>34.503290</Lat>
    <Lon>58.715592</Lon>
    <Dis>972.922</Dis>
    <Cta>658</Cta>
    <CodSec>18</CodSec>
  </S>
  <S>
    <Calle>BARON</Calle>
    <Lat>34.507580</Lat>
    <Lon>58.708841</Lon>
    <Dis>1429.698</Dis>
    <Cta>729</Cta>
    <CodSec>18</CodSec>
  </S>
  <S>
    <Calle>GRLSA</Calle>
    <Lat>34.499007</Lat>
    <Lon>58.697455</Lon>
    <Dis>1469.458</Dis>
    <Cta>819</Cta>
    <CodSec>18</CodSec>
  </S>
  <S>
    <Calle>GANDH</Calle>
    <Lat>34.508160</Lat>
    <Lon>58.704526</Lon>
    <Dis>1071.009</Dis>
    <Cta>913</Cta>
    <CodSec>18</CodSec>
  </S>
  <S>
    <Calle>MOREN</Calle>
    <Lat>34.514312</Lat>
    <Lon>58.707036</Lon>
    <Dis>1151.575</Dis>
    <Cta>979</Cta>
    <CodSec>18</CodSec>
  </S>
  <S>
    <Calle>MAZZA</Calle>
    <Lat>34.521730</Lat>
    <Lon>58.701299</Lon>
    <Dis>911.898</Dis>
    <Cta>1055</Cta>
    <CodSec>18</CodSec>
  </S>
  <S>
    <Calle>RU P8</Calle>
    <Lat>34.527898</Lat>
    <Lon>58.707768</Lon>
    <Dis>864.525</Dis>
    <Cta>1114</Cta>
    <CodSec>18</CodSec>
  </S>
  <S>
    <Calle>BELGR</Calle>
    <Lat>34.533067</Lat>
    <Lon>58.701092</Lon>
    <Dis>1054.012</Dis>
    <Cta>1171</Cta>
    <CodSec>18</CodSec>
  </S>
  <S>
    <Calle>S.LOR</Calle>
    <Lat>34.536497</Lat>
    <Lon>58.708528</Lon>
    <Dis>901.093</Dis>
    <Cta>1226</Cta>
    <CodSec>18</CodSec>
  </S>
  <S>
    <Calle>ALEM.</Calle>
    <Lat>34.542499</Lat>
    <Lon>58.714912</Lon>
    <Dis>1411.424</Dis>
    <Cta>1277</Cta>
    <CodSec>18</CodSec>
  </S>
  <S>
    <Calle>FRAGA</Calle>
    <Lat>34.538465</Lat>
    <Lon>58.722934</Lon>
    <Dis>880.210</Dis>
    <Cta>1376</Cta>
    <CodSec>18</CodSec>
  </S>
  <S>
    <Calle>M.SAS</Calle>
    <Lat>34.543237</Lat>
    <Lon>58.729234</Lon>
    <Dis>2508.007</Dis>
    <Cta>1431</Cta>
    <CodSec>18</CodSec>
  </S>
  <S>
    <Calle>BALCA</Calle>
    <Lat>34.537660</Lat>
    <Lon>58.747522</Lon>
    <Dis>1058.169</Dis>
    <Cta>1580</Cta>
    <CodSec>18</CodSec>
  </S>
  <S>
    <Calle>GPINT</Calle>
    <Lat>34.544586</Lat>
    <Lon>58.755202</Lon>
    <Dis>1469.231</Dis>
    <Cta>1651</Cta>
    <CodSec>18</CodSec>
  </S>
  <S>
    <Calle>FERR.</Calle>
    <Lat>34.551324</Lat>
    <Lon>58.766122</Lon>
    <Dis>1433.605</Dis>
    <Cta>1740</Cta>
    <CodSec>18</CodSec>
  </S>
  <S>
    <Calle>PINTA</Calle>
    <Lat>34.560541</Lat>
    <Lon>58.769977</Lon>
    <Dis>1386.371</Dis>
    <Cta>1830</Cta>
    <CodSec>18</CodSec>
  </S>
  <S>
    <Calle>JWATT</Calle>
    <Lat>34.569194</Lat>
    <Lon>58.766889</Lon>
    <Dis>0</Dis>
    <Cta>1919</Cta>
    <CodSec>18</CodSec>
  </S>
</Sector>