<?xml version="1.0" standalone="yes"?>
<Sector>
  <xs:schema id="Sector" xmlns="" xmlns:xs="http://www.w3.org/2001/XMLSchema" xmlns:msdata="urn:schemas-microsoft-com:xml-msdata">
    <xs:element name="Sector" msdata:IsDataSet="true" msdata:Locale="">
      <xs:complexType>
        <xs:choice minOccurs="0" maxOccurs="unbounded">
          <xs:element name="S" msdata:Locale="">
            <xs:complexType>
              <xs:sequence>
                <xs:element name="Calle" type="xs:string" minOccurs="0" />
                <xs:element name="Lat" type="xs:decimal" minOccurs="0" />
                <xs:element name="Lon" type="xs:decimal" minOccurs="0" />
                <xs:element name="Dis" type="xs:decimal" minOccurs="0" />
                <xs:element name="Cta" type="xs:int" minOccurs="0" />
                <xs:element name="CodSec" type="xs:int" minOccurs="0" />
              </xs:sequence>
            </xs:complexType>
          </xs:element>
        </xs:choice>
      </xs:complexType>
    </xs:element>
  </xs:schema>
  <S>
    <Calle>BALB.</Calle>
    <Lat>34.543912</Lat>
    <Lon>58.714959</Lon>
    <Dis>1055.870</Dis>
    <Cta>1</Cta>
    <CodSec>18</CodSec>
  </S>
  <S>
    <Calle>CAMPO</Calle>
    <Lat>34.551135</Lat>
    <Lon>58.721604</Lon>
    <Dis>2620.030</Dis>
    <Cta>43</Cta>
    <CodSec>18</CodSec>
  </S>
  <S>
    <Calle>ALBAR</Calle>
    <Lat>34.567818</Lat>
    <Lon>58.741732</Lon>
    <Dis>1447.610</Dis>
    <Cta>139</Cta>
    <CodSec>18</CodSec>
  </S>
  <S>
    <Calle>1JUNT</Calle>
    <Lat>34.560765</Lat>
    <Lon>58.753364</Lon>
    <Dis>3548.800</Dis>
    <Cta>190</Cta>
    <CodSec>18</CodSec>
  </S>
  <S>
    <Calle>MENDO</Calle>
    <Lat>34.551415</Lat>
    <Lon>58.766067</Lon>
    <Dis>2280.650</Dis>
    <Cta>322</Cta>
    <CodSec>18</CodSec>
  </S>
  <S>
    <Calle>BLASC</Calle>
    <Lat>34.539266</Lat>
    <Lon>58.749134</Lon>
    <Dis>1475.940</Dis>
    <Cta>406</Cta>
    <CodSec>18</CodSec>
  </S>
  <S>
    <Calle>PUEYR</Calle>
    <Lat>34.529242</Lat>
    <Lon>58.750968</Lon>
    <Dis>1242.540</Dis>
    <Cta>460</Cta>
    <CodSec>18</CodSec>
  </S>
  <S>
    <Calle>LACRO</Calle>
    <Lat>34.520457</Lat>
    <Lon>58.754707</Lon>
    <Dis>500.590</Dis>
    <Cta>506</Cta>
    <CodSec>18</CodSec>
  </S>
  <S>
    <Calle>ALTUB</Calle>
    <Lat>34.521049</Lat>
    <Lon>58.749876</Lon>
    <Dis>1337.320</Dis>
    <Cta>527</Cta>
    <CodSec>18</CodSec>
  </S>
  <S>
    <Calle>CAPDE</Calle>
    <Lat>34.522645</Lat>
    <Lon>58.760818</Lon>
    <Dis>1930.080</Dis>
    <Cta>578</Cta>
    <CodSec>18</CodSec>
  </S>
  <S>
    <Calle>CROAC</Calle>
    <Lat>34.529051</Lat>
    <Lon>58.780363</Lon>
    <Dis>1810.820</Dis>
    <Cta>644</Cta>
    <CodSec>18</CodSec>
  </S>
  <S>
    <Calle>DERQU</Calle>
    <Lat>34.532591</Lat>
    <Lon>58.799658</Lon>
    <Dis>721.260</Dis>
    <Cta>705</Cta>
    <CodSec>18</CodSec>
  </S>
  <S>
    <Calle>ESCUL</Calle>
    <Lat>34.527707</Lat>
    <Lon>58.804686</Lon>
    <Dis>1586.710</Dis>
    <Cta>733</Cta>
    <CodSec>18</CodSec>
  </S>
  <S>
    <Calle>PINAZ</Calle>
    <Lat>34.528646</Lat>
    <Lon>58.815129</Lon>
    <Dis>0</Dis>
    <Cta>795</Cta>
    <CodSec>18</CodSec>
  </S>
</Sector>