<?xml version="1.0" standalone="yes"?>
<Sector>
  <xs:schema id="Sector" xmlns="" xmlns:xs="http://www.w3.org/2001/XMLSchema" xmlns:msdata="urn:schemas-microsoft-com:xml-msdata">
    <xs:element name="Sector" msdata:IsDataSet="true" msdata:Locale="">
      <xs:complexType>
        <xs:choice minOccurs="0" maxOccurs="unbounded">
          <xs:element name="S" msdata:Locale="">
            <xs:complexType>
              <xs:sequence>
                <xs:element name="Calle" type="xs:string" minOccurs="0" />
                <xs:element name="Lat" type="xs:decimal" minOccurs="0" />
                <xs:element name="Lon" type="xs:decimal" minOccurs="0" />
                <xs:element name="Dis" type="xs:decimal" minOccurs="0" />
                <xs:element name="Cta" type="xs:int" minOccurs="0" />
                <xs:element name="CodSec" type="xs:int" minOccurs="0" />
              </xs:sequence>
            </xs:complexType>
          </xs:element>
        </xs:choice>
      </xs:complexType>
    </xs:element>
  </xs:schema>
  <S>
    <Calle>SARMI</Calle>
    <Lat>34.541550</Lat>
    <Lon>58.713850</Lon>
    <Dis>1351.420</Dis>
    <Cta>1</Cta>
    <CodSec>18</CodSec>
  </S>
  <S>
    <Calle>SLO.</Calle>
    <Lat>34.537711</Lat>
    <Lon>58.707192</Lon>
    <Dis>741.380</Dis>
    <Cta>154</Cta>
    <CodSec>18</CodSec>
  </S>
  <S>
    <Calle>ILLI</Calle>
    <Lat>34.532798</Lat>
    <Lon>58.701743</Lon>
    <Dis>1699.990</Dis>
    <Cta>240</Cta>
    <CodSec>18</CodSec>
  </S>
  <S>
    <Calle>1JUNT</Calle>
    <Lat>34.523579</Lat>
    <Lon>58.713957</Lon>
    <Dis>1434.810</Dis>
    <Cta>418</Cta>
    <CodSec>18</CodSec>
  </S>
  <S>
    <Calle>S.IGN</Calle>
    <Lat>34.513925</Lat>
    <Lon>58.707589</Lon>
    <Dis>2312.250</Dis>
    <Cta>568</Cta>
    <CodSec>18</CodSec>
  </S>
  <S>
    <Calle>RIVD4</Calle>
    <Lat>34.500682</Lat>
    <Lon>58.693191</Lon>
    <Dis>0</Dis>
    <Cta>813</Cta>
    <CodSec>18</CodSec>
  </S>
</Sector>