<?xml version="1.0" standalone="yes"?>
<Sector>
  <xs:schema id="Sector" xmlns="" xmlns:xs="http://www.w3.org/2001/XMLSchema" xmlns:msdata="urn:schemas-microsoft-com:xml-msdata">
    <xs:element name="Sector" msdata:IsDataSet="true" msdata:Locale="">
      <xs:complexType>
        <xs:choice minOccurs="0" maxOccurs="unbounded">
          <xs:element name="S" msdata:Locale="">
            <xs:complexType>
              <xs:sequence>
                <xs:element name="Calle" type="xs:string" minOccurs="0" />
                <xs:element name="Lat" type="xs:decimal" minOccurs="0" />
                <xs:element name="Lon" type="xs:decimal" minOccurs="0" />
                <xs:element name="Dis" type="xs:decimal" minOccurs="0" />
                <xs:element name="Cta" type="xs:int" minOccurs="0" />
                <xs:element name="CodSec" type="xs:int" minOccurs="0" />
              </xs:sequence>
            </xs:complexType>
          </xs:element>
        </xs:choice>
      </xs:complexType>
    </xs:element>
  </xs:schema>
  <S>
    <Calle>R. 8</Calle>
    <Lat>34.509022</Lat>
    <Lon>58.728599</Lon>
    <Dis>1390.140</Dis>
    <Cta>1</Cta>
    <CodSec>18</CodSec>
  </S>
  <S>
    <Calle>POLO</Calle>
    <Lat>34.514768</Lat>
    <Lon>58.742410</Lon>
    <Dis>1037.200</Dis>
    <Cta>50</Cta>
    <CodSec>18</CodSec>
  </S>
  <S>
    <Calle>ZUVIR</Calle>
    <Lat>34.519130</Lat>
    <Lon>58.752415</Lon>
    <Dis>1393.330</Dis>
    <Cta>86</Cta>
    <CodSec>18</CodSec>
  </S>
  <S>
    <Calle>MARTE</Calle>
    <Lat>34.525186</Lat>
    <Lon>58.765693</Lon>
    <Dis>1351.070</Dis>
    <Cta>134</Cta>
    <CodSec>18</CodSec>
  </S>
  <S>
    <Calle>USTAR</Calle>
    <Lat>34.530377</Lat>
    <Lon>58.779015</Lon>
    <Dis>1661.580</Dis>
    <Cta>181</Cta>
    <CodSec>18</CodSec>
  </S>
  <S>
    <Calle>DERQU</Calle>
    <Lat>34.537616</Lat>
    <Lon>58.794865</Lon>
    <Dis>0</Dis>
    <Cta>239</Cta>
    <CodSec>18</CodSec>
  </S>
</Sector>