<?xml version="1.0" standalone="yes"?>
<Sector>
  <xs:schema id="Sector" xmlns="" xmlns:xs="http://www.w3.org/2001/XMLSchema" xmlns:msdata="urn:schemas-microsoft-com:xml-msdata">
    <xs:element name="Sector" msdata:IsDataSet="true" msdata:Locale="">
      <xs:complexType>
        <xs:choice minOccurs="0" maxOccurs="unbounded">
          <xs:element name="S" msdata:Locale="">
            <xs:complexType>
              <xs:sequence>
                <xs:element name="Calle" type="xs:string" minOccurs="0" />
                <xs:element name="Lat" type="xs:decimal" minOccurs="0" />
                <xs:element name="Lon" type="xs:decimal" minOccurs="0" />
                <xs:element name="Dis" type="xs:decimal" minOccurs="0" />
                <xs:element name="Cta" type="xs:int" minOccurs="0" />
                <xs:element name="CodSec" type="xs:int" minOccurs="0" />
              </xs:sequence>
            </xs:complexType>
          </xs:element>
        </xs:choice>
      </xs:complexType>
    </xs:element>
  </xs:schema>
  <S>
    <Calle>DERQU</Calle>
    <Lat>34.538103</Lat>
    <Lon>58.794975</Lon>
    <Dis>2744.050</Dis>
    <Cta>1</Cta>
    <CodSec>18</CodSec>
  </S>
  <S>
    <Calle>CANE</Calle>
    <Lat>34.557062</Lat>
    <Lon>58.775946</Lon>
    <Dis>1315.700</Dis>
    <Cta>284</Cta>
    <CodSec>18</CodSec>
  </S>
  <S>
    <Calle>MENDO</Calle>
    <Lat>34.551339</Lat>
    <Lon>58.766227</Lon>
    <Dis>1446.980</Dis>
    <Cta>418</Cta>
    <CodSec>18</CodSec>
  </S>
  <S>
    <Calle>GONZ1</Calle>
    <Lat>34.544591</Lat>
    <Lon>58.755392</Lon>
    <Dis>2174.750</Dis>
    <Cta>571</Cta>
    <CodSec>18</CodSec>
  </S>
  <S>
    <Calle>CEMEN</Calle>
    <Lat>34.538397</Lat>
    <Lon>58.739494</Lon>
    <Dis>1298.300</Dis>
    <Cta>797</Cta>
    <CodSec>18</CodSec>
  </S>
  <S>
    <Calle>IRIG</Calle>
    <Lat>34.546312</Lat>
    <Lon>58.731399</Lon>
    <Dis>1390.910</Dis>
    <Cta>929</Cta>
    <CodSec>18</CodSec>
  </S>
  <S>
    <Calle>SARMI</Calle>
    <Lat>34.537022</Lat>
    <Lon>58.721322</Lon>
    <Dis>1018.570</Dis>
    <Cta>1073</Cta>
    <CodSec>18</CodSec>
  </S>
  <S>
    <Calle>BALB.</Calle>
    <Lat>34.542919</Lat>
    <Lon>58.713020</Lon>
    <Dis>798.410</Dis>
    <Cta>1179</Cta>
    <CodSec>18</CodSec>
  </S>
  <S>
    <Calle>SLO.</Calle>
    <Lat>34.537745</Lat>
    <Lon>58.707225</Lon>
    <Dis>746.200</Dis>
    <Cta>1262</Cta>
    <CodSec>18</CodSec>
  </S>
  <S>
    <Calle>ILLI</Calle>
    <Lat>34.532799</Lat>
    <Lon>58.701743</Lon>
    <Dis>0</Dis>
    <Cta>1339</Cta>
    <CodSec>18</CodSec>
  </S>
</Sector>