<?xml version="1.0" standalone="yes"?>
<Sector>
  <xs:schema id="Sector" xmlns="" xmlns:xs="http://www.w3.org/2001/XMLSchema" xmlns:msdata="urn:schemas-microsoft-com:xml-msdata">
    <xs:element name="Sector" msdata:IsDataSet="true" msdata:Locale="">
      <xs:complexType>
        <xs:choice minOccurs="0" maxOccurs="unbounded">
          <xs:element name="S" msdata:Locale="">
            <xs:complexType>
              <xs:sequence>
                <xs:element name="Calle" type="xs:string" minOccurs="0" />
                <xs:element name="Lat" type="xs:decimal" minOccurs="0" />
                <xs:element name="Lon" type="xs:decimal" minOccurs="0" />
                <xs:element name="Dis" type="xs:decimal" minOccurs="0" />
                <xs:element name="Cta" type="xs:int" minOccurs="0" />
                <xs:element name="CodSec" type="xs:int" minOccurs="0" />
              </xs:sequence>
            </xs:complexType>
          </xs:element>
        </xs:choice>
      </xs:complexType>
    </xs:element>
  </xs:schema>
  <S>
    <Calle>BLOIS</Calle>
    <Lat>34.545114</Lat>
    <Lon>58.715091</Lon>
    <Dis>1069.340</Dis>
    <Cta>1</Cta>
    <CodSec>18</CodSec>
  </S>
  <S>
    <Calle>SLO.</Calle>
    <Lat>34.537716</Lat>
    <Lon>58.707180</Lon>
    <Dis>742.440</Dis>
    <Cta>40</Cta>
    <CodSec>18</CodSec>
  </S>
  <S>
    <Calle>ILLI</Calle>
    <Lat>34.532790</Lat>
    <Lon>58.701732</Lon>
    <Dis>936.800</Dis>
    <Cta>71</Cta>
    <CodSec>18</CodSec>
  </S>
  <S>
    <Calle>GUTIE</Calle>
    <Lat>34.528129</Lat>
    <Lon>58.707703</Lon>
    <Dis>1117.170</Dis>
    <Cta>113</Cta>
    <CodSec>18</CodSec>
  </S>
  <S>
    <Calle>SUARE</Calle>
    <Lat>34.520557</Lat>
    <Lon>58.699980</Lon>
    <Dis>1508.420</Dis>
    <Cta>154</Cta>
    <CodSec>18</CodSec>
  </S>
  <S>
    <Calle>9</Calle>
    <Lat>34.511147</Lat>
    <Lon>58.711311</Lon>
    <Dis>1260.390</Dis>
    <Cta>215</Cta>
    <CodSec>18</CodSec>
  </S>
  <S>
    <Calle>CALLA</Calle>
    <Lat>34.502566</Lat>
    <Lon>58.714100</Lon>
    <Dis>1219.500</Dis>
    <Cta>263</Cta>
    <CodSec>18</CodSec>
  </S>
  <S>
    <Calle>PASCO</Calle>
    <Lat>34.493354</Lat>
    <Lon>58.721025</Lon>
    <Dis>972.800</Dis>
    <Cta>311</Cta>
    <CodSec>18</CodSec>
  </S>
  <S>
    <Calle>G.BOU</Calle>
    <Lat>34.486345</Lat>
    <Lon>58.724640</Lon>
    <Dis>1692.120</Dis>
    <Cta>348</Cta>
    <CodSec>18</CodSec>
  </S>
  <S>
    <Calle>DARMI</Calle>
    <Lat>34.479012</Lat>
    <Lon>58.740049</Lon>
    <Dis>0</Dis>
    <Cta>411</Cta>
    <CodSec>18</CodSec>
  </S>
</Sector>