<?xml version="1.0" standalone="yes"?>
<Sector>
  <xs:schema id="Sector" xmlns="" xmlns:xs="http://www.w3.org/2001/XMLSchema" xmlns:msdata="urn:schemas-microsoft-com:xml-msdata">
    <xs:element name="Sector" msdata:IsDataSet="true" msdata:Locale="">
      <xs:complexType>
        <xs:choice minOccurs="0" maxOccurs="unbounded">
          <xs:element name="S" msdata:Locale="">
            <xs:complexType>
              <xs:sequence>
                <xs:element name="Calle" type="xs:string" minOccurs="0" />
                <xs:element name="Lat" type="xs:decimal" minOccurs="0" />
                <xs:element name="Lon" type="xs:decimal" minOccurs="0" />
                <xs:element name="Dis" type="xs:decimal" minOccurs="0" />
                <xs:element name="Cta" type="xs:int" minOccurs="0" />
                <xs:element name="CodSec" type="xs:int" minOccurs="0" />
              </xs:sequence>
            </xs:complexType>
          </xs:element>
        </xs:choice>
      </xs:complexType>
    </xs:element>
  </xs:schema>
  <S>
    <Calle>ALEM3</Calle>
    <Lat>34.542267</Lat>
    <Lon>58.714688</Lon>
    <Dis>1319.890</Dis>
    <Cta>1</Cta>
    <CodSec>18</CodSec>
  </S>
  <S>
    <Calle>BALBI</Calle>
    <Lat>34.539959</Lat>
    <Lon>58.709352</Lon>
    <Dis>1484.470</Dis>
    <Cta>52</Cta>
    <CodSec>18</CodSec>
  </S>
  <S>
    <Calle>1JUNT</Calle>
    <Lat>34.531103</Lat>
    <Lon>58.721479</Lon>
    <Dis>1103.640</Dis>
    <Cta>105</Cta>
    <CodSec>18</CodSec>
  </S>
  <S>
    <Calle>ILLI</Calle>
    <Lat>34.523612</Lat>
    <Lon>58.714185</Lon>
    <Dis>1437.890</Dis>
    <Cta>149</Cta>
    <CodSec>18</CodSec>
  </S>
  <S>
    <Calle>S.IGN</Calle>
    <Lat>34.513925</Lat>
    <Lon>58.707589</Lon>
    <Dis>2305.930</Dis>
    <Cta>204</Cta>
    <CodSec>18</CodSec>
  </S>
  <S>
    <Calle>RIVD4</Calle>
    <Lat>34.500641</Lat>
    <Lon>58.693252</Lon>
    <Dis>0</Dis>
    <Cta>295</Cta>
    <CodSec>18</CodSec>
  </S>
</Sector>