<?xml version="1.0" standalone="yes"?>
<Sector>
  <xs:schema id="Sector" xmlns="" xmlns:xs="http://www.w3.org/2001/XMLSchema" xmlns:msdata="urn:schemas-microsoft-com:xml-msdata">
    <xs:element name="Sector" msdata:IsDataSet="true" msdata:Locale="">
      <xs:complexType>
        <xs:choice minOccurs="0" maxOccurs="unbounded">
          <xs:element name="S" msdata:Locale="">
            <xs:complexType>
              <xs:sequence>
                <xs:element name="Calle" type="xs:string" minOccurs="0" />
                <xs:element name="Lat" type="xs:decimal" minOccurs="0" />
                <xs:element name="Lon" type="xs:decimal" minOccurs="0" />
                <xs:element name="Dis" type="xs:decimal" minOccurs="0" />
                <xs:element name="Cta" type="xs:int" minOccurs="0" />
                <xs:element name="CodSec" type="xs:int" minOccurs="0" />
              </xs:sequence>
            </xs:complexType>
          </xs:element>
        </xs:choice>
      </xs:complexType>
    </xs:element>
  </xs:schema>
  <S>
    <Calle>ACEVE</Calle>
    <Lat>34.530244</Lat>
    <Lon>58.815375</Lon>
    <Dis>1026.530</Dis>
    <Cta>1</Cta>
    <CodSec>18</CodSec>
  </S>
  <S>
    <Calle>DERQU</Calle>
    <Lat>34.524215</Lat>
    <Lon>58.808474</Lon>
    <Dis>1034.000</Dis>
    <Cta>109</Cta>
    <CodSec>18</CodSec>
  </S>
  <S>
    <Calle>ALSIN</Calle>
    <Lat>34.531259</Lat>
    <Lon>58.801305</Lon>
    <Dis>964.600</Dis>
    <Cta>220</Cta>
    <CodSec>18</CodSec>
  </S>
  <S>
    <Calle>SALVA</Calle>
    <Lat>34.525928</Lat>
    <Lon>58.793142</Lon>
    <Dis>813.500</Dis>
    <Cta>320</Cta>
    <CodSec>18</CodSec>
  </S>
  <S>
    <Calle>POTOS</Calle>
    <Lat>34.529826</Lat>
    <Lon>58.787239</Lon>
    <Dis>936.610</Dis>
    <Cta>405</Cta>
    <CodSec>18</CodSec>
  </S>
  <S>
    <Calle>CROAC</Calle>
    <Lat>34.530311</Lat>
    <Lon>58.779350</Lon>
    <Dis>1869.160</Dis>
    <Cta>507</Cta>
    <CodSec>18</CodSec>
  </S>
  <S>
    <Calle>WILLI</Calle>
    <Lat>34.522907</Lat>
    <Lon>58.761225</Lon>
    <Dis>718.810</Dis>
    <Cta>704</Cta>
    <CodSec>18</CodSec>
  </S>
  <S>
    <Calle>LACRO</Calle>
    <Lat>34.520060</Lat>
    <Lon>58.754183</Lon>
    <Dis>420.550</Dis>
    <Cta>779</Cta>
    <CodSec>18</CodSec>
  </S>
  <S>
    <Calle>ALTUB</Calle>
    <Lat>34.521048</Lat>
    <Lon>58.749871</Lon>
    <Dis>528.020</Dis>
    <Cta>824</Cta>
    <CodSec>18</CodSec>
  </S>
  <S>
    <Calle>PUEYR</Calle>
    <Lat>34.525018</Lat>
    <Lon>58.746726</Lon>
    <Dis>1475.490</Dis>
    <Cta>882</Cta>
    <CodSec>18</CodSec>
  </S>
  <S>
    <Calle>CAMPO</Calle>
    <Lat>34.534327</Lat>
    <Lon>58.744899</Lon>
    <Dis>1343.510</Dis>
    <Cta>1040</Cta>
    <CodSec>18</CodSec>
  </S>
  <S>
    <Calle>BLOIS</Calle>
    <Lat>34.531760</Lat>
    <Lon>58.734838</Lon>
    <Dis>1467.480</Dis>
    <Cta>1183</Cta>
    <CodSec>18</CodSec>
  </S>
  <S>
    <Calle>ZAPIO</Calle>
    <Lat>34.540684</Lat>
    <Lon>58.725424</Lon>
    <Dis>1472.640</Dis>
    <Cta>1338</Cta>
    <CodSec>18</CodSec>
  </S>
  <S>
    <Calle>PELUF</Calle>
    <Lat>34.544512</Lat>
    <Lon>58.714470</Lon>
    <Dis>1008.190</Dis>
    <Cta>1494</Cta>
    <CodSec>18</CodSec>
  </S>
  <S>
    <Calle>SLO.</Calle>
    <Lat>34.537711</Lat>
    <Lon>58.707192</Lon>
    <Dis>741.470</Dis>
    <Cta>1600</Cta>
    <CodSec>18</CodSec>
  </S>
  <S>
    <Calle>ILLI</Calle>
    <Lat>34.532798</Lat>
    <Lon>58.701744</Lon>
    <Dis>0</Dis>
    <Cta>1679</Cta>
    <CodSec>18</CodSec>
  </S>
</Sector>