<?xml version="1.0" standalone="yes"?>
<Sector>
  <xs:schema id="Sector" xmlns="" xmlns:xs="http://www.w3.org/2001/XMLSchema" xmlns:msdata="urn:schemas-microsoft-com:xml-msdata">
    <xs:element name="Sector" msdata:IsDataSet="true" msdata:Locale="">
      <xs:complexType>
        <xs:choice minOccurs="0" maxOccurs="unbounded">
          <xs:element name="S" msdata:Locale="">
            <xs:complexType>
              <xs:sequence>
                <xs:element name="Calle" type="xs:string" minOccurs="0" />
                <xs:element name="Lat" type="xs:decimal" minOccurs="0" />
                <xs:element name="Lon" type="xs:decimal" minOccurs="0" />
                <xs:element name="Dis" type="xs:decimal" minOccurs="0" />
                <xs:element name="Cta" type="xs:int" minOccurs="0" />
                <xs:element name="CodSec" type="xs:int" minOccurs="0" />
              </xs:sequence>
            </xs:complexType>
          </xs:element>
        </xs:choice>
      </xs:complexType>
    </xs:element>
  </xs:schema>
  <S>
    <Calle>BALB.</Calle>
    <Lat>34.543828</Lat>
    <Lon>58.715060</Lon>
    <Dis>1091.390</Dis>
    <Cta>1</Cta>
    <CodSec>18</CodSec>
  </S>
  <S>
    <Calle>CAMPO</Calle>
    <Lat>34.551237</Lat>
    <Lon>58.721684</Lon>
    <Dis>2610.420</Dis>
    <Cta>114</Cta>
    <CodSec>18</CodSec>
  </S>
  <S>
    <Calle>FERR2</Calle>
    <Lat>34.567828</Lat>
    <Lon>58.741785</Lon>
    <Dis>2593.260</Dis>
    <Cta>381</Cta>
    <CodSec>18</CodSec>
  </S>
  <S>
    <Calle>CANE</Calle>
    <Lat>34.553961</Lat>
    <Lon>58.762606</Lon>
    <Dis>1010.940</Dis>
    <Cta>644</Cta>
    <CodSec>18</CodSec>
  </S>
  <S>
    <Calle>LPINT</Calle>
    <Lat>34.560566</Lat>
    <Lon>58.769976</Lon>
    <Dis>1378.340</Dis>
    <Cta>748</Cta>
    <CodSec>18</CodSec>
  </S>
  <S>
    <Calle>WATT</Calle>
    <Lat>34.569255</Lat>
    <Lon>58.766813</Lon>
    <Dis>0</Dis>
    <Cta>889</Cta>
    <CodSec>18</CodSec>
  </S>
</Sector>