<?xml version="1.0" standalone="yes"?>
<Sector>
  <xs:schema id="Sector" xmlns="" xmlns:xs="http://www.w3.org/2001/XMLSchema" xmlns:msdata="urn:schemas-microsoft-com:xml-msdata">
    <xs:element name="Sector" msdata:IsDataSet="true" msdata:Locale="">
      <xs:complexType>
        <xs:choice minOccurs="0" maxOccurs="unbounded">
          <xs:element name="S" msdata:Locale="">
            <xs:complexType>
              <xs:sequence>
                <xs:element name="Calle" type="xs:string" minOccurs="0" />
                <xs:element name="Lat" type="xs:decimal" minOccurs="0" />
                <xs:element name="Lon" type="xs:decimal" minOccurs="0" />
                <xs:element name="Dis" type="xs:decimal" minOccurs="0" />
                <xs:element name="Cta" type="xs:int" minOccurs="0" />
                <xs:element name="CodSec" type="xs:int" minOccurs="0" />
              </xs:sequence>
            </xs:complexType>
          </xs:element>
        </xs:choice>
      </xs:complexType>
    </xs:element>
  </xs:schema>
  <S>
    <Calle>AV.SM</Calle>
    <Lat>34.499299</Lat>
    <Lon>58.694734</Lon>
    <Dis>2195.500</Dis>
    <Cta>1</Cta>
    <CodSec>18</CodSec>
  </S>
  <S>
    <Calle>S.IGN</Calle>
    <Lat>34.513159</Lat>
    <Lon>58.706934</Lon>
    <Dis>1519.350</Dis>
    <Cta>229</Cta>
    <CodSec>18</CodSec>
  </S>
  <S>
    <Calle>ILLI</Calle>
    <Lat>34.523372</Lat>
    <Lon>58.714040</Lon>
    <Dis>1280.010</Dis>
    <Cta>388</Cta>
    <CodSec>18</CodSec>
  </S>
  <S>
    <Calle>DELIA</Calle>
    <Lat>34.532077</Lat>
    <Lon>58.722666</Lon>
    <Dis>1312.600</Dis>
    <Cta>523</Cta>
    <CodSec>18</CodSec>
  </S>
  <S>
    <Calle>TRIBU</Calle>
    <Lat>34.539692</Lat>
    <Lon>58.712052</Lon>
    <Dis>418.840</Dis>
    <Cta>661</Cta>
    <CodSec>18</CodSec>
  </S>
  <S>
    <Calle>ALEM.</Calle>
    <Lat>34.542547</Lat>
    <Lon>58.714933</Lon>
    <Dis>0</Dis>
    <Cta>707</Cta>
    <CodSec>18</CodSec>
  </S>
</Sector>