<?xml version="1.0" standalone="yes"?>
<Sector>
  <xs:schema id="Sector" xmlns="" xmlns:xs="http://www.w3.org/2001/XMLSchema" xmlns:msdata="urn:schemas-microsoft-com:xml-msdata">
    <xs:element name="Sector" msdata:IsDataSet="true" msdata:Locale="">
      <xs:complexType>
        <xs:choice minOccurs="0" maxOccurs="unbounded">
          <xs:element name="S" msdata:Locale="">
            <xs:complexType>
              <xs:sequence>
                <xs:element name="Calle" type="xs:string" minOccurs="0" />
                <xs:element name="Lat" type="xs:decimal" minOccurs="0" />
                <xs:element name="Lon" type="xs:decimal" minOccurs="0" />
                <xs:element name="Dis" type="xs:decimal" minOccurs="0" />
                <xs:element name="Cta" type="xs:int" minOccurs="0" />
                <xs:element name="CodSec" type="xs:int" minOccurs="0" />
              </xs:sequence>
            </xs:complexType>
          </xs:element>
        </xs:choice>
      </xs:complexType>
    </xs:element>
  </xs:schema>
  <S>
    <Calle>PAVON</Calle>
    <Lat>34.532079</Lat>
    <Lon>58.703790</Lon>
    <Dis>648.500</Dis>
    <Cta>1</Cta>
    <CodSec>18</CodSec>
  </S>
  <S>
    <Calle>SANLO</Calle>
    <Lat>34.536499</Lat>
    <Lon>58.708527</Lon>
    <Dis>878.270</Dis>
    <Cta>86</Cta>
    <CodSec>18</CodSec>
  </S>
  <S>
    <Calle>ALEM3</Calle>
    <Lat>34.542434</Lat>
    <Lon>58.714853</Lon>
    <Dis>1145.890</Dis>
    <Cta>187</Cta>
    <CodSec>18</CodSec>
  </S>
  <S>
    <Calle>IRIGO</Calle>
    <Lat>34.536939</Lat>
    <Lon>58.721066</Lon>
    <Dis>1232.340</Dis>
    <Cta>309</Cta>
    <CodSec>18</CodSec>
  </S>
  <S>
    <Calle>G.CAM</Calle>
    <Lat>34.545076</Lat>
    <Lon>58.730031</Lon>
    <Dis>1872.520</Dis>
    <Cta>437</Cta>
    <CodSec>18</CodSec>
  </S>
  <S>
    <Calle>IRIG</Calle>
    <Lat>34.556663</Lat>
    <Lon>58.742527</Lon>
    <Dis>2396.750</Dis>
    <Cta>633</Cta>
    <CodSec>18</CodSec>
  </S>
  <S>
    <Calle>LPINT</Calle>
    <Lat>34.569761</Lat>
    <Lon>58.757507</Lon>
    <Dis>1941.530</Dis>
    <Cta>883</Cta>
    <CodSec>18</CodSec>
  </S>
  <S>
    <Calle>MGARC</Calle>
    <Lat>34.581627</Lat>
    <Lon>58.745610</Lon>
    <Dis>1468.110</Dis>
    <Cta>1084</Cta>
    <CodSec>18</CodSec>
  </S>
  <S>
    <Calle>FERR.</Calle>
    <Lat>34.568905</Lat>
    <Lon>58.742705</Lon>
    <Dis>2714.270</Dis>
    <Cta>1240</Cta>
    <CodSec>18</CodSec>
  </S>
  <S>
    <Calle>CAMPO</Calle>
    <Lat>34.551634</Lat>
    <Lon>58.721832</Lon>
    <Dis>1057.370</Dis>
    <Cta>1521</Cta>
    <CodSec>18</CodSec>
  </S>
  <S>
    <Calle>FRAGA</Calle>
    <Lat>34.544425</Lat>
    <Lon>58.714333</Lon>
    <Dis>992.450</Dis>
    <Cta>1631</Cta>
    <CodSec>18</CodSec>
  </S>
  <S>
    <Calle>SLO.</Calle>
    <Lat>34.537720</Lat>
    <Lon>58.707184</Lon>
    <Dis>741.800</Dis>
    <Cta>1732</Cta>
    <CodSec>18</CodSec>
  </S>
  <S>
    <Calle>ILLI</Calle>
    <Lat>34.532798</Lat>
    <Lon>58.701743</Lon>
    <Dis>944.600</Dis>
    <Cta>1812</Cta>
    <CodSec>18</CodSec>
  </S>
  <S>
    <Calle>GUTIE</Calle>
    <Lat>34.528091</Lat>
    <Lon>58.707755</Lon>
    <Dis>1102.160</Dis>
    <Cta>1914</Cta>
    <CodSec>18</CodSec>
  </S>
  <S>
    <Calle>SUARE</Calle>
    <Lat>34.520647</Lat>
    <Lon>58.700002</Lon>
    <Dis>0</Dis>
    <Cta>2027</Cta>
    <CodSec>18</CodSec>
  </S>
</Sector>