<?xml version="1.0" standalone="yes"?>
<Sector>
  <xs:schema id="Sector" xmlns="" xmlns:xs="http://www.w3.org/2001/XMLSchema" xmlns:msdata="urn:schemas-microsoft-com:xml-msdata">
    <xs:element name="Sector" msdata:IsDataSet="true" msdata:Locale="">
      <xs:complexType>
        <xs:choice minOccurs="0" maxOccurs="unbounded">
          <xs:element name="S" msdata:Locale="">
            <xs:complexType>
              <xs:sequence>
                <xs:element name="Calle" type="xs:string" minOccurs="0" />
                <xs:element name="Lat" type="xs:decimal" minOccurs="0" />
                <xs:element name="Lon" type="xs:decimal" minOccurs="0" />
                <xs:element name="Dis" type="xs:decimal" minOccurs="0" />
                <xs:element name="Cta" type="xs:int" minOccurs="0" />
                <xs:element name="CodSec" type="xs:int" minOccurs="0" />
              </xs:sequence>
            </xs:complexType>
          </xs:element>
        </xs:choice>
      </xs:complexType>
    </xs:element>
  </xs:schema>
  <S>
    <Calle>WATT</Calle>
    <Lat>34.569152</Lat>
    <Lon>58.766864</Lon>
    <Dis>1345.350</Dis>
    <Cta>1</Cta>
    <CodSec>18</CodSec>
  </S>
  <S>
    <Calle>LPINT</Calle>
    <Lat>34.560603</Lat>
    <Lon>58.769986</Lon>
    <Dis>1405.190</Dis>
    <Cta>140</Cta>
    <CodSec>18</CodSec>
  </S>
  <S>
    <Calle>MENDO</Calle>
    <Lat>34.551441</Lat>
    <Lon>58.766032</Lon>
    <Dis>1470.180</Dis>
    <Cta>283</Cta>
    <CodSec>18</CodSec>
  </S>
  <S>
    <Calle>GONZ1</Calle>
    <Lat>34.544623</Lat>
    <Lon>58.755177</Lon>
    <Dis>1027.320</Dis>
    <Cta>434</Cta>
    <CodSec>18</CodSec>
  </S>
  <S>
    <Calle>BALCA</Calle>
    <Lat>34.537838</Lat>
    <Lon>58.747596</Lon>
    <Dis>2480.990</Dis>
    <Cta>538</Cta>
    <CodSec>18</CodSec>
  </S>
  <S>
    <Calle>ZAPIO</Calle>
    <Lat>34.543776</Lat>
    <Lon>58.728561</Lon>
    <Dis>782.860</Dis>
    <Cta>790</Cta>
    <CodSec>18</CodSec>
  </S>
  <S>
    <Calle>FRAGA</Calle>
    <Lat>34.538495</Lat>
    <Lon>58.722907</Lon>
    <Dis>1160.920</Dis>
    <Cta>870</Cta>
    <CodSec>18</CodSec>
  </S>
  <S>
    <Calle>BALB.</Calle>
    <Lat>34.542489</Lat>
    <Lon>58.713566</Lon>
    <Dis>886.670</Dis>
    <Cta>991</Cta>
    <CodSec>18</CodSec>
  </S>
  <S>
    <Calle>SLO.</Calle>
    <Lat>34.537602</Lat>
    <Lon>58.707080</Lon>
    <Dis>725.380</Dis>
    <Cta>1084</Cta>
    <CodSec>18</CodSec>
  </S>
  <S>
    <Calle>ILLI</Calle>
    <Lat>34.532799</Lat>
    <Lon>58.701742</Lon>
    <Dis>958.890</Dis>
    <Cta>1162</Cta>
    <CodSec>18</CodSec>
  </S>
  <S>
    <Calle>GUTIE</Calle>
    <Lat>34.527993</Lat>
    <Lon>58.707842</Lon>
    <Dis>1015.610</Dis>
    <Cta>1273</Cta>
    <CodSec>18</CodSec>
  </S>
  <S>
    <Calle>COLOM</Calle>
    <Lat>34.521101</Lat>
    <Lon>58.700579</Lon>
    <Dis>1039.380</Dis>
    <Cta>1377</Cta>
    <CodSec>18</CodSec>
  </S>
  <S>
    <Calle>MORE3</Calle>
    <Lat>34.514358</Lat>
    <Lon>58.707059</Lon>
    <Dis>1050.020</Dis>
    <Cta>1486</Cta>
    <CodSec>18</CodSec>
  </S>
  <S>
    <Calle>GANDH</Calle>
    <Lat>34.508219</Lat>
    <Lon>58.704557</Lon>
    <Dis>1364.370</Dis>
    <Cta>1603</Cta>
    <CodSec>18</CodSec>
  </S>
  <S>
    <Calle>9</Calle>
    <Lat>34.499532</Lat>
    <Lon>58.696560</Lon>
    <Dis>1654.850</Dis>
    <Cta>1758</Cta>
    <CodSec>18</CodSec>
  </S>
  <S>
    <Calle>BACLE</Calle>
    <Lat>34.507538</Lat>
    <Lon>58.708689</Lon>
    <Dis>947.650</Dis>
    <Cta>1935</Cta>
    <CodSec>18</CodSec>
  </S>
  <S>
    <Calle>SESQ</Calle>
    <Lat>34.503342</Lat>
    <Lon>58.715421</Lon>
    <Dis>1370.290</Dis>
    <Cta>2043</Cta>
    <CodSec>18</CodSec>
  </S>
  <S>
    <Calle>ILIA2</Calle>
    <Lat>34.508992</Lat>
    <Lon>58.728477</Lon>
    <Dis>2483.560</Dis>
    <Cta>2185</Cta>
    <CodSec>18</CodSec>
  </S>
  <S>
    <Calle>LACRO</Calle>
    <Lat>34.519194</Lat>
    <Lon>58.752569</Lon>
    <Dis>1147.790</Dis>
    <Cta>2442</Cta>
    <CodSec>18</CodSec>
  </S>
  <S>
    <Calle>CAMPO</Calle>
    <Lat>34.524172</Lat>
    <Lon>58.754982</Lon>
    <Dis>1124.200</Dis>
    <Cta>2570</Cta>
    <CodSec>18</CodSec>
  </S>
  <S>
    <Calle>JJUST</Calle>
    <Lat>34.532326</Lat>
    <Lon>58.747831</Lon>
    <Dis>2393.060</Dis>
    <Cta>2689</Cta>
    <CodSec>18</CodSec>
  </S>
  <S>
    <Calle>TUPAC</Calle>
    <Lat>34.546566</Lat>
    <Lon>58.728239</Lon>
    <Dis>2003.900</Dis>
    <Cta>2935</Cta>
    <CodSec>18</CodSec>
  </S>
  <S>
    <Calle>BALBI</Calle>
    <Lat>34.544681</Lat>
    <Lon>58.713814</Lon>
    <Dis>0</Dis>
    <Cta>3146</Cta>
    <CodSec>18</CodSec>
  </S>
</Sector>