<?xml version="1.0" standalone="yes"?>
<Sector>
  <xs:schema id="Sector" xmlns="" xmlns:xs="http://www.w3.org/2001/XMLSchema" xmlns:msdata="urn:schemas-microsoft-com:xml-msdata">
    <xs:element name="Sector" msdata:IsDataSet="true" msdata:Locale="">
      <xs:complexType>
        <xs:choice minOccurs="0" maxOccurs="unbounded">
          <xs:element name="S" msdata:Locale="">
            <xs:complexType>
              <xs:sequence>
                <xs:element name="Calle" type="xs:string" minOccurs="0" />
                <xs:element name="Lat" type="xs:decimal" minOccurs="0" />
                <xs:element name="Lon" type="xs:decimal" minOccurs="0" />
                <xs:element name="Dis" type="xs:decimal" minOccurs="0" />
                <xs:element name="Cta" type="xs:int" minOccurs="0" />
                <xs:element name="CodSec" type="xs:int" minOccurs="0" />
              </xs:sequence>
            </xs:complexType>
          </xs:element>
        </xs:choice>
      </xs:complexType>
    </xs:element>
  </xs:schema>
  <S>
    <Calle>TUCUM</Calle>
    <Lat>32.898589</Lat>
    <Lon>60.805387</Lon>
    <Dis>1694.176</Dis>
    <Cta>1</Cta>
    <CodSec>30</CodSec>
  </S>
  <S>
    <Calle>BSAS.</Calle>
    <Lat>32.913332</Lat>
    <Lon>60.805135</Lon>
    <Dis>2122.397</Dis>
    <Cta>97</Cta>
    <CodSec>30</CodSec>
  </S>
  <S>
    <Calle>RUTA9</Calle>
    <Lat>32.921462</Lat>
    <Lon>60.810986</Lon>
    <Dis>885.895</Dis>
    <Cta>207</Cta>
    <CodSec>30</CodSec>
  </S>
  <S>
    <Calle>ILLIA</Calle>
    <Lat>32.929271</Lat>
    <Lon>60.812343</Lon>
    <Dis>3227.673</Dis>
    <Cta>283</Cta>
    <CodSec>30</CodSec>
  </S>
  <S>
    <Calle>MENDO</Calle>
    <Lat>32.927945</Lat>
    <Lon>60.777976</Lon>
    <Dis>1971.247</Dis>
    <Cta>470</Cta>
    <CodSec>30</CodSec>
  </S>
  <S>
    <Calle>AvBER</Calle>
    <Lat>32.936193</Lat>
    <Lon>60.762720</Lon>
    <Dis>764.607</Dis>
    <Cta>588</Cta>
    <CodSec>13</CodSec>
  </S>
  <S>
    <Calle>URIBU</Calle>
    <Lat>32.940879</Lat>
    <Lon>60.760009</Lon>
    <Dis>1995.079</Dis>
    <Cta>655</Cta>
    <CodSec>13</CodSec>
  </S>
  <S>
    <Calle>WILD.</Calle>
    <Lat>32.940329</Lat>
    <Lon>60.738729</Lon>
    <Dis>1126.796</Dis>
    <Cta>755</Cta>
    <CodSec>13</CodSec>
  </S>
  <S>
    <Calle>DNADO</Calle>
    <Lat>32.940706</Lat>
    <Lon>60.727073</Lon>
    <Dis>1322.259</Dis>
    <Cta>853</Cta>
    <CodSec>13</CodSec>
  </S>
  <S>
    <Calle>PUNID</Calle>
    <Lat>32.940367</Lat>
    <Lon>60.712989</Lon>
    <Dis>1252.479</Dis>
    <Cta>928</Cta>
    <CodSec>13</CodSec>
  </S>
  <S>
    <Calle>AGNET</Calle>
    <Lat>32.940741</Lat>
    <Lon>60.699917</Lon>
    <Dis>1843.712</Dis>
    <Cta>1025</Cta>
    <CodSec>13</CodSec>
  </S>
  <S>
    <Calle>AVELL</Calle>
    <Lat>32.944164</Lat>
    <Lon>60.680643</Lon>
    <Dis>1301.543</Dis>
    <Cta>1132</Cta>
    <CodSec>13</CodSec>
  </S>
  <S>
    <Calle>AvFRA</Calle>
    <Lat>32.946630</Lat>
    <Lon>60.667039</Lon>
    <Dis>1169.369</Dis>
    <Cta>1196</Cta>
    <CodSec>13</CodSec>
  </S>
  <S>
    <Calle>ORO?O</Calle>
    <Lat>32.948789</Lat>
    <Lon>60.654830</Lon>
    <Dis>1212.813</Dis>
    <Cta>1255</Cta>
    <CodSec>13</CodSec>
  </S>
  <S>
    <Calle>SJUAN</Calle>
    <Lat>32.949565</Lat>
    <Lon>60.643314</Lon>
    <Dis>0</Dis>
    <Cta>1317</Cta>
    <CodSec>81</CodSec>
  </S>
</Sector>