<?xml version="1.0" standalone="yes"?>
<Sector>
  <xs:schema id="Sector" xmlns="" xmlns:xs="http://www.w3.org/2001/XMLSchema" xmlns:msdata="urn:schemas-microsoft-com:xml-msdata">
    <xs:element name="Sector" msdata:IsDataSet="true" msdata:Locale="">
      <xs:complexType>
        <xs:choice minOccurs="0" maxOccurs="unbounded">
          <xs:element name="S" msdata:Locale="">
            <xs:complexType>
              <xs:sequence>
                <xs:element name="Calle" type="xs:string" minOccurs="0" />
                <xs:element name="Lat" type="xs:decimal" minOccurs="0" />
                <xs:element name="Lon" type="xs:decimal" minOccurs="0" />
                <xs:element name="Dis" type="xs:decimal" minOccurs="0" />
                <xs:element name="Cta" type="xs:int" minOccurs="0" />
                <xs:element name="CodSec" type="xs:int" minOccurs="0" />
              </xs:sequence>
            </xs:complexType>
          </xs:element>
        </xs:choice>
      </xs:complexType>
    </xs:element>
  </xs:schema>
  <S>
    <Calle>MAIPU</Calle>
    <Lat>32.968091</Lat>
    <Lon>60.641380</Lon>
    <Dis>2444.924</Dis>
    <Cta>1</Cta>
    <CodSec>13</CodSec>
  </S>
  <S>
    <Calle>PELLE</Calle>
    <Lat>32.956733</Lat>
    <Lon>60.645108</Lon>
    <Dis>821.061</Dis>
    <Cta>123</Cta>
    <CodSec>13</CodSec>
  </S>
  <S>
    <Calle>SJUAN</Calle>
    <Lat>32.949531</Lat>
    <Lon>60.643297</Lon>
    <Dis>1621.152</Dis>
    <Cta>163</Cta>
    <CodSec>13</CodSec>
  </S>
  <S>
    <Calle>ORO?O</Calle>
    <Lat>32.942352</Lat>
    <Lon>60.652737</Lon>
    <Dis>1710.041</Dis>
    <Cta>249</Cta>
    <CodSec>13</CodSec>
  </S>
  <S>
    <Calle>CAFFE</Calle>
    <Lat>32.939226</Lat>
    <Lon>60.670513</Lon>
    <Dis>778.391</Dis>
    <Cta>339</Cta>
    <CodSec>13</CodSec>
  </S>
  <S>
    <Calle>AVELL</Calle>
    <Lat>32.937766</Lat>
    <Lon>60.678621</Lon>
    <Dis>2021.829</Dis>
    <Cta>383</Cta>
    <CodSec>13</CodSec>
  </S>
  <S>
    <Calle>AGNET</Calle>
    <Lat>32.935327</Lat>
    <Lon>60.699902</Lon>
    <Dis>1232.292</Dis>
    <Cta>494</Cta>
    <CodSec>13</CodSec>
  </S>
  <S>
    <Calle>PUNID</Calle>
    <Lat>32.933007</Lat>
    <Lon>60.712765</Lon>
    <Dis>1387.325</Dis>
    <Cta>557</Cta>
    <CodSec>13</CodSec>
  </S>
  <S>
    <Calle>DONAD</Calle>
    <Lat>32.930408</Lat>
    <Lon>60.727258</Lon>
    <Dis>1094.984</Dis>
    <Cta>632</Cta>
    <CodSec>13</CodSec>
  </S>
  <S>
    <Calle>WILDE</Calle>
    <Lat>32.928332</Lat>
    <Lon>60.738679</Lon>
    <Dis>2345.180</Dis>
    <Cta>687</Cta>
    <CodSec>81</CodSec>
  </S>
  <S>
    <Calle>ArLUD</Calle>
    <Lat>32.925302</Lat>
    <Lon>60.763241</Lon>
    <Dis>3892.154</Dis>
    <Cta>843</Cta>
    <CodSec>30</CodSec>
  </S>
  <S>
    <Calle>CATAM</Calle>
    <Lat>32.922635</Lat>
    <Lon>60.804760</Lon>
    <Dis>945.192</Dis>
    <Cta>1053</Cta>
    <CodSec>30</CodSec>
  </S>
  <S>
    <Calle>ELORZ</Calle>
    <Lat>32.920890</Lat>
    <Lon>60.814649</Lon>
    <Dis>2742.599</Dis>
    <Cta>1108</Cta>
    <CodSec>30</CodSec>
  </S>
  <S>
    <Calle>HERNA</Calle>
    <Lat>32.916415</Lat>
    <Lon>60.843433</Lon>
    <Dis>2313.793</Dis>
    <Cta>1251</Cta>
    <CodSec>30</CodSec>
  </S>
  <S>
    <Calle>S.SEB</Calle>
    <Lat>32.912853</Lat>
    <Lon>60.867793</Lon>
    <Dis>3775.815</Dis>
    <Cta>1370</Cta>
    <CodSec>32</CodSec>
  </S>
  <S>
    <Calle>BELGR</Calle>
    <Lat>32.905802</Lat>
    <Lon>60.907255</Lon>
    <Dis>2997.560</Dis>
    <Cta>1586</Cta>
    <CodSec>32</CodSec>
  </S>
  <S>
    <Calle>CEM.R</Calle>
    <Lat>32.900191</Lat>
    <Lon>60.938578</Lon>
    <Dis>7767.570</Dis>
    <Cta>1720</Cta>
    <CodSec>201</CodSec>
  </S>
  <S>
    <Calle>SJER2</Calle>
    <Lat>32.885699</Lat>
    <Lon>61.019830</Lon>
    <Dis>2012.982</Dis>
    <Cta>2007</Cta>
    <CodSec>201</CodSec>
  </S>
  <S>
    <Calle>SJER1</Calle>
    <Lat>32.883577</Lat>
    <Lon>61.031626</Lon>
    <Dis>8758.600</Dis>
    <Cta>2117</Cta>
    <CodSec>201</CodSec>
  </S>
  <S>
    <Calle>RUT26</Calle>
    <Lat>32.867304</Lat>
    <Lon>61.123159</Lon>
    <Dis>2116.247</Dis>
    <Cta>2473</Cta>
    <CodSec>202</CodSec>
  </S>
  <S>
    <Calle>9 JUL</Calle>
    <Lat>32.863403</Lat>
    <Lon>61.145054</Lon>
    <Dis>2298.983</Dis>
    <Cta>2586</Cta>
    <CodSec>202</CodSec>
  </S>
  <S>
    <Calle>PARAN</Calle>
    <Lat>32.859078</Lat>
    <Lon>61.161092</Lon>
    <Dis>1456.507</Dis>
    <Cta>2706</Cta>
    <CodSec>202</CodSec>
  </S>
  <S>
    <Calle>RUTA9</Calle>
    <Lat>32.862297</Lat>
    <Lon>61.150057</Lon>
    <Dis>0</Dis>
    <Cta>2782</Cta>
    <CodSec>202</CodSec>
  </S>
</Sector>