<?xml version="1.0" standalone="yes"?>
<Sector>
  <xs:schema id="Sector" xmlns="" xmlns:xs="http://www.w3.org/2001/XMLSchema" xmlns:msdata="urn:schemas-microsoft-com:xml-msdata">
    <xs:element name="Sector" msdata:IsDataSet="true" msdata:Locale="">
      <xs:complexType>
        <xs:choice minOccurs="0" maxOccurs="unbounded">
          <xs:element name="S" msdata:Locale="">
            <xs:complexType>
              <xs:sequence>
                <xs:element name="Calle" type="xs:string" minOccurs="0" />
                <xs:element name="Lat" type="xs:decimal" minOccurs="0" />
                <xs:element name="Lon" type="xs:decimal" minOccurs="0" />
                <xs:element name="Dis" type="xs:decimal" minOccurs="0" />
                <xs:element name="Cta" type="xs:int" minOccurs="0" />
                <xs:element name="CodSec" type="xs:int" minOccurs="0" />
              </xs:sequence>
            </xs:complexType>
          </xs:element>
        </xs:choice>
      </xs:complexType>
    </xs:element>
  </xs:schema>
  <S>
    <Calle>SJUA1</Calle>
    <Lat>32.949561</Lat>
    <Lon>60.643311</Lon>
    <Dis>1517.240</Dis>
    <Cta>1</Cta>
    <CodSec>13</CodSec>
  </S>
  <S>
    <Calle>ORO?O</Calle>
    <Lat>32.947465</Lat>
    <Lon>60.654004</Lon>
    <Dis>1169.280</Dis>
    <Cta>69</Cta>
    <CodSec>13</CodSec>
  </S>
  <S>
    <Calle>FCIA.</Calle>
    <Lat>32.945279</Lat>
    <Lon>60.666261</Lon>
    <Dis>1319.680</Dis>
    <Cta>113</Cta>
    <CodSec>13</CodSec>
  </S>
  <S>
    <Calle>AVEL1</Calle>
    <Lat>32.942798</Lat>
    <Lon>60.680091</Lon>
    <Dis>1866.570</Dis>
    <Cta>161</Cta>
    <CodSec>13</CodSec>
  </S>
  <S>
    <Calle>T.AGN</Calle>
    <Lat>32.940723</Lat>
    <Lon>60.699809</Lon>
    <Dis>1200.890</Dis>
    <Cta>227</Cta>
    <CodSec>13</CodSec>
  </S>
  <S>
    <Calle>PUNI1</Calle>
    <Lat>32.939994</Lat>
    <Lon>60.712499</Lon>
    <Dis>1347.450</Dis>
    <Cta>273</Cta>
    <CodSec>13</CodSec>
  </S>
  <S>
    <Calle>DONAD</Calle>
    <Lat>32.940602</Lat>
    <Lon>60.726822</Lon>
    <Dis>1086.900</Dis>
    <Cta>322</Cta>
    <CodSec>13</CodSec>
  </S>
  <S>
    <Calle>WIL</Calle>
    <Lat>32.940261</Lat>
    <Lon>60.738274</Lon>
    <Dis>2003.970</Dis>
    <Cta>365</Cta>
    <CodSec>13</CodSec>
  </S>
  <S>
    <Calle>C1635</Calle>
    <Lat>32.940824</Lat>
    <Lon>60.759686</Lon>
    <Dis>641.930</Dis>
    <Cta>443</Cta>
    <CodSec>81</CodSec>
  </S>
  <S>
    <Calle>PEATO</Calle>
    <Lat>32.936504</Lat>
    <Lon>60.762394</Lon>
    <Dis>1953.130</Dis>
    <Cta>471</Cta>
    <CodSec>30</CodSec>
  </S>
  <S>
    <Calle>CRUC2</Calle>
    <Lat>32.927891</Lat>
    <Lon>60.777477</Lon>
    <Dis>3218.170</Dis>
    <Cta>550</Cta>
    <CodSec>30</CodSec>
  </S>
  <S>
    <Calle>YRIG2</Calle>
    <Lat>32.929088</Lat>
    <Lon>60.811912</Lon>
    <Dis>837.320</Dis>
    <Cta>672</Cta>
    <CodSec>30</CodSec>
  </S>
  <S>
    <Calle>R  9</Calle>
    <Lat>32.921677</Lat>
    <Lon>60.811004</Lon>
    <Dis>1335.520</Dis>
    <Cta>704</Cta>
    <CodSec>30</CodSec>
  </S>
  <S>
    <Calle>TUCU2</Calle>
    <Lat>32.913396</Lat>
    <Lon>60.805277</Lon>
    <Dis>1948.520</Dis>
    <Cta>754</Cta>
    <CodSec>30</CodSec>
  </S>
  <S>
    <Calle>TUCU</Calle>
    <Lat>32.898587</Lat>
    <Lon>60.805399</Lon>
    <Dis>0</Dis>
    <Cta>828</Cta>
    <CodSec>30</CodSec>
  </S>
</Sector>