<?xml version="1.0" standalone="yes"?>
<Sector>
  <xs:schema id="Sector" xmlns="" xmlns:xs="http://www.w3.org/2001/XMLSchema" xmlns:msdata="urn:schemas-microsoft-com:xml-msdata">
    <xs:element name="Sector" msdata:IsDataSet="true" msdata:Locale="">
      <xs:complexType>
        <xs:choice minOccurs="0" maxOccurs="unbounded">
          <xs:element name="S" msdata:Locale="">
            <xs:complexType>
              <xs:sequence>
                <xs:element name="Calle" type="xs:string" minOccurs="0" />
                <xs:element name="Lat" type="xs:decimal" minOccurs="0" />
                <xs:element name="Lon" type="xs:decimal" minOccurs="0" />
                <xs:element name="Dis" type="xs:decimal" minOccurs="0" />
                <xs:element name="Cta" type="xs:int" minOccurs="0" />
                <xs:element name="CodSec" type="xs:int" minOccurs="0" />
              </xs:sequence>
            </xs:complexType>
          </xs:element>
        </xs:choice>
      </xs:complexType>
    </xs:element>
  </xs:schema>
  <S>
    <Calle>CORRE</Calle>
    <Lat>32.850287</Lat>
    <Lon>61.265518</Lon>
    <Dis>3621.590</Dis>
    <Cta>1</Cta>
    <CodSec>203</CodSec>
  </S>
  <S>
    <Calle>S.COR</Calle>
    <Lat>32.853856</Lat>
    <Lon>61.240344</Lon>
    <Dis>5790.600</Dis>
    <Cta>136</Cta>
    <CodSec>203</CodSec>
  </S>
  <S>
    <Calle>A.CAR</Calle>
    <Lat>32.857855</Lat>
    <Lon>61.178545</Lon>
    <Dis>1620.950</Dis>
    <Cta>347</Cta>
    <CodSec>202</CodSec>
  </S>
  <S>
    <Calle>MALV</Calle>
    <Lat>32.860530</Lat>
    <Lon>61.161491</Lon>
    <Dis>2089.220</Dis>
    <Cta>409</Cta>
    <CodSec>202</CodSec>
  </S>
  <S>
    <Calle>RUT9-</Calle>
    <Lat>32.862761</Lat>
    <Lon>61.148384</Lon>
    <Dis>2260.460</Dis>
    <Cta>486</Cta>
    <CodSec>202</CodSec>
  </S>
  <S>
    <Calle>RUT26</Calle>
    <Lat>32.867094</Lat>
    <Lon>61.124827</Lon>
    <Dis>8902.280</Dis>
    <Cta>572</Cta>
    <CodSec>202</CodSec>
  </S>
  <S>
    <Calle>SJENT</Calle>
    <Lat>32.883628</Lat>
    <Lon>61.031641</Lon>
    <Dis>1992.250</Dis>
    <Cta>917</Cta>
    <CodSec>201</CodSec>
  </S>
  <S>
    <Calle>SJSAL</Calle>
    <Lat>32.885723</Lat>
    <Lon>61.019850</Lon>
    <Dis>7725.780</Dis>
    <Cta>993</Cta>
    <CodSec>201</CodSec>
  </S>
  <S>
    <Calle>CEME2</Calle>
    <Lat>32.900126</Lat>
    <Lon>60.938904</Lon>
    <Dis>4083.870</Dis>
    <Cta>1274</Cta>
    <CodSec>32</CodSec>
  </S>
  <S>
    <Calle>A012</Calle>
    <Lat>32.907848</Lat>
    <Lon>60.896141</Lon>
    <Dis>2158.140</Dis>
    <Cta>1417</Cta>
    <CodSec>32</CodSec>
  </S>
  <S>
    <Calle>A.COR</Calle>
    <Lat>32.926492</Lat>
    <Lon>60.899931</Lon>
    <Dis>17223.190</Dis>
    <Cta>1501</Cta>
    <CodSec>30</CodSec>
  </S>
  <S>
    <Calle>CIRCU</Calle>
    <Lat>32.948995</Lat>
    <Lon>60.724897</Lon>
    <Dis>2935.420</Dis>
    <Cta>2185</Cta>
    <CodSec>30</CodSec>
  </S>
  <S>
    <Calle>FMORE</Calle>
    <Lat>32.948088</Lat>
    <Lon>60.693461</Lon>
    <Dis>2307.430</Dis>
    <Cta>2301</Cta>
    <CodSec>13</CodSec>
  </S>
  <S>
    <Calle>AVEL1</Calle>
    <Lat>32.939138</Lat>
    <Lon>60.679132</Lon>
    <Dis>776.890</Dis>
    <Cta>2390</Cta>
    <CodSec>13</CodSec>
  </S>
  <S>
    <Calle>CAFER</Calle>
    <Lat>32.940525</Lat>
    <Lon>60.671058</Lon>
    <Dis>2264.930</Dis>
    <Cta>2421</Cta>
    <CodSec>13</CodSec>
  </S>
  <S>
    <Calle>ORO?O</Calle>
    <Lat>32.948811</Lat>
    <Lon>60.654772</Lon>
    <Dis>1048.950</Dis>
    <Cta>2502</Cta>
    <CodSec>13</CodSec>
  </S>
  <S>
    <Calle>CORR1</Calle>
    <Lat>32.950745</Lat>
    <Lon>60.643769</Lon>
    <Dis>789.300</Dis>
    <Cta>2538</Cta>
    <CodSec>13</CodSec>
  </S>
  <S>
    <Calle>PELE1</Calle>
    <Lat>32.956686</Lat>
    <Lon>60.643703</Lon>
    <Dis>1762.400</Dis>
    <Cta>2567</Cta>
    <CodSec>13</CodSec>
  </S>
  <S>
    <Calle>MAIP1</Calle>
    <Lat>32.968266</Lat>
    <Lon>60.640259</Lon>
    <Dis>0</Dis>
    <Cta>2633</Cta>
    <CodSec>81</CodSec>
  </S>
</Sector>