<?xml version="1.0" standalone="yes"?>
<Sector>
  <xs:schema id="Sector" xmlns="" xmlns:xs="http://www.w3.org/2001/XMLSchema" xmlns:msdata="urn:schemas-microsoft-com:xml-msdata">
    <xs:element name="Sector" msdata:IsDataSet="true" msdata:Locale="">
      <xs:complexType>
        <xs:choice minOccurs="0" maxOccurs="unbounded">
          <xs:element name="S" msdata:Locale="">
            <xs:complexType>
              <xs:sequence>
                <xs:element name="Calle" type="xs:string" minOccurs="0" />
                <xs:element name="Lat" type="xs:decimal" minOccurs="0" />
                <xs:element name="Lon" type="xs:decimal" minOccurs="0" />
                <xs:element name="Dis" type="xs:decimal" minOccurs="0" />
                <xs:element name="Cta" type="xs:int" minOccurs="0" />
                <xs:element name="CodSec" type="xs:int" minOccurs="0" />
              </xs:sequence>
            </xs:complexType>
          </xs:element>
        </xs:choice>
      </xs:complexType>
    </xs:element>
  </xs:schema>
  <S>
    <Calle>MAIP1</Calle>
    <Lat>32.968263</Lat>
    <Lon>60.640272</Lon>
    <Dis>2256.160</Dis>
    <Cta>1</Cta>
    <CodSec>13</CodSec>
  </S>
  <S>
    <Calle>PELE2</Calle>
    <Lat>32.956672</Lat>
    <Lon>60.645093</Lon>
    <Dis>814.760</Dis>
    <Cta>86</Cta>
    <CodSec>13</CodSec>
  </S>
  <S>
    <Calle>SJUA1</Calle>
    <Lat>32.949501</Lat>
    <Lon>60.643296</Lon>
    <Dis>1607.280</Dis>
    <Cta>115</Cta>
    <CodSec>13</CodSec>
  </S>
  <S>
    <Calle>ORO?O</Calle>
    <Lat>32.942352</Lat>
    <Lon>60.652737</Lon>
    <Dis>1694.870</Dis>
    <Cta>178</Cta>
    <CodSec>13</CodSec>
  </S>
  <S>
    <Calle>CAFER</Calle>
    <Lat>32.939226</Lat>
    <Lon>60.670513</Lon>
    <Dis>773.900</Dis>
    <Cta>238</Cta>
    <CodSec>13</CodSec>
  </S>
  <S>
    <Calle>AVEL1</Calle>
    <Lat>32.937765</Lat>
    <Lon>60.678621</Lon>
    <Dis>2494.620</Dis>
    <Cta>266</Cta>
    <CodSec>13</CodSec>
  </S>
  <S>
    <Calle>FMORE</Calle>
    <Lat>32.948027</Lat>
    <Lon>60.693436</Lon>
    <Dis>2486.290</Dis>
    <Cta>363</Cta>
    <CodSec>13</CodSec>
  </S>
  <S>
    <Calle>CIRCU</Calle>
    <Lat>32.948738</Lat>
    <Lon>60.720069</Lon>
    <Dis>16943.910</Dis>
    <Cta>454</Cta>
    <CodSec>81</CodSec>
  </S>
  <S>
    <Calle>A012</Calle>
    <Lat>32.927159</Lat>
    <Lon>60.896717</Lon>
    <Dis>2262.290</Dis>
    <Cta>1109</Cta>
    <CodSec>32</CodSec>
  </S>
  <S>
    <Calle>RUT9-</Calle>
    <Lat>32.908134</Lat>
    <Lon>60.894898</Lon>
    <Dis>4181.590</Dis>
    <Cta>1200</Cta>
    <CodSec>32</CodSec>
  </S>
  <S>
    <Calle>CEME2</Calle>
    <Lat>32.900178</Lat>
    <Lon>60.938563</Lon>
    <Dis>7756.800</Dis>
    <Cta>1352</Cta>
    <CodSec>201</CodSec>
  </S>
  <S>
    <Calle>SJENT</Calle>
    <Lat>32.885718</Lat>
    <Lon>61.019837</Lon>
    <Dis>1982.260</Dis>
    <Cta>1634</Cta>
    <CodSec>201</CodSec>
  </S>
  <S>
    <Calle>SJSAL</Calle>
    <Lat>32.883577</Lat>
    <Lon>61.031626</Lon>
    <Dis>9805.170</Dis>
    <Cta>1712</Cta>
    <CodSec>201</CodSec>
  </S>
  <S>
    <Calle>CAENT</Calle>
    <Lat>32.865368</Lat>
    <Lon>61.134265</Lon>
    <Dis>3117.030</Dis>
    <Cta>2081</Cta>
    <CodSec>202</CodSec>
  </S>
  <S>
    <Calle>CASAL</Calle>
    <Lat>32.859591</Lat>
    <Lon>61.166922</Lon>
    <Dis>6909.760</Dis>
    <Cta>2189</Cta>
    <CodSec>202</CodSec>
  </S>
  <S>
    <Calle>CORRE</Calle>
    <Lat>32.853814</Lat>
    <Lon>61.240513</Lon>
    <Dis>13671.350</Dis>
    <Cta>2453</Cta>
    <CodSec>203</CodSec>
  </S>
  <S>
    <Calle>CDAEN</Calle>
    <Lat>32.814497</Lat>
    <Lon>61.369104</Lon>
    <Dis>2823.810</Dis>
    <Cta>2941</Cta>
    <CodSec>204</CodSec>
  </S>
  <S>
    <Calle>GOMEZ</Calle>
    <Lat>32.812345</Lat>
    <Lon>61.396618</Lon>
    <Dis>0</Dis>
    <Cta>3039</Cta>
    <CodSec>204</CodSec>
  </S>
</Sector>