<?xml version="1.0" standalone="yes"?>
<Sector>
  <xs:schema id="Sector" xmlns="" xmlns:xs="http://www.w3.org/2001/XMLSchema" xmlns:msdata="urn:schemas-microsoft-com:xml-msdata">
    <xs:element name="Sector" msdata:IsDataSet="true" msdata:Locale="">
      <xs:complexType>
        <xs:choice minOccurs="0" maxOccurs="unbounded">
          <xs:element name="S" msdata:Locale="">
            <xs:complexType>
              <xs:sequence>
                <xs:element name="Calle" type="xs:string" minOccurs="0" />
                <xs:element name="Lat" type="xs:decimal" minOccurs="0" />
                <xs:element name="Lon" type="xs:decimal" minOccurs="0" />
                <xs:element name="Dis" type="xs:decimal" minOccurs="0" />
                <xs:element name="Cta" type="xs:int" minOccurs="0" />
                <xs:element name="CodSec" type="xs:int" minOccurs="0" />
              </xs:sequence>
            </xs:complexType>
          </xs:element>
        </xs:choice>
      </xs:complexType>
    </xs:element>
  </xs:schema>
  <S>
    <Calle>CORRE</Calle>
    <Lat>32.850284</Lat>
    <Lon>61.265519</Lon>
    <Dis>3624.430</Dis>
    <Cta>1</Cta>
    <CodSec>203</CodSec>
  </S>
  <S>
    <Calle>S.COR</Calle>
    <Lat>32.853856</Lat>
    <Lon>61.240342</Lon>
    <Dis>5790.260</Dis>
    <Cta>134</Cta>
    <CodSec>203</CodSec>
  </S>
  <S>
    <Calle>A.CAR</Calle>
    <Lat>32.857854</Lat>
    <Lon>61.178545</Lon>
    <Dis>1621.340</Dis>
    <Cta>348</Cta>
    <CodSec>202</CodSec>
  </S>
  <S>
    <Calle>MALV</Calle>
    <Lat>32.860530</Lat>
    <Lon>61.161487</Lon>
    <Dis>2088.850</Dis>
    <Cta>410</Cta>
    <CodSec>202</CodSec>
  </S>
  <S>
    <Calle>RUT9-</Calle>
    <Lat>32.862761</Lat>
    <Lon>61.148384</Lon>
    <Dis>2260.460</Dis>
    <Cta>488</Cta>
    <CodSec>202</CodSec>
  </S>
  <S>
    <Calle>RUT26</Calle>
    <Lat>32.867094</Lat>
    <Lon>61.124827</Lon>
    <Dis>8902.280</Dis>
    <Cta>574</Cta>
    <CodSec>202</CodSec>
  </S>
  <S>
    <Calle>SJENT</Calle>
    <Lat>32.883628</Lat>
    <Lon>61.031641</Lon>
    <Dis>1992.950</Dis>
    <Cta>919</Cta>
    <CodSec>201</CodSec>
  </S>
  <S>
    <Calle>SJSAL</Calle>
    <Lat>32.885749</Lat>
    <Lon>61.019846</Lon>
    <Dis>7723.860</Dis>
    <Cta>992</Cta>
    <CodSec>201</CodSec>
  </S>
  <S>
    <Calle>CEME2</Calle>
    <Lat>32.900158</Lat>
    <Lon>60.938922</Lon>
    <Dis>2873.460</Dis>
    <Cta>1288</Cta>
    <CodSec>32</CodSec>
  </S>
  <S>
    <Calle>URQU2</Calle>
    <Lat>32.905552</Lat>
    <Lon>60.908821</Lon>
    <Dis>3902.690</Dis>
    <Cta>1403</Cta>
    <CodSec>32</CodSec>
  </S>
  <S>
    <Calle>SBAST</Calle>
    <Lat>32.912854</Lat>
    <Lon>60.867930</Lon>
    <Dis>2306.510</Dis>
    <Cta>1563</Cta>
    <CodSec>30</CodSec>
  </S>
  <S>
    <Calle>JHER1</Calle>
    <Lat>32.916412</Lat>
    <Lon>60.843587</Lon>
    <Dis>2739.470</Dis>
    <Cta>1655</Cta>
    <CodSec>30</CodSec>
  </S>
  <S>
    <Calle>ELORZ</Calle>
    <Lat>32.920898</Lat>
    <Lon>60.814733</Lon>
    <Dis>934.760</Dis>
    <Cta>1770</Cta>
    <CodSec>30</CodSec>
  </S>
  <S>
    <Calle>CATAM</Calle>
    <Lat>32.922638</Lat>
    <Lon>60.804936</Lon>
    <Dis>3901.000</Dis>
    <Cta>1808</Cta>
    <CodSec>30</CodSec>
  </S>
  <S>
    <Calle>LUDUE</Calle>
    <Lat>32.925339</Lat>
    <Lon>60.763271</Lon>
    <Dis>2273.340</Dis>
    <Cta>1998</Cta>
    <CodSec>13</CodSec>
  </S>
  <S>
    <Calle>WILDE</Calle>
    <Lat>32.928343</Lat>
    <Lon>60.739346</Lon>
    <Dis>1136.640</Dis>
    <Cta>2094</Cta>
    <CodSec>13</CodSec>
  </S>
  <S>
    <Calle>DONAD</Calle>
    <Lat>32.930420</Lat>
    <Lon>60.727511</Lon>
    <Dis>1366.770</Dis>
    <Cta>2139</Cta>
    <CodSec>13</CodSec>
  </S>
  <S>
    <Calle>PUNI1</Calle>
    <Lat>32.932997</Lat>
    <Lon>60.713191</Lon>
    <Dis>1255.660</Dis>
    <Cta>2190</Cta>
    <CodSec>13</CodSec>
  </S>
  <S>
    <Calle>T.AGN</Calle>
    <Lat>32.935374</Lat>
    <Lon>60.700039</Lon>
    <Dis>1975.420</Dis>
    <Cta>2237</Cta>
    <CodSec>13</CodSec>
  </S>
  <S>
    <Calle>AVEL1</Calle>
    <Lat>32.939050</Lat>
    <Lon>60.679330</Lon>
    <Dis>789.200</Dis>
    <Cta>2312</Cta>
    <CodSec>13</CodSec>
  </S>
  <S>
    <Calle>CAFER</Calle>
    <Lat>32.940524</Lat>
    <Lon>60.671058</Lon>
    <Dis>2261.420</Dis>
    <Cta>2341</Cta>
    <CodSec>13</CodSec>
  </S>
  <S>
    <Calle>ORO?O</Calle>
    <Lat>32.948812</Lat>
    <Lon>60.654777</Lon>
    <Dis>1043.880</Dis>
    <Cta>2422</Cta>
    <CodSec>13</CodSec>
  </S>
  <S>
    <Calle>CORR1</Calle>
    <Lat>32.950712</Lat>
    <Lon>60.643821</Lon>
    <Dis>777.280</Dis>
    <Cta>2459</Cta>
    <CodSec>13</CodSec>
  </S>
  <S>
    <Calle>PELE1</Calle>
    <Lat>32.956624</Lat>
    <Lon>60.643636</Lon>
    <Dis>1177.150</Dis>
    <Cta>2489</Cta>
    <CodSec>13</CodSec>
  </S>
  <S>
    <Calle>27FEB</Calle>
    <Lat>32.966971</Lat>
    <Lon>60.646300</Lon>
    <Dis>1690.130</Dis>
    <Cta>2531</Cta>
    <CodSec>13</CodSec>
  </S>
  <S>
    <Calle>SEGUI</Calle>
    <Lat>32.979189</Lat>
    <Lon>60.644368</Lon>
    <Dis>2677.780</Dis>
    <Cta>2594</Cta>
    <CodSec>13</CodSec>
  </S>
  <S>
    <Calle>ARIJO</Calle>
    <Lat>33.002897</Lat>
    <Lon>60.649417</Lon>
    <Dis>2540.140</Dis>
    <Cta>2686</Cta>
    <CodSec>13</CodSec>
  </S>
  <S>
    <Calle>CIRCU</Calle>
    <Lat>33.025354</Lat>
    <Lon>60.654296</Lon>
    <Dis>2768.570</Dis>
    <Cta>2778</Cta>
    <CodSec>81</CodSec>
  </S>
  <S>
    <Calle>VGG</Calle>
    <Lat>33.038470</Lat>
    <Lon>60.661783</Lon>
    <Dis>0</Dis>
    <Cta>2884</Cta>
    <CodSec>12</CodSec>
  </S>
</Sector>