<?xml version="1.0" standalone="yes"?>
<Sector>
  <xs:schema id="Sector" xmlns="" xmlns:xs="http://www.w3.org/2001/XMLSchema" xmlns:msdata="urn:schemas-microsoft-com:xml-msdata">
    <xs:element name="Sector" msdata:IsDataSet="true" msdata:Locale="">
      <xs:complexType>
        <xs:choice minOccurs="0" maxOccurs="unbounded">
          <xs:element name="S" msdata:Locale="">
            <xs:complexType>
              <xs:sequence>
                <xs:element name="Calle" type="xs:string" minOccurs="0" />
                <xs:element name="Lat" type="xs:decimal" minOccurs="0" />
                <xs:element name="Lon" type="xs:decimal" minOccurs="0" />
                <xs:element name="Dis" type="xs:decimal" minOccurs="0" />
                <xs:element name="Cta" type="xs:int" minOccurs="0" />
                <xs:element name="CodSec" type="xs:int" minOccurs="0" />
              </xs:sequence>
            </xs:complexType>
          </xs:element>
        </xs:choice>
      </xs:complexType>
    </xs:element>
  </xs:schema>
  <S>
    <Calle>BELGR</Calle>
    <Lat>33.054948</Lat>
    <Lon>60.618469</Lon>
    <Dis>3001.701</Dis>
    <Cta>1</Cta>
    <CodSec>11</CodSec>
  </S>
  <S>
    <Calle>ALVEA</Calle>
    <Lat>33.056916</Lat>
    <Lon>60.614151</Lon>
    <Dis>2212.618</Dis>
    <Cta>165</Cta>
    <CodSec>11</CodSec>
  </S>
  <S>
    <Calle>RUT21</Calle>
    <Lat>33.047111</Lat>
    <Lon>60.606389</Lon>
    <Dis>2984.246</Dis>
    <Cta>260</Cta>
    <CodSec>12</CodSec>
  </S>
  <S>
    <Calle>JDPER</Calle>
    <Lat>33.025506</Lat>
    <Lon>60.624535</Lon>
    <Dis>1418.878</Dis>
    <Cta>575</Cta>
    <CodSec>12</CodSec>
  </S>
  <S>
    <Calle>CIRCU</Calle>
    <Lat>33.015981</Lat>
    <Lon>60.634381</Lon>
    <Dis>1532.250</Dis>
    <Cta>652</Cta>
    <CodSec>13</CodSec>
  </S>
  <S>
    <Calle>ARIJO</Calle>
    <Lat>33.002633</Lat>
    <Lon>60.636024</Lon>
    <Dis>1483.690</Dis>
    <Cta>743</Cta>
    <CodSec>13</CodSec>
  </S>
  <S>
    <Calle>SMART</Calle>
    <Lat>32.999862</Lat>
    <Lon>60.648448</Lon>
    <Dis>1037.517</Dis>
    <Cta>815</Cta>
    <CodSec>13</CodSec>
  </S>
  <S>
    <Calle>URIB.</Calle>
    <Lat>32.990856</Lat>
    <Lon>60.646623</Lon>
    <Dis>1280.208</Dis>
    <Cta>872</Cta>
    <CodSec>13</CodSec>
  </S>
  <S>
    <Calle>SEGUI</Calle>
    <Lat>32.979555</Lat>
    <Lon>60.644290</Lon>
    <Dis>1366.702</Dis>
    <Cta>939</Cta>
    <CodSec>13</CodSec>
  </S>
  <S>
    <Calle>27FEB</Calle>
    <Lat>32.968133</Lat>
    <Lon>60.640756</Lon>
    <Dis>1181.339</Dis>
    <Cta>1014</Cta>
    <CodSec>13</CodSec>
  </S>
  <S>
    <Calle>PELL.</Calle>
    <Lat>32.957936</Lat>
    <Lon>60.638116</Lon>
    <Dis>1355.498</Dis>
    <Cta>1073</Cta>
    <CodSec>13</CodSec>
  </S>
  <S>
    <Calle>ERIOS</Calle>
    <Lat>32.949684</Lat>
    <Lon>60.641746</Lon>
    <Dis>1174.035</Dis>
    <Cta>1142</Cta>
    <CodSec>13</CodSec>
  </S>
  <S>
    <Calle>ORO?O</Calle>
    <Lat>32.947480</Lat>
    <Lon>60.653988</Lon>
    <Dis>788.647</Dis>
    <Cta>1211</Cta>
    <CodSec>13</CodSec>
  </S>
  <S>
    <Calle>OvLAG</Calle>
    <Lat>32.946013</Lat>
    <Lon>60.662223</Lon>
    <Dis>1192.060</Dis>
    <Cta>1251</Cta>
    <CodSec>13</CodSec>
  </S>
  <S>
    <Calle>PELL</Calle>
    <Lat>32.952063</Lat>
    <Lon>60.668248</Lon>
    <Dis>2662.965</Dis>
    <Cta>1314</Cta>
    <CodSec>13</CodSec>
  </S>
  <S>
    <Calle>FMOR</Calle>
    <Lat>32.958657</Lat>
    <Lon>60.692819</Lon>
    <Dis>2023.423</Dis>
    <Cta>1455</Cta>
    <CodSec>13</CodSec>
  </S>
  <S>
    <Calle>PUNI</Calle>
    <Lat>32.967926</Lat>
    <Lon>60.711340</Lon>
    <Dis>2339.963</Dis>
    <Cta>1555</Cta>
    <CodSec>13</CodSec>
  </S>
  <S>
    <Calle>ESSL</Calle>
    <Lat>32.978621</Lat>
    <Lon>60.732758</Lon>
    <Dis>157.650</Dis>
    <Cta>1669</Cta>
    <CodSec>84</CodSec>
  </S>
  <S>
    <Calle>ESSO</Calle>
    <Lat>32.979325</Lat>
    <Lon>60.734187</Lon>
    <Dis>3350.219</Dis>
    <Cta>1680</Cta>
    <CodSec>85</CodSec>
  </S>
  <S>
    <Calle>LOPEZ</Calle>
    <Lat>32.995074</Lat>
    <Lon>60.764614</Lon>
    <Dis>3058.633</Dis>
    <Cta>1879</Cta>
    <CodSec>85</CodSec>
  </S>
  <S>
    <Calle>RUT33</Calle>
    <Lat>33.005408</Lat>
    <Lon>60.786956</Lon>
    <Dis>0</Dis>
    <Cta>2059</Cta>
    <CodSec>85</CodSec>
  </S>
</Sector>