<?xml version="1.0" standalone="yes"?>
<Version>
  <xs:schema id="Version" xmlns="" xmlns:xs="http://www.w3.org/2001/XMLSchema" xmlns:msdata="urn:schemas-microsoft-com:xml-msdata">
    <xs:element name="Version" msdata:IsDataSet="true" msdata:UseCurrentLocale="true">
      <xs:complexType>
        <xs:choice minOccurs="0" maxOccurs="unbounded">
          <xs:element name="datosVersion">
            <xs:complexType>
              <xs:sequence>
                <xs:element name="nroVersion" type="xs:int" minOccurs="0" />
                <xs:element name="fechaActivacion" type="xs:dateTime" minOccurs="0" />
              </xs:sequence>
            </xs:complexType>
          </xs:element>
          <xs:element name="archivos">
            <xs:complexType>
              <xs:sequence>
                <xs:element name="archivo" type="xs:string" minOccurs="0" />
                <xs:element name="hash" type="xs:string" minOccurs="0" />
              </xs:sequence>
            </xs:complexType>
          </xs:element>
        </xs:choice>
      </xs:complexType>
    </xs:element>
  </xs:schema>
  <datosVersion>
    <nroVersion>29</nroVersion>
    <fechaActivacion>2019-10-01T00:00:00-03:00</fechaActivacion>
  </datosVersion>
  <archivos>
    <archivo>s00210257.xml</archivo>
    <hash>B6E3324983DF894B975AC4581C610F88</hash>
  </archivos>
  <archivos>
    <archivo>s00210258.xml</archivo>
    <hash>B2C05B4ED12BB0304636D4A0927457C1</hash>
  </archivos>
  <archivos>
    <archivo>s00210433.xml</archivo>
    <hash>E1D77BB0C062DCB5A495BF2A67D8F652</hash>
  </archivos>
  <archivos>
    <archivo>s00210434.xml</archivo>
    <hash>958AD654563F1C0BF81EEF7D36DD69DC</hash>
  </archivos>
  <archivos>
    <archivo>s00210450.xml</archivo>
    <hash>B0E2DE02AB1D9C9A421ABBD026E19F5C</hash>
  </archivos>
  <archivos>
    <archivo>s00210451.xml</archivo>
    <hash>379C1D62D119BA537263240803B8AA7E</hash>
  </archivos>
  <archivos>
    <archivo>s00210668.xml</archivo>
    <hash>059C36C78C6CE4FF207526FA01118651</hash>
  </archivos>
  <archivos>
    <archivo>s00210807.xml</archivo>
    <hash>45DF7BA572F9DF9078FC57058708E815</hash>
  </archivos>
  <archivos>
    <archivo>s00210808.xml</archivo>
    <hash>496857197687728C07849405772C9BD1</hash>
  </archivos>
  <archivos>
    <archivo>s00210813.xml</archivo>
    <hash>07249DC2B22450E0504A6CC33DE60B21</hash>
  </archivos>
  <archivos>
    <archivo>s00210815.xml</archivo>
    <hash>D11C21C140A4C8431BA89BCFFA822539</hash>
  </archivos>
  <archivos>
    <archivo>s00210816.xml</archivo>
    <hash>32B64AFAFC9E0768402D52DE6D7FBB93</hash>
  </archivos>
  <archivos>
    <archivo>s00210818.xml</archivo>
    <hash>F3D286DA76D47D0C8CBF0C743F7B505D</hash>
  </archivos>
  <archivos>
    <archivo>s00210862.xml</archivo>
    <hash>84C6D18FF59BA9C85C2D50085548EB21</hash>
  </archivos>
  <archivos>
    <archivo>s00210931.xml</archivo>
    <hash>A5842374AD54ACBC9CCBFA861056C3FD</hash>
  </archivos>
  <archivos>
    <archivo>s00210932.xml</archivo>
    <hash>0A54740B94AEB9D7F64EF004B03CFDD9</hash>
  </archivos>
  <archivos>
    <archivo>s00210933.xml</archivo>
    <hash>2C140CE0C3A02DCDA32A601B62837528</hash>
  </archivos>
  <archivos>
    <archivo>s00210934.xml</archivo>
    <hash>85B2352690F010C9BB8D2892120F0745</hash>
  </archivos>
  <archivos>
    <archivo>r00210257.txt</archivo>
    <hash>06B53A77190EDD2EBC7FB66810E05910</hash>
  </archivos>
  <archivos>
    <archivo>r00210258.txt</archivo>
    <hash>34445E236C0E94F930BCA9DC26CC6ABF</hash>
  </archivos>
  <archivos>
    <archivo>r00210433.txt</archivo>
    <hash>4AF151607FFE6F856661F6D03F2BF151</hash>
  </archivos>
  <archivos>
    <archivo>r00210434.txt</archivo>
    <hash>6ACCCDEB33E28F9D7BF4D16918B0CFFB</hash>
  </archivos>
  <archivos>
    <archivo>r00210450.txt</archivo>
    <hash>0F0C2A8B1F4A5810140C810EE5BEC2AA</hash>
  </archivos>
  <archivos>
    <archivo>r00210451.txt</archivo>
    <hash>CD3CBF6A1FE485EBD52DE4C631CECB14</hash>
  </archivos>
  <archivos>
    <archivo>r00210668.txt</archivo>
    <hash>556EA16523E7834EE93472965774585F</hash>
  </archivos>
  <archivos>
    <archivo>r00210807.txt</archivo>
    <hash>3C6F5D359935B0614F89C6E530F88058</hash>
  </archivos>
  <archivos>
    <archivo>r00210808.txt</archivo>
    <hash>5AD48099641954CA0AD2FB9ED18FF130</hash>
  </archivos>
  <archivos>
    <archivo>r00210813.txt</archivo>
    <hash>694C4501C79993D762CCCFB6487528CA</hash>
  </archivos>
  <archivos>
    <archivo>r00210815.txt</archivo>
    <hash>820F7ED3C627770CDCA83F1AF85A4D3A</hash>
  </archivos>
  <archivos>
    <archivo>r00210816.txt</archivo>
    <hash>EBF325ECB5C6BFBC51015A90508EBA3D</hash>
  </archivos>
  <archivos>
    <archivo>r00210818.txt</archivo>
    <hash>9D1F44F5ED10F295FABB3EA219BDDE5F</hash>
  </archivos>
  <archivos>
    <archivo>r00210862.txt</archivo>
    <hash>39AFD1AF2C695D3ECF3C89375CE99F13</hash>
  </archivos>
  <archivos>
    <archivo>r00210931.txt</archivo>
    <hash>D3D363439D652B2154C0542215D04F1E</hash>
  </archivos>
  <archivos>
    <archivo>r00210932.txt</archivo>
    <hash>291E85DD3C0B290D1D3D8D1F99C4DC06</hash>
  </archivos>
  <archivos>
    <archivo>r00210933.txt</archivo>
    <hash>960AD79B78B2FE62D5D132A6601B8F79</hash>
  </archivos>
  <archivos>
    <archivo>r00210934.txt</archivo>
    <hash>1EFC4FF4877BD0A0D4BACB580FDFF378</hash>
  </archivos>
  <archivos>
    <archivo>sectoresTarifarios.xml</archivo>
    <hash>D232FE1906E33C66AFEE24B24B048B27</hash>
  </archivos>
</Version>