<?xml version="1.0" standalone="yes"?>
<Sector>
  <xs:schema id="Sector" xmlns="" xmlns:xs="http://www.w3.org/2001/XMLSchema" xmlns:msdata="urn:schemas-microsoft-com:xml-msdata">
    <xs:element name="Sector" msdata:IsDataSet="true" msdata:Locale="">
      <xs:complexType>
        <xs:choice minOccurs="0" maxOccurs="unbounded">
          <xs:element name="S" msdata:Locale="">
            <xs:complexType>
              <xs:sequence>
                <xs:element name="Calle" type="xs:string" minOccurs="0" />
                <xs:element name="Lat" type="xs:decimal" minOccurs="0" />
                <xs:element name="Lon" type="xs:decimal" minOccurs="0" />
                <xs:element name="Dis" type="xs:decimal" minOccurs="0" />
                <xs:element name="Cta" type="xs:int" minOccurs="0" />
                <xs:element name="CodSec" type="xs:int" minOccurs="0" />
              </xs:sequence>
            </xs:complexType>
          </xs:element>
        </xs:choice>
      </xs:complexType>
    </xs:element>
  </xs:schema>
  <S>
    <Calle>TRIB.</Calle>
    <Lat>34.543416</Lat>
    <Lon>58.713743</Lon>
    <Dis>1909.918</Dis>
    <Cta>1</Cta>
    <CodSec>18</CodSec>
  </S>
  <S>
    <Calle>MU?OZ</Calle>
    <Lat>34.533882</Lat>
    <Lon>58.718006</Lon>
    <Dis>1561.848</Dis>
    <Cta>114</Cta>
    <CodSec>18</CodSec>
  </S>
  <S>
    <Calle>CHILE</Calle>
    <Lat>34.524646</Lat>
    <Lon>58.730391</Lon>
    <Dis>1167.644</Dis>
    <Cta>204</Cta>
    <CodSec>18</CodSec>
  </S>
  <S>
    <Calle>RUTP8</Calle>
    <Lat>34.517217</Lat>
    <Lon>58.722506</Lon>
    <Dis>1085.225</Dis>
    <Cta>277</Cta>
    <CodSec>18</CodSec>
  </S>
  <S>
    <Calle>RU 24</Calle>
    <Lat>34.509250</Lat>
    <Lon>58.728394</Lon>
    <Dis>1885.004</Dis>
    <Cta>347</Cta>
    <CodSec>18</CodSec>
  </S>
  <S>
    <Calle>OBRIE</Calle>
    <Lat>34.499788</Lat>
    <Lon>58.738424</Lon>
    <Dis>1179.303</Dis>
    <Cta>469</Cta>
    <CodSec>18</CodSec>
  </S>
  <S>
    <Calle>DUAPE</Calle>
    <Lat>34.497844</Lat>
    <Lon>58.729006</Lon>
    <Dis>1890.824</Dis>
    <Cta>544</Cta>
    <CodSec>18</CodSec>
  </S>
  <S>
    <Calle>DP-BE</Calle>
    <Lat>34.485798</Lat>
    <Lon>58.724814</Lon>
    <Dis>1469.678</Dis>
    <Cta>657</Cta>
    <CodSec>18</CodSec>
  </S>
  <S>
    <Calle>PASCO</Calle>
    <Lat>34.493408</Lat>
    <Lon>58.721024</Lon>
    <Dis>1188.096</Dis>
    <Cta>779</Cta>
    <CodSec>18</CodSec>
  </S>
  <S>
    <Calle>RUT24</Calle>
    <Lat>34.502325</Lat>
    <Lon>58.714079</Lon>
    <Dis>1146.922</Dis>
    <Cta>855</Cta>
    <CodSec>18</CodSec>
  </S>
  <S>
    <Calle>ELUCA</Calle>
    <Lat>34.495104</Lat>
    <Lon>58.705680</Lon>
    <Dis>1277.387</Dis>
    <Cta>931</Cta>
    <CodSec>18</CodSec>
  </S>
  <S>
    <Calle>BARON</Calle>
    <Lat>34.503481</Lat>
    <Lon>58.703334</Lon>
    <Dis>1416.753</Dis>
    <Cta>1059</Cta>
    <CodSec>18</CodSec>
  </S>
  <S>
    <Calle>PERON</Calle>
    <Lat>34.500475</Lat>
    <Lon>58.692475</Lon>
    <Dis>2773.948</Dis>
    <Cta>1145</Cta>
    <CodSec>18</CodSec>
  </S>
  <S>
    <Calle>GLEMO</Calle>
    <Lat>34.518114</Lat>
    <Lon>58.671488</Lon>
    <Dis>1990.213</Dis>
    <Cta>1322</Cta>
    <CodSec>18</CodSec>
  </S>
  <S>
    <Calle>SUARE</Calle>
    <Lat>34.529420</Lat>
    <Lon>58.687796</Lon>
    <Dis>1917.271</Dis>
    <Cta>1420</Cta>
    <CodSec>18</CodSec>
  </S>
  <S>
    <Calle>TRIBU</Calle>
    <Lat>34.531563</Lat>
    <Lon>58.702997</Lon>
    <Dis>766.985</Dis>
    <Cta>1569</Cta>
    <CodSec>18</CodSec>
  </S>
  <S>
    <Calle>S.LOR</Calle>
    <Lat>34.536503</Lat>
    <Lon>58.708520</Lon>
    <Dis>886.724</Dis>
    <Cta>1613</Cta>
    <CodSec>18</CodSec>
  </S>
  <S>
    <Calle>ALEM.</Calle>
    <Lat>34.542407</Lat>
    <Lon>58.714884</Lon>
    <Dis>0</Dis>
    <Cta>1664</Cta>
    <CodSec>18</CodSec>
  </S>
</Sector>