<?xml version="1.0" standalone="yes"?>
<Sector>
  <xs:schema id="Sector" xmlns="" xmlns:xs="http://www.w3.org/2001/XMLSchema" xmlns:msdata="urn:schemas-microsoft-com:xml-msdata">
    <xs:element name="Sector" msdata:IsDataSet="true" msdata:Locale="">
      <xs:complexType>
        <xs:choice minOccurs="0" maxOccurs="unbounded">
          <xs:element name="S" msdata:Locale="">
            <xs:complexType>
              <xs:sequence>
                <xs:element name="Calle" type="xs:string" minOccurs="0" />
                <xs:element name="Lat" type="xs:decimal" minOccurs="0" />
                <xs:element name="Lon" type="xs:decimal" minOccurs="0" />
                <xs:element name="Dis" type="xs:decimal" minOccurs="0" />
                <xs:element name="Cta" type="xs:int" minOccurs="0" />
                <xs:element name="CodSec" type="xs:int" minOccurs="0" />
              </xs:sequence>
            </xs:complexType>
          </xs:element>
        </xs:choice>
      </xs:complexType>
    </xs:element>
  </xs:schema>
  <S>
    <Calle>PAVON</Calle>
    <Lat>34.532079</Lat>
    <Lon>58.703789</Lon>
    <Dis>657.728</Dis>
    <Cta>1</Cta>
    <CodSec>18</CodSec>
  </S>
  <S>
    <Calle>S.LOR</Calle>
    <Lat>34.536497</Lat>
    <Lon>58.708530</Lon>
    <Dis>889.086</Dis>
    <Cta>33</Cta>
    <CodSec>18</CodSec>
  </S>
  <S>
    <Calle>ALEM.</Calle>
    <Lat>34.542454</Lat>
    <Lon>58.714877</Lon>
    <Dis>1270.131</Dis>
    <Cta>76</Cta>
    <CodSec>18</CodSec>
  </S>
  <S>
    <Calle>IRIGO</Calle>
    <Lat>34.537551</Lat>
    <Lon>58.721771</Lon>
    <Dis>1038.114</Dis>
    <Cta>156</Cta>
    <CodSec>18</CodSec>
  </S>
  <S>
    <Calle>M.SAS</Calle>
    <Lat>34.543251</Lat>
    <Lon>58.729334</Lon>
    <Dis>1231.792</Dis>
    <Cta>210</Cta>
    <CodSec>18</CodSec>
  </S>
  <S>
    <Calle>CALLA</Calle>
    <Lat>34.538623</Lat>
    <Lon>58.739124</Lon>
    <Dis>2199.503</Dis>
    <Cta>275</Cta>
    <CodSec>18</CodSec>
  </S>
  <S>
    <Calle>GPINT</Calle>
    <Lat>34.544505</Lat>
    <Lon>58.755092</Lon>
    <Dis>1475.097</Dis>
    <Cta>390</Cta>
    <CodSec>18</CodSec>
  </S>
  <S>
    <Calle>FERR.</Calle>
    <Lat>34.551321</Lat>
    <Lon>58.766121</Lon>
    <Dis>1329.059</Dis>
    <Cta>466</Cta>
    <CodSec>18</CodSec>
  </S>
  <S>
    <Calle>FMARC</Calle>
    <Lat>34.557077</Lat>
    <Lon>58.775746</Lon>
    <Dis>0</Dis>
    <Cta>535</Cta>
    <CodSec>18</CodSec>
  </S>
</Sector>