<?xml version="1.0" standalone="yes"?>
<Sector>
  <xs:schema id="Sector" xmlns="" xmlns:xs="http://www.w3.org/2001/XMLSchema" xmlns:msdata="urn:schemas-microsoft-com:xml-msdata">
    <xs:element name="Sector" msdata:IsDataSet="true" msdata:Locale="">
      <xs:complexType>
        <xs:choice minOccurs="0" maxOccurs="unbounded">
          <xs:element name="S" msdata:Locale="">
            <xs:complexType>
              <xs:sequence>
                <xs:element name="Calle" type="xs:string" minOccurs="0" />
                <xs:element name="Lat" type="xs:decimal" minOccurs="0" />
                <xs:element name="Lon" type="xs:decimal" minOccurs="0" />
                <xs:element name="Dis" type="xs:decimal" minOccurs="0" />
                <xs:element name="Cta" type="xs:int" minOccurs="0" />
                <xs:element name="CodSec" type="xs:int" minOccurs="0" />
              </xs:sequence>
            </xs:complexType>
          </xs:element>
        </xs:choice>
      </xs:complexType>
    </xs:element>
  </xs:schema>
  <S>
    <Calle>23-TR</Calle>
    <Lat>34.543912</Lat>
    <Lon>58.714959</Lon>
    <Dis>1084.264</Dis>
    <Cta>1</Cta>
    <CodSec>18</CodSec>
  </S>
  <S>
    <Calle>GCAMP</Calle>
    <Lat>34.551135</Lat>
    <Lon>58.721604</Lon>
    <Dis>2631.100</Dis>
    <Cta>55</Cta>
    <CodSec>18</CodSec>
  </S>
  <S>
    <Calle>ALBAR</Calle>
    <Lat>34.567818</Lat>
    <Lon>58.741732</Lon>
    <Dis>1448.488</Dis>
    <Cta>193</Cta>
    <CodSec>18</CodSec>
  </S>
  <S>
    <Calle>FERRE</Calle>
    <Lat>34.560765</Lat>
    <Lon>58.753364</Lon>
    <Dis>3600.496</Dis>
    <Cta>255</Cta>
    <CodSec>18</CodSec>
  </S>
  <S>
    <Calle>MENDO</Calle>
    <Lat>34.551415</Lat>
    <Lon>58.766067</Lon>
    <Dis>2285.287</Dis>
    <Cta>445</Cta>
    <CodSec>18</CodSec>
  </S>
  <S>
    <Calle>BIBA?</Calle>
    <Lat>34.539266</Lat>
    <Lon>58.749134</Lon>
    <Dis>1490.555</Dis>
    <Cta>565</Cta>
    <CodSec>18</CodSec>
  </S>
  <S>
    <Calle>PUEYR</Calle>
    <Lat>34.529242</Lat>
    <Lon>58.750968</Lon>
    <Dis>1341.037</Dis>
    <Cta>651</Cta>
    <CodSec>18</CodSec>
  </S>
  <S>
    <Calle>LACRO</Calle>
    <Lat>34.520050</Lat>
    <Lon>58.754278</Lon>
    <Dis>432.916</Dis>
    <Cta>723</Cta>
    <CodSec>18</CodSec>
  </S>
  <S>
    <Calle>ALTUB</Calle>
    <Lat>34.521049</Lat>
    <Lon>58.749876</Lon>
    <Dis>1382.716</Dis>
    <Cta>747</Cta>
    <CodSec>18</CodSec>
  </S>
  <S>
    <Calle>CAPDE</Calle>
    <Lat>34.522645</Lat>
    <Lon>58.760818</Lon>
    <Dis>1936.597</Dis>
    <Cta>821</Cta>
    <CodSec>18</CodSec>
  </S>
  <S>
    <Calle>CROAC</Calle>
    <Lat>34.529051</Lat>
    <Lon>58.780363</Lon>
    <Dis>1817.388</Dis>
    <Cta>937</Cta>
    <CodSec>18</CodSec>
  </S>
  <S>
    <Calle>DERQU</Calle>
    <Lat>34.532591</Lat>
    <Lon>58.799658</Lon>
    <Dis>725.928</Dis>
    <Cta>1036</Cta>
    <CodSec>18</CodSec>
  </S>
  <S>
    <Calle>ESCRU</Calle>
    <Lat>34.527707</Lat>
    <Lon>58.804686</Lon>
    <Dis>1577.877</Dis>
    <Cta>1078</Cta>
    <CodSec>18</CodSec>
  </S>
  <S>
    <Calle>PINAZ</Calle>
    <Lat>34.528825</Lat>
    <Lon>58.815350</Lon>
    <Dis>0</Dis>
    <Cta>1165</Cta>
    <CodSec>18</CodSec>
  </S>
</Sector>