<?xml version="1.0" standalone="yes"?>
<Sector>
  <xs:schema id="Sector" xmlns="" xmlns:xs="http://www.w3.org/2001/XMLSchema" xmlns:msdata="urn:schemas-microsoft-com:xml-msdata">
    <xs:element name="Sector" msdata:IsDataSet="true" msdata:Locale="">
      <xs:complexType>
        <xs:choice minOccurs="0" maxOccurs="unbounded">
          <xs:element name="S" msdata:Locale="">
            <xs:complexType>
              <xs:sequence>
                <xs:element name="Calle" type="xs:string" minOccurs="0" />
                <xs:element name="Lat" type="xs:decimal" minOccurs="0" />
                <xs:element name="Lon" type="xs:decimal" minOccurs="0" />
                <xs:element name="Dis" type="xs:decimal" minOccurs="0" />
                <xs:element name="Cta" type="xs:int" minOccurs="0" />
                <xs:element name="CodSec" type="xs:int" minOccurs="0" />
              </xs:sequence>
            </xs:complexType>
          </xs:element>
        </xs:choice>
      </xs:complexType>
    </xs:element>
  </xs:schema>
  <S>
    <Calle>PAVON</Calle>
    <Lat>34.532079</Lat>
    <Lon>58.703790</Lon>
    <Dis>656.400</Dis>
    <Cta>1</Cta>
    <CodSec>18</CodSec>
  </S>
  <S>
    <Calle>S.LOR</Calle>
    <Lat>34.536500</Lat>
    <Lon>58.708526</Lon>
    <Dis>1059.705</Dis>
    <Cta>33</Cta>
    <CodSec>18</CodSec>
  </S>
  <S>
    <Calle>RU 23</Calle>
    <Lat>34.543481</Lat>
    <Lon>58.713657</Lon>
    <Dis>1563.886</Dis>
    <Cta>84</Cta>
    <CodSec>18</CodSec>
  </S>
  <S>
    <Calle>IRIGO</Calle>
    <Lat>34.541144</Lat>
    <Lon>58.725568</Lon>
    <Dis>1463.554</Dis>
    <Cta>155</Cta>
    <CodSec>18</CodSec>
  </S>
  <S>
    <Calle>ARRIC</Calle>
    <Lat>34.532308</Lat>
    <Lon>58.735250</Lon>
    <Dis>1260.526</Dis>
    <Cta>237</Cta>
    <CodSec>18</CodSec>
  </S>
  <S>
    <Calle>GONZA</Calle>
    <Lat>34.534551</Lat>
    <Lon>58.744751</Lon>
    <Dis>1575.285</Dis>
    <Cta>305</Cta>
    <CodSec>18</CodSec>
  </S>
  <S>
    <Calle>PUEYR</Calle>
    <Lat>34.525870</Lat>
    <Lon>58.747370</Lon>
    <Dis>1229.883</Dis>
    <Cta>388</Cta>
    <CodSec>18</CodSec>
  </S>
  <S>
    <Calle>LACRO</Calle>
    <Lat>34.519967</Lat>
    <Lon>58.753962</Lon>
    <Dis>408.203</Dis>
    <Cta>453</Cta>
    <CodSec>18</CodSec>
  </S>
  <S>
    <Calle>ALTUB</Calle>
    <Lat>34.521049</Lat>
    <Lon>58.749871</Lon>
    <Dis>1364.459</Dis>
    <Cta>474</Cta>
    <CodSec>18</CodSec>
  </S>
  <S>
    <Calle>CAPDE</Calle>
    <Lat>34.522620</Lat>
    <Lon>58.760753</Lon>
    <Dis>1884.747</Dis>
    <Cta>549</Cta>
    <CodSec>18</CodSec>
  </S>
  <S>
    <Calle>USTAR</Calle>
    <Lat>34.530277</Lat>
    <Lon>58.778948</Lon>
    <Dis>884.445</Dis>
    <Cta>663</Cta>
    <CodSec>18</CodSec>
  </S>
  <S>
    <Calle>CORON</Calle>
    <Lat>34.530382</Lat>
    <Lon>58.787505</Lon>
    <Dis>801.969</Dis>
    <Cta>714</Cta>
    <CodSec>18</CodSec>
  </S>
  <S>
    <Calle>SALVA</Calle>
    <Lat>34.525934</Lat>
    <Lon>58.792999</Lon>
    <Dis>953.307</Dis>
    <Cta>771</Cta>
    <CodSec>18</CodSec>
  </S>
  <S>
    <Calle>DERQU</Calle>
    <Lat>34.531175</Lat>
    <Lon>58.801018</Lon>
    <Dis>1035.454</Dis>
    <Cta>815</Cta>
    <CodSec>18</CodSec>
  </S>
  <S>
    <Calle>SOMEL</Calle>
    <Lat>34.524221</Lat>
    <Lon>58.808025</Lon>
    <Dis>1096.103</Dis>
    <Cta>877</Cta>
    <CodSec>18</CodSec>
  </S>
  <S>
    <Calle>ACEVE</Calle>
    <Lat>34.530260</Lat>
    <Lon>58.815451</Lon>
    <Dis>0</Dis>
    <Cta>932</Cta>
    <CodSec>18</CodSec>
  </S>
</Sector>