<?xml version="1.0" standalone="yes"?>
<Sector>
  <xs:schema id="Sector" xmlns="" xmlns:xs="http://www.w3.org/2001/XMLSchema" xmlns:msdata="urn:schemas-microsoft-com:xml-msdata">
    <xs:element name="Sector" msdata:IsDataSet="true" msdata:Locale="">
      <xs:complexType>
        <xs:choice minOccurs="0" maxOccurs="unbounded">
          <xs:element name="S" msdata:Locale="">
            <xs:complexType>
              <xs:sequence>
                <xs:element name="Calle" type="xs:string" minOccurs="0" />
                <xs:element name="Lat" type="xs:decimal" minOccurs="0" />
                <xs:element name="Lon" type="xs:decimal" minOccurs="0" />
                <xs:element name="Dis" type="xs:decimal" minOccurs="0" />
                <xs:element name="Cta" type="xs:int" minOccurs="0" />
                <xs:element name="CodSec" type="xs:int" minOccurs="0" />
              </xs:sequence>
            </xs:complexType>
          </xs:element>
        </xs:choice>
      </xs:complexType>
    </xs:element>
  </xs:schema>
  <S>
    <Calle>ALV</Calle>
    <Lat>33.054984</Lat>
    <Lon>60.618469</Lon>
    <Dis>7132.120</Dis>
    <Cta>1</Cta>
    <CodSec>11</CodSec>
  </S>
  <S>
    <Calle>ESPER</Calle>
    <Lat>33.047054</Lat>
    <Lon>60.606263</Lon>
    <Dis>2957.440</Dis>
    <Cta>264</Cta>
    <CodSec>12</CodSec>
  </S>
  <S>
    <Calle>PERO1</Calle>
    <Lat>33.025506</Lat>
    <Lon>60.624535</Lon>
    <Dis>1403.770</Dis>
    <Cta>371</Cta>
    <CodSec>12</CodSec>
  </S>
  <S>
    <Calle>CIRCU</Calle>
    <Lat>33.015981</Lat>
    <Lon>60.634381</Lon>
    <Dis>1482.210</Dis>
    <Cta>422</Cta>
    <CodSec>13</CodSec>
  </S>
  <S>
    <Calle>ARIJO</Calle>
    <Lat>33.002786</Lat>
    <Lon>60.635852</Lon>
    <Dis>1516.940</Dis>
    <Cta>477</Cta>
    <CodSec>13</CodSec>
  </S>
  <S>
    <Calle>SMAR1</Calle>
    <Lat>32.999826</Lat>
    <Lon>60.648448</Lon>
    <Dis>1012.630</Dis>
    <Cta>531</Cta>
    <CodSec>13</CodSec>
  </S>
  <S>
    <Calle>URIBU</Calle>
    <Lat>32.990856</Lat>
    <Lon>60.646623</Lon>
    <Dis>1265.570</Dis>
    <Cta>568</Cta>
    <CodSec>13</CodSec>
  </S>
  <S>
    <Calle>SEGUI</Calle>
    <Lat>32.979654</Lat>
    <Lon>60.644236</Lon>
    <Dis>1348.310</Dis>
    <Cta>612</Cta>
    <CodSec>13</CodSec>
  </S>
  <S>
    <Calle>27FEB</Calle>
    <Lat>32.968367</Lat>
    <Lon>60.640681</Lon>
    <Dis>1183.140</Dis>
    <Cta>662</Cta>
    <CodSec>13</CodSec>
  </S>
  <S>
    <Calle>PELE1</Calle>
    <Lat>32.957947</Lat>
    <Lon>60.638119</Lon>
    <Dis>1348.960</Dis>
    <Cta>704</Cta>
    <CodSec>13</CodSec>
  </S>
  <S>
    <Calle>ERIO1</Calle>
    <Lat>32.949684</Lat>
    <Lon>60.641746</Lon>
    <Dis>1173.230</Dis>
    <Cta>751</Cta>
    <CodSec>13</CodSec>
  </S>
  <S>
    <Calle>ORO?O</Calle>
    <Lat>32.947480</Lat>
    <Lon>60.653988</Lon>
    <Dis>785.590</Dis>
    <Cta>792</Cta>
    <CodSec>13</CodSec>
  </S>
  <S>
    <Calle>LAGOS</Calle>
    <Lat>32.946013</Lat>
    <Lon>60.662223</Lon>
    <Dis>1196.270</Dis>
    <Cta>819</Cta>
    <CodSec>13</CodSec>
  </S>
  <S>
    <Calle>PEL</Calle>
    <Lat>32.952207</Lat>
    <Lon>60.668237</Lon>
    <Dis>2646.360</Dis>
    <Cta>862</Cta>
    <CodSec>13</CodSec>
  </S>
  <S>
    <Calle>FMORE</Calle>
    <Lat>32.958657</Lat>
    <Lon>60.692819</Lon>
    <Dis>2012.840</Dis>
    <Cta>954</Cta>
    <CodSec>13</CodSec>
  </S>
  <S>
    <Calle>PUNI1</Calle>
    <Lat>32.967926</Lat>
    <Lon>60.711340</Lon>
    <Dis>2327.030</Dis>
    <Cta>1023</Cta>
    <CodSec>13</CodSec>
  </S>
  <S>
    <Calle>ESSO9</Calle>
    <Lat>32.978674</Lat>
    <Lon>60.732736</Lon>
    <Dis>154.380</Dis>
    <Cta>1107</Cta>
    <CodSec>84</CodSec>
  </S>
  <S>
    <Calle>ES SO</Calle>
    <Lat>32.979395</Lat>
    <Lon>60.734151</Lon>
    <Dis>3342.990</Dis>
    <Cta>1113</Cta>
    <CodSec>85</CodSec>
  </S>
  <S>
    <Calle>LOPE1</Calle>
    <Lat>32.995074</Lat>
    <Lon>60.764614</Lon>
    <Dis>2995.980</Dis>
    <Cta>1235</Cta>
    <CodSec>85</CodSec>
  </S>
  <S>
    <Calle>E SSO</Calle>
    <Lat>33.005408</Lat>
    <Lon>60.786956</Lon>
    <Dis>0</Dis>
    <Cta>1348</Cta>
    <CodSec>85</CodSec>
  </S>
</Sector>