<?xml version="1.0" standalone="yes"?>
<Sector>
  <xs:schema id="Sector" xmlns="" xmlns:xs="http://www.w3.org/2001/XMLSchema" xmlns:msdata="urn:schemas-microsoft-com:xml-msdata">
    <xs:element name="Sector" msdata:IsDataSet="true" msdata:Locale="">
      <xs:complexType>
        <xs:choice minOccurs="0" maxOccurs="unbounded">
          <xs:element name="S" msdata:Locale="">
            <xs:complexType>
              <xs:sequence>
                <xs:element name="Calle" type="xs:string" minOccurs="0" />
                <xs:element name="Lat" type="xs:decimal" minOccurs="0" />
                <xs:element name="Lon" type="xs:decimal" minOccurs="0" />
                <xs:element name="Dis" type="xs:decimal" minOccurs="0" />
                <xs:element name="Cta" type="xs:int" minOccurs="0" />
                <xs:element name="CodSec" type="xs:int" minOccurs="0" />
              </xs:sequence>
            </xs:complexType>
          </xs:element>
        </xs:choice>
      </xs:complexType>
    </xs:element>
  </xs:schema>
  <S>
    <Calle>GUATE</Calle>
    <Lat>33.027611</Lat>
    <Lon>60.755908</Lon>
    <Dis>4728.160</Dis>
    <Cta>1</Cta>
    <CodSec>83</CodSec>
  </S>
  <S>
    <Calle>RUT33</Calle>
    <Lat>32.989641</Lat>
    <Lon>60.752714</Lon>
    <Dis>1688.050</Dis>
    <Cta>187</Cta>
    <CodSec>85</CodSec>
  </S>
  <S>
    <Calle>ES SO</Calle>
    <Lat>32.981403</Lat>
    <Lon>60.737942</Lon>
    <Dis>2897.460</Dis>
    <Cta>252</Cta>
    <CodSec>13</CodSec>
  </S>
  <S>
    <Calle>PUNI1</Calle>
    <Lat>32.967994</Lat>
    <Lon>60.711312</Lon>
    <Dis>2013.370</Dis>
    <Cta>354</Cta>
    <CodSec>13</CodSec>
  </S>
  <S>
    <Calle>FMORE</Calle>
    <Lat>32.958720</Lat>
    <Lon>60.692777</Lon>
    <Dis>2391.900</Dis>
    <Cta>425</Cta>
    <CodSec>13</CodSec>
  </S>
  <S>
    <Calle>FRANC</Calle>
    <Lat>32.962700</Lat>
    <Lon>60.671111</Lon>
    <Dis>1940.990</Dis>
    <Cta>521</Cta>
    <CodSec>13</CodSec>
  </S>
  <S>
    <Calle>PROCA</Calle>
    <Lat>32.966346</Lat>
    <Lon>60.650765</Lon>
    <Dis>1691.380</Dis>
    <Cta>593</Cta>
    <CodSec>13</CodSec>
  </S>
  <S>
    <Calle>PELE3</Calle>
    <Lat>32.956206</Lat>
    <Lon>60.647870</Lon>
    <Dis>1355.610</Dis>
    <Cta>656</Cta>
    <CodSec>13</CodSec>
  </S>
  <S>
    <Calle>ERIO1</Calle>
    <Lat>32.948571</Lat>
    <Lon>60.641547</Lon>
    <Dis>1203.360</Dis>
    <Cta>708</Cta>
    <CodSec>13</CodSec>
  </S>
  <S>
    <Calle>SARM1</Calle>
    <Lat>32.957338</Lat>
    <Lon>60.640922</Lon>
    <Dis>1187.900</Dis>
    <Cta>751</Cta>
    <CodSec>13</CodSec>
  </S>
  <S>
    <Calle>27FEB</Calle>
    <Lat>32.967694</Lat>
    <Lon>60.643399</Lon>
    <Dis>1419.420</Dis>
    <Cta>793</Cta>
    <CodSec>13</CodSec>
  </S>
  <S>
    <Calle>SEGUI</Calle>
    <Lat>32.979277</Lat>
    <Lon>60.644267</Lon>
    <Dis>1276.990</Dis>
    <Cta>845</Cta>
    <CodSec>13</CodSec>
  </S>
  <S>
    <Calle>URIBU</Calle>
    <Lat>32.990582</Lat>
    <Lon>60.646660</Lon>
    <Dis>1040.230</Dis>
    <Cta>891</Cta>
    <CodSec>13</CodSec>
  </S>
  <S>
    <Calle>AVROS</Calle>
    <Lat>32.999794</Lat>
    <Lon>60.648600</Lon>
    <Dis>1608.590</Dis>
    <Cta>928</Cta>
    <CodSec>13</CodSec>
  </S>
  <S>
    <Calle>AYACU</Calle>
    <Lat>33.002608</Lat>
    <Lon>60.635999</Lon>
    <Dis>1487.280</Dis>
    <Cta>983</Cta>
    <CodSec>13</CodSec>
  </S>
  <S>
    <Calle>CIRCU</Calle>
    <Lat>33.015855</Lat>
    <Lon>60.634576</Lon>
    <Dis>1414.770</Dis>
    <Cta>1038</Cta>
    <CodSec>12</CodSec>
  </S>
  <S>
    <Calle>PERO1</Calle>
    <Lat>33.025497</Lat>
    <Lon>60.624717</Lon>
    <Dis>4048.200</Dis>
    <Cta>1088</Cta>
    <CodSec>12</CodSec>
  </S>
  <S>
    <Calle>ESPER</Calle>
    <Lat>33.047104</Lat>
    <Lon>60.606341</Lon>
    <Dis>2215.620</Dis>
    <Cta>1247</Cta>
    <CodSec>11</CodSec>
  </S>
  <S>
    <Calle>CURV1</Calle>
    <Lat>33.057048</Lat>
    <Lon>60.614049</Lon>
    <Dis>3057.160</Dis>
    <Cta>1328</Cta>
    <CodSec>11</CodSec>
  </S>
  <S>
    <Calle>BEGRA</Calle>
    <Lat>33.054995</Lat>
    <Lon>60.618400</Lon>
    <Dis>0</Dis>
    <Cta>1452</Cta>
    <CodSec>11</CodSec>
  </S>
</Sector>