<?xml version="1.0" standalone="yes"?>
<Sector>
  <xs:schema id="Sector" xmlns="" xmlns:xs="http://www.w3.org/2001/XMLSchema" xmlns:msdata="urn:schemas-microsoft-com:xml-msdata">
    <xs:element name="Sector" msdata:IsDataSet="true" msdata:Locale="">
      <xs:complexType>
        <xs:choice minOccurs="0" maxOccurs="unbounded">
          <xs:element name="S" msdata:Locale="">
            <xs:complexType>
              <xs:sequence>
                <xs:element name="Calle" type="xs:string" minOccurs="0" />
                <xs:element name="Lat" type="xs:decimal" minOccurs="0" />
                <xs:element name="Lon" type="xs:decimal" minOccurs="0" />
                <xs:element name="Dis" type="xs:decimal" minOccurs="0" />
                <xs:element name="Cta" type="xs:int" minOccurs="0" />
                <xs:element name="CodSec" type="xs:int" minOccurs="0" />
              </xs:sequence>
            </xs:complexType>
          </xs:element>
        </xs:choice>
      </xs:complexType>
    </xs:element>
  </xs:schema>
  <S>
    <Calle>E SSO</Calle>
    <Lat>33.005453</Lat>
    <Lon>60.786911</Lon>
    <Dis>2290.080</Dis>
    <Cta>1</Cta>
    <CodSec>85</CodSec>
  </S>
  <S>
    <Calle>VIAS1</Calle>
    <Lat>32.999346</Lat>
    <Lon>60.773218</Lon>
    <Dis>2060.040</Dis>
    <Cta>94</Cta>
    <CodSec>85</CodSec>
  </S>
  <S>
    <Calle>YPF</Calle>
    <Lat>32.995087</Lat>
    <Lon>60.764573</Lon>
    <Dis>2925.850</Dis>
    <Cta>174</Cta>
    <CodSec>85</CodSec>
  </S>
  <S>
    <Calle>LMUNI</Calle>
    <Lat>32.981397</Lat>
    <Lon>60.737943</Lon>
    <Dis>2903.990</Dis>
    <Cta>288</Cta>
    <CodSec>13</CodSec>
  </S>
  <S>
    <Calle>GODOY</Calle>
    <Lat>32.967897</Lat>
    <Lon>60.711338</Lon>
    <Dis>2266.390</Dis>
    <Cta>394</Cta>
    <CodSec>13</CodSec>
  </S>
  <S>
    <Calle>MONTV</Calle>
    <Lat>32.947526</Lat>
    <Lon>60.712148</Lon>
    <Dis>1619.190</Dis>
    <Cta>474</Cta>
    <CodSec>13</CodSec>
  </S>
  <S>
    <Calle>EVA P</Calle>
    <Lat>32.933096</Lat>
    <Lon>60.712854</Lon>
    <Dis>988.840</Dis>
    <Cta>533</Cta>
    <CodSec>13</CodSec>
  </S>
  <S>
    <Calle>ROULL</Calle>
    <Lat>32.934926</Lat>
    <Lon>60.702515</Lon>
    <Dis>2225.890</Dis>
    <Cta>568</Cta>
    <CodSec>13</CodSec>
  </S>
  <S>
    <Calle>AVEL1</Calle>
    <Lat>32.939080</Lat>
    <Lon>60.679184</Lon>
    <Dis>784.760</Dis>
    <Cta>645</Cta>
    <CodSec>13</CodSec>
  </S>
  <S>
    <Calle>CAFER</Calle>
    <Lat>32.940548</Lat>
    <Lon>60.670958</Lon>
    <Dis>1974.680</Dis>
    <Cta>673</Cta>
    <CodSec>13</CodSec>
  </S>
  <S>
    <Calle>ORO?O</Calle>
    <Lat>32.946290</Lat>
    <Lon>60.654032</Lon>
    <Dis>1193.140</Dis>
    <Cta>741</Cta>
    <CodSec>13</CodSec>
  </S>
  <S>
    <Calle>ERIO1</Calle>
    <Lat>32.948577</Lat>
    <Lon>60.641540</Lon>
    <Dis>1205.470</Dis>
    <Cta>782</Cta>
    <CodSec>13</CodSec>
  </S>
  <S>
    <Calle>SARM1</Calle>
    <Lat>32.957387</Lat>
    <Lon>60.640884</Lon>
    <Dis>1173.860</Dis>
    <Cta>826</Cta>
    <CodSec>13</CodSec>
  </S>
  <S>
    <Calle>27FEB</Calle>
    <Lat>32.967695</Lat>
    <Lon>60.643390</Lon>
    <Dis>1416.230</Dis>
    <Cta>873</Cta>
    <CodSec>13</CodSec>
  </S>
  <S>
    <Calle>SEGUI</Calle>
    <Lat>32.979277</Lat>
    <Lon>60.644266</Lon>
    <Dis>1276.410</Dis>
    <Cta>925</Cta>
    <CodSec>13</CodSec>
  </S>
  <S>
    <Calle>URIBU</Calle>
    <Lat>32.990584</Lat>
    <Lon>60.646628</Lon>
    <Dis>1039.860</Dis>
    <Cta>969</Cta>
    <CodSec>13</CodSec>
  </S>
  <S>
    <Calle>AVROS</Calle>
    <Lat>32.999787</Lat>
    <Lon>60.648605</Lon>
    <Dis>1604.070</Dis>
    <Cta>1005</Cta>
    <CodSec>13</CodSec>
  </S>
  <S>
    <Calle>AYACU</Calle>
    <Lat>33.002671</Lat>
    <Lon>60.636050</Lon>
    <Dis>1482.750</Dis>
    <Cta>1061</Cta>
    <CodSec>13</CodSec>
  </S>
  <S>
    <Calle>CIRCU</Calle>
    <Lat>33.015870</Lat>
    <Lon>60.634643</Lon>
    <Dis>939.580</Dis>
    <Cta>1116</Cta>
    <CodSec>12</CodSec>
  </S>
  <S>
    <Calle>SDIEG</Calle>
    <Lat>33.019459</Lat>
    <Lon>60.636390</Lon>
    <Dis>2180.550</Dis>
    <Cta>1152</Cta>
    <CodSec>12</CodSec>
  </S>
  <S>
    <Calle>SMRT1</Calle>
    <Lat>33.027009</Lat>
    <Lon>60.622839</Lon>
    <Dis>3967.000</Dis>
    <Cta>1235</Cta>
    <CodSec>12</CodSec>
  </S>
  <S>
    <Calle>LIBE3</Calle>
    <Lat>33.018768</Lat>
    <Lon>60.618132</Lon>
    <Dis>0</Dis>
    <Cta>1384</Cta>
    <CodSec>12</CodSec>
  </S>
</Sector>