<?xml version="1.0" standalone="yes"?>
<Sector>
  <xs:schema id="Sector" xmlns="" xmlns:xs="http://www.w3.org/2001/XMLSchema" xmlns:msdata="urn:schemas-microsoft-com:xml-msdata">
    <xs:element name="Sector" msdata:IsDataSet="true" msdata:Locale="">
      <xs:complexType>
        <xs:choice minOccurs="0" maxOccurs="unbounded">
          <xs:element name="S" msdata:Locale="">
            <xs:complexType>
              <xs:sequence>
                <xs:element name="Calle" type="xs:string" minOccurs="0" />
                <xs:element name="Lat" type="xs:decimal" minOccurs="0" />
                <xs:element name="Lon" type="xs:decimal" minOccurs="0" />
                <xs:element name="Dis" type="xs:decimal" minOccurs="0" />
                <xs:element name="Cta" type="xs:int" minOccurs="0" />
                <xs:element name="CodSec" type="xs:int" minOccurs="0" />
              </xs:sequence>
            </xs:complexType>
          </xs:element>
        </xs:choice>
      </xs:complexType>
    </xs:element>
  </xs:schema>
  <S>
    <Calle>LIBE3</Calle>
    <Lat>33.018769</Lat>
    <Lon>60.618141</Lon>
    <Dis>4136.110</Dis>
    <Cta>1</Cta>
    <CodSec>12</CodSec>
  </S>
  <S>
    <Calle>SMRT1</Calle>
    <Lat>33.027476</Lat>
    <Lon>60.621821</Lon>
    <Dis>2261.640</Dis>
    <Cta>163</Cta>
    <CodSec>12</CodSec>
  </S>
  <S>
    <Calle>SDIEG</Calle>
    <Lat>33.019489</Lat>
    <Lon>60.636341</Lon>
    <Dis>949.320</Dis>
    <Cta>248</Cta>
    <CodSec>12</CodSec>
  </S>
  <S>
    <Calle>CIRCU</Calle>
    <Lat>33.015864</Lat>
    <Lon>60.634502</Lon>
    <Dis>1477.390</Dis>
    <Cta>286</Cta>
    <CodSec>13</CodSec>
  </S>
  <S>
    <Calle>ARIJO</Calle>
    <Lat>33.002681</Lat>
    <Lon>60.635867</Lon>
    <Dis>1504.640</Dis>
    <Cta>343</Cta>
    <CodSec>13</CodSec>
  </S>
  <S>
    <Calle>SMAR1</Calle>
    <Lat>32.999882</Lat>
    <Lon>60.648439</Lon>
    <Dis>1021.880</Dis>
    <Cta>396</Cta>
    <CodSec>13</CodSec>
  </S>
  <S>
    <Calle>URIBU</Calle>
    <Lat>32.990844</Lat>
    <Lon>60.646537</Lon>
    <Dis>1272.110</Dis>
    <Cta>437</Cta>
    <CodSec>13</CodSec>
  </S>
  <S>
    <Calle>SEGUI</Calle>
    <Lat>32.979575</Lat>
    <Lon>60.644186</Lon>
    <Dis>1336.280</Dis>
    <Cta>483</Cta>
    <CodSec>13</CodSec>
  </S>
  <S>
    <Calle>27FEB</Calle>
    <Lat>32.968385</Lat>
    <Lon>60.640701</Lon>
    <Dis>1179.310</Dis>
    <Cta>533</Cta>
    <CodSec>13</CodSec>
  </S>
  <S>
    <Calle>PELE1</Calle>
    <Lat>32.958008</Lat>
    <Lon>60.638115</Lon>
    <Dis>1343.410</Dis>
    <Cta>576</Cta>
    <CodSec>13</CodSec>
  </S>
  <S>
    <Calle>ERIO1</Calle>
    <Lat>32.949693</Lat>
    <Lon>60.641731</Lon>
    <Dis>1175.910</Dis>
    <Cta>622</Cta>
    <CodSec>13</CodSec>
  </S>
  <S>
    <Calle>ORO?O</Calle>
    <Lat>32.947479</Lat>
    <Lon>60.654015</Lon>
    <Dis>786.200</Dis>
    <Cta>666</Cta>
    <CodSec>13</CodSec>
  </S>
  <S>
    <Calle>LAGOS</Calle>
    <Lat>32.946004</Lat>
    <Lon>60.662256</Lon>
    <Dis>799.200</Dis>
    <Cta>694</Cta>
    <CodSec>13</CodSec>
  </S>
  <S>
    <Calle>CORD1</Calle>
    <Lat>32.941644</Lat>
    <Lon>60.665412</Lon>
    <Dis>672.420</Dis>
    <Cta>722</Cta>
    <CodSec>13</CodSec>
  </S>
  <S>
    <Calle>CAFER</Calle>
    <Lat>32.939230</Lat>
    <Lon>60.670491</Lon>
    <Dis>771.130</Dis>
    <Cta>746</Cta>
    <CodSec>13</CodSec>
  </S>
  <S>
    <Calle>AVEL1</Calle>
    <Lat>32.937786</Lat>
    <Lon>60.678574</Lon>
    <Dis>2267.850</Dis>
    <Cta>773</Cta>
    <CodSec>13</CodSec>
  </S>
  <S>
    <Calle>ROULL</Calle>
    <Lat>32.934871</Lat>
    <Lon>60.702488</Lon>
    <Dis>1344.100</Dis>
    <Cta>853</Cta>
    <CodSec>13</CodSec>
  </S>
  <S>
    <Calle>EVA P</Calle>
    <Lat>32.933069</Lat>
    <Lon>60.712945</Lon>
    <Dis>1625.160</Dis>
    <Cta>903</Cta>
    <CodSec>13</CodSec>
  </S>
  <S>
    <Calle>MONTV</Calle>
    <Lat>32.947522</Lat>
    <Lon>60.712284</Lon>
    <Dis>2253.330</Dis>
    <Cta>962</Cta>
    <CodSec>13</CodSec>
  </S>
  <S>
    <Calle>GODOY</Calle>
    <Lat>32.967773</Lat>
    <Lon>60.711442</Lon>
    <Dis>2335.360</Dis>
    <Cta>1040</Cta>
    <CodSec>13</CodSec>
  </S>
  <S>
    <Calle>ESSO8</Calle>
    <Lat>32.978670</Lat>
    <Lon>60.732741</Lon>
    <Dis>154.980</Dis>
    <Cta>1123</Cta>
    <CodSec>84</CodSec>
  </S>
  <S>
    <Calle>LMUNI</Calle>
    <Lat>32.979395</Lat>
    <Lon>60.734160</Lon>
    <Dis>3344.800</Dis>
    <Cta>1129</Cta>
    <CodSec>85</CodSec>
  </S>
  <S>
    <Calle>YPF</Calle>
    <Lat>32.995061</Lat>
    <Lon>60.764605</Lon>
    <Dis>2519.010</Dis>
    <Cta>1258</Cta>
    <CodSec>85</CodSec>
  </S>
  <S>
    <Calle>E SSO</Calle>
    <Lat>33.005458</Lat>
    <Lon>60.786909</Lon>
    <Dis>0</Dis>
    <Cta>1365</Cta>
    <CodSec>85</CodSec>
  </S>
</Sector>