<?xml version="1.0" standalone="yes"?>
<Sector>
  <xs:schema id="Sector" xmlns="" xmlns:xs="http://www.w3.org/2001/XMLSchema" xmlns:msdata="urn:schemas-microsoft-com:xml-msdata">
    <xs:element name="Sector" msdata:IsDataSet="true" msdata:Locale="">
      <xs:complexType>
        <xs:choice minOccurs="0" maxOccurs="unbounded">
          <xs:element name="S" msdata:Locale="">
            <xs:complexType>
              <xs:sequence>
                <xs:element name="Calle" type="xs:string" minOccurs="0" />
                <xs:element name="Lat" type="xs:decimal" minOccurs="0" />
                <xs:element name="Lon" type="xs:decimal" minOccurs="0" />
                <xs:element name="Dis" type="xs:decimal" minOccurs="0" />
                <xs:element name="Cta" type="xs:int" minOccurs="0" />
                <xs:element name="CodSec" type="xs:int" minOccurs="0" />
              </xs:sequence>
            </xs:complexType>
          </xs:element>
        </xs:choice>
      </xs:complexType>
    </xs:element>
  </xs:schema>
  <S>
    <Calle>BEGRA</Calle>
    <Lat>33.054984</Lat>
    <Lon>60.618469</Lon>
    <Dis>2828.560</Dis>
    <Cta>1</Cta>
    <CodSec>11</CodSec>
  </S>
  <S>
    <Calle>CURV1</Calle>
    <Lat>33.057079</Lat>
    <Lon>60.613895</Lon>
    <Dis>2247.930</Dis>
    <Cta>109</Cta>
    <CodSec>11</CodSec>
  </S>
  <S>
    <Calle>ESPER</Calle>
    <Lat>33.047054</Lat>
    <Lon>60.606263</Lon>
    <Dis>2952.150</Dis>
    <Cta>188</Cta>
    <CodSec>12</CodSec>
  </S>
  <S>
    <Calle>PERO1</Calle>
    <Lat>33.025500</Lat>
    <Lon>60.624541</Lon>
    <Dis>1402.870</Dis>
    <Cta>292</Cta>
    <CodSec>12</CodSec>
  </S>
  <S>
    <Calle>CIRCU</Calle>
    <Lat>33.015981</Lat>
    <Lon>60.634381</Lon>
    <Dis>1482.210</Dis>
    <Cta>343</Cta>
    <CodSec>13</CodSec>
  </S>
  <S>
    <Calle>ARIJO</Calle>
    <Lat>33.002786</Lat>
    <Lon>60.635852</Lon>
    <Dis>1516.940</Dis>
    <Cta>398</Cta>
    <CodSec>13</CodSec>
  </S>
  <S>
    <Calle>SMAR1</Calle>
    <Lat>32.999826</Lat>
    <Lon>60.648448</Lon>
    <Dis>1012.630</Dis>
    <Cta>452</Cta>
    <CodSec>13</CodSec>
  </S>
  <S>
    <Calle>URIBU</Calle>
    <Lat>32.990856</Lat>
    <Lon>60.646623</Lon>
    <Dis>1265.570</Dis>
    <Cta>489</Cta>
    <CodSec>13</CodSec>
  </S>
  <S>
    <Calle>SEGUI</Calle>
    <Lat>32.979654</Lat>
    <Lon>60.644236</Lon>
    <Dis>1348.310</Dis>
    <Cta>533</Cta>
    <CodSec>13</CodSec>
  </S>
  <S>
    <Calle>27FEB</Calle>
    <Lat>32.968367</Lat>
    <Lon>60.640681</Lon>
    <Dis>1181.160</Dis>
    <Cta>583</Cta>
    <CodSec>13</CodSec>
  </S>
  <S>
    <Calle>PELE1</Calle>
    <Lat>32.957964</Lat>
    <Lon>60.638123</Lon>
    <Dis>1350.950</Dis>
    <Cta>625</Cta>
    <CodSec>13</CodSec>
  </S>
  <S>
    <Calle>ERIO1</Calle>
    <Lat>32.949684</Lat>
    <Lon>60.641746</Lon>
    <Dis>1173.230</Dis>
    <Cta>672</Cta>
    <CodSec>13</CodSec>
  </S>
  <S>
    <Calle>ORO?O</Calle>
    <Lat>32.947480</Lat>
    <Lon>60.653988</Lon>
    <Dis>785.590</Dis>
    <Cta>713</Cta>
    <CodSec>13</CodSec>
  </S>
  <S>
    <Calle>LAGOS</Calle>
    <Lat>32.946013</Lat>
    <Lon>60.662223</Lon>
    <Dis>1196.270</Dis>
    <Cta>740</Cta>
    <CodSec>13</CodSec>
  </S>
  <S>
    <Calle>PEL</Calle>
    <Lat>32.952207</Lat>
    <Lon>60.668237</Lon>
    <Dis>2646.360</Dis>
    <Cta>783</Cta>
    <CodSec>13</CodSec>
  </S>
  <S>
    <Calle>FMORE</Calle>
    <Lat>32.958657</Lat>
    <Lon>60.692819</Lon>
    <Dis>2012.840</Dis>
    <Cta>875</Cta>
    <CodSec>13</CodSec>
  </S>
  <S>
    <Calle>PUNI1</Calle>
    <Lat>32.967926</Lat>
    <Lon>60.711340</Lon>
    <Dis>2327.090</Dis>
    <Cta>944</Cta>
    <CodSec>13</CodSec>
  </S>
  <S>
    <Calle>ESSO1</Calle>
    <Lat>32.978675</Lat>
    <Lon>60.732737</Lon>
    <Dis>154.680</Dis>
    <Cta>1028</Cta>
    <CodSec>84</CodSec>
  </S>
  <S>
    <Calle>ES SO</Calle>
    <Lat>32.979397</Lat>
    <Lon>60.734154</Lon>
    <Dis>3342.620</Dis>
    <Cta>1034</Cta>
    <CodSec>85</CodSec>
  </S>
  <S>
    <Calle>LOPE1</Calle>
    <Lat>32.995074</Lat>
    <Lon>60.764614</Lon>
    <Dis>2995.930</Dis>
    <Cta>1156</Cta>
    <CodSec>85</CodSec>
  </S>
  <S>
    <Calle>E SSO</Calle>
    <Lat>33.005408</Lat>
    <Lon>60.786956</Lon>
    <Dis>0</Dis>
    <Cta>1269</Cta>
    <CodSec>85</CodSec>
  </S>
</Sector>