<?xml version="1.0" standalone="yes"?>
<Sector>
  <xs:schema id="Sector" xmlns="" xmlns:xs="http://www.w3.org/2001/XMLSchema" xmlns:msdata="urn:schemas-microsoft-com:xml-msdata">
    <xs:element name="Sector" msdata:IsDataSet="true" msdata:Locale="">
      <xs:complexType>
        <xs:choice minOccurs="0" maxOccurs="unbounded">
          <xs:element name="S" msdata:Locale="">
            <xs:complexType>
              <xs:sequence>
                <xs:element name="Calle" type="xs:string" minOccurs="0" />
                <xs:element name="Lat" type="xs:decimal" minOccurs="0" />
                <xs:element name="Lon" type="xs:decimal" minOccurs="0" />
                <xs:element name="Dis" type="xs:decimal" minOccurs="0" />
                <xs:element name="Cta" type="xs:int" minOccurs="0" />
                <xs:element name="CodSec" type="xs:int" minOccurs="0" />
              </xs:sequence>
            </xs:complexType>
          </xs:element>
        </xs:choice>
      </xs:complexType>
    </xs:element>
  </xs:schema>
  <S>
    <Calle>BEGRA</Calle>
    <Lat>33.054984</Lat>
    <Lon>60.618469</Lon>
    <Dis>2827.120</Dis>
    <Cta>1</Cta>
    <CodSec>11</CodSec>
  </S>
  <S>
    <Calle>CURV1</Calle>
    <Lat>33.057079</Lat>
    <Lon>60.613895</Lon>
    <Dis>2247.470</Dis>
    <Cta>109</Cta>
    <CodSec>11</CodSec>
  </S>
  <S>
    <Calle>ESPER</Calle>
    <Lat>33.047057</Lat>
    <Lon>60.606260</Lon>
    <Dis>2953.180</Dis>
    <Cta>188</Cta>
    <CodSec>12</CodSec>
  </S>
  <S>
    <Calle>PERO1</Calle>
    <Lat>33.025510</Lat>
    <Lon>60.624550</Lon>
    <Dis>1403.050</Dis>
    <Cta>296</Cta>
    <CodSec>12</CodSec>
  </S>
  <S>
    <Calle>CIRCU</Calle>
    <Lat>33.015981</Lat>
    <Lon>60.634381</Lon>
    <Dis>1482.210</Dis>
    <Cta>347</Cta>
    <CodSec>13</CodSec>
  </S>
  <S>
    <Calle>ARIJO</Calle>
    <Lat>33.002786</Lat>
    <Lon>60.635852</Lon>
    <Dis>1516.940</Dis>
    <Cta>402</Cta>
    <CodSec>13</CodSec>
  </S>
  <S>
    <Calle>SMAR1</Calle>
    <Lat>32.999826</Lat>
    <Lon>60.648448</Lon>
    <Dis>1012.630</Dis>
    <Cta>456</Cta>
    <CodSec>13</CodSec>
  </S>
  <S>
    <Calle>URIBU</Calle>
    <Lat>32.990856</Lat>
    <Lon>60.646623</Lon>
    <Dis>1265.570</Dis>
    <Cta>493</Cta>
    <CodSec>13</CodSec>
  </S>
  <S>
    <Calle>SEGUI</Calle>
    <Lat>32.979654</Lat>
    <Lon>60.644236</Lon>
    <Dis>1348.310</Dis>
    <Cta>537</Cta>
    <CodSec>13</CodSec>
  </S>
  <S>
    <Calle>27FEB</Calle>
    <Lat>32.968367</Lat>
    <Lon>60.640681</Lon>
    <Dis>1184.580</Dis>
    <Cta>587</Cta>
    <CodSec>13</CodSec>
  </S>
  <S>
    <Calle>PELE1</Calle>
    <Lat>32.957936</Lat>
    <Lon>60.638116</Lon>
    <Dis>1347.730</Dis>
    <Cta>630</Cta>
    <CodSec>13</CodSec>
  </S>
  <S>
    <Calle>ERIO1</Calle>
    <Lat>32.949684</Lat>
    <Lon>60.641746</Lon>
    <Dis>1331.700</Dis>
    <Cta>677</Cta>
    <CodSec>13</CodSec>
  </S>
  <S>
    <Calle>PELL.</Calle>
    <Lat>32.955617</Lat>
    <Lon>60.649163</Lon>
    <Dis>1175.190</Dis>
    <Cta>727</Cta>
    <CodSec>13</CodSec>
  </S>
  <S>
    <Calle>27 FE</Calle>
    <Lat>32.965955</Lat>
    <Lon>60.651783</Lon>
    <Dis>1799.290</Dis>
    <Cta>771</Cta>
    <CodSec>13</CodSec>
  </S>
  <S>
    <Calle>FRANC</Calle>
    <Lat>32.962696</Lat>
    <Lon>60.670614</Lon>
    <Dis>2447.260</Dis>
    <Cta>838</Cta>
    <CodSec>13</CodSec>
  </S>
  <S>
    <Calle>FMORE</Calle>
    <Lat>32.958657</Lat>
    <Lon>60.692819</Lon>
    <Dis>2012.840</Dis>
    <Cta>928</Cta>
    <CodSec>13</CodSec>
  </S>
  <S>
    <Calle>PUNI1</Calle>
    <Lat>32.967926</Lat>
    <Lon>60.711340</Lon>
    <Dis>2327.330</Dis>
    <Cta>997</Cta>
    <CodSec>13</CodSec>
  </S>
  <S>
    <Calle>ESSO2</Calle>
    <Lat>32.978676</Lat>
    <Lon>60.732739</Lon>
    <Dis>154.560</Dis>
    <Cta>1081</Cta>
    <CodSec>84</CodSec>
  </S>
  <S>
    <Calle>ES SO</Calle>
    <Lat>32.979397</Lat>
    <Lon>60.734155</Lon>
    <Dis>2082.460</Dis>
    <Cta>1087</Cta>
    <CodSec>85</CodSec>
  </S>
  <S>
    <Calle>RUT33</Calle>
    <Lat>32.989354</Lat>
    <Lon>60.752782</Lon>
    <Dis>4504.260</Dis>
    <Cta>1166</Cta>
    <CodSec>83</CodSec>
  </S>
  <S>
    <Calle>GUATE</Calle>
    <Lat>33.027609</Lat>
    <Lon>60.755906</Lon>
    <Dis>0</Dis>
    <Cta>1351</Cta>
    <CodSec>83</CodSec>
  </S>
</Sector>