<?xml version="1.0" standalone="yes"?>
<Sector>
  <xs:schema id="Sector" xmlns="" xmlns:xs="http://www.w3.org/2001/XMLSchema" xmlns:msdata="urn:schemas-microsoft-com:xml-msdata">
    <xs:element name="Sector" msdata:IsDataSet="true" msdata:Locale="">
      <xs:complexType>
        <xs:choice minOccurs="0" maxOccurs="unbounded">
          <xs:element name="S" msdata:Locale="">
            <xs:complexType>
              <xs:sequence>
                <xs:element name="Calle" type="xs:string" minOccurs="0" />
                <xs:element name="Lat" type="xs:decimal" minOccurs="0" />
                <xs:element name="Lon" type="xs:decimal" minOccurs="0" />
                <xs:element name="Dis" type="xs:decimal" minOccurs="0" />
                <xs:element name="Cta" type="xs:int" minOccurs="0" />
                <xs:element name="CodSec" type="xs:int" minOccurs="0" />
              </xs:sequence>
            </xs:complexType>
          </xs:element>
        </xs:choice>
      </xs:complexType>
    </xs:element>
  </xs:schema>
  <S>
    <Calle>GUATE</Calle>
    <Lat>33.027954</Lat>
    <Lon>60.755974</Lon>
    <Dis>5084.227</Dis>
    <Cta>1</Cta>
    <CodSec>83</CodSec>
  </S>
  <S>
    <Calle>RUT33</Calle>
    <Lat>32.989641</Lat>
    <Lon>60.752714</Lon>
    <Dis>1688.021</Dis>
    <Cta>202</Cta>
    <CodSec>85</CodSec>
  </S>
  <S>
    <Calle>ES SO</Calle>
    <Lat>32.981403</Lat>
    <Lon>60.737942</Lon>
    <Dis>2897.547</Dis>
    <Cta>267</Cta>
    <CodSec>13</CodSec>
  </S>
  <S>
    <Calle>PUNI1</Calle>
    <Lat>32.967994</Lat>
    <Lon>60.711312</Lon>
    <Dis>2013.420</Dis>
    <Cta>369</Cta>
    <CodSec>13</CodSec>
  </S>
  <S>
    <Calle>FMORE</Calle>
    <Lat>32.958720</Lat>
    <Lon>60.692777</Lon>
    <Dis>2391.907</Dis>
    <Cta>440</Cta>
    <CodSec>13</CodSec>
  </S>
  <S>
    <Calle>FRANC</Calle>
    <Lat>32.962700</Lat>
    <Lon>60.671111</Lon>
    <Dis>1940.958</Dis>
    <Cta>536</Cta>
    <CodSec>13</CodSec>
  </S>
  <S>
    <Calle>PROCA</Calle>
    <Lat>32.966346</Lat>
    <Lon>60.650765</Lon>
    <Dis>1691.354</Dis>
    <Cta>608</Cta>
    <CodSec>13</CodSec>
  </S>
  <S>
    <Calle>PELE3</Calle>
    <Lat>32.956206</Lat>
    <Lon>60.647870</Lon>
    <Dis>1584.051</Dis>
    <Cta>671</Cta>
    <CodSec>13</CodSec>
  </S>
  <S>
    <Calle>ORO?O</Calle>
    <Lat>32.947481</Lat>
    <Lon>60.654011</Lon>
    <Dis>1169.492</Dis>
    <Cta>732</Cta>
    <CodSec>13</CodSec>
  </S>
  <S>
    <Calle>FCIA.</Calle>
    <Lat>32.945298</Lat>
    <Lon>60.666271</Lon>
    <Dis>1459.055</Dis>
    <Cta>776</Cta>
    <CodSec>13</CodSec>
  </S>
  <S>
    <Calle>CONS1</Calle>
    <Lat>32.940052</Lat>
    <Lon>60.673811</Lon>
    <Dis>0</Dis>
    <Cta>833</Cta>
    <CodSec>90</CodSec>
  </S>
</Sector>