<?xml version="1.0" standalone="yes"?>
<Sector>
  <xs:schema id="Sector" xmlns="" xmlns:xs="http://www.w3.org/2001/XMLSchema" xmlns:msdata="urn:schemas-microsoft-com:xml-msdata">
    <xs:element name="Sector" msdata:IsDataSet="true" msdata:Locale="">
      <xs:complexType>
        <xs:choice minOccurs="0" maxOccurs="unbounded">
          <xs:element name="S" msdata:Locale="">
            <xs:complexType>
              <xs:sequence>
                <xs:element name="Calle" type="xs:string" minOccurs="0" />
                <xs:element name="Lat" type="xs:decimal" minOccurs="0" />
                <xs:element name="Lon" type="xs:decimal" minOccurs="0" />
                <xs:element name="Dis" type="xs:decimal" minOccurs="0" />
                <xs:element name="Cta" type="xs:int" minOccurs="0" />
                <xs:element name="CodSec" type="xs:int" minOccurs="0" />
              </xs:sequence>
            </xs:complexType>
          </xs:element>
        </xs:choice>
      </xs:complexType>
    </xs:element>
  </xs:schema>
  <S>
    <Calle>E SSO</Calle>
    <Lat>33.005404</Lat>
    <Lon>60.786961</Lon>
    <Dis>3192.820</Dis>
    <Cta>1</Cta>
    <CodSec>85</CodSec>
  </S>
  <S>
    <Calle>LOPE1</Calle>
    <Lat>32.995119</Lat>
    <Lon>60.764545</Lon>
    <Dis>2921.500</Dis>
    <Cta>117</Cta>
    <CodSec>85</CodSec>
  </S>
  <S>
    <Calle>ES SO</Calle>
    <Lat>32.981403</Lat>
    <Lon>60.737942</Lon>
    <Dis>2897.460</Dis>
    <Cta>227</Cta>
    <CodSec>13</CodSec>
  </S>
  <S>
    <Calle>PUNI1</Calle>
    <Lat>32.967994</Lat>
    <Lon>60.711312</Lon>
    <Dis>2013.370</Dis>
    <Cta>329</Cta>
    <CodSec>13</CodSec>
  </S>
  <S>
    <Calle>FMORE</Calle>
    <Lat>32.958720</Lat>
    <Lon>60.692777</Lon>
    <Dis>2658.580</Dis>
    <Cta>400</Cta>
    <CodSec>13</CodSec>
  </S>
  <S>
    <Calle>PEL</Calle>
    <Lat>32.952251</Lat>
    <Lon>60.668061</Lon>
    <Dis>2059.670</Dis>
    <Cta>496</Cta>
    <CodSec>13</CodSec>
  </S>
  <S>
    <Calle>ORO?O</Calle>
    <Lat>32.946284</Lat>
    <Lon>60.654074</Lon>
    <Dis>1196.370</Dis>
    <Cta>568</Cta>
    <CodSec>13</CodSec>
  </S>
  <S>
    <Calle>ERIO1</Calle>
    <Lat>32.948571</Lat>
    <Lon>60.641547</Lon>
    <Dis>1203.360</Dis>
    <Cta>609</Cta>
    <CodSec>13</CodSec>
  </S>
  <S>
    <Calle>SARM1</Calle>
    <Lat>32.957338</Lat>
    <Lon>60.640922</Lon>
    <Dis>1187.900</Dis>
    <Cta>652</Cta>
    <CodSec>13</CodSec>
  </S>
  <S>
    <Calle>27FEB</Calle>
    <Lat>32.967694</Lat>
    <Lon>60.643399</Lon>
    <Dis>1419.420</Dis>
    <Cta>694</Cta>
    <CodSec>13</CodSec>
  </S>
  <S>
    <Calle>SEGUI</Calle>
    <Lat>32.979277</Lat>
    <Lon>60.644267</Lon>
    <Dis>1276.990</Dis>
    <Cta>746</Cta>
    <CodSec>13</CodSec>
  </S>
  <S>
    <Calle>URIBU</Calle>
    <Lat>32.990582</Lat>
    <Lon>60.646660</Lon>
    <Dis>1040.230</Dis>
    <Cta>792</Cta>
    <CodSec>13</CodSec>
  </S>
  <S>
    <Calle>AVROS</Calle>
    <Lat>32.999794</Lat>
    <Lon>60.648600</Lon>
    <Dis>1604.370</Dis>
    <Cta>829</Cta>
    <CodSec>13</CodSec>
  </S>
  <S>
    <Calle>AYACU</Calle>
    <Lat>33.002650</Lat>
    <Lon>60.636108</Lon>
    <Dis>1477.440</Dis>
    <Cta>887</Cta>
    <CodSec>13</CodSec>
  </S>
  <S>
    <Calle>CIRCU</Calle>
    <Lat>33.015801</Lat>
    <Lon>60.634764</Lon>
    <Dis>1431.570</Dis>
    <Cta>941</Cta>
    <CodSec>12</CodSec>
  </S>
  <S>
    <Calle>PERO1</Calle>
    <Lat>33.025508</Lat>
    <Lon>60.624741</Lon>
    <Dis>834.960</Dis>
    <Cta>994</Cta>
    <CodSec>12</CodSec>
  </S>
  <S>
    <Calle>PLVGG</Calle>
    <Lat>33.029275</Lat>
    <Lon>60.620225</Lon>
    <Dis>0</Dis>
    <Cta>1028</Cta>
    <CodSec>12</CodSec>
  </S>
</Sector>