<?xml version="1.0" standalone="yes"?>
<Sector>
  <xs:schema id="Sector" xmlns="" xmlns:xs="http://www.w3.org/2001/XMLSchema" xmlns:msdata="urn:schemas-microsoft-com:xml-msdata">
    <xs:element name="Sector" msdata:IsDataSet="true" msdata:Locale="">
      <xs:complexType>
        <xs:choice minOccurs="0" maxOccurs="unbounded">
          <xs:element name="S" msdata:Locale="">
            <xs:complexType>
              <xs:sequence>
                <xs:element name="Calle" type="xs:string" minOccurs="0" />
                <xs:element name="Lat" type="xs:decimal" minOccurs="0" />
                <xs:element name="Lon" type="xs:decimal" minOccurs="0" />
                <xs:element name="Dis" type="xs:decimal" minOccurs="0" />
                <xs:element name="Cta" type="xs:int" minOccurs="0" />
                <xs:element name="CodSec" type="xs:int" minOccurs="0" />
              </xs:sequence>
            </xs:complexType>
          </xs:element>
        </xs:choice>
      </xs:complexType>
    </xs:element>
  </xs:schema>
  <S>
    <Calle>S.RAF</Calle>
    <Lat>33.033611</Lat>
    <Lon>60.620893</Lon>
    <Dis>1860.050</Dis>
    <Cta>1</Cta>
    <CodSec>12</CodSec>
  </S>
  <S>
    <Calle>AGUIR</Calle>
    <Lat>33.029342</Lat>
    <Lon>60.637084</Lon>
    <Dis>2215.420</Dis>
    <Cta>81</Cta>
    <CodSec>12</CodSec>
  </S>
  <S>
    <Calle>SALAD</Calle>
    <Lat>33.026221</Lat>
    <Lon>60.654387</Lon>
    <Dis>1113.600</Dis>
    <Cta>179</Cta>
    <CodSec>13</CodSec>
  </S>
  <S>
    <Calle>CIRCU</Calle>
    <Lat>33.016386</Lat>
    <Lon>60.652160</Lon>
    <Dis>1891.280</Dis>
    <Cta>222</Cta>
    <CodSec>13</CodSec>
  </S>
  <S>
    <Calle>SMAR1</Calle>
    <Lat>32.999811</Lat>
    <Lon>60.648533</Lon>
    <Dis>1011.600</Dis>
    <Cta>301</Cta>
    <CodSec>13</CodSec>
  </S>
  <S>
    <Calle>URIBU</Calle>
    <Lat>32.990856</Lat>
    <Lon>60.646623</Lon>
    <Dis>1265.570</Dis>
    <Cta>337</Cta>
    <CodSec>13</CodSec>
  </S>
  <S>
    <Calle>SEGUI</Calle>
    <Lat>32.979654</Lat>
    <Lon>60.644236</Lon>
    <Dis>1348.310</Dis>
    <Cta>381</Cta>
    <CodSec>13</CodSec>
  </S>
  <S>
    <Calle>27FEB</Calle>
    <Lat>32.968367</Lat>
    <Lon>60.640681</Lon>
    <Dis>1184.580</Dis>
    <Cta>431</Cta>
    <CodSec>13</CodSec>
  </S>
  <S>
    <Calle>PELE1</Calle>
    <Lat>32.957936</Lat>
    <Lon>60.638116</Lon>
    <Dis>1347.730</Dis>
    <Cta>474</Cta>
    <CodSec>13</CodSec>
  </S>
  <S>
    <Calle>ERIO1</Calle>
    <Lat>32.949684</Lat>
    <Lon>60.641746</Lon>
    <Dis>1331.700</Dis>
    <Cta>521</Cta>
    <CodSec>13</CodSec>
  </S>
  <S>
    <Calle>PELL.</Calle>
    <Lat>32.955617</Lat>
    <Lon>60.649163</Lon>
    <Dis>1175.190</Dis>
    <Cta>571</Cta>
    <CodSec>13</CodSec>
  </S>
  <S>
    <Calle>27 FE</Calle>
    <Lat>32.965955</Lat>
    <Lon>60.651783</Lon>
    <Dis>1799.290</Dis>
    <Cta>615</Cta>
    <CodSec>13</CodSec>
  </S>
  <S>
    <Calle>FRANC</Calle>
    <Lat>32.962696</Lat>
    <Lon>60.670614</Lon>
    <Dis>2447.260</Dis>
    <Cta>682</Cta>
    <CodSec>13</CodSec>
  </S>
  <S>
    <Calle>FMORE</Calle>
    <Lat>32.958657</Lat>
    <Lon>60.692819</Lon>
    <Dis>2012.840</Dis>
    <Cta>772</Cta>
    <CodSec>13</CodSec>
  </S>
  <S>
    <Calle>PUNI1</Calle>
    <Lat>32.967926</Lat>
    <Lon>60.711340</Lon>
    <Dis>2327.330</Dis>
    <Cta>841</Cta>
    <CodSec>13</CodSec>
  </S>
  <S>
    <Calle>ESS11</Calle>
    <Lat>32.978676</Lat>
    <Lon>60.732739</Lon>
    <Dis>154.560</Dis>
    <Cta>925</Cta>
    <CodSec>84</CodSec>
  </S>
  <S>
    <Calle>ES SO</Calle>
    <Lat>32.979397</Lat>
    <Lon>60.734155</Lon>
    <Dis>2082.460</Dis>
    <Cta>931</Cta>
    <CodSec>85</CodSec>
  </S>
  <S>
    <Calle>RUT33</Calle>
    <Lat>32.989354</Lat>
    <Lon>60.752782</Lon>
    <Dis>4504.550</Dis>
    <Cta>1010</Cta>
    <CodSec>83</CodSec>
  </S>
  <S>
    <Calle>GUATE</Calle>
    <Lat>33.027610</Lat>
    <Lon>60.755906</Lon>
    <Dis>0</Dis>
    <Cta>1197</Cta>
    <CodSec>83</CodSec>
  </S>
</Sector>