<?xml version="1.0" standalone="yes"?>
<Sector>
  <xs:schema id="Sector" xmlns="" xmlns:xs="http://www.w3.org/2001/XMLSchema" xmlns:msdata="urn:schemas-microsoft-com:xml-msdata">
    <xs:element name="Sector" msdata:IsDataSet="true" msdata:Locale="">
      <xs:complexType>
        <xs:choice minOccurs="0" maxOccurs="unbounded">
          <xs:element name="S" msdata:Locale="">
            <xs:complexType>
              <xs:sequence>
                <xs:element name="Calle" type="xs:string" minOccurs="0" />
                <xs:element name="Lat" type="xs:decimal" minOccurs="0" />
                <xs:element name="Lon" type="xs:decimal" minOccurs="0" />
                <xs:element name="Dis" type="xs:decimal" minOccurs="0" />
                <xs:element name="Cta" type="xs:int" minOccurs="0" />
                <xs:element name="CodSec" type="xs:int" minOccurs="0" />
              </xs:sequence>
            </xs:complexType>
          </xs:element>
        </xs:choice>
      </xs:complexType>
    </xs:element>
  </xs:schema>
  <S>
    <Calle>CONS1</Calle>
    <Lat>32.940052</Lat>
    <Lon>60.673812</Lon>
    <Dis>1019.924</Dis>
    <Cta>1</Cta>
    <CodSec>13</CodSec>
  </S>
  <S>
    <Calle>FCIA.</Calle>
    <Lat>32.944067</Lat>
    <Lon>60.666408</Lon>
    <Dis>1166.649</Dis>
    <Cta>46</Cta>
    <CodSec>13</CodSec>
  </S>
  <S>
    <Calle>ORO?O</Calle>
    <Lat>32.946264</Lat>
    <Lon>60.654183</Lon>
    <Dis>1850.118</Dis>
    <Cta>89</Cta>
    <CodSec>13</CodSec>
  </S>
  <S>
    <Calle>PELE1</Calle>
    <Lat>32.956123</Lat>
    <Lon>60.646398</Lon>
    <Dis>1171.992</Dis>
    <Cta>158</Cta>
    <CodSec>13</CodSec>
  </S>
  <S>
    <Calle>27FEB</Calle>
    <Lat>32.966436</Lat>
    <Lon>60.648989</Lon>
    <Dis>2065.056</Dis>
    <Cta>203</Cta>
    <CodSec>13</CodSec>
  </S>
  <S>
    <Calle>FRANC</Calle>
    <Lat>32.962696</Lat>
    <Lon>60.670614</Lon>
    <Dis>2447.284</Dis>
    <Cta>281</Cta>
    <CodSec>13</CodSec>
  </S>
  <S>
    <Calle>FMORE</Calle>
    <Lat>32.958657</Lat>
    <Lon>60.692819</Lon>
    <Dis>2012.845</Dis>
    <Cta>371</Cta>
    <CodSec>13</CodSec>
  </S>
  <S>
    <Calle>PUNI1</Calle>
    <Lat>32.967926</Lat>
    <Lon>60.711340</Lon>
    <Dis>2326.221</Dis>
    <Cta>440</Cta>
    <CodSec>13</CodSec>
  </S>
  <S>
    <Calle>ESSO1</Calle>
    <Lat>32.978671</Lat>
    <Lon>60.732730</Lon>
    <Dis>155.573</Dis>
    <Cta>524</Cta>
    <CodSec>13</CodSec>
  </S>
  <S>
    <Calle>ES SO</Calle>
    <Lat>32.979397</Lat>
    <Lon>60.734155</Lon>
    <Dis>2082.471</Dis>
    <Cta>530</Cta>
    <CodSec>84</CodSec>
  </S>
  <S>
    <Calle>RUT33</Calle>
    <Lat>32.989354</Lat>
    <Lon>60.752782</Lon>
    <Dis>4566.462</Dis>
    <Cta>609</Cta>
    <CodSec>85</CodSec>
  </S>
  <S>
    <Calle>GUATE</Calle>
    <Lat>33.027951</Lat>
    <Lon>60.755977</Lon>
    <Dis>0</Dis>
    <Cta>796</Cta>
    <CodSec>83</CodSec>
  </S>
</Sector>