<?xml version="1.0" standalone="yes"?>
<Sector>
  <xs:schema id="Sector" xmlns="" xmlns:xs="http://www.w3.org/2001/XMLSchema" xmlns:msdata="urn:schemas-microsoft-com:xml-msdata">
    <xs:element name="Sector" msdata:IsDataSet="true" msdata:Locale="">
      <xs:complexType>
        <xs:choice minOccurs="0" maxOccurs="unbounded">
          <xs:element name="S" msdata:Locale="">
            <xs:complexType>
              <xs:sequence>
                <xs:element name="Calle" type="xs:string" minOccurs="0" />
                <xs:element name="Lat" type="xs:decimal" minOccurs="0" />
                <xs:element name="Lon" type="xs:decimal" minOccurs="0" />
                <xs:element name="Dis" type="xs:decimal" minOccurs="0" />
                <xs:element name="Cta" type="xs:int" minOccurs="0" />
                <xs:element name="CodSec" type="xs:int" minOccurs="0" />
              </xs:sequence>
            </xs:complexType>
          </xs:element>
        </xs:choice>
      </xs:complexType>
    </xs:element>
  </xs:schema>
  <S>
    <Calle>GUATE</Calle>
    <Lat>33.027611</Lat>
    <Lon>60.755907</Lon>
    <Dis>4727.980</Dis>
    <Cta>1</Cta>
    <CodSec>83</CodSec>
  </S>
  <S>
    <Calle>RUT33</Calle>
    <Lat>32.989641</Lat>
    <Lon>60.752714</Lon>
    <Dis>1688.050</Dis>
    <Cta>187</Cta>
    <CodSec>85</CodSec>
  </S>
  <S>
    <Calle>ES SO</Calle>
    <Lat>32.981403</Lat>
    <Lon>60.737942</Lon>
    <Dis>2897.460</Dis>
    <Cta>252</Cta>
    <CodSec>13</CodSec>
  </S>
  <S>
    <Calle>PUNI1</Calle>
    <Lat>32.967994</Lat>
    <Lon>60.711312</Lon>
    <Dis>2013.370</Dis>
    <Cta>354</Cta>
    <CodSec>13</CodSec>
  </S>
  <S>
    <Calle>FMORE</Calle>
    <Lat>32.958720</Lat>
    <Lon>60.692777</Lon>
    <Dis>2391.900</Dis>
    <Cta>425</Cta>
    <CodSec>13</CodSec>
  </S>
  <S>
    <Calle>FRANC</Calle>
    <Lat>32.962700</Lat>
    <Lon>60.671111</Lon>
    <Dis>1940.990</Dis>
    <Cta>521</Cta>
    <CodSec>13</CodSec>
  </S>
  <S>
    <Calle>PROCA</Calle>
    <Lat>32.966346</Lat>
    <Lon>60.650765</Lon>
    <Dis>1691.380</Dis>
    <Cta>593</Cta>
    <CodSec>13</CodSec>
  </S>
  <S>
    <Calle>PELE3</Calle>
    <Lat>32.956206</Lat>
    <Lon>60.647870</Lon>
    <Dis>1355.610</Dis>
    <Cta>656</Cta>
    <CodSec>13</CodSec>
  </S>
  <S>
    <Calle>ERIO1</Calle>
    <Lat>32.948571</Lat>
    <Lon>60.641547</Lon>
    <Dis>1203.360</Dis>
    <Cta>708</Cta>
    <CodSec>13</CodSec>
  </S>
  <S>
    <Calle>SARM1</Calle>
    <Lat>32.957338</Lat>
    <Lon>60.640922</Lon>
    <Dis>1187.900</Dis>
    <Cta>751</Cta>
    <CodSec>13</CodSec>
  </S>
  <S>
    <Calle>27FEB</Calle>
    <Lat>32.967694</Lat>
    <Lon>60.643399</Lon>
    <Dis>1419.420</Dis>
    <Cta>793</Cta>
    <CodSec>13</CodSec>
  </S>
  <S>
    <Calle>SEGUI</Calle>
    <Lat>32.979277</Lat>
    <Lon>60.644267</Lon>
    <Dis>1276.990</Dis>
    <Cta>845</Cta>
    <CodSec>13</CodSec>
  </S>
  <S>
    <Calle>URIBU</Calle>
    <Lat>32.990582</Lat>
    <Lon>60.646660</Lon>
    <Dis>1040.230</Dis>
    <Cta>891</Cta>
    <CodSec>13</CodSec>
  </S>
  <S>
    <Calle>AVROS</Calle>
    <Lat>32.999794</Lat>
    <Lon>60.648600</Lon>
    <Dis>1882.290</Dis>
    <Cta>928</Cta>
    <CodSec>13</CodSec>
  </S>
  <S>
    <Calle>CIRCU</Calle>
    <Lat>33.016392</Lat>
    <Lon>60.652301</Lon>
    <Dis>1110.940</Dis>
    <Cta>997</Cta>
    <CodSec>13</CodSec>
  </S>
  <S>
    <Calle>SALAD</Calle>
    <Lat>33.026223</Lat>
    <Lon>60.654421</Lon>
    <Dis>2215.070</Dis>
    <Cta>1039</Cta>
    <CodSec>12</CodSec>
  </S>
  <S>
    <Calle>FILIP</Calle>
    <Lat>33.029323</Lat>
    <Lon>60.637275</Lon>
    <Dis>1870.790</Dis>
    <Cta>1130</Cta>
    <CodSec>12</CodSec>
  </S>
  <S>
    <Calle>S.RAF</Calle>
    <Lat>33.033609</Lat>
    <Lon>60.620893</Lon>
    <Dis>0</Dis>
    <Cta>1206</Cta>
    <CodSec>12</CodSec>
  </S>
</Sector>