<?xml version="1.0" standalone="yes"?>
<Version>
  <xs:schema id="Version" xmlns="" xmlns:xs="http://www.w3.org/2001/XMLSchema" xmlns:msdata="urn:schemas-microsoft-com:xml-msdata">
    <xs:element name="Version" msdata:IsDataSet="true" msdata:UseCurrentLocale="true">
      <xs:complexType>
        <xs:choice minOccurs="0" maxOccurs="unbounded">
          <xs:element name="datosVersion">
            <xs:complexType>
              <xs:sequence>
                <xs:element name="nroVersion" type="xs:int" minOccurs="0" />
                <xs:element name="fechaActivacion" type="xs:dateTime" minOccurs="0" />
              </xs:sequence>
            </xs:complexType>
          </xs:element>
          <xs:element name="archivos">
            <xs:complexType>
              <xs:sequence>
                <xs:element name="archivo" type="xs:string" minOccurs="0" />
                <xs:element name="hash" type="xs:string" minOccurs="0" />
              </xs:sequence>
            </xs:complexType>
          </xs:element>
        </xs:choice>
      </xs:complexType>
    </xs:element>
  </xs:schema>
  <datosVersion>
    <nroVersion>28</nroVersion>
    <fechaActivacion>2019-09-16T00:00:00-03:00</fechaActivacion>
  </datosVersion>
  <archivos>
    <archivo>s00210257.xml</archivo>
    <hash>44E070CF064A05E5BF6015477D6545FC</hash>
  </archivos>
  <archivos>
    <archivo>s00210258.xml</archivo>
    <hash>E537006FEC5C5298F0D4844220D02B09</hash>
  </archivos>
  <archivos>
    <archivo>s00210433.xml</archivo>
    <hash>B2DA2BA5679E75485CD18F98922E020D</hash>
  </archivos>
  <archivos>
    <archivo>s00210434.xml</archivo>
    <hash>B847B87135AF97A49DD3D0FC92904028</hash>
  </archivos>
  <archivos>
    <archivo>s00210450.xml</archivo>
    <hash>C22B743CE13A243A9B3F10059FC08CE3</hash>
  </archivos>
  <archivos>
    <archivo>s00210451.xml</archivo>
    <hash>AA95CB7593380B5A89F79B02E2EBC1B8</hash>
  </archivos>
  <archivos>
    <archivo>s00210667.xml</archivo>
    <hash>4BFE1751FD395D5E329858E2CD7E7985</hash>
  </archivos>
  <archivos>
    <archivo>s00210668.xml</archivo>
    <hash>68B9764C1DE128AA578CA09DBACC0DAB</hash>
  </archivos>
  <archivos>
    <archivo>s00210807.xml</archivo>
    <hash>705A99F8C9DB44ABD609E3DD7BE058D4</hash>
  </archivos>
  <archivos>
    <archivo>s00210808.xml</archivo>
    <hash>540B26D46ABBAC6ED2600440D1075858</hash>
  </archivos>
  <archivos>
    <archivo>s00210809.xml</archivo>
    <hash>25EA57F597FE578979CB6E42797838BB</hash>
  </archivos>
  <archivos>
    <archivo>s00210810.xml</archivo>
    <hash>42B421D2F548E6755DCC0F191EB8E3F4</hash>
  </archivos>
  <archivos>
    <archivo>s00210811.xml</archivo>
    <hash>55A5B409416706BC4E2A5BB15615191B</hash>
  </archivos>
  <archivos>
    <archivo>s00210812.xml</archivo>
    <hash>28D111A68BD5E99F4E99EBF36D8907AD</hash>
  </archivos>
  <archivos>
    <archivo>s00210813.xml</archivo>
    <hash>DA162407423B7ACF91EBF7330E0FC169</hash>
  </archivos>
  <archivos>
    <archivo>s00210814.xml</archivo>
    <hash>EA95A606A89799F8066AAB534549983E</hash>
  </archivos>
  <archivos>
    <archivo>s00210815.xml</archivo>
    <hash>02EBDF2720D6D851FF8BF11A5E56D7A3</hash>
  </archivos>
  <archivos>
    <archivo>s00210816.xml</archivo>
    <hash>984C26FD2521E6A082AC8070CDE6413B</hash>
  </archivos>
  <archivos>
    <archivo>s00210817.xml</archivo>
    <hash>C9520919DC8011DB1D5630FBD423A385</hash>
  </archivos>
  <archivos>
    <archivo>s00210818.xml</archivo>
    <hash>0FA04FBC0A8F0A36F94CD5672D37D69F</hash>
  </archivos>
  <archivos>
    <archivo>s00210862.xml</archivo>
    <hash>E510C2E9066BF3B7F9160D1DE4968179</hash>
  </archivos>
  <archivos>
    <archivo>s00210931.xml</archivo>
    <hash>3EE11A407E45230974529B3DE6CBFAA8</hash>
  </archivos>
  <archivos>
    <archivo>s00210932.xml</archivo>
    <hash>78387D9B9C0ADFA498DF037D9E8FA21E</hash>
  </archivos>
  <archivos>
    <archivo>s00210933.xml</archivo>
    <hash>BC7AA317BD9E4C282AFD965802BF9DC5</hash>
  </archivos>
  <archivos>
    <archivo>s00210934.xml</archivo>
    <hash>54053A27DF67A2512514B5E665E3472F</hash>
  </archivos>
  <archivos>
    <archivo>r00210257.txt</archivo>
    <hash>0196FA6CDEBC931BB313402C1A452106</hash>
  </archivos>
  <archivos>
    <archivo>r00210258.txt</archivo>
    <hash>5E3B67EBFBA260B621132F01B0F922EF</hash>
  </archivos>
  <archivos>
    <archivo>r00210433.txt</archivo>
    <hash>4572CDE8DE4661841B1C8AC93B0B0767</hash>
  </archivos>
  <archivos>
    <archivo>r00210434.txt</archivo>
    <hash>9EFC724ABC78B6709BD6A22563F7AF42</hash>
  </archivos>
  <archivos>
    <archivo>r00210450.txt</archivo>
    <hash>46ED75E190CE58658D54F344D442D520</hash>
  </archivos>
  <archivos>
    <archivo>r00210451.txt</archivo>
    <hash>F7B16340D5B3598959293D9DB22F13B3</hash>
  </archivos>
  <archivos>
    <archivo>r00210667.txt</archivo>
    <hash>B0C584BDE9EDD98423A903143DC0B038</hash>
  </archivos>
  <archivos>
    <archivo>r00210668.txt</archivo>
    <hash>B3D51681DCEF2D50B9BADFC83B3ECC75</hash>
  </archivos>
  <archivos>
    <archivo>r00210807.txt</archivo>
    <hash>74F105EFA5C34265D10A8510195A131A</hash>
  </archivos>
  <archivos>
    <archivo>r00210808.txt</archivo>
    <hash>9EC1ED964A00F7FDD40655874C2DEF52</hash>
  </archivos>
  <archivos>
    <archivo>r00210809.txt</archivo>
    <hash>28134ED3B58FB29CB76EAAB8F9AE3287</hash>
  </archivos>
  <archivos>
    <archivo>r00210810.txt</archivo>
    <hash>763E8CBAE3A57B0C03DE640DF1EF6A6E</hash>
  </archivos>
  <archivos>
    <archivo>r00210811.txt</archivo>
    <hash>3CD830CC96D13BF19A71F36AA3827836</hash>
  </archivos>
  <archivos>
    <archivo>r00210812.txt</archivo>
    <hash>696F22FBCA9D1A03C94D9CE6BA271370</hash>
  </archivos>
  <archivos>
    <archivo>r00210813.txt</archivo>
    <hash>9C1684A5BF16EF41C81034483AB063ED</hash>
  </archivos>
  <archivos>
    <archivo>r00210814.txt</archivo>
    <hash>8B3329BAD440F84D16B410192F5F67A2</hash>
  </archivos>
  <archivos>
    <archivo>r00210815.txt</archivo>
    <hash>AF4C6172DA1ABD15E6AB34808AFA7B63</hash>
  </archivos>
  <archivos>
    <archivo>r00210816.txt</archivo>
    <hash>01AE8FA33EF8DEE6D63CBFF25A4C58C4</hash>
  </archivos>
  <archivos>
    <archivo>r00210817.txt</archivo>
    <hash>FDB0C2C4F91B0A126F0EE712DB70E51C</hash>
  </archivos>
  <archivos>
    <archivo>r00210818.txt</archivo>
    <hash>771C08741D5EB57D7286127D6ED1D0A6</hash>
  </archivos>
  <archivos>
    <archivo>r00210862.txt</archivo>
    <hash>23D20398B88A7094EC835FF7F0953C1A</hash>
  </archivos>
  <archivos>
    <archivo>r00210931.txt</archivo>
    <hash>1A8E67409E3A82C66ACA8ACAE0456046</hash>
  </archivos>
  <archivos>
    <archivo>r00210932.txt</archivo>
    <hash>9420761913891E25273A39FBDA27A91E</hash>
  </archivos>
  <archivos>
    <archivo>r00210933.txt</archivo>
    <hash>D056EFBEAEA7EC1BC3A2AE27863B5995</hash>
  </archivos>
  <archivos>
    <archivo>r00210934.txt</archivo>
    <hash>344A3B8082BB376D583E907920100FA3</hash>
  </archivos>
  <archivos>
    <archivo>sectoresTarifarios.xml</archivo>
    <hash>AE7FE063FE6C392D598C3B374CE09E7D</hash>
  </archivos>
</Version>