<?xml version="1.0" standalone="yes"?>
<Sector>
  <xs:schema id="Sector" xmlns="" xmlns:xs="http://www.w3.org/2001/XMLSchema" xmlns:msdata="urn:schemas-microsoft-com:xml-msdata">
    <xs:element name="Sector" msdata:IsDataSet="true" msdata:Locale="">
      <xs:complexType>
        <xs:choice minOccurs="0" maxOccurs="unbounded">
          <xs:element name="S" msdata:Locale="">
            <xs:complexType>
              <xs:sequence>
                <xs:element name="Calle" type="xs:string" minOccurs="0" />
                <xs:element name="Lat" type="xs:decimal" minOccurs="0" />
                <xs:element name="Lon" type="xs:decimal" minOccurs="0" />
                <xs:element name="Dis" type="xs:decimal" minOccurs="0" />
                <xs:element name="Cta" type="xs:int" minOccurs="0" />
                <xs:element name="CodSec" type="xs:int" minOccurs="0" />
              </xs:sequence>
            </xs:complexType>
          </xs:element>
        </xs:choice>
      </xs:complexType>
    </xs:element>
  </xs:schema>
  <S>
    <Calle>PAVON</Calle>
    <Lat>34.532239</Lat>
    <Lon>58.703940</Lon>
    <Dis>635.746</Dis>
    <Cta>1</Cta>
    <CodSec>18</CodSec>
  </S>
  <S>
    <Calle>S.LOR</Calle>
    <Lat>34.536501</Lat>
    <Lon>58.708524</Lon>
    <Dis>890.149</Dis>
    <Cta>34</Cta>
    <CodSec>18</CodSec>
  </S>
  <S>
    <Calle>ALEM.</Calle>
    <Lat>34.542447</Lat>
    <Lon>58.714838</Lon>
    <Dis>1271.041</Dis>
    <Cta>86</Cta>
    <CodSec>18</CodSec>
  </S>
  <S>
    <Calle>IRIGO</Calle>
    <Lat>34.537505</Lat>
    <Lon>58.721795</Lon>
    <Dis>1152.388</Dis>
    <Cta>176</Cta>
    <CodSec>18</CodSec>
  </S>
  <S>
    <Calle>GCAM.</Calle>
    <Lat>34.545076</Lat>
    <Lon>58.730031</Lon>
    <Dis>1908.461</Dis>
    <Cta>249</Cta>
    <CodSec>18</CodSec>
  </S>
  <S>
    <Calle>IRIG.</Calle>
    <Lat>34.556663</Lat>
    <Lon>58.742527</Lon>
    <Dis>2109.808</Dis>
    <Cta>369</Cta>
    <CodSec>18</CodSec>
  </S>
  <S>
    <Calle>PINTA</Calle>
    <Lat>34.569761</Lat>
    <Lon>58.757507</Lon>
    <Dis>1984.324</Dis>
    <Cta>493</Cta>
    <CodSec>18</CodSec>
  </S>
  <S>
    <Calle>MGARC</Calle>
    <Lat>34.581627</Lat>
    <Lon>58.745610</Lon>
    <Dis>1492.784</Dis>
    <Cta>615</Cta>
    <CodSec>18</CodSec>
  </S>
  <S>
    <Calle>FERRE</Calle>
    <Lat>34.568905</Lat>
    <Lon>58.742705</Lon>
    <Dis>2808.443</Dis>
    <Cta>710</Cta>
    <CodSec>18</CodSec>
  </S>
  <S>
    <Calle>GCAMP</Calle>
    <Lat>34.551121</Lat>
    <Lon>58.721403</Lon>
    <Dis>1004.708</Dis>
    <Cta>886</Cta>
    <CodSec>18</CodSec>
  </S>
  <S>
    <Calle>PELUF</Calle>
    <Lat>34.544425</Lat>
    <Lon>58.714333</Lon>
    <Dis>1005.955</Dis>
    <Cta>945</Cta>
    <CodSec>18</CodSec>
  </S>
  <S>
    <Calle>SANLO</Calle>
    <Lat>34.537720</Lat>
    <Lon>58.707184</Lon>
    <Dis>737.372</Dis>
    <Cta>1003</Cta>
    <CodSec>18</CodSec>
  </S>
  <S>
    <Calle>RU.P8</Calle>
    <Lat>34.532941</Lat>
    <Lon>58.701869</Lon>
    <Dis>0</Dis>
    <Cta>1044</Cta>
    <CodSec>18</CodSec>
  </S>
</Sector>