<?xml version="1.0" standalone="yes"?>
<Sector>
  <xs:schema id="Sector" xmlns="" xmlns:xs="http://www.w3.org/2001/XMLSchema" xmlns:msdata="urn:schemas-microsoft-com:xml-msdata">
    <xs:element name="Sector" msdata:IsDataSet="true" msdata:Locale="">
      <xs:complexType>
        <xs:choice minOccurs="0" maxOccurs="unbounded">
          <xs:element name="S" msdata:Locale="">
            <xs:complexType>
              <xs:sequence>
                <xs:element name="Calle" type="xs:string" minOccurs="0" />
                <xs:element name="Lat" type="xs:decimal" minOccurs="0" />
                <xs:element name="Lon" type="xs:decimal" minOccurs="0" />
                <xs:element name="Dis" type="xs:decimal" minOccurs="0" />
                <xs:element name="Cta" type="xs:int" minOccurs="0" />
                <xs:element name="CodSec" type="xs:int" minOccurs="0" />
              </xs:sequence>
            </xs:complexType>
          </xs:element>
        </xs:choice>
      </xs:complexType>
    </xs:element>
  </xs:schema>
  <S>
    <Calle>CARAP</Calle>
    <Lat>34.528274</Lat>
    <Lon>58.543786</Lon>
    <Dis>1470.747</Dis>
    <Cta>1</Cta>
    <CodSec>1</CodSec>
  </S>
  <S>
    <Calle>M.OCA</Calle>
    <Lat>34.534046</Lat>
    <Lon>58.542861</Lon>
    <Dis>883.720</Dis>
    <Cta>108</Cta>
    <CodSec>1</CodSec>
  </S>
  <S>
    <Calle>INDEP</Calle>
    <Lat>34.535329</Lat>
    <Lon>58.535682</Lon>
    <Dis>1046.128</Dis>
    <Cta>168</Cta>
    <CodSec>1</CodSec>
  </S>
  <S>
    <Calle>BAIGO</Calle>
    <Lat>34.531224</Lat>
    <Lon>58.525736</Lon>
    <Dis>1692.589</Dis>
    <Cta>243</Cta>
    <CodSec>1</CodSec>
  </S>
  <S>
    <Calle>YRIGO</Calle>
    <Lat>34.532957</Lat>
    <Lon>58.510338</Lon>
    <Dis>1409.596</Dis>
    <Cta>349</Cta>
    <CodSec>1</CodSec>
  </S>
  <S>
    <Calle>LAVAL</Calle>
    <Lat>34.543946</Lat>
    <Lon>58.503401</Lon>
    <Dis>1124.592</Dis>
    <Cta>443</Cta>
    <CodSec>1</CodSec>
  </S>
  <S>
    <Calle>PICO</Calle>
    <Lat>34.551936</Lat>
    <Lon>58.499026</Lon>
    <Dis>2508.351</Dis>
    <Cta>542</Cta>
    <CodSec>1</CodSec>
  </S>
  <S>
    <Calle>M.ACH</Calle>
    <Lat>34.565854</Lat>
    <Lon>58.482823</Lon>
    <Dis>2198.593</Dis>
    <Cta>728</Cta>
    <CodSec>1</CodSec>
  </S>
  <S>
    <Calle>CABIL</Calle>
    <Lat>34.555612</Lat>
    <Lon>58.462827</Lon>
    <Dis>1725.646</Dis>
    <Cta>890</Cta>
    <CodSec>1</CodSec>
  </S>
  <S>
    <Calle>ARREN</Calle>
    <Lat>34.567032</Lat>
    <Lon>58.450770</Lon>
    <Dis>1729.696</Dis>
    <Cta>1009</Cta>
    <CodSec>1</CodSec>
  </S>
  <S>
    <Calle>VIADU</Calle>
    <Lat>34.575233</Lat>
    <Lon>58.434935</Lon>
    <Dis>1723.633</Dis>
    <Cta>1123</Cta>
    <CodSec>1</CodSec>
  </S>
  <S>
    <Calle>J.BOT</Calle>
    <Lat>34.581453</Lat>
    <Lon>58.418768</Lon>
    <Dis>1070.949</Dis>
    <Cta>1251</Cta>
    <CodSec>1</CodSec>
  </S>
  <S>
    <Calle>BULNE</Calle>
    <Lat>34.583251</Lat>
    <Lon>58.407473</Lon>
    <Dis>1140.814</Dis>
    <Cta>1317</Cta>
    <CodSec>1</CodSec>
  </S>
  <S>
    <Calle>PUEYR</Calle>
    <Lat>34.587293</Lat>
    <Lon>58.397520</Lon>
    <Dis>1331.120</Dis>
    <Cta>1401</Cta>
    <CodSec>1</CodSec>
  </S>
  <S>
    <Calle>PARAG</Calle>
    <Lat>34.597427</Lat>
    <Lon>58.403271</Lon>
    <Dis>1208.774</Dis>
    <Cta>1494</Cta>
    <CodSec>1</CodSec>
  </S>
  <S>
    <Calle>PERON</Calle>
    <Lat>34.607717</Lat>
    <Lon>58.406108</Lon>
    <Dis>1760.514</Dis>
    <Cta>1575</Cta>
    <CodSec>1</CodSec>
  </S>
  <S>
    <Calle>INDE.</Calle>
    <Lat>34.620018</Lat>
    <Lon>58.409258</Lon>
    <Dis>1040.279</Dis>
    <Cta>1681</Cta>
    <CodSec>1</CodSec>
  </S>
  <S>
    <Calle>BARCA</Calle>
    <Lat>34.626707</Lat>
    <Lon>58.412086</Lon>
    <Dis>0</Dis>
    <Cta>1750</Cta>
    <CodSec>1</CodSec>
  </S>
</Sector>