<?xml version="1.0" standalone="yes"?>
<Sector>
  <xs:schema id="Sector" xmlns="" xmlns:xs="http://www.w3.org/2001/XMLSchema" xmlns:msdata="urn:schemas-microsoft-com:xml-msdata">
    <xs:element name="Sector" msdata:IsDataSet="true" msdata:Locale="">
      <xs:complexType>
        <xs:choice minOccurs="0" maxOccurs="unbounded">
          <xs:element name="S" msdata:Locale="">
            <xs:complexType>
              <xs:sequence>
                <xs:element name="Calle" type="xs:string" minOccurs="0" />
                <xs:element name="Lat" type="xs:decimal" minOccurs="0" />
                <xs:element name="Lon" type="xs:decimal" minOccurs="0" />
                <xs:element name="Dis" type="xs:decimal" minOccurs="0" />
                <xs:element name="Cta" type="xs:int" minOccurs="0" />
                <xs:element name="CodSec" type="xs:int" minOccurs="0" />
              </xs:sequence>
            </xs:complexType>
          </xs:element>
        </xs:choice>
      </xs:complexType>
    </xs:element>
  </xs:schema>
  <S>
    <Calle>CALTA</Calle>
    <Lat>33.007275</Lat>
    <Lon>61.807264</Lon>
    <Dis>8467.740</Dis>
    <Cta>1</Cta>
    <CodSec>149</CodSec>
  </S>
  <S>
    <Calle>ARTE1</Calle>
    <Lat>33.072997</Lat>
    <Lon>61.797539</Lon>
    <Dis>8838.355</Dis>
    <Cta>435</Cta>
    <CodSec>142</CodSec>
  </S>
  <S>
    <Calle>S.JE1</Calle>
    <Lat>33.104685</Lat>
    <Lon>61.718130</Lon>
    <Dis>12135.218</Dis>
    <Cta>853</Cta>
    <CodSec>141</CodSec>
  </S>
  <S>
    <Calle>NOGA1</Calle>
    <Lat>33.137638</Lat>
    <Lon>61.613676</Lon>
    <Dis>11418.292</Dis>
    <Cta>1439</Cta>
    <CodSec>140</CodSec>
  </S>
  <S>
    <Calle>AREQ1</Calle>
    <Lat>33.145995</Lat>
    <Lon>61.492120</Lon>
    <Dis>15466.367</Dis>
    <Cta>1910</Cta>
    <CodSec>139</CodSec>
  </S>
  <S>
    <Calle>MOLI1</Calle>
    <Lat>33.104208</Lat>
    <Lon>61.334560</Lon>
    <Dis>13776.215</Dis>
    <Cta>2615</Cta>
    <CodSec>138</CodSec>
  </S>
  <S>
    <Calle>CAS.E</Calle>
    <Lat>33.061705</Lat>
    <Lon>61.196158</Lon>
    <Dis>3999.183</Dis>
    <Cta>3198</Cta>
    <CodSec>121</CodSec>
  </S>
  <S>
    <Calle>CASIL</Calle>
    <Lat>33.043074</Lat>
    <Lon>61.166039</Lon>
    <Dis>3568.451</Dis>
    <Cta>3406</Cta>
    <CodSec>121</CodSec>
  </S>
  <S>
    <Calle>CASI2</Calle>
    <Lat>33.042975</Lat>
    <Lon>61.139053</Lon>
    <Dis>8925.548</Dis>
    <Cta>3588</Cta>
    <CodSec>121</CodSec>
  </S>
  <S>
    <Calle>PUJA1</Calle>
    <Lat>33.016578</Lat>
    <Lon>61.052861</Lon>
    <Dis>14425.995</Dis>
    <Cta>3948</Cta>
    <CodSec>120</CodSec>
  </S>
  <S>
    <Calle>ZAVA1</Calle>
    <Lat>33.018431</Lat>
    <Lon>60.898425</Lon>
    <Dis>9376.100</Dis>
    <Cta>4564</Cta>
    <CodSec>86</CodSec>
  </S>
  <S>
    <Calle>CURVA</Calle>
    <Lat>33.010151</Lat>
    <Lon>60.799473</Lon>
    <Dis>3737.808</Dis>
    <Cta>4976</Cta>
    <CodSec>85</CodSec>
  </S>
  <S>
    <Calle>YPF</Calle>
    <Lat>32.995605</Lat>
    <Lon>60.765259</Lon>
    <Dis>3234.991</Dis>
    <Cta>5171</Cta>
    <CodSec>85</CodSec>
  </S>
  <S>
    <Calle>ESSO.</Calle>
    <Lat>32.980429</Lat>
    <Lon>60.736149</Lon>
    <Dis>8582.671</Dis>
    <Cta>5373</Cta>
    <CodSec>13</CodSec>
  </S>
  <S>
    <Calle>ROSAR</Calle>
    <Lat>32.939628</Lat>
    <Lon>60.672459</Lon>
    <Dis>0</Dis>
    <Cta>5852</Cta>
    <CodSec>13</CodSec>
  </S>
</Sector>