<?xml version="1.0" standalone="yes"?>
<Sector>
  <xs:schema id="Sector" xmlns="" xmlns:xs="http://www.w3.org/2001/XMLSchema" xmlns:msdata="urn:schemas-microsoft-com:xml-msdata">
    <xs:element name="Sector" msdata:IsDataSet="true" msdata:Locale="">
      <xs:complexType>
        <xs:choice minOccurs="0" maxOccurs="unbounded">
          <xs:element name="S" msdata:Locale="">
            <xs:complexType>
              <xs:sequence>
                <xs:element name="Calle" type="xs:string" minOccurs="0" />
                <xs:element name="Lat" type="xs:decimal" minOccurs="0" />
                <xs:element name="Lon" type="xs:decimal" minOccurs="0" />
                <xs:element name="Dis" type="xs:decimal" minOccurs="0" />
                <xs:element name="Cta" type="xs:int" minOccurs="0" />
                <xs:element name="CodSec" type="xs:int" minOccurs="0" />
              </xs:sequence>
            </xs:complexType>
          </xs:element>
        </xs:choice>
      </xs:complexType>
    </xs:element>
  </xs:schema>
  <S>
    <Calle>TORTU</Calle>
    <Lat>32.746324</Lat>
    <Lon>61.818044</Lon>
    <Dis>20007.307</Dis>
    <Cta>1</Cta>
    <CodSec>221</CodSec>
  </S>
  <S>
    <Calle>ARMS1</Calle>
    <Lat>32.771378</Lat>
    <Lon>61.621013</Lon>
    <Dis>6513.446</Dis>
    <Cta>808</Cta>
    <CodSec>220</CodSec>
  </S>
  <S>
    <Calle>ARMS2</Calle>
    <Lat>32.777069</Lat>
    <Lon>61.587139</Lon>
    <Dis>3742.478</Dis>
    <Cta>1158</Cta>
    <CodSec>220</CodSec>
  </S>
  <S>
    <Calle>RU178</Calle>
    <Lat>32.783883</Lat>
    <Lon>61.547974</Lon>
    <Dis>12102.354</Dis>
    <Cta>1306</Cta>
    <CodSec>205</CodSec>
  </S>
  <S>
    <Calle>C.GO1</Calle>
    <Lat>32.805606</Lat>
    <Lon>61.421594</Lon>
    <Dis>2722.793</Dis>
    <Cta>1837</Cta>
    <CodSec>204</CodSec>
  </S>
  <S>
    <Calle>C.GOM</Calle>
    <Lat>32.812582</Lat>
    <Lon>61.396654</Lon>
    <Dis>2860.898</Dis>
    <Cta>1973</Cta>
    <CodSec>204</CodSec>
  </S>
  <S>
    <Calle>C.GO2</Calle>
    <Lat>32.814535</Lat>
    <Lon>61.369090</Lon>
    <Dis>11345.484</Dis>
    <Cta>2112</Cta>
    <CodSec>204</CodSec>
  </S>
  <S>
    <Calle>CORR1</Calle>
    <Lat>32.850707</Lat>
    <Lon>61.265551</Lon>
    <Dis>8722.791</Dis>
    <Cta>2666</Cta>
    <CodSec>203</CodSec>
  </S>
  <S>
    <Calle>ArCAR</Calle>
    <Lat>32.858514</Lat>
    <Lon>61.172844</Lon>
    <Dis>13376.212</Dis>
    <Cta>3094</Cta>
    <CodSec>202</CodSec>
  </S>
  <S>
    <Calle>SJER1</Calle>
    <Lat>32.883364</Lat>
    <Lon>61.032947</Lon>
    <Dis>10572.378</Dis>
    <Cta>3695</Cta>
    <CodSec>201</CodSec>
  </S>
  <S>
    <Calle>ROLDA</Calle>
    <Lat>32.903094</Lat>
    <Lon>60.922299</Lon>
    <Dis>5203.811</Dis>
    <Cta>4115</Cta>
    <CodSec>32</CodSec>
  </S>
  <S>
    <Calle>S.SEB</Calle>
    <Lat>32.912827</Lat>
    <Lon>60.867854</Lon>
    <Dis>9889.255</Dis>
    <Cta>4400</Cta>
    <CodSec>30</CodSec>
  </S>
  <S>
    <Calle>ArLUD</Calle>
    <Lat>32.925286</Lat>
    <Lon>60.763236</Lon>
    <Dis>9055.918</Dis>
    <Cta>4920</Cta>
    <CodSec>13</CodSec>
  </S>
  <S>
    <Calle>ROSAR</Calle>
    <Lat>32.939429</Lat>
    <Lon>60.673542</Lon>
    <Dis>0</Dis>
    <Cta>5461</Cta>
    <CodSec>13</CodSec>
  </S>
</Sector>