<?xml version="1.0" standalone="yes"?>
<Sector>
  <xs:schema id="Sector" xmlns="" xmlns:xs="http://www.w3.org/2001/XMLSchema" xmlns:msdata="urn:schemas-microsoft-com:xml-msdata">
    <xs:element name="Sector" msdata:IsDataSet="true" msdata:Locale="">
      <xs:complexType>
        <xs:choice minOccurs="0" maxOccurs="unbounded">
          <xs:element name="S" msdata:Locale="">
            <xs:complexType>
              <xs:sequence>
                <xs:element name="Calle" type="xs:string" minOccurs="0" />
                <xs:element name="Lat" type="xs:decimal" minOccurs="0" />
                <xs:element name="Lon" type="xs:decimal" minOccurs="0" />
                <xs:element name="Dis" type="xs:decimal" minOccurs="0" />
                <xs:element name="Cta" type="xs:int" minOccurs="0" />
                <xs:element name="CodSec" type="xs:int" minOccurs="0" />
              </xs:sequence>
            </xs:complexType>
          </xs:element>
        </xs:choice>
      </xs:complexType>
    </xs:element>
  </xs:schema>
  <S>
    <Calle>ROSAR</Calle>
    <Lat>32.939538</Lat>
    <Lon>60.672694</Lon>
    <Dis>837.195</Dis>
    <Cta>1</Cta>
    <CodSec>13</CodSec>
  </S>
  <S>
    <Calle>CORDO</Calle>
    <Lat>32.938959</Lat>
    <Lon>60.679145</Lon>
    <Dis>1233.751</Dis>
    <Cta>45</Cta>
    <CodSec>13</CodSec>
  </S>
  <S>
    <Calle>PELLE</Calle>
    <Lat>32.949778</Lat>
    <Lon>60.681892</Lon>
    <Dis>1732.382</Dis>
    <Cta>107</Cta>
    <CodSec>13</CodSec>
  </S>
  <S>
    <Calle>FMORE</Calle>
    <Lat>32.958657</Lat>
    <Lon>60.692819</Lon>
    <Dis>2023.423</Dis>
    <Cta>202</Cta>
    <CodSec>13</CodSec>
  </S>
  <S>
    <Calle>PUNID</Calle>
    <Lat>32.967926</Lat>
    <Lon>60.711340</Lon>
    <Dis>2828.442</Dis>
    <Cta>302</Cta>
    <CodSec>81</CodSec>
  </S>
  <S>
    <Calle>ESSO.</Calle>
    <Lat>32.980961</Lat>
    <Lon>60.737189</Lon>
    <Dis>3030.943</Dis>
    <Cta>442</Cta>
    <CodSec>85</CodSec>
  </S>
  <S>
    <Calle>YPF</Calle>
    <Lat>32.995074</Lat>
    <Lon>60.764614</Lon>
    <Dis>2528.519</Dis>
    <Cta>622</Cta>
    <CodSec>85</CodSec>
  </S>
  <S>
    <Calle>AVELL</Calle>
    <Lat>33.005604</Lat>
    <Lon>60.786729</Lon>
    <Dis>1296.766</Dis>
    <Cta>762</Cta>
    <CodSec>85</CodSec>
  </S>
  <S>
    <Calle>CURVA</Calle>
    <Lat>33.009942</Lat>
    <Lon>60.799421</Lon>
    <Dis>5908.941</Dis>
    <Cta>826</Cta>
    <CodSec>86</CodSec>
  </S>
  <S>
    <Calle>ZAVA2</Calle>
    <Lat>33.018872</Lat>
    <Lon>60.861152</Lon>
    <Dis>1683.077</Dis>
    <Cta>1080</Cta>
    <CodSec>86</CodSec>
  </S>
  <S>
    <Calle>VRINO</Calle>
    <Lat>33.019021</Lat>
    <Lon>60.879124</Lon>
    <Dis>2224.944</Dis>
    <Cta>1164</Cta>
    <CodSec>86</CodSec>
  </S>
  <S>
    <Calle>A012.</Calle>
    <Lat>33.018403</Lat>
    <Lon>60.902857</Lon>
    <Dis>11693.497</Dis>
    <Cta>1269</Cta>
    <CodSec>120</CodSec>
  </S>
  <S>
    <Calle>PUJ.S</Calle>
    <Lat>33.016923</Lat>
    <Lon>61.028145</Lon>
    <Dis>2243.453</Dis>
    <Cta>1729</Cta>
    <CodSec>120</CodSec>
  </S>
  <S>
    <Calle>PUJ.E</Calle>
    <Lat>33.016603</Lat>
    <Lon>61.052033</Lon>
    <Dis>3957.218</Dis>
    <Cta>1860</Cta>
    <CodSec>120</CodSec>
  </S>
  <S>
    <Calle>PEA.S</Calle>
    <Lat>33.018360</Lat>
    <Lon>61.093657</Lon>
    <Dis>442.962</Dis>
    <Cta>2016</Cta>
    <CodSec>120</CodSec>
  </S>
  <S>
    <Calle>PEA.E</Calle>
    <Lat>33.020524</Lat>
    <Lon>61.097610</Lon>
    <Dis>1404.251</Dis>
    <Cta>2037</Cta>
    <CodSec>121</CodSec>
  </S>
  <S>
    <Calle>RU26P</Calle>
    <Lat>33.027417</Lat>
    <Lon>61.110205</Lon>
    <Dis>4213.081</Dis>
    <Cta>2095</Cta>
    <CodSec>121</CodSec>
  </S>
  <S>
    <Calle>9JULI</Calle>
    <Lat>33.047955</Lat>
    <Lon>61.148033</Lon>
    <Dis>1035.980</Dis>
    <Cta>2281</Cta>
    <CodSec>121</CodSec>
  </S>
  <S>
    <Calle>LAGOS</Calle>
    <Lat>33.053058</Lat>
    <Lon>61.157279</Lon>
    <Dis>1461.851</Dis>
    <Cta>2337</Cta>
    <CodSec>121</CodSec>
  </S>
  <S>
    <Calle>CASIL</Calle>
    <Lat>33.043032</Lat>
    <Lon>61.166022</Lon>
    <Dis>2363.147</Dis>
    <Cta>2411</Cta>
    <CodSec>121</CodSec>
  </S>
  <S>
    <Calle>ESPA?</Calle>
    <Lat>33.034457</Lat>
    <Lon>61.145730</Lon>
    <Dis>11112.025</Dis>
    <Cta>2532</Cta>
    <CodSec>121</CodSec>
  </S>
  <S>
    <Calle>PAR11</Calle>
    <Lat>32.958584</Lat>
    <Lon>61.163859</Lon>
    <Dis>12292.458</Dis>
    <Cta>2967</Cta>
    <CodSec>119</CodSec>
  </S>
  <S>
    <Calle>RUTA9</Calle>
    <Lat>32.867437</Lat>
    <Lon>61.123321</Lon>
    <Dis>2129.962</Dis>
    <Cta>3538</Cta>
    <CodSec>202</CodSec>
  </S>
  <S>
    <Calle>9 JUL</Calle>
    <Lat>32.863338</Lat>
    <Lon>61.145130</Lon>
    <Dis>0</Dis>
    <Cta>3652</Cta>
    <CodSec>202</CodSec>
  </S>
</Sector>