<?xml version="1.0" standalone="yes"?>
<Sector>
  <xs:schema id="Sector" xmlns="" xmlns:xs="http://www.w3.org/2001/XMLSchema" xmlns:msdata="urn:schemas-microsoft-com:xml-msdata">
    <xs:element name="Sector" msdata:IsDataSet="true" msdata:Locale="">
      <xs:complexType>
        <xs:choice minOccurs="0" maxOccurs="unbounded">
          <xs:element name="S" msdata:Locale="">
            <xs:complexType>
              <xs:sequence>
                <xs:element name="Calle" type="xs:string" minOccurs="0" />
                <xs:element name="Lat" type="xs:decimal" minOccurs="0" />
                <xs:element name="Lon" type="xs:decimal" minOccurs="0" />
                <xs:element name="Dis" type="xs:decimal" minOccurs="0" />
                <xs:element name="Cta" type="xs:int" minOccurs="0" />
                <xs:element name="CodSec" type="xs:int" minOccurs="0" />
              </xs:sequence>
            </xs:complexType>
          </xs:element>
        </xs:choice>
      </xs:complexType>
    </xs:element>
  </xs:schema>
  <S>
    <Calle>RUFIN</Calle>
    <Lat>34.265784</Lat>
    <Lon>62.703057</Lon>
    <Dis>17839.458</Dis>
    <Cta>1</Cta>
    <CodSec>137</CodSec>
  </S>
  <S>
    <Calle>TARR1</Calle>
    <Lat>34.189718</Lat>
    <Lon>62.543023</Lon>
    <Dis>9315.021</Dis>
    <Cta>880</Cta>
    <CodSec>136</CodSec>
  </S>
  <S>
    <Calle>LAZZA</Calle>
    <Lat>34.151819</Lat>
    <Lon>62.453034</Lon>
    <Dis>3212.285</Dis>
    <Cta>1286</Cta>
    <CodSec>135</CodSec>
  </S>
  <S>
    <Calle>AMEN1</Calle>
    <Lat>34.129726</Lat>
    <Lon>62.432881</Lon>
    <Dis>20639.703</Dis>
    <Cta>1433</Cta>
    <CodSec>134</CodSec>
  </S>
  <S>
    <Calle>SPIR1</Calle>
    <Lat>34.005636</Lat>
    <Lon>62.270501</Lon>
    <Dis>6042.209</Dis>
    <Cta>2274</Cta>
    <CodSec>133</CodSec>
  </S>
  <S>
    <Calle>SPIR2</Calle>
    <Lat>34.003520</Lat>
    <Lon>62.269990</Lon>
    <Dis>20861.752</Dis>
    <Cta>2616</Cta>
    <CodSec>133</CodSec>
  </S>
  <S>
    <Calle>S.EDU</Calle>
    <Lat>33.831389</Lat>
    <Lon>62.207412</Lon>
    <Dis>21353.793</Dis>
    <Cta>3540</Cta>
    <CodSec>132</CodSec>
  </S>
  <S>
    <Calle>V.TUE</Calle>
    <Lat>33.730749</Lat>
    <Lon>62.011973</Lon>
    <Dis>11290.105</Dis>
    <Cta>4450</Cta>
    <CodSec>131</CodSec>
  </S>
  <S>
    <Calle>V.TUS</Calle>
    <Lat>33.698148</Lat>
    <Lon>61.951931</Lon>
    <Dis>9798.311</Dis>
    <Cta>5042</Cta>
    <CodSec>131</CodSec>
  </S>
  <S>
    <Calle>MURP1</Calle>
    <Lat>33.649808</Lat>
    <Lon>61.863544</Lon>
    <Dis>3466.195</Dis>
    <Cta>5438</Cta>
    <CodSec>130</CodSec>
  </S>
  <S>
    <Calle>RAVI1</Calle>
    <Lat>33.635754</Lat>
    <Lon>61.830783</Lon>
    <Dis>12050.174</Dis>
    <Cta>5636</Cta>
    <CodSec>129</CodSec>
  </S>
  <S>
    <Calle>ELORT</Calle>
    <Lat>33.577003</Lat>
    <Lon>61.721611</Lon>
    <Dis>5968.214</Dis>
    <Cta>6134</Cta>
    <CodSec>128</CodSec>
  </S>
  <S>
    <Calle>DIVIS</Calle>
    <Lat>33.547912</Lat>
    <Lon>61.667536</Lon>
    <Dis>3333.183</Dis>
    <Cta>6387</Cta>
    <CodSec>127</CodSec>
  </S>
  <S>
    <Calle>CHOVE</Calle>
    <Lat>33.531664</Lat>
    <Lon>61.637409</Lon>
    <Dis>15021.510</Dis>
    <Cta>6542</Cta>
    <CodSec>126</CodSec>
  </S>
  <S>
    <Calle>FIRM1</Calle>
    <Lat>33.456450</Lat>
    <Lon>61.503360</Lon>
    <Dis>2182.104</Dis>
    <Cta>7196</Cta>
    <CodSec>125</CodSec>
  </S>
  <S>
    <Calle>FIRMA</Calle>
    <Lat>33.455317</Lat>
    <Lon>61.485370</Lon>
    <Dis>2558.812</Dis>
    <Cta>7309</Cta>
    <CodSec>125</CodSec>
  </S>
  <S>
    <Calle>FIRM2</Calle>
    <Lat>33.436321</Lat>
    <Lon>61.483498</Lon>
    <Dis>10111.622</Dis>
    <Cta>7445</Cta>
    <CodSec>125</CodSec>
  </S>
  <S>
    <Calle>VILL1</Calle>
    <Lat>33.353361</Lat>
    <Lon>61.448020</Lon>
    <Dis>13485.597</Dis>
    <Cta>7860</Cta>
    <CodSec>124</CodSec>
  </S>
  <S>
    <Calle>CHAB1</Calle>
    <Lat>33.253894</Lat>
    <Lon>61.366254</Lon>
    <Dis>14137.033</Dis>
    <Cta>8430</Cta>
    <CodSec>123</CodSec>
  </S>
  <S>
    <Calle>SANF1</Calle>
    <Lat>33.148645</Lat>
    <Lon>61.282094</Lon>
    <Dis>14062.535</Dis>
    <Cta>9127</Cta>
    <CodSec>122</CodSec>
  </S>
  <S>
    <Calle>CASI1</Calle>
    <Lat>33.063491</Lat>
    <Lon>61.176185</Lon>
    <Dis>2073.667</Dis>
    <Cta>9758</Cta>
    <CodSec>121</CodSec>
  </S>
  <S>
    <Calle>LAGOS</Calle>
    <Lat>33.053257</Lat>
    <Lon>61.157603</Lon>
    <Dis>2084.331</Dis>
    <Cta>9856</Cta>
    <CodSec>121</CodSec>
  </S>
  <S>
    <Calle>CASI2</Calle>
    <Lat>33.042957</Lat>
    <Lon>61.139024</Lon>
    <Dis>9238.999</Dis>
    <Cta>9962</Cta>
    <CodSec>121</CodSec>
  </S>
  <S>
    <Calle>PUJA1</Calle>
    <Lat>33.016630</Lat>
    <Lon>61.049465</Lon>
    <Dis>15284.937</Dis>
    <Cta>10336</Cta>
    <CodSec>120</CodSec>
  </S>
  <S>
    <Calle>ZAVA1</Calle>
    <Lat>33.018560</Lat>
    <Lon>60.885831</Lon>
    <Dis>8196.962</Dis>
    <Cta>10985</Cta>
    <CodSec>86</CodSec>
  </S>
  <S>
    <Calle>CURVA</Calle>
    <Lat>33.010175</Lat>
    <Lon>60.799483</Lon>
    <Dis>3743.352</Dis>
    <Cta>11349</Cta>
    <CodSec>85</CodSec>
  </S>
  <S>
    <Calle>YPF</Calle>
    <Lat>32.995597</Lat>
    <Lon>60.765254</Lon>
    <Dis>3239.943</Dis>
    <Cta>11544</Cta>
    <CodSec>85</CodSec>
  </S>
  <S>
    <Calle>ESSO.</Calle>
    <Lat>32.980397</Lat>
    <Lon>60.736084</Lon>
    <Dis>8577.981</Dis>
    <Cta>11746</Cta>
    <CodSec>13</CodSec>
  </S>
  <S>
    <Calle>ROSAR</Calle>
    <Lat>32.939604</Lat>
    <Lon>60.672460</Lon>
    <Dis>0</Dis>
    <Cta>12224</Cta>
    <CodSec>13</CodSec>
  </S>
</Sector>