<?xml version="1.0" standalone="yes"?>
<Sector>
  <xs:schema id="Sector" xmlns="" xmlns:xs="http://www.w3.org/2001/XMLSchema" xmlns:msdata="urn:schemas-microsoft-com:xml-msdata">
    <xs:element name="Sector" msdata:IsDataSet="true" msdata:Locale="">
      <xs:complexType>
        <xs:choice minOccurs="0" maxOccurs="unbounded">
          <xs:element name="S" msdata:Locale="">
            <xs:complexType>
              <xs:sequence>
                <xs:element name="Calle" type="xs:string" minOccurs="0" />
                <xs:element name="Lat" type="xs:decimal" minOccurs="0" />
                <xs:element name="Lon" type="xs:decimal" minOccurs="0" />
                <xs:element name="Dis" type="xs:decimal" minOccurs="0" />
                <xs:element name="Cta" type="xs:int" minOccurs="0" />
                <xs:element name="CodSec" type="xs:int" minOccurs="0" />
              </xs:sequence>
            </xs:complexType>
          </xs:element>
        </xs:choice>
      </xs:complexType>
    </xs:element>
  </xs:schema>
  <S>
    <Calle>SJUAN</Calle>
    <Lat>32.949583</Lat>
    <Lon>60.643240</Lon>
    <Dis>1602.638</Dis>
    <Cta>1</Cta>
    <CodSec>13</CodSec>
  </S>
  <S>
    <Calle>ORO?O</Calle>
    <Lat>32.947500</Lat>
    <Lon>60.654086</Lon>
    <Dis>798.660</Dis>
    <Cta>92</Cta>
    <CodSec>13</CodSec>
  </S>
  <S>
    <Calle>OvLAG</Calle>
    <Lat>32.946017</Lat>
    <Lon>60.662377</Lon>
    <Dis>1492.082</Dis>
    <Cta>133</Cta>
    <CodSec>13</CodSec>
  </S>
  <S>
    <Calle>CAFFE</Calle>
    <Lat>32.939254</Lat>
    <Lon>60.670571</Lon>
    <Dis>944.206</Dis>
    <Cta>212</Cta>
    <CodSec>13</CodSec>
  </S>
  <S>
    <Calle>CORDO</Calle>
    <Lat>32.938959</Lat>
    <Lon>60.679145</Lon>
    <Dis>1233.751</Dis>
    <Cta>265</Cta>
    <CodSec>13</CodSec>
  </S>
  <S>
    <Calle>PELLE</Calle>
    <Lat>32.949778</Lat>
    <Lon>60.681892</Lon>
    <Dis>1732.382</Dis>
    <Cta>327</Cta>
    <CodSec>13</CodSec>
  </S>
  <S>
    <Calle>FMORE</Calle>
    <Lat>32.958657</Lat>
    <Lon>60.692819</Lon>
    <Dis>2023.423</Dis>
    <Cta>422</Cta>
    <CodSec>13</CodSec>
  </S>
  <S>
    <Calle>PUNID</Calle>
    <Lat>32.967926</Lat>
    <Lon>60.711340</Lon>
    <Dis>2502.976</Dis>
    <Cta>522</Cta>
    <CodSec>81</CodSec>
  </S>
  <S>
    <Calle>ESSO.</Calle>
    <Lat>32.979217</Lat>
    <Lon>60.734369</Lon>
    <Dis>3377.630</Dis>
    <Cta>644</Cta>
    <CodSec>85</CodSec>
  </S>
  <S>
    <Calle>YPF</Calle>
    <Lat>32.995074</Lat>
    <Lon>60.764614</Lon>
    <Dis>2528.519</Dis>
    <Cta>843</Cta>
    <CodSec>85</CodSec>
  </S>
  <S>
    <Calle>AVELL</Calle>
    <Lat>33.005604</Lat>
    <Lon>60.786729</Lon>
    <Dis>1296.766</Dis>
    <Cta>983</Cta>
    <CodSec>85</CodSec>
  </S>
  <S>
    <Calle>CURVA</Calle>
    <Lat>33.009942</Lat>
    <Lon>60.799421</Lon>
    <Dis>5908.941</Dis>
    <Cta>1047</Cta>
    <CodSec>86</CodSec>
  </S>
  <S>
    <Calle>ZAVA2</Calle>
    <Lat>33.018872</Lat>
    <Lon>60.861152</Lon>
    <Dis>1683.077</Dis>
    <Cta>1301</Cta>
    <CodSec>86</CodSec>
  </S>
  <S>
    <Calle>VRINO</Calle>
    <Lat>33.019021</Lat>
    <Lon>60.879124</Lon>
    <Dis>2347.081</Dis>
    <Cta>1385</Cta>
    <CodSec>86</CodSec>
  </S>
  <S>
    <Calle>ZAVAV</Calle>
    <Lat>33.031378</Lat>
    <Lon>60.889842</Lon>
    <Dis>0</Dis>
    <Cta>1510</Cta>
    <CodSec>86</CodSec>
  </S>
</Sector>