<?xml version="1.0" standalone="yes"?>
<Sector>
  <xs:schema id="Sector" xmlns="" xmlns:xs="http://www.w3.org/2001/XMLSchema" xmlns:msdata="urn:schemas-microsoft-com:xml-msdata">
    <xs:element name="Sector" msdata:IsDataSet="true" msdata:Locale="">
      <xs:complexType>
        <xs:choice minOccurs="0" maxOccurs="unbounded">
          <xs:element name="S" msdata:Locale="">
            <xs:complexType>
              <xs:sequence>
                <xs:element name="Calle" type="xs:string" minOccurs="0" />
                <xs:element name="Lat" type="xs:decimal" minOccurs="0" />
                <xs:element name="Lon" type="xs:decimal" minOccurs="0" />
                <xs:element name="Dis" type="xs:decimal" minOccurs="0" />
                <xs:element name="Cta" type="xs:int" minOccurs="0" />
                <xs:element name="CodSec" type="xs:int" minOccurs="0" />
              </xs:sequence>
            </xs:complexType>
          </xs:element>
        </xs:choice>
      </xs:complexType>
    </xs:element>
  </xs:schema>
  <S>
    <Calle>FRONT</Calle>
    <Lat>31.436640</Lat>
    <Lon>62.067774</Lon>
    <Dis>8159.866</Dis>
    <Cta>1</Cta>
    <CodSec>218</CodSec>
  </S>
  <S>
    <Calle>JOSEF</Calle>
    <Lat>31.433748</Lat>
    <Lon>61.999141</Lon>
    <Dis>27702.867</Dis>
    <Cta>392</Cta>
    <CodSec>217</CodSec>
  </S>
  <S>
    <Calle>RUT13</Calle>
    <Lat>31.487110</Lat>
    <Lon>61.718703</Lon>
    <Dis>3633.181</Dis>
    <Cta>1541</Cta>
    <CodSec>216</CodSec>
  </S>
  <S>
    <Calle>CLUS1</Calle>
    <Lat>31.518562</Lat>
    <Lon>61.724569</Lon>
    <Dis>16875.689</Dis>
    <Cta>1688</Cta>
    <CodSec>215</CodSec>
  </S>
  <S>
    <Calle>MJUA1</Calle>
    <Lat>31.666411</Lat>
    <Lon>61.760497</Lon>
    <Dis>13058.680</Dis>
    <Cta>2547</Cta>
    <CodSec>214</CodSec>
  </S>
  <S>
    <Calle>SAST1</Calle>
    <Lat>31.760744</Lat>
    <Lon>61.813065</Lon>
    <Dis>17020.626</Dis>
    <Cta>3206</Cta>
    <CodSec>213</CodSec>
  </S>
  <S>
    <Calle>SJOR1</Calle>
    <Lat>31.889235</Lat>
    <Lon>61.843864</Lon>
    <Dis>5176.101</Dis>
    <Cta>3957</Cta>
    <CodSec>212</CodSec>
  </S>
  <S>
    <Calle>SJOR2</Calle>
    <Lat>31.908642</Lat>
    <Lon>61.848534</Lon>
    <Dis>16462.617</Dis>
    <Cta>4223</Cta>
    <CodSec>212</CodSec>
  </S>
  <S>
    <Calle>C.PE1</Calle>
    <Lat>32.039233</Lat>
    <Lon>61.799372</Lon>
    <Dis>17491.838</Dis>
    <Cta>4931</Cta>
    <CodSec>211</CodSec>
  </S>
  <S>
    <Calle>TREB1</Calle>
    <Lat>32.165554</Lat>
    <Lon>61.718630</Lon>
    <Dis>20708.557</Dis>
    <Cta>5976</Cta>
    <CodSec>210</CodSec>
  </S>
  <S>
    <Calle>CARD1</Calle>
    <Lat>32.316816</Lat>
    <Lon>61.637874</Lon>
    <Dis>16746.769</Dis>
    <Cta>7061</Cta>
    <CodSec>209</CodSec>
  </S>
  <S>
    <Calle>L.RO1</Calle>
    <Lat>32.450256</Lat>
    <Lon>61.582613</Lon>
    <Dis>4118.481</Dis>
    <Cta>7822</Cta>
    <CodSec>208</CodSec>
  </S>
  <S>
    <Calle>ITALI</Calle>
    <Lat>32.475632</Lat>
    <Lon>61.578813</Lon>
    <Dis>3106.434</Dis>
    <Cta>8049</Cta>
    <CodSec>208</CodSec>
  </S>
  <S>
    <Calle>L.RO2</Calle>
    <Lat>32.492196</Lat>
    <Lon>61.564576</Lon>
    <Dis>5925.947</Dis>
    <Cta>8212</Cta>
    <CodSec>208</CodSec>
  </S>
  <S>
    <Calle>CALI1</Calle>
    <Lat>32.543457</Lat>
    <Lon>61.550958</Lon>
    <Dis>14995.162</Dis>
    <Cta>8505</Cta>
    <CodSec>207</CodSec>
  </S>
  <S>
    <Calle>PARE1</Calle>
    <Lat>32.674978</Lat>
    <Lon>61.529244</Lon>
    <Dis>13307.816</Dis>
    <Cta>9186</Cta>
    <CodSec>206</CodSec>
  </S>
  <S>
    <Calle>RUTA9</Calle>
    <Lat>32.782205</Lat>
    <Lon>61.545656</Lon>
    <Dis>12237.603</Dis>
    <Cta>9768</Cta>
    <CodSec>205</CodSec>
  </S>
  <S>
    <Calle>C.GO1</Calle>
    <Lat>32.805609</Lat>
    <Lon>61.421575</Lon>
    <Dis>2674.484</Dis>
    <Cta>10321</Cta>
    <CodSec>204</CodSec>
  </S>
  <S>
    <Calle>C.GOM</Calle>
    <Lat>32.812346</Lat>
    <Lon>61.396913</Lon>
    <Dis>3002.524</Dis>
    <Cta>10452</Cta>
    <CodSec>204</CodSec>
  </S>
  <S>
    <Calle>C.GO2</Calle>
    <Lat>32.814538</Lat>
    <Lon>61.369077</Lon>
    <Dis>11351.041</Dis>
    <Cta>10601</Cta>
    <CodSec>204</CodSec>
  </S>
  <S>
    <Calle>CORR1</Calle>
    <Lat>32.850716</Lat>
    <Lon>61.265495</Lon>
    <Dis>8718.057</Dis>
    <Cta>11156</Cta>
    <CodSec>203</CodSec>
  </S>
  <S>
    <Calle>ArCAR</Calle>
    <Lat>32.858516</Lat>
    <Lon>61.172831</Lon>
    <Dis>13376.494</Dis>
    <Cta>11584</Cta>
    <CodSec>202</CodSec>
  </S>
  <S>
    <Calle>SJER1</Calle>
    <Lat>32.883367</Lat>
    <Lon>61.032931</Lon>
    <Dis>10564.079</Dis>
    <Cta>12185</Cta>
    <CodSec>201</CodSec>
  </S>
  <S>
    <Calle>ROLDA</Calle>
    <Lat>32.903082</Lat>
    <Lon>60.922364</Lon>
    <Dis>5211.449</Dis>
    <Cta>12604</Cta>
    <CodSec>32</CodSec>
  </S>
  <S>
    <Calle>S.SEB</Calle>
    <Lat>32.912830</Lat>
    <Lon>60.867832</Lon>
    <Dis>9887.424</Dis>
    <Cta>12889</Cta>
    <CodSec>30</CodSec>
  </S>
  <S>
    <Calle>ArLUD</Calle>
    <Lat>32.925287</Lat>
    <Lon>60.763228</Lon>
    <Dis>8872.856</Dis>
    <Cta>13409</Cta>
    <CodSec>13</CodSec>
  </S>
  <S>
    <Calle>ROSAR</Calle>
    <Lat>32.939827</Lat>
    <Lon>60.671650</Lon>
    <Dis>0</Dis>
    <Cta>13943</Cta>
    <CodSec>13</CodSec>
  </S>
</Sector>