<?xml version="1.0" standalone="yes"?>
<Sector>
  <xs:schema id="Sector" xmlns="" xmlns:xs="http://www.w3.org/2001/XMLSchema" xmlns:msdata="urn:schemas-microsoft-com:xml-msdata">
    <xs:element name="Sector" msdata:IsDataSet="true" msdata:Locale="">
      <xs:complexType>
        <xs:choice minOccurs="0" maxOccurs="unbounded">
          <xs:element name="S" msdata:Locale="">
            <xs:complexType>
              <xs:sequence>
                <xs:element name="Calle" type="xs:string" minOccurs="0" />
                <xs:element name="Lat" type="xs:decimal" minOccurs="0" />
                <xs:element name="Lon" type="xs:decimal" minOccurs="0" />
                <xs:element name="Dis" type="xs:decimal" minOccurs="0" />
                <xs:element name="Cta" type="xs:int" minOccurs="0" />
                <xs:element name="CodSec" type="xs:int" minOccurs="0" />
              </xs:sequence>
            </xs:complexType>
          </xs:element>
        </xs:choice>
      </xs:complexType>
    </xs:element>
  </xs:schema>
  <S>
    <Calle>PARAN</Calle>
    <Lat>32.862529</Lat>
    <Lon>61.144785</Lon>
    <Dis>2362.148</Dis>
    <Cta>1</Cta>
    <CodSec>202</CodSec>
  </S>
  <S>
    <Calle>RUTA9</Calle>
    <Lat>32.860437</Lat>
    <Lon>61.161443</Lon>
    <Dis>3512.180</Dis>
    <Cta>120</Cta>
    <CodSec>202</CodSec>
  </S>
  <S>
    <Calle>RUT26</Calle>
    <Lat>32.867095</Lat>
    <Lon>61.124827</Lon>
    <Dis>12406.603</Dis>
    <Cta>310</Cta>
    <CodSec>202</CodSec>
  </S>
  <S>
    <Calle>PAR11</Calle>
    <Lat>32.958603</Lat>
    <Lon>61.163870</Lon>
    <Dis>11122.688</Dis>
    <Cta>883</Cta>
    <CodSec>119</CodSec>
  </S>
  <S>
    <Calle>ESPA?</Calle>
    <Lat>33.034454</Lat>
    <Lon>61.145806</Lon>
    <Dis>2317.159</Dis>
    <Cta>1318</Cta>
    <CodSec>121</CodSec>
  </S>
  <S>
    <Calle>CASIL</Calle>
    <Lat>33.042880</Lat>
    <Lon>61.165815</Lon>
    <Dis>1390.181</Dis>
    <Cta>1437</Cta>
    <CodSec>121</CodSec>
  </S>
  <S>
    <Calle>RUT33</Calle>
    <Lat>33.053176</Lat>
    <Lon>61.157654</Lon>
    <Dis>1026.266</Dis>
    <Cta>1510</Cta>
    <CodSec>121</CodSec>
  </S>
  <S>
    <Calle>9JULI</Calle>
    <Lat>33.048311</Lat>
    <Lon>61.148486</Lon>
    <Dis>4270.478</Dis>
    <Cta>1567</Cta>
    <CodSec>121</CodSec>
  </S>
  <S>
    <Calle>RU26P</Calle>
    <Lat>33.027462</Lat>
    <Lon>61.110224</Lon>
    <Dis>1273.472</Dis>
    <Cta>1754</Cta>
    <CodSec>121</CodSec>
  </S>
  <S>
    <Calle>PEA.E</Calle>
    <Lat>33.021266</Lat>
    <Lon>61.098886</Lon>
    <Dis>574.471</Dis>
    <Cta>1807</Cta>
    <CodSec>120</CodSec>
  </S>
  <S>
    <Calle>PEA.S</Calle>
    <Lat>33.018520</Lat>
    <Lon>61.093787</Lon>
    <Dis>3893.952</Dis>
    <Cta>1833</Cta>
    <CodSec>120</CodSec>
  </S>
  <S>
    <Calle>PUJ.E</Calle>
    <Lat>33.016639</Lat>
    <Lon>61.053090</Lon>
    <Dis>2276.877</Dis>
    <Cta>1985</Cta>
    <CodSec>120</CodSec>
  </S>
  <S>
    <Calle>PUJ.S</Calle>
    <Lat>33.016948</Lat>
    <Lon>61.028954</Lon>
    <Dis>11379.669</Dis>
    <Cta>2118</Cta>
    <CodSec>120</CodSec>
  </S>
  <S>
    <Calle>A012.</Calle>
    <Lat>33.018456</Lat>
    <Lon>60.907141</Lon>
    <Dis>2610.315</Dis>
    <Cta>2558</Cta>
    <CodSec>86</CodSec>
  </S>
  <S>
    <Calle>VRINO</Calle>
    <Lat>33.019048</Lat>
    <Lon>60.879315</Lon>
    <Dis>1707.945</Dis>
    <Cta>2688</Cta>
    <CodSec>86</CodSec>
  </S>
  <S>
    <Calle>ZAVA2</Calle>
    <Lat>33.018897</Lat>
    <Lon>60.861162</Lon>
    <Dis>5881.695</Dis>
    <Cta>2773</Cta>
    <CodSec>86</CodSec>
  </S>
  <S>
    <Calle>CURVA</Calle>
    <Lat>33.010293</Lat>
    <Lon>60.799519</Lon>
    <Dis>1311.303</Dis>
    <Cta>3021</Cta>
    <CodSec>85</CodSec>
  </S>
  <S>
    <Calle>AVELL</Calle>
    <Lat>33.005716</Lat>
    <Lon>60.786812</Lon>
    <Dis>2539.774</Dis>
    <Cta>3088</Cta>
    <CodSec>85</CodSec>
  </S>
  <S>
    <Calle>YPF</Calle>
    <Lat>32.995119</Lat>
    <Lon>60.764545</Lon>
    <Dis>2956.963</Dis>
    <Cta>3229</Cta>
    <CodSec>85</CodSec>
  </S>
  <S>
    <Calle>ESSO.</Calle>
    <Lat>32.981403</Lat>
    <Lon>60.737942</Lon>
    <Dis>2928.805</Dis>
    <Cta>3411</Cta>
    <CodSec>13</CodSec>
  </S>
  <S>
    <Calle>PUNID</Calle>
    <Lat>32.967994</Lat>
    <Lon>60.711312</Lon>
    <Dis>2016.267</Dis>
    <Cta>3565</Cta>
    <CodSec>13</CodSec>
  </S>
  <S>
    <Calle>FMORE</Calle>
    <Lat>32.958720</Lat>
    <Lon>60.692777</Lon>
    <Dis>1710.569</Dis>
    <Cta>3669</Cta>
    <CodSec>13</CodSec>
  </S>
  <S>
    <Calle>PELLE</Calle>
    <Lat>32.950147</Lat>
    <Lon>60.681843</Lon>
    <Dis>1240.213</Dis>
    <Cta>3764</Cta>
    <CodSec>13</CodSec>
  </S>
  <S>
    <Calle>CORDO</Calle>
    <Lat>32.939279</Lat>
    <Lon>60.679100</Lon>
    <Dis>924.989</Dis>
    <Cta>3829</Cta>
    <CodSec>13</CodSec>
  </S>
  <S>
    <Calle>ROSAR</Calle>
    <Lat>32.939649</Lat>
    <Lon>60.672439</Lon>
    <Dis>0</Dis>
    <Cta>3911</Cta>
    <CodSec>81</CodSec>
  </S>
</Sector>