<?xml version="1.0" standalone="yes"?>
<Sector>
  <xs:schema id="Sector" xmlns="" xmlns:xs="http://www.w3.org/2001/XMLSchema" xmlns:msdata="urn:schemas-microsoft-com:xml-msdata">
    <xs:element name="Sector" msdata:IsDataSet="true" msdata:Locale="">
      <xs:complexType>
        <xs:choice minOccurs="0" maxOccurs="unbounded">
          <xs:element name="S" msdata:Locale="">
            <xs:complexType>
              <xs:sequence>
                <xs:element name="Calle" type="xs:string" minOccurs="0" />
                <xs:element name="Lat" type="xs:decimal" minOccurs="0" />
                <xs:element name="Lon" type="xs:decimal" minOccurs="0" />
                <xs:element name="Dis" type="xs:decimal" minOccurs="0" />
                <xs:element name="Cta" type="xs:int" minOccurs="0" />
                <xs:element name="CodSec" type="xs:int" minOccurs="0" />
              </xs:sequence>
            </xs:complexType>
          </xs:element>
        </xs:choice>
      </xs:complexType>
    </xs:element>
  </xs:schema>
  <S>
    <Calle>TECAS</Calle>
    <Lat>33.043056</Lat>
    <Lon>61.165944</Lon>
    <Dis>2303.700</Dis>
    <Cta>1</Cta>
    <CodSec>121</CodSec>
  </S>
  <S>
    <Calle>ESPA1</Calle>
    <Lat>33.034457</Lat>
    <Lon>61.145730</Lon>
    <Dis>11100.270</Dis>
    <Cta>84</Cta>
    <CodSec>121</CodSec>
  </S>
  <S>
    <Calle>P.11</Calle>
    <Lat>32.958584</Lat>
    <Lon>61.163859</Lon>
    <Dis>12284.070</Dis>
    <Cta>489</Cta>
    <CodSec>119</CodSec>
  </S>
  <S>
    <Calle>RUT26</Calle>
    <Lat>32.867437</Lat>
    <Lon>61.123321</Lon>
    <Dis>5759.250</Dis>
    <Cta>931</Cta>
    <CodSec>202</CodSec>
  </S>
  <S>
    <Calle>9DJUL</Calle>
    <Lat>32.862640</Lat>
    <Lon>61.148368</Lon>
    <Dis>0</Dis>
    <Cta>1137</Cta>
    <CodSec>202</CodSec>
  </S>
</Sector>