<?xml version="1.0" standalone="yes"?>
<Sector>
  <xs:schema id="Sector" xmlns="" xmlns:xs="http://www.w3.org/2001/XMLSchema" xmlns:msdata="urn:schemas-microsoft-com:xml-msdata">
    <xs:element name="Sector" msdata:IsDataSet="true" msdata:Locale="">
      <xs:complexType>
        <xs:choice minOccurs="0" maxOccurs="unbounded">
          <xs:element name="S" msdata:Locale="">
            <xs:complexType>
              <xs:sequence>
                <xs:element name="Calle" type="xs:string" minOccurs="0" />
                <xs:element name="Lat" type="xs:decimal" minOccurs="0" />
                <xs:element name="Lon" type="xs:decimal" minOccurs="0" />
                <xs:element name="Dis" type="xs:decimal" minOccurs="0" />
                <xs:element name="Cta" type="xs:int" minOccurs="0" />
                <xs:element name="CodSec" type="xs:int" minOccurs="0" />
              </xs:sequence>
            </xs:complexType>
          </xs:element>
        </xs:choice>
      </xs:complexType>
    </xs:element>
  </xs:schema>
  <S>
    <Calle>RIVD2</Calle>
    <Lat>32.862482</Lat>
    <Lon>61.149972</Lon>
    <Dis>3171.720</Dis>
    <Cta>1</Cta>
    <CodSec>202</CodSec>
  </S>
  <S>
    <Calle>RUT9-</Calle>
    <Lat>32.862761</Lat>
    <Lon>61.148384</Lon>
    <Dis>2260.460</Dis>
    <Cta>116</Cta>
    <CodSec>202</CodSec>
  </S>
  <S>
    <Calle>RUT26</Calle>
    <Lat>32.867094</Lat>
    <Lon>61.124827</Lon>
    <Dis>8902.280</Dis>
    <Cta>202</Cta>
    <CodSec>202</CodSec>
  </S>
  <S>
    <Calle>SJENT</Calle>
    <Lat>32.883628</Lat>
    <Lon>61.031641</Lon>
    <Dis>1992.950</Dis>
    <Cta>547</Cta>
    <CodSec>201</CodSec>
  </S>
  <S>
    <Calle>SJSAL</Calle>
    <Lat>32.885749</Lat>
    <Lon>61.019846</Lon>
    <Dis>7723.860</Dis>
    <Cta>620</Cta>
    <CodSec>201</CodSec>
  </S>
  <S>
    <Calle>CEME2</Calle>
    <Lat>32.900158</Lat>
    <Lon>60.938922</Lon>
    <Dis>2873.460</Dis>
    <Cta>916</Cta>
    <CodSec>32</CodSec>
  </S>
  <S>
    <Calle>URQU2</Calle>
    <Lat>32.905552</Lat>
    <Lon>60.908821</Lon>
    <Dis>3902.690</Dis>
    <Cta>1031</Cta>
    <CodSec>32</CodSec>
  </S>
  <S>
    <Calle>SBAST</Calle>
    <Lat>32.912854</Lat>
    <Lon>60.867930</Lon>
    <Dis>2306.510</Dis>
    <Cta>1191</Cta>
    <CodSec>30</CodSec>
  </S>
  <S>
    <Calle>JHER1</Calle>
    <Lat>32.916412</Lat>
    <Lon>60.843587</Lon>
    <Dis>2739.470</Dis>
    <Cta>1283</Cta>
    <CodSec>30</CodSec>
  </S>
  <S>
    <Calle>ELORZ</Calle>
    <Lat>32.920898</Lat>
    <Lon>60.814733</Lon>
    <Dis>934.760</Dis>
    <Cta>1398</Cta>
    <CodSec>30</CodSec>
  </S>
  <S>
    <Calle>CATAM</Calle>
    <Lat>32.922638</Lat>
    <Lon>60.804936</Lon>
    <Dis>3901.000</Dis>
    <Cta>1436</Cta>
    <CodSec>30</CodSec>
  </S>
  <S>
    <Calle>LUDUE</Calle>
    <Lat>32.925339</Lat>
    <Lon>60.763271</Lon>
    <Dis>2273.340</Dis>
    <Cta>1626</Cta>
    <CodSec>13</CodSec>
  </S>
  <S>
    <Calle>WILDE</Calle>
    <Lat>32.928343</Lat>
    <Lon>60.739346</Lon>
    <Dis>1136.640</Dis>
    <Cta>1722</Cta>
    <CodSec>13</CodSec>
  </S>
  <S>
    <Calle>DONAD</Calle>
    <Lat>32.930420</Lat>
    <Lon>60.727511</Lon>
    <Dis>1366.770</Dis>
    <Cta>1767</Cta>
    <CodSec>13</CodSec>
  </S>
  <S>
    <Calle>PUNI1</Calle>
    <Lat>32.932997</Lat>
    <Lon>60.713191</Lon>
    <Dis>1255.660</Dis>
    <Cta>1818</Cta>
    <CodSec>13</CodSec>
  </S>
  <S>
    <Calle>T.AGN</Calle>
    <Lat>32.935374</Lat>
    <Lon>60.700039</Lon>
    <Dis>1975.420</Dis>
    <Cta>1865</Cta>
    <CodSec>13</CodSec>
  </S>
  <S>
    <Calle>AVEL1</Calle>
    <Lat>32.939050</Lat>
    <Lon>60.679330</Lon>
    <Dis>789.200</Dis>
    <Cta>1940</Cta>
    <CodSec>13</CodSec>
  </S>
  <S>
    <Calle>CAFER</Calle>
    <Lat>32.940524</Lat>
    <Lon>60.671058</Lon>
    <Dis>2262.120</Dis>
    <Cta>1969</Cta>
    <CodSec>13</CodSec>
  </S>
  <S>
    <Calle>ORO?O</Calle>
    <Lat>32.948811</Lat>
    <Lon>60.654770</Lon>
    <Dis>1043.300</Dis>
    <Cta>2050</Cta>
    <CodSec>13</CodSec>
  </S>
  <S>
    <Calle>CORR1</Calle>
    <Lat>32.950712</Lat>
    <Lon>60.643821</Lon>
    <Dis>777.280</Dis>
    <Cta>2088</Cta>
    <CodSec>13</CodSec>
  </S>
  <S>
    <Calle>PELE1</Calle>
    <Lat>32.956624</Lat>
    <Lon>60.643636</Lon>
    <Dis>1649.160</Dis>
    <Cta>2118</Cta>
    <CodSec>13</CodSec>
  </S>
  <S>
    <Calle>MAIP1</Calle>
    <Lat>32.968053</Lat>
    <Lon>60.641549</Lon>
    <Dis>0</Dis>
    <Cta>2178</Cta>
    <CodSec>81</CodSec>
  </S>
</Sector>