<?xml version="1.0" standalone="yes"?>
<Sector>
  <xs:schema id="Sector" xmlns="" xmlns:xs="http://www.w3.org/2001/XMLSchema" xmlns:msdata="urn:schemas-microsoft-com:xml-msdata">
    <xs:element name="Sector" msdata:IsDataSet="true" msdata:Locale="">
      <xs:complexType>
        <xs:choice minOccurs="0" maxOccurs="unbounded">
          <xs:element name="S" msdata:Locale="">
            <xs:complexType>
              <xs:sequence>
                <xs:element name="Calle" type="xs:string" minOccurs="0" />
                <xs:element name="Lat" type="xs:decimal" minOccurs="0" />
                <xs:element name="Lon" type="xs:decimal" minOccurs="0" />
                <xs:element name="Dis" type="xs:decimal" minOccurs="0" />
                <xs:element name="Cta" type="xs:int" minOccurs="0" />
                <xs:element name="CodSec" type="xs:int" minOccurs="0" />
              </xs:sequence>
            </xs:complexType>
          </xs:element>
        </xs:choice>
      </xs:complexType>
    </xs:element>
  </xs:schema>
  <S>
    <Calle>MAIP1</Calle>
    <Lat>32.968263</Lat>
    <Lon>60.640272</Lon>
    <Dis>2256.160</Dis>
    <Cta>1</Cta>
    <CodSec>13</CodSec>
  </S>
  <S>
    <Calle>PELE2</Calle>
    <Lat>32.956672</Lat>
    <Lon>60.645093</Lon>
    <Dis>814.760</Dis>
    <Cta>86</Cta>
    <CodSec>13</CodSec>
  </S>
  <S>
    <Calle>SJUA1</Calle>
    <Lat>32.949501</Lat>
    <Lon>60.643296</Lon>
    <Dis>1607.280</Dis>
    <Cta>115</Cta>
    <CodSec>13</CodSec>
  </S>
  <S>
    <Calle>ORO?O</Calle>
    <Lat>32.942352</Lat>
    <Lon>60.652737</Lon>
    <Dis>1694.870</Dis>
    <Cta>178</Cta>
    <CodSec>13</CodSec>
  </S>
  <S>
    <Calle>CAFER</Calle>
    <Lat>32.939226</Lat>
    <Lon>60.670513</Lon>
    <Dis>773.900</Dis>
    <Cta>238</Cta>
    <CodSec>13</CodSec>
  </S>
  <S>
    <Calle>AVEL1</Calle>
    <Lat>32.937765</Lat>
    <Lon>60.678621</Lon>
    <Dis>2494.620</Dis>
    <Cta>266</Cta>
    <CodSec>13</CodSec>
  </S>
  <S>
    <Calle>FMORE</Calle>
    <Lat>32.948027</Lat>
    <Lon>60.693436</Lon>
    <Dis>2486.290</Dis>
    <Cta>363</Cta>
    <CodSec>13</CodSec>
  </S>
  <S>
    <Calle>CIRCU</Calle>
    <Lat>32.948738</Lat>
    <Lon>60.720069</Lon>
    <Dis>16943.910</Dis>
    <Cta>454</Cta>
    <CodSec>81</CodSec>
  </S>
  <S>
    <Calle>A012</Calle>
    <Lat>32.927159</Lat>
    <Lon>60.896717</Lon>
    <Dis>2262.290</Dis>
    <Cta>1109</Cta>
    <CodSec>32</CodSec>
  </S>
  <S>
    <Calle>RUT9-</Calle>
    <Lat>32.908134</Lat>
    <Lon>60.894898</Lon>
    <Dis>4181.590</Dis>
    <Cta>1200</Cta>
    <CodSec>32</CodSec>
  </S>
  <S>
    <Calle>CEME2</Calle>
    <Lat>32.900178</Lat>
    <Lon>60.938563</Lon>
    <Dis>7756.800</Dis>
    <Cta>1352</Cta>
    <CodSec>201</CodSec>
  </S>
  <S>
    <Calle>SJENT</Calle>
    <Lat>32.885718</Lat>
    <Lon>61.019837</Lon>
    <Dis>1982.260</Dis>
    <Cta>1634</Cta>
    <CodSec>201</CodSec>
  </S>
  <S>
    <Calle>SJSAL</Calle>
    <Lat>32.883577</Lat>
    <Lon>61.031626</Lon>
    <Dis>8745.600</Dis>
    <Cta>1712</Cta>
    <CodSec>201</CodSec>
  </S>
  <S>
    <Calle>RUT26</Calle>
    <Lat>32.867304</Lat>
    <Lon>61.123159</Lon>
    <Dis>2090.710</Dis>
    <Cta>2042</Cta>
    <CodSec>202</CodSec>
  </S>
  <S>
    <Calle>9DJUL</Calle>
    <Lat>32.863403</Lat>
    <Lon>61.145054</Lon>
    <Dis>2417.540</Dis>
    <Cta>2118</Cta>
    <CodSec>202</CodSec>
  </S>
  <S>
    <Calle>IMALV</Calle>
    <Lat>32.860472</Lat>
    <Lon>61.161453</Lon>
    <Dis>1625.630</Dis>
    <Cta>2206</Cta>
    <CodSec>202</CodSec>
  </S>
  <S>
    <Calle>A.CAR</Calle>
    <Lat>32.857842</Lat>
    <Lon>61.178537</Lon>
    <Dis>5788.180</Dis>
    <Cta>2268</Cta>
    <CodSec>203</CodSec>
  </S>
  <S>
    <Calle>E.CO1</Calle>
    <Lat>32.853826</Lat>
    <Lon>61.240311</Lon>
    <Dis>3640.020</Dis>
    <Cta>2491</Cta>
    <CodSec>203</CodSec>
  </S>
  <S>
    <Calle>CORRE</Calle>
    <Lat>32.850282</Lat>
    <Lon>61.265502</Lon>
    <Dis>0</Dis>
    <Cta>2648</Cta>
    <CodSec>203</CodSec>
  </S>
</Sector>