<?xml version="1.0" standalone="yes"?>
<Sector>
  <xs:schema id="Sector" xmlns="" xmlns:xs="http://www.w3.org/2001/XMLSchema" xmlns:msdata="urn:schemas-microsoft-com:xml-msdata">
    <xs:element name="Sector" msdata:IsDataSet="true" msdata:Locale="">
      <xs:complexType>
        <xs:choice minOccurs="0" maxOccurs="unbounded">
          <xs:element name="S" msdata:Locale="">
            <xs:complexType>
              <xs:sequence>
                <xs:element name="Calle" type="xs:string" minOccurs="0" />
                <xs:element name="Lat" type="xs:decimal" minOccurs="0" />
                <xs:element name="Lon" type="xs:decimal" minOccurs="0" />
                <xs:element name="Dis" type="xs:decimal" minOccurs="0" />
                <xs:element name="Cta" type="xs:int" minOccurs="0" />
                <xs:element name="CodSec" type="xs:int" minOccurs="0" />
              </xs:sequence>
            </xs:complexType>
          </xs:element>
        </xs:choice>
      </xs:complexType>
    </xs:element>
  </xs:schema>
  <S>
    <Calle>GOMEZ</Calle>
    <Lat>32.812347</Lat>
    <Lon>61.396641</Lon>
    <Dis>2749.570</Dis>
    <Cta>1</Cta>
    <CodSec>204</CodSec>
  </S>
  <S>
    <Calle>CDASA</Calle>
    <Lat>32.805607</Lat>
    <Lon>61.421461</Lon>
    <Dis>11716.490</Dis>
    <Cta>100</Cta>
    <CodSec>204</CodSec>
  </S>
  <S>
    <Calle>R.178</Calle>
    <Lat>32.784519</Lat>
    <Lon>61.544271</Lon>
    <Dis>7189.510</Dis>
    <Cta>498</Cta>
    <CodSec>205</CodSec>
  </S>
  <S>
    <Calle>ARMST</Calle>
    <Lat>32.785718</Lat>
    <Lon>61.603334</Lon>
    <Dis>18446.650</Dis>
    <Cta>749</Cta>
    <CodSec>220</CodSec>
  </S>
  <S>
    <Calle>PAREJ</Calle>
    <Lat>32.682018</Lat>
    <Lon>61.520743</Lon>
    <Dis>0</Dis>
    <Cta>1391</Cta>
    <CodSec>206</CodSec>
  </S>
</Sector>