<?xml version="1.0" standalone="yes"?>
<Sector>
  <xs:schema id="Sector" xmlns="" xmlns:xs="http://www.w3.org/2001/XMLSchema" xmlns:msdata="urn:schemas-microsoft-com:xml-msdata">
    <xs:element name="Sector" msdata:IsDataSet="true" msdata:Locale="">
      <xs:complexType>
        <xs:choice minOccurs="0" maxOccurs="unbounded">
          <xs:element name="S" msdata:Locale="">
            <xs:complexType>
              <xs:sequence>
                <xs:element name="Calle" type="xs:string" minOccurs="0" />
                <xs:element name="Lat" type="xs:decimal" minOccurs="0" />
                <xs:element name="Lon" type="xs:decimal" minOccurs="0" />
                <xs:element name="Dis" type="xs:decimal" minOccurs="0" />
                <xs:element name="Cta" type="xs:int" minOccurs="0" />
                <xs:element name="CodSec" type="xs:int" minOccurs="0" />
              </xs:sequence>
            </xs:complexType>
          </xs:element>
        </xs:choice>
      </xs:complexType>
    </xs:element>
  </xs:schema>
  <S>
    <Calle>CIRCU</Calle>
    <Lat>32.671578</Lat>
    <Lon>60.882228</Lon>
    <Dis>8787.651</Dis>
    <Cta>1</Cta>
    <CodSec>21</CodSec>
  </S>
  <S>
    <Calle>CRUCE</Calle>
    <Lat>32.638916</Lat>
    <Lon>60.814431</Lon>
    <Dis>4469.783</Dis>
    <Cta>583</Cta>
    <CodSec>19</CodSec>
  </S>
  <S>
    <Calle>TRENE</Calle>
    <Lat>32.672326</Lat>
    <Lon>60.788708</Lon>
    <Dis>2556.727</Dis>
    <Cta>813</Cta>
    <CodSec>19</CodSec>
  </S>
  <S>
    <Calle>VIAS.</Calle>
    <Lat>32.691481</Lat>
    <Lon>60.773883</Lon>
    <Dis>5962.031</Dis>
    <Cta>928</Cta>
    <CodSec>18</CodSec>
  </S>
  <S>
    <Calle>P.PSM</Calle>
    <Lat>32.720607</Lat>
    <Lon>60.731847</Lon>
    <Dis>1954.590</Dis>
    <Cta>1344</Cta>
    <CodSec>17</CodSec>
  </S>
  <S>
    <Calle>FALUC</Calle>
    <Lat>32.737905</Lat>
    <Lon>60.733951</Lon>
    <Dis>2013.641</Dis>
    <Cta>1483</Cta>
    <CodSec>17</CodSec>
  </S>
  <S>
    <Calle>BORGH</Calle>
    <Lat>32.755892</Lat>
    <Lon>60.734397</Lon>
    <Dis>1351.883</Dis>
    <Cta>1612</Cta>
    <CodSec>17</CodSec>
  </S>
  <S>
    <Calle>A012</Calle>
    <Lat>32.767443</Lat>
    <Lon>60.731714</Lon>
    <Dis>2476.844</Dis>
    <Cta>1720</Cta>
    <CodSec>17</CodSec>
  </S>
  <S>
    <Calle>AuSFE</Calle>
    <Lat>32.769014</Lat>
    <Lon>60.750597</Lon>
    <Dis>13484.652</Dis>
    <Cta>1892</Cta>
    <CodSec>17</CodSec>
  </S>
  <S>
    <Calle>MAKRO</Calle>
    <Lat>32.881533</Lat>
    <Lon>60.712195</Lon>
    <Dis>1474.788</Dis>
    <Cta>2540</Cta>
    <CodSec>13</CodSec>
  </S>
  <S>
    <Calle>BAIGO</Calle>
    <Lat>32.893748</Lat>
    <Lon>60.706493</Lon>
    <Dis>1960.047</Dis>
    <Cta>2628</Cta>
    <CodSec>13</CodSec>
  </S>
  <S>
    <Calle>SORRE</Calle>
    <Lat>32.907128</Lat>
    <Lon>60.696012</Lon>
    <Dis>3248.482</Dis>
    <Cta>2741</Cta>
    <CodSec>13</CodSec>
  </S>
  <S>
    <Calle>AVELL</Calle>
    <Lat>32.928829</Lat>
    <Lon>60.676693</Lon>
    <Dis>913.690</Dis>
    <Cta>2944</Cta>
    <CodSec>13</CodSec>
  </S>
  <S>
    <Calle>SLORE</Calle>
    <Lat>32.936765</Lat>
    <Lon>60.678598</Lon>
    <Dis>2060.873</Dis>
    <Cta>3004</Cta>
    <CodSec>13</CodSec>
  </S>
  <S>
    <Calle>AvFRA</Calle>
    <Lat>32.936852</Lat>
    <Lon>60.664530</Lon>
    <Dis>1448.674</Dis>
    <Cta>3128</Cta>
    <CodSec>13</CodSec>
  </S>
  <S>
    <Calle>ORO?O</Calle>
    <Lat>32.941388</Lat>
    <Lon>60.652971</Lon>
    <Dis>2462.439</Dis>
    <Cta>3212</Cta>
    <CodSec>13</CodSec>
  </S>
  <S>
    <Calle>PELLE</Calle>
    <Lat>32.956176</Lat>
    <Lon>60.646453</Lon>
    <Dis>919.697</Dis>
    <Cta>3356</Cta>
    <CodSec>13</CodSec>
  </S>
  <S>
    <Calle>LAPRI</Calle>
    <Lat>32.958012</Lat>
    <Lon>60.637082</Lon>
    <Dis>833.774</Dis>
    <Cta>3411</Cta>
    <CodSec>13</CodSec>
  </S>
  <S>
    <Calle>COLON</Calle>
    <Lat>32.959614</Lat>
    <Lon>60.628396</Lon>
    <Dis>1311.290</Dis>
    <Cta>3456</Cta>
    <CodSec>13</CodSec>
  </S>
  <S>
    <Calle>ESMER</Calle>
    <Lat>32.965993</Lat>
    <Lon>60.625597</Lon>
    <Dis>0</Dis>
    <Cta>3528</Cta>
    <CodSec>90</CodSec>
  </S>
</Sector>