<?xml version="1.0" standalone="yes"?>
<Sector>
  <xs:schema id="Sector" xmlns="" xmlns:xs="http://www.w3.org/2001/XMLSchema" xmlns:msdata="urn:schemas-microsoft-com:xml-msdata">
    <xs:element name="Sector" msdata:IsDataSet="true" msdata:Locale="">
      <xs:complexType>
        <xs:choice minOccurs="0" maxOccurs="unbounded">
          <xs:element name="S" msdata:Locale="">
            <xs:complexType>
              <xs:sequence>
                <xs:element name="Calle" type="xs:string" minOccurs="0" />
                <xs:element name="Lat" type="xs:decimal" minOccurs="0" />
                <xs:element name="Lon" type="xs:decimal" minOccurs="0" />
                <xs:element name="Dis" type="xs:decimal" minOccurs="0" />
                <xs:element name="Cta" type="xs:int" minOccurs="0" />
                <xs:element name="CodSec" type="xs:int" minOccurs="0" />
              </xs:sequence>
            </xs:complexType>
          </xs:element>
        </xs:choice>
      </xs:complexType>
    </xs:element>
  </xs:schema>
  <S>
    <Calle>SAVI1</Calle>
    <Lat>34.406905</Lat>
    <Lon>58.772792</Lon>
    <Dis>4090.670</Dis>
    <Cta>1</Cta>
    <CodSec>52</CodSec>
  </S>
  <S>
    <Calle>RA.PI</Calle>
    <Lat>34.441314</Lat>
    <Lon>58.782833</Lon>
    <Dis>1987.870</Dis>
    <Cta>146</Cta>
    <CodSec>39</CodSec>
  </S>
  <S>
    <Calle>P-5-1</Calle>
    <Lat>34.444799</Lat>
    <Lon>58.761701</Lon>
    <Dis>2695.030</Dis>
    <Cta>220</Cta>
    <CodSec>39</CodSec>
  </S>
  <S>
    <Calle>FON-1</Calle>
    <Lat>34.453388</Lat>
    <Lon>58.734257</Lon>
    <Dis>1402.730</Dis>
    <Cta>331</Cta>
    <CodSec>38</CodSec>
  </S>
  <S>
    <Calle>SKF-1</Calle>
    <Lat>34.457655</Lat>
    <Lon>58.719999</Lon>
    <Dis>1001.410</Dis>
    <Cta>383</Cta>
    <CodSec>38</CodSec>
  </S>
  <S>
    <Calle>PJE-1</Calle>
    <Lat>34.461093</Lat>
    <Lon>58.709918</Lon>
    <Dis>197.140</Dis>
    <Cta>418</Cta>
    <CodSec>37</CodSec>
  </S>
  <S>
    <Calle>PJE-2</Calle>
    <Lat>34.461639</Lat>
    <Lon>58.707875</Lon>
    <Dis>4085.320</Dis>
    <Cta>427</Cta>
    <CodSec>37</CodSec>
  </S>
  <S>
    <Calle>197-1</Calle>
    <Lat>34.474686</Lat>
    <Lon>58.666373</Lon>
    <Dis>1184.250</Dis>
    <Cta>580</Cta>
    <CodSec>36</CodSec>
  </S>
  <S>
    <Calle>197-2</Calle>
    <Lat>34.477959</Lat>
    <Lon>58.654082</Lon>
    <Dis>3423.400</Dis>
    <Cta>625</Cta>
    <CodSec>36</CodSec>
  </S>
  <S>
    <Calle>202-1</Calle>
    <Lat>34.485042</Lat>
    <Lon>58.617773</Lon>
    <Dis>950.730</Dis>
    <Cta>741</Cta>
    <CodSec>14</CodSec>
  </S>
  <S>
    <Calle>202-2</Calle>
    <Lat>34.486438</Lat>
    <Lon>58.607539</Lon>
    <Dis>2106.270</Dis>
    <Cta>773</Cta>
    <CodSec>14</CodSec>
  </S>
  <S>
    <Calle>BOULO</Calle>
    <Lat>34.488237</Lat>
    <Lon>58.584682</Lon>
    <Dis>1831.080</Dis>
    <Cta>846</Cta>
    <CodSec>14</CodSec>
  </S>
  <S>
    <Calle>J.S.M</Calle>
    <Lat>34.491513</Lat>
    <Lon>58.565263</Lon>
    <Dis>951.850</Dis>
    <Cta>913</Cta>
    <CodSec>14</CodSec>
  </S>
  <S>
    <Calle>MAR 1</Calle>
    <Lat>34.495264</Lat>
    <Lon>58.555937</Lon>
    <Dis>1413.720</Dis>
    <Cta>948</Cta>
    <CodSec>13</CodSec>
  </S>
  <S>
    <Calle>THS-1</Calle>
    <Lat>34.502137</Lat>
    <Lon>58.543039</Lon>
    <Dis>979.770</Dis>
    <Cta>999</Cta>
    <CodSec>13</CodSec>
  </S>
  <S>
    <Calle>EDIS</Calle>
    <Lat>34.506626</Lat>
    <Lon>58.533840</Lon>
    <Dis>4095.840</Dis>
    <Cta>1032</Cta>
    <CodSec>12</CodSec>
  </S>
  <S>
    <Calle>AV.SM</Calle>
    <Lat>34.533257</Lat>
    <Lon>58.504131</Lon>
    <Dis>3265.620</Dis>
    <Cta>1177</Cta>
    <CodSec>11</CodSec>
  </S>
  <S>
    <Calle>ZAPIO</Calle>
    <Lat>34.541931</Lat>
    <Lon>58.481160</Lon>
    <Dis>830.620</Dis>
    <Cta>1298</Cta>
    <CodSec>11</CodSec>
  </S>
  <S>
    <Calle>SAAVE</Calle>
    <Lat>34.537503</Lat>
    <Lon>58.475619</Lon>
    <Dis>0</Dis>
    <Cta>1331</Cta>
    <CodSec>1</CodSec>
  </S>
</Sector>