<?xml version="1.0" standalone="yes"?>
<Sector>
  <xs:schema id="Sector" xmlns="" xmlns:xs="http://www.w3.org/2001/XMLSchema" xmlns:msdata="urn:schemas-microsoft-com:xml-msdata">
    <xs:element name="Sector" msdata:IsDataSet="true" msdata:Locale="">
      <xs:complexType>
        <xs:choice minOccurs="0" maxOccurs="unbounded">
          <xs:element name="S" msdata:Locale="">
            <xs:complexType>
              <xs:sequence>
                <xs:element name="Calle" type="xs:string" minOccurs="0" />
                <xs:element name="Lat" type="xs:decimal" minOccurs="0" />
                <xs:element name="Lon" type="xs:decimal" minOccurs="0" />
                <xs:element name="Dis" type="xs:decimal" minOccurs="0" />
                <xs:element name="Cta" type="xs:int" minOccurs="0" />
                <xs:element name="CodSec" type="xs:int" minOccurs="0" />
              </xs:sequence>
            </xs:complexType>
          </xs:element>
        </xs:choice>
      </xs:complexType>
    </xs:element>
  </xs:schema>
  <S>
    <Calle>SAAVE</Calle>
    <Lat>34.537791</Lat>
    <Lon>58.475410</Lon>
    <Dis>706.800</Dis>
    <Cta>1</Cta>
    <CodSec>1</CodSec>
  </S>
  <S>
    <Calle>ZAPIO</Calle>
    <Lat>34.540662</Lat>
    <Lon>58.480857</Lon>
    <Dis>2899.950</Dis>
    <Cta>30</Cta>
    <CodSec>1</CodSec>
  </S>
  <S>
    <Calle>AV.SM</Calle>
    <Lat>34.534432</Lat>
    <Lon>58.502923</Lon>
    <Dis>3854.580</Dis>
    <Cta>134</Cta>
    <CodSec>11</CodSec>
  </S>
  <S>
    <Calle>EDIS</Calle>
    <Lat>34.508301</Lat>
    <Lon>58.529606</Lon>
    <Dis>1392.320</Dis>
    <Cta>270</Cta>
    <CodSec>12</CodSec>
  </S>
  <S>
    <Calle>THAME</Calle>
    <Lat>34.501954</Lat>
    <Lon>58.542704</Lon>
    <Dis>1367.290</Dis>
    <Cta>320</Cta>
    <CodSec>12</CodSec>
  </S>
  <S>
    <Calle>MAR-2</Calle>
    <Lat>34.495328</Lat>
    <Lon>58.555218</Lon>
    <Dis>990.640</Dis>
    <Cta>370</Cta>
    <CodSec>13</CodSec>
  </S>
  <S>
    <Calle>J.S.M</Calle>
    <Lat>34.491388</Lat>
    <Lon>58.564888</Lon>
    <Dis>1876.130</Dis>
    <Cta>406</Cta>
    <CodSec>13</CodSec>
  </S>
  <S>
    <Calle>BOULO</Calle>
    <Lat>34.487953</Lat>
    <Lon>58.584770</Lon>
    <Dis>2183.550</Dis>
    <Cta>476</Cta>
    <CodSec>13</CodSec>
  </S>
  <S>
    <Calle>202-1</Calle>
    <Lat>34.486024</Lat>
    <Lon>58.608465</Lon>
    <Dis>4428.100</Dis>
    <Cta>557</Cta>
    <CodSec>14</CodSec>
  </S>
  <S>
    <Calle>197-1</Calle>
    <Lat>34.477308</Lat>
    <Lon>58.655540</Lon>
    <Dis>5122.440</Dis>
    <Cta>725</Cta>
    <CodSec>36</CodSec>
  </S>
  <S>
    <Calle>PJE-1</Calle>
    <Lat>34.461190</Lat>
    <Lon>58.707680</Lon>
    <Dis>195.920</Dis>
    <Cta>914</Cta>
    <CodSec>37</CodSec>
  </S>
  <S>
    <Calle>PJE-2</Calle>
    <Lat>34.460587</Lat>
    <Lon>58.709685</Lon>
    <Dis>769.950</Dis>
    <Cta>922</Cta>
    <CodSec>37</CodSec>
  </S>
  <S>
    <Calle>SKF-1</Calle>
    <Lat>34.458219</Lat>
    <Lon>58.717568</Lon>
    <Dis>1182.580</Dis>
    <Cta>950</Cta>
    <CodSec>37</CodSec>
  </S>
  <S>
    <Calle>FON-1</Calle>
    <Lat>34.454377</Lat>
    <Lon>58.729594</Lon>
    <Dis>1649.420</Dis>
    <Cta>994</Cta>
    <CodSec>38</CodSec>
  </S>
  <S>
    <Calle>P.G-1</Calle>
    <Lat>34.449026</Lat>
    <Lon>58.746373</Lon>
    <Dis>1463.740</Dis>
    <Cta>1058</Cta>
    <CodSec>38</CodSec>
  </S>
  <S>
    <Calle>P-5-1</Calle>
    <Lat>34.444641</Lat>
    <Lon>58.761416</Lon>
    <Dis>1806.820</Dis>
    <Cta>1114</Cta>
    <CodSec>38</CodSec>
  </S>
  <S>
    <Calle>RU.26</Calle>
    <Lat>34.440979</Lat>
    <Lon>58.780606</Lon>
    <Dis>4177.660</Dis>
    <Cta>1180</Cta>
    <CodSec>39</CodSec>
  </S>
  <S>
    <Calle>SAVI1</Calle>
    <Lat>34.406906</Lat>
    <Lon>58.772795</Lon>
    <Dis>0</Dis>
    <Cta>1324</Cta>
    <CodSec>52</CodSec>
  </S>
</Sector>