<?xml version="1.0" standalone="yes"?>
<Sector>
  <xs:schema id="Sector" xmlns="" xmlns:xs="http://www.w3.org/2001/XMLSchema" xmlns:msdata="urn:schemas-microsoft-com:xml-msdata">
    <xs:element name="Sector" msdata:IsDataSet="true" msdata:Locale="">
      <xs:complexType>
        <xs:choice minOccurs="0" maxOccurs="unbounded">
          <xs:element name="S" msdata:Locale="">
            <xs:complexType>
              <xs:sequence>
                <xs:element name="Calle" type="xs:string" minOccurs="0" />
                <xs:element name="Lat" type="xs:decimal" minOccurs="0" />
                <xs:element name="Lon" type="xs:decimal" minOccurs="0" />
                <xs:element name="Dis" type="xs:decimal" minOccurs="0" />
                <xs:element name="Cta" type="xs:int" minOccurs="0" />
                <xs:element name="CodSec" type="xs:int" minOccurs="0" />
              </xs:sequence>
            </xs:complexType>
          </xs:element>
        </xs:choice>
      </xs:complexType>
    </xs:element>
  </xs:schema>
  <S>
    <Calle>SAVI1</Calle>
    <Lat>34.406904</Lat>
    <Lon>58.772797</Lon>
    <Dis>4090.440</Dis>
    <Cta>1</Cta>
    <CodSec>52</CodSec>
  </S>
  <S>
    <Calle>RA.PI</Calle>
    <Lat>34.441314</Lat>
    <Lon>58.782833</Lon>
    <Dis>2101.170</Dis>
    <Cta>146</Cta>
    <CodSec>39</CodSec>
  </S>
  <S>
    <Calle>P-5-1</Calle>
    <Lat>34.444851</Lat>
    <Lon>58.761718</Lon>
    <Dis>1040.680</Dis>
    <Cta>226</Cta>
    <CodSec>39</CodSec>
  </S>
  <S>
    <Calle>P.G-1</Calle>
    <Lat>34.447830</Lat>
    <Lon>58.750976</Lon>
    <Dis>412.820</Dis>
    <Cta>268</Cta>
    <CodSec>39</CodSec>
  </S>
  <S>
    <Calle>P.G-2</Calle>
    <Lat>34.449111</Lat>
    <Lon>58.746973</Lon>
    <Dis>1261.190</Dis>
    <Cta>293</Cta>
    <CodSec>39</CodSec>
  </S>
  <S>
    <Calle>FON-1</Calle>
    <Lat>34.453388</Lat>
    <Lon>58.734256</Lon>
    <Dis>386.350</Dis>
    <Cta>341</Cta>
    <CodSec>38</CodSec>
  </S>
  <S>
    <Calle>FON-2</Calle>
    <Lat>34.454425</Lat>
    <Lon>58.730368</Lon>
    <Dis>1017.650</Dis>
    <Cta>357</Cta>
    <CodSec>38</CodSec>
  </S>
  <S>
    <Calle>SKF-1</Calle>
    <Lat>34.457730</Lat>
    <Lon>58.720028</Lon>
    <Dis>330.620</Dis>
    <Cta>394</Cta>
    <CodSec>38</CodSec>
  </S>
  <S>
    <Calle>SKF-2</Calle>
    <Lat>34.458512</Lat>
    <Lon>58.717468</Lon>
    <Dis>750.850</Dis>
    <Cta>408</Cta>
    <CodSec>38</CodSec>
  </S>
  <S>
    <Calle>PJE-1</Calle>
    <Lat>34.461093</Lat>
    <Lon>58.709919</Lon>
    <Dis>197.170</Dis>
    <Cta>435</Cta>
    <CodSec>37</CodSec>
  </S>
  <S>
    <Calle>PJE-2</Calle>
    <Lat>34.461639</Lat>
    <Lon>58.707875</Lon>
    <Dis>4085.360</Dis>
    <Cta>444</Cta>
    <CodSec>37</CodSec>
  </S>
  <S>
    <Calle>197-1</Calle>
    <Lat>34.474686</Lat>
    <Lon>58.666374</Lon>
    <Dis>1184.170</Dis>
    <Cta>595</Cta>
    <CodSec>36</CodSec>
  </S>
  <S>
    <Calle>197-2</Calle>
    <Lat>34.477958</Lat>
    <Lon>58.654082</Lon>
    <Dis>3423.490</Dis>
    <Cta>638</Cta>
    <CodSec>36</CodSec>
  </S>
  <S>
    <Calle>202-1</Calle>
    <Lat>34.485042</Lat>
    <Lon>58.617772</Lon>
    <Dis>950.720</Dis>
    <Cta>754</Cta>
    <CodSec>14</CodSec>
  </S>
  <S>
    <Calle>202-2</Calle>
    <Lat>34.486438</Lat>
    <Lon>58.607539</Lon>
    <Dis>2106.440</Dis>
    <Cta>787</Cta>
    <CodSec>14</CodSec>
  </S>
  <S>
    <Calle>BOULO</Calle>
    <Lat>34.488237</Lat>
    <Lon>58.584682</Lon>
    <Dis>1841.350</Dis>
    <Cta>860</Cta>
    <CodSec>14</CodSec>
  </S>
  <S>
    <Calle>J.S.M</Calle>
    <Lat>34.491705</Lat>
    <Lon>58.565296</Lon>
    <Dis>937.830</Dis>
    <Cta>928</Cta>
    <CodSec>14</CodSec>
  </S>
  <S>
    <Calle>MAR 1</Calle>
    <Lat>34.495906</Lat>
    <Lon>58.556676</Lon>
    <Dis>1459.220</Dis>
    <Cta>964</Cta>
    <CodSec>13</CodSec>
  </S>
  <S>
    <Calle>THS-1</Calle>
    <Lat>34.502292</Lat>
    <Lon>58.543119</Lon>
    <Dis>976.490</Dis>
    <Cta>1014</Cta>
    <CodSec>13</CodSec>
  </S>
  <S>
    <Calle>EDIS</Calle>
    <Lat>34.506731</Lat>
    <Lon>58.533933</Lon>
    <Dis>4092.900</Dis>
    <Cta>1049</Cta>
    <CodSec>12</CodSec>
  </S>
  <S>
    <Calle>AV.SM</Calle>
    <Lat>34.533344</Lat>
    <Lon>58.504398</Lon>
    <Dis>3275.190</Dis>
    <Cta>1197</Cta>
    <CodSec>11</CodSec>
  </S>
  <S>
    <Calle>ZAPIO</Calle>
    <Lat>34.541931</Lat>
    <Lon>58.481159</Lon>
    <Dis>830.560</Dis>
    <Cta>1318</Cta>
    <CodSec>11</CodSec>
  </S>
  <S>
    <Calle>SAAVE</Calle>
    <Lat>34.537503</Lat>
    <Lon>58.475619</Lon>
    <Dis>0</Dis>
    <Cta>1351</Cta>
    <CodSec>1</CodSec>
  </S>
</Sector>