<?xml version="1.0" standalone="yes"?>
<Sector>
  <xs:schema id="Sector" xmlns="" xmlns:xs="http://www.w3.org/2001/XMLSchema" xmlns:msdata="urn:schemas-microsoft-com:xml-msdata">
    <xs:element name="Sector" msdata:IsDataSet="true" msdata:Locale="">
      <xs:complexType>
        <xs:choice minOccurs="0" maxOccurs="unbounded">
          <xs:element name="S" msdata:Locale="">
            <xs:complexType>
              <xs:sequence>
                <xs:element name="Calle" type="xs:string" minOccurs="0" />
                <xs:element name="Lat" type="xs:decimal" minOccurs="0" />
                <xs:element name="Lon" type="xs:decimal" minOccurs="0" />
                <xs:element name="Dis" type="xs:decimal" minOccurs="0" />
                <xs:element name="Cta" type="xs:int" minOccurs="0" />
                <xs:element name="CodSec" type="xs:int" minOccurs="0" />
              </xs:sequence>
            </xs:complexType>
          </xs:element>
        </xs:choice>
      </xs:complexType>
    </xs:element>
  </xs:schema>
  <S>
    <Calle>CARCA</Calle>
    <Lat>32.862518</Lat>
    <Lon>61.150294</Lon>
    <Dis>3198.029</Dis>
    <Cta>1</Cta>
    <CodSec>202</CodSec>
  </S>
  <S>
    <Calle>RUTA9</Calle>
    <Lat>32.862716</Lat>
    <Lon>61.148373</Lon>
    <Dis>2277.525</Dis>
    <Cta>191</Cta>
    <CodSec>202</CodSec>
  </S>
  <S>
    <Calle>RUT26</Calle>
    <Lat>32.867094</Lat>
    <Lon>61.124827</Lon>
    <Dis>8918.670</Dis>
    <Cta>315</Cta>
    <CodSec>202</CodSec>
  </S>
  <S>
    <Calle>SJER1</Calle>
    <Lat>32.883628</Lat>
    <Lon>61.031641</Lon>
    <Dis>2034.617</Dis>
    <Cta>687</Cta>
    <CodSec>201</CodSec>
  </S>
  <S>
    <Calle>SJER2</Calle>
    <Lat>32.885749</Lat>
    <Lon>61.019846</Lon>
    <Dis>7745.268</Dis>
    <Cta>811</Cta>
    <CodSec>201</CodSec>
  </S>
  <S>
    <Calle>CEM.R</Calle>
    <Lat>32.900158</Lat>
    <Lon>60.938922</Lon>
    <Dis>2903.014</Dis>
    <Cta>1106</Cta>
    <CodSec>32</CodSec>
  </S>
  <S>
    <Calle>URQUI</Calle>
    <Lat>32.905534</Lat>
    <Lon>60.908692</Lon>
    <Dis>3928.273</Dis>
    <Cta>1246</Cta>
    <CodSec>32</CodSec>
  </S>
  <S>
    <Calle>S.SEB</Calle>
    <Lat>32.912825</Lat>
    <Lon>60.867850</Lon>
    <Dis>2306.667</Dis>
    <Cta>1504</Cta>
    <CodSec>30</CodSec>
  </S>
  <S>
    <Calle>HERNA</Calle>
    <Lat>32.916367</Lat>
    <Lon>60.843587</Lon>
    <Dis>2740.136</Dis>
    <Cta>1634</Cta>
    <CodSec>30</CodSec>
  </S>
  <S>
    <Calle>ELORZ</Calle>
    <Lat>32.920812</Lat>
    <Lon>60.814824</Lon>
    <Dis>952.115</Dis>
    <Cta>1794</Cta>
    <CodSec>30</CodSec>
  </S>
  <S>
    <Calle>CATAM</Calle>
    <Lat>32.922606</Lat>
    <Lon>60.804920</Lon>
    <Dis>3909.199</Dis>
    <Cta>1854</Cta>
    <CodSec>30</CodSec>
  </S>
  <S>
    <Calle>ArLUD</Calle>
    <Lat>32.925285</Lat>
    <Lon>60.763314</Lon>
    <Dis>2282.974</Dis>
    <Cta>2081</Cta>
    <CodSec>13</CodSec>
  </S>
  <S>
    <Calle>WILDE</Calle>
    <Lat>32.928343</Lat>
    <Lon>60.739346</Lon>
    <Dis>1151.374</Dis>
    <Cta>2214</Cta>
    <CodSec>13</CodSec>
  </S>
  <S>
    <Calle>DONAD</Calle>
    <Lat>32.930420</Lat>
    <Lon>60.727511</Lon>
    <Dis>1373.575</Dis>
    <Cta>2310</Cta>
    <CodSec>13</CodSec>
  </S>
  <S>
    <Calle>PUNID</Calle>
    <Lat>32.932997</Lat>
    <Lon>60.713191</Lon>
    <Dis>1263.736</Dis>
    <Cta>2394</Cta>
    <CodSec>13</CodSec>
  </S>
  <S>
    <Calle>AGNET</Calle>
    <Lat>32.935374</Lat>
    <Lon>60.700039</Lon>
    <Dis>1984.193</Dis>
    <Cta>2474</Cta>
    <CodSec>13</CodSec>
  </S>
  <S>
    <Calle>AVELL</Calle>
    <Lat>32.939050</Lat>
    <Lon>60.679330</Lon>
    <Dis>792.930</Dis>
    <Cta>2592</Cta>
    <CodSec>13</CodSec>
  </S>
  <S>
    <Calle>CAFFE</Calle>
    <Lat>32.940524</Lat>
    <Lon>60.671058</Lon>
    <Dis>2285.384</Dis>
    <Cta>2642</Cta>
    <CodSec>13</CodSec>
  </S>
  <S>
    <Calle>ORO?O</Calle>
    <Lat>32.948811</Lat>
    <Lon>60.654770</Lon>
    <Dis>1051.442</Dis>
    <Cta>2767</Cta>
    <CodSec>13</CodSec>
  </S>
  <S>
    <Calle>CORRI</Calle>
    <Lat>32.950712</Lat>
    <Lon>60.643821</Lon>
    <Dis>803.185</Dis>
    <Cta>2824</Cta>
    <CodSec>13</CodSec>
  </S>
  <S>
    <Calle>PELLE</Calle>
    <Lat>32.956624</Lat>
    <Lon>60.643636</Lon>
    <Dis>1714.288</Dis>
    <Cta>2871</Cta>
    <CodSec>13</CodSec>
  </S>
  <S>
    <Calle>MAIPU</Calle>
    <Lat>32.968073</Lat>
    <Lon>60.641008</Lon>
    <Dis>0</Dis>
    <Cta>2969</Cta>
    <CodSec>81</CodSec>
  </S>
</Sector>