<?xml version="1.0" standalone="yes"?>
<Sector>
  <xs:schema id="Sector" xmlns="" xmlns:xs="http://www.w3.org/2001/XMLSchema" xmlns:msdata="urn:schemas-microsoft-com:xml-msdata">
    <xs:element name="Sector" msdata:IsDataSet="true" msdata:Locale="">
      <xs:complexType>
        <xs:choice minOccurs="0" maxOccurs="unbounded">
          <xs:element name="S" msdata:Locale="">
            <xs:complexType>
              <xs:sequence>
                <xs:element name="Calle" type="xs:string" minOccurs="0" />
                <xs:element name="Lat" type="xs:decimal" minOccurs="0" />
                <xs:element name="Lon" type="xs:decimal" minOccurs="0" />
                <xs:element name="Dis" type="xs:decimal" minOccurs="0" />
                <xs:element name="Cta" type="xs:int" minOccurs="0" />
                <xs:element name="CodSec" type="xs:int" minOccurs="0" />
              </xs:sequence>
            </xs:complexType>
          </xs:element>
        </xs:choice>
      </xs:complexType>
    </xs:element>
  </xs:schema>
  <S>
    <Calle>CASIL</Calle>
    <Lat>33.042751</Lat>
    <Lon>61.165804</Lon>
    <Dis>2339.799</Dis>
    <Cta>1</Cta>
    <CodSec>121</CodSec>
  </S>
  <S>
    <Calle>ESPA?</Calle>
    <Lat>33.034457</Lat>
    <Lon>61.145730</Lon>
    <Dis>11112.025</Dis>
    <Cta>120</Cta>
    <CodSec>121</CodSec>
  </S>
  <S>
    <Calle>PAR11</Calle>
    <Lat>32.958584</Lat>
    <Lon>61.163859</Lon>
    <Dis>12292.458</Dis>
    <Cta>555</Cta>
    <CodSec>119</CodSec>
  </S>
  <S>
    <Calle>RUTA9</Calle>
    <Lat>32.867437</Lat>
    <Lon>61.123321</Lon>
    <Dis>5850.812</Dis>
    <Cta>1126</Cta>
    <CodSec>202</CodSec>
  </S>
  <S>
    <Calle>PARAN</Calle>
    <Lat>32.862791</Lat>
    <Lon>61.148368</Lon>
    <Dis>0</Dis>
    <Cta>1461</Cta>
    <CodSec>202</CodSec>
  </S>
</Sector>