<?xml version="1.0" standalone="yes"?>
<Sector>
  <xs:schema id="Sector" xmlns="" xmlns:xs="http://www.w3.org/2001/XMLSchema" xmlns:msdata="urn:schemas-microsoft-com:xml-msdata">
    <xs:element name="Sector" msdata:IsDataSet="true" msdata:Locale="">
      <xs:complexType>
        <xs:choice minOccurs="0" maxOccurs="unbounded">
          <xs:element name="S" msdata:Locale="">
            <xs:complexType>
              <xs:sequence>
                <xs:element name="Calle" type="xs:string" minOccurs="0" />
                <xs:element name="Lat" type="xs:decimal" minOccurs="0" />
                <xs:element name="Lon" type="xs:decimal" minOccurs="0" />
                <xs:element name="Dis" type="xs:decimal" minOccurs="0" />
                <xs:element name="Cta" type="xs:int" minOccurs="0" />
                <xs:element name="CodSec" type="xs:int" minOccurs="0" />
              </xs:sequence>
            </xs:complexType>
          </xs:element>
        </xs:choice>
      </xs:complexType>
    </xs:element>
  </xs:schema>
  <S>
    <Calle>CORRE</Calle>
    <Lat>32.850287</Lat>
    <Lon>61.265518</Lon>
    <Dis>3684.539</Dis>
    <Cta>1</Cta>
    <CodSec>203</CodSec>
  </S>
  <S>
    <Calle>CORR2</Calle>
    <Lat>32.853856</Lat>
    <Lon>61.240344</Lon>
    <Dis>5810.505</Dis>
    <Cta>211</Cta>
    <CodSec>203</CodSec>
  </S>
  <S>
    <Calle>ArCAR</Calle>
    <Lat>32.857855</Lat>
    <Lon>61.178545</Lon>
    <Dis>1635.982</Dis>
    <Cta>480</Cta>
    <CodSec>202</CodSec>
  </S>
  <S>
    <Calle>MALVI</Calle>
    <Lat>32.860530</Lat>
    <Lon>61.161491</Lon>
    <Dis>2133.238</Dis>
    <Cta>574</Cta>
    <CodSec>202</CodSec>
  </S>
  <S>
    <Calle>RUTA9</Calle>
    <Lat>32.862761</Lat>
    <Lon>61.148384</Lon>
    <Dis>2273.029</Dis>
    <Cta>692</Cta>
    <CodSec>202</CodSec>
  </S>
  <S>
    <Calle>RUT26</Calle>
    <Lat>32.867094</Lat>
    <Lon>61.124827</Lon>
    <Dis>8917.725</Dis>
    <Cta>816</Cta>
    <CodSec>202</CodSec>
  </S>
  <S>
    <Calle>SJER1</Calle>
    <Lat>32.883628</Lat>
    <Lon>61.031641</Lon>
    <Dis>2047.777</Dis>
    <Cta>1188</Cta>
    <CodSec>201</CodSec>
  </S>
  <S>
    <Calle>SJER2</Calle>
    <Lat>32.885723</Lat>
    <Lon>61.019850</Lon>
    <Dis>7741.517</Dis>
    <Cta>1312</Cta>
    <CodSec>201</CodSec>
  </S>
  <S>
    <Calle>CEM.R</Calle>
    <Lat>32.900126</Lat>
    <Lon>60.938904</Lon>
    <Dis>4100.758</Dis>
    <Cta>1607</Cta>
    <CodSec>32</CodSec>
  </S>
  <S>
    <Calle>A012.</Calle>
    <Lat>32.907848</Lat>
    <Lon>60.896141</Lon>
    <Dis>2165.995</Dis>
    <Cta>1820</Cta>
    <CodSec>32</CodSec>
  </S>
  <S>
    <Calle>AuCOR</Calle>
    <Lat>32.926492</Lat>
    <Lon>60.899931</Lon>
    <Dis>17246.167</Dis>
    <Cta>1951</Cta>
    <CodSec>30</CodSec>
  </S>
  <S>
    <Calle>CIRCU</Calle>
    <Lat>32.948995</Lat>
    <Lon>60.724897</Lon>
    <Dis>2931.327</Dis>
    <Cta>2871</Cta>
    <CodSec>30</CodSec>
  </S>
  <S>
    <Calle>FMORE</Calle>
    <Lat>32.948160</Lat>
    <Lon>60.693633</Lon>
    <Dis>2366.094</Dis>
    <Cta>3034</Cta>
    <CodSec>13</CodSec>
  </S>
  <S>
    <Calle>CORDO</Calle>
    <Lat>32.939264</Lat>
    <Lon>60.679153</Lon>
    <Dis>792.055</Dis>
    <Cta>3172</Cta>
    <CodSec>13</CodSec>
  </S>
  <S>
    <Calle>CAFFE</Calle>
    <Lat>32.940525</Lat>
    <Lon>60.671058</Lon>
    <Dis>2278.540</Dis>
    <Cta>3219</Cta>
    <CodSec>13</CodSec>
  </S>
  <S>
    <Calle>ORO?O</Calle>
    <Lat>32.948811</Lat>
    <Lon>60.654772</Lon>
    <Dis>1057.307</Dis>
    <Cta>3343</Cta>
    <CodSec>13</CodSec>
  </S>
  <S>
    <Calle>CORRI</Calle>
    <Lat>32.950745</Lat>
    <Lon>60.643769</Lon>
    <Dis>776.535</Dis>
    <Cta>3399</Cta>
    <CodSec>13</CodSec>
  </S>
  <S>
    <Calle>PELLE</Calle>
    <Lat>32.956524</Lat>
    <Lon>60.643574</Lon>
    <Dis>1816.839</Dis>
    <Cta>3446</Cta>
    <CodSec>13</CodSec>
  </S>
  <S>
    <Calle>MAIPU</Calle>
    <Lat>32.968230</Lat>
    <Lon>60.640259</Lon>
    <Dis>0</Dis>
    <Cta>3547</Cta>
    <CodSec>81</CodSec>
  </S>
</Sector>