<?xml version="1.0" standalone="yes"?>
<Sector>
  <xs:schema id="Sector" xmlns="" xmlns:xs="http://www.w3.org/2001/XMLSchema" xmlns:msdata="urn:schemas-microsoft-com:xml-msdata">
    <xs:element name="Sector" msdata:IsDataSet="true" msdata:Locale="">
      <xs:complexType>
        <xs:choice minOccurs="0" maxOccurs="unbounded">
          <xs:element name="S" msdata:Locale="">
            <xs:complexType>
              <xs:sequence>
                <xs:element name="Calle" type="xs:string" minOccurs="0" />
                <xs:element name="Lat" type="xs:decimal" minOccurs="0" />
                <xs:element name="Lon" type="xs:decimal" minOccurs="0" />
                <xs:element name="Dis" type="xs:decimal" minOccurs="0" />
                <xs:element name="Cta" type="xs:int" minOccurs="0" />
                <xs:element name="CodSec" type="xs:int" minOccurs="0" />
              </xs:sequence>
            </xs:complexType>
          </xs:element>
        </xs:choice>
      </xs:complexType>
    </xs:element>
  </xs:schema>
  <S>
    <Calle>P.SOL</Calle>
    <Lat>32.924057</Lat>
    <Lon>60.781466</Lon>
    <Dis>3139.049</Dis>
    <Cta>1</Cta>
    <CodSec>30</CodSec>
  </S>
  <S>
    <Calle>ELORZ</Calle>
    <Lat>32.920844</Lat>
    <Lon>60.814653</Lon>
    <Dis>2744.388</Dis>
    <Cta>185</Cta>
    <CodSec>30</CodSec>
  </S>
  <S>
    <Calle>HERNA</Calle>
    <Lat>32.916395</Lat>
    <Lon>60.843435</Lon>
    <Dis>2317.758</Dis>
    <Cta>345</Cta>
    <CodSec>30</CodSec>
  </S>
  <S>
    <Calle>S.SEB</Calle>
    <Lat>32.912827</Lat>
    <Lon>60.867827</Lon>
    <Dis>3783.707</Dis>
    <Cta>474</Cta>
    <CodSec>32</CodSec>
  </S>
  <S>
    <Calle>BELGR</Calle>
    <Lat>32.905773</Lat>
    <Lon>60.907335</Lon>
    <Dis>3008.452</Dis>
    <Cta>722</Cta>
    <CodSec>32</CodSec>
  </S>
  <S>
    <Calle>CEM.R</Calle>
    <Lat>32.900134</Lat>
    <Lon>60.938741</Lon>
    <Dis>7840.635</Dis>
    <Cta>876</Cta>
    <CodSec>201</CodSec>
  </S>
  <S>
    <Calle>SJER2</Calle>
    <Lat>32.885539</Lat>
    <Lon>61.020785</Lon>
    <Dis>1928.023</Dis>
    <Cta>1176</Cta>
    <CodSec>201</CodSec>
  </S>
  <S>
    <Calle>SJER1</Calle>
    <Lat>32.883623</Lat>
    <Lon>61.031560</Lon>
    <Dis>8792.858</Dis>
    <Cta>1296</Cta>
    <CodSec>201</CodSec>
  </S>
  <S>
    <Calle>RUT26</Calle>
    <Lat>32.867270</Lat>
    <Lon>61.123272</Lon>
    <Dis>2095.984</Dis>
    <Cta>1665</Cta>
    <CodSec>202</CodSec>
  </S>
  <S>
    <Calle>9 JUL</Calle>
    <Lat>32.863473</Lat>
    <Lon>61.145138</Lon>
    <Dis>2310.683</Dis>
    <Cta>1781</Cta>
    <CodSec>202</CodSec>
  </S>
  <S>
    <Calle>PARAN</Calle>
    <Lat>32.859047</Lat>
    <Lon>61.161086</Lon>
    <Dis>1095.202</Dis>
    <Cta>1910</Cta>
    <CodSec>202</CodSec>
  </S>
  <S>
    <Calle>RUTA9</Calle>
    <Lat>32.861142</Lat>
    <Lon>61.149864</Lon>
    <Dis>0</Dis>
    <Cta>1963</Cta>
    <CodSec>202</CodSec>
  </S>
</Sector>