<?xml version="1.0" standalone="yes"?>
<Sector>
  <xs:schema id="Sector" xmlns="" xmlns:xs="http://www.w3.org/2001/XMLSchema" xmlns:msdata="urn:schemas-microsoft-com:xml-msdata">
    <xs:element name="Sector" msdata:IsDataSet="true" msdata:Locale="">
      <xs:complexType>
        <xs:choice minOccurs="0" maxOccurs="unbounded">
          <xs:element name="S" msdata:Locale="">
            <xs:complexType>
              <xs:sequence>
                <xs:element name="Calle" type="xs:string" minOccurs="0" />
                <xs:element name="Lat" type="xs:decimal" minOccurs="0" />
                <xs:element name="Lon" type="xs:decimal" minOccurs="0" />
                <xs:element name="Dis" type="xs:decimal" minOccurs="0" />
                <xs:element name="Cta" type="xs:int" minOccurs="0" />
                <xs:element name="CodSec" type="xs:int" minOccurs="0" />
              </xs:sequence>
            </xs:complexType>
          </xs:element>
        </xs:choice>
      </xs:complexType>
    </xs:element>
  </xs:schema>
  <S>
    <Calle>PARAN</Calle>
    <Lat>32.862053</Lat>
    <Lon>61.144864</Lon>
    <Dis>2307.248</Dis>
    <Cta>1</Cta>
    <CodSec>202</CodSec>
  </S>
  <S>
    <Calle>RUTA9</Calle>
    <Lat>32.860437</Lat>
    <Lon>61.161443</Lon>
    <Dis>3519.060</Dis>
    <Cta>132</Cta>
    <CodSec>202</CodSec>
  </S>
  <S>
    <Calle>RUT26</Calle>
    <Lat>32.867095</Lat>
    <Lon>61.124827</Lon>
    <Dis>12406.658</Dis>
    <Cta>332</Cta>
    <CodSec>202</CodSec>
  </S>
  <S>
    <Calle>PAR11</Calle>
    <Lat>32.958603</Lat>
    <Lon>61.163870</Lon>
    <Dis>11122.728</Dis>
    <Cta>917</Cta>
    <CodSec>119</CodSec>
  </S>
  <S>
    <Calle>ESPA?</Calle>
    <Lat>33.034454</Lat>
    <Lon>61.145806</Lon>
    <Dis>2338.998</Dis>
    <Cta>1355</Cta>
    <CodSec>121</CodSec>
  </S>
  <S>
    <Calle>CASIL</Calle>
    <Lat>33.043059</Lat>
    <Lon>61.165941</Lon>
    <Dis>0</Dis>
    <Cta>1474</Cta>
    <CodSec>121</CodSec>
  </S>
</Sector>