<?xml version="1.0" standalone="yes"?>
<Sector>
  <xs:schema id="Sector" xmlns="" xmlns:xs="http://www.w3.org/2001/XMLSchema" xmlns:msdata="urn:schemas-microsoft-com:xml-msdata">
    <xs:element name="Sector" msdata:IsDataSet="true" msdata:Locale="">
      <xs:complexType>
        <xs:choice minOccurs="0" maxOccurs="unbounded">
          <xs:element name="S" msdata:Locale="">
            <xs:complexType>
              <xs:sequence>
                <xs:element name="Calle" type="xs:string" minOccurs="0" />
                <xs:element name="Lat" type="xs:decimal" minOccurs="0" />
                <xs:element name="Lon" type="xs:decimal" minOccurs="0" />
                <xs:element name="Dis" type="xs:decimal" minOccurs="0" />
                <xs:element name="Cta" type="xs:int" minOccurs="0" />
                <xs:element name="CodSec" type="xs:int" minOccurs="0" />
              </xs:sequence>
            </xs:complexType>
          </xs:element>
        </xs:choice>
      </xs:complexType>
    </xs:element>
  </xs:schema>
  <S>
    <Calle>MAIPU</Calle>
    <Lat>32.968191</Lat>
    <Lon>60.640592</Lon>
    <Dis>2304.852</Dis>
    <Cta>1</Cta>
    <CodSec>13</CodSec>
  </S>
  <S>
    <Calle>PELLE</Calle>
    <Lat>32.957019</Lat>
    <Lon>60.645218</Lon>
    <Dis>872.351</Dis>
    <Cta>132</Cta>
    <CodSec>13</CodSec>
  </S>
  <S>
    <Calle>SJUAN</Calle>
    <Lat>32.949401</Lat>
    <Lon>60.643285</Lon>
    <Dis>1609.422</Dis>
    <Cta>179</Cta>
    <CodSec>13</CodSec>
  </S>
  <S>
    <Calle>ORO?O</Calle>
    <Lat>32.942341</Lat>
    <Lon>60.652554</Lon>
    <Dis>1760.327</Dis>
    <Cta>271</Cta>
    <CodSec>13</CodSec>
  </S>
  <S>
    <Calle>CAFFE</Calle>
    <Lat>32.939185</Lat>
    <Lon>60.670718</Lon>
    <Dis>809.523</Dis>
    <Cta>372</Cta>
    <CodSec>13</CodSec>
  </S>
  <S>
    <Calle>AVELL</Calle>
    <Lat>32.937917</Lat>
    <Lon>60.678875</Lon>
    <Dis>2475.596</Dis>
    <Cta>422</Cta>
    <CodSec>13</CodSec>
  </S>
  <S>
    <Calle>FMORE</Calle>
    <Lat>32.948019</Lat>
    <Lon>60.693320</Lon>
    <Dis>2575.826</Dis>
    <Cta>564</Cta>
    <CodSec>13</CodSec>
  </S>
  <S>
    <Calle>CIRCU</Calle>
    <Lat>32.948742</Lat>
    <Lon>60.720834</Lon>
    <Dis>17039.223</Dis>
    <Cta>707</Cta>
    <CodSec>81</CodSec>
  </S>
  <S>
    <Calle>A012.</Calle>
    <Lat>32.926413</Lat>
    <Lon>60.897956</Lon>
    <Dis>2179.178</Dis>
    <Cta>1629</Cta>
    <CodSec>32</CodSec>
  </S>
  <S>
    <Calle>RUT 9</Calle>
    <Lat>32.907854</Lat>
    <Lon>60.895319</Lon>
    <Dis>4181.502</Dis>
    <Cta>1764</Cta>
    <CodSec>32</CodSec>
  </S>
  <S>
    <Calle>CEM.R</Calle>
    <Lat>32.900166</Lat>
    <Lon>60.938664</Lon>
    <Dis>7802.429</Dis>
    <Cta>1981</Cta>
    <CodSec>201</CodSec>
  </S>
  <S>
    <Calle>SJER2</Calle>
    <Lat>32.885619</Lat>
    <Lon>61.020277</Lon>
    <Dis>1918.757</Dis>
    <Cta>2278</Cta>
    <CodSec>201</CodSec>
  </S>
  <S>
    <Calle>SJER1</Calle>
    <Lat>32.883725</Lat>
    <Lon>61.031002</Lon>
    <Dis>9876.442</Dis>
    <Cta>2400</Cta>
    <CodSec>201</CodSec>
  </S>
  <S>
    <Calle>ANTAR</Calle>
    <Lat>32.865380</Lat>
    <Lon>61.134248</Lon>
    <Dis>3118.084</Dis>
    <Cta>2823</Cta>
    <CodSec>202</CodSec>
  </S>
  <S>
    <Calle>REMED</Calle>
    <Lat>32.859536</Lat>
    <Lon>61.166805</Lon>
    <Dis>6916.427</Dis>
    <Cta>3003</Cta>
    <CodSec>202</CodSec>
  </S>
  <S>
    <Calle>CORR2</Calle>
    <Lat>32.853780</Lat>
    <Lon>61.240530</Lon>
    <Dis>13708.823</Dis>
    <Cta>3336</Cta>
    <CodSec>203</CodSec>
  </S>
  <S>
    <Calle>C.GO2</Calle>
    <Lat>32.814529</Lat>
    <Lon>61.369103</Lon>
    <Dis>2701.652</Dis>
    <Cta>4020</Cta>
    <CodSec>204</CodSec>
  </S>
  <S>
    <Calle>C.GOM</Calle>
    <Lat>32.811251</Lat>
    <Lon>61.396277</Lon>
    <Dis>0</Dis>
    <Cta>4148</Cta>
    <CodSec>204</CodSec>
  </S>
</Sector>