<?xml version="1.0" standalone="yes"?>
<Sector>
  <xs:schema id="Sector" xmlns="" xmlns:xs="http://www.w3.org/2001/XMLSchema" xmlns:msdata="urn:schemas-microsoft-com:xml-msdata">
    <xs:element name="Sector" msdata:IsDataSet="true" msdata:Locale="">
      <xs:complexType>
        <xs:choice minOccurs="0" maxOccurs="unbounded">
          <xs:element name="S" msdata:Locale="">
            <xs:complexType>
              <xs:sequence>
                <xs:element name="Calle" type="xs:string" minOccurs="0" />
                <xs:element name="Lat" type="xs:decimal" minOccurs="0" />
                <xs:element name="Lon" type="xs:decimal" minOccurs="0" />
                <xs:element name="Dis" type="xs:decimal" minOccurs="0" />
                <xs:element name="Cta" type="xs:int" minOccurs="0" />
                <xs:element name="CodSec" type="xs:int" minOccurs="0" />
              </xs:sequence>
            </xs:complexType>
          </xs:element>
        </xs:choice>
      </xs:complexType>
    </xs:element>
  </xs:schema>
  <S>
    <Calle>CORRE</Calle>
    <Lat>32.850284</Lat>
    <Lon>61.265519</Lon>
    <Dis>3685.902</Dis>
    <Cta>1</Cta>
    <CodSec>203</CodSec>
  </S>
  <S>
    <Calle>CORR2</Calle>
    <Lat>32.853856</Lat>
    <Lon>61.240342</Lon>
    <Dis>5810.535</Dis>
    <Cta>210</Cta>
    <CodSec>203</CodSec>
  </S>
  <S>
    <Calle>ArCAR</Calle>
    <Lat>32.857854</Lat>
    <Lon>61.178545</Lon>
    <Dis>1635.760</Dis>
    <Cta>481</Cta>
    <CodSec>202</CodSec>
  </S>
  <S>
    <Calle>MALVI</Calle>
    <Lat>32.860530</Lat>
    <Lon>61.161487</Lon>
    <Dis>2125.632</Dis>
    <Cta>575</Cta>
    <CodSec>202</CodSec>
  </S>
  <S>
    <Calle>RUTA9</Calle>
    <Lat>32.862761</Lat>
    <Lon>61.148384</Lon>
    <Dis>2274.271</Dis>
    <Cta>695</Cta>
    <CodSec>202</CodSec>
  </S>
  <S>
    <Calle>RUT26</Calle>
    <Lat>32.867094</Lat>
    <Lon>61.124827</Lon>
    <Dis>8919.576</Dis>
    <Cta>819</Cta>
    <CodSec>202</CodSec>
  </S>
  <S>
    <Calle>SJER1</Calle>
    <Lat>32.883628</Lat>
    <Lon>61.031641</Lon>
    <Dis>2034.379</Dis>
    <Cta>1190</Cta>
    <CodSec>201</CodSec>
  </S>
  <S>
    <Calle>SJER2</Calle>
    <Lat>32.885749</Lat>
    <Lon>61.019846</Lon>
    <Dis>7744.943</Dis>
    <Cta>1311</Cta>
    <CodSec>201</CodSec>
  </S>
  <S>
    <Calle>CEM.R</Calle>
    <Lat>32.900158</Lat>
    <Lon>60.938922</Lon>
    <Dis>2894.700</Dis>
    <Cta>1605</Cta>
    <CodSec>32</CodSec>
  </S>
  <S>
    <Calle>URQUI</Calle>
    <Lat>32.905552</Lat>
    <Lon>60.908821</Lon>
    <Dis>3951.279</Dis>
    <Cta>1744</Cta>
    <CodSec>32</CodSec>
  </S>
  <S>
    <Calle>S.SEB</Calle>
    <Lat>32.912854</Lat>
    <Lon>60.867930</Lon>
    <Dis>2322.552</Dis>
    <Cta>2002</Cta>
    <CodSec>30</CodSec>
  </S>
  <S>
    <Calle>HERNA</Calle>
    <Lat>32.916376</Lat>
    <Lon>60.843576</Lon>
    <Dis>2750.989</Dis>
    <Cta>2134</Cta>
    <CodSec>30</CodSec>
  </S>
  <S>
    <Calle>ELORZ</Calle>
    <Lat>32.920830</Lat>
    <Lon>60.814733</Lon>
    <Dis>943.366</Dis>
    <Cta>2294</Cta>
    <CodSec>30</CodSec>
  </S>
  <S>
    <Calle>CATAM</Calle>
    <Lat>32.922638</Lat>
    <Lon>60.804936</Lon>
    <Dis>3918.557</Dis>
    <Cta>2353</Cta>
    <CodSec>30</CodSec>
  </S>
  <S>
    <Calle>ArLUD</Calle>
    <Lat>32.925339</Lat>
    <Lon>60.763271</Lon>
    <Dis>2284.592</Dis>
    <Cta>2580</Cta>
    <CodSec>13</CodSec>
  </S>
  <S>
    <Calle>WILDE</Calle>
    <Lat>32.928343</Lat>
    <Lon>60.739346</Lon>
    <Dis>1154.477</Dis>
    <Cta>2713</Cta>
    <CodSec>13</CodSec>
  </S>
  <S>
    <Calle>DONAD</Calle>
    <Lat>32.930420</Lat>
    <Lon>60.727511</Lon>
    <Dis>1373.356</Dis>
    <Cta>2808</Cta>
    <CodSec>13</CodSec>
  </S>
  <S>
    <Calle>PUNID</Calle>
    <Lat>32.932997</Lat>
    <Lon>60.713191</Lon>
    <Dis>1263.771</Dis>
    <Cta>2892</Cta>
    <CodSec>13</CodSec>
  </S>
  <S>
    <Calle>AGNET</Calle>
    <Lat>32.935374</Lat>
    <Lon>60.700039</Lon>
    <Dis>1987.861</Dis>
    <Cta>2972</Cta>
    <CodSec>13</CodSec>
  </S>
  <S>
    <Calle>AVELL</Calle>
    <Lat>32.939050</Lat>
    <Lon>60.679330</Lon>
    <Dis>793.371</Dis>
    <Cta>3088</Cta>
    <CodSec>13</CodSec>
  </S>
  <S>
    <Calle>CAFFE</Calle>
    <Lat>32.940524</Lat>
    <Lon>60.671058</Lon>
    <Dis>2281.847</Dis>
    <Cta>3138</Cta>
    <CodSec>13</CodSec>
  </S>
  <S>
    <Calle>ORO?O</Calle>
    <Lat>32.948812</Lat>
    <Lon>60.654777</Lon>
    <Dis>1049.090</Dis>
    <Cta>3259</Cta>
    <CodSec>13</CodSec>
  </S>
  <S>
    <Calle>CORRI</Calle>
    <Lat>32.950712</Lat>
    <Lon>60.643821</Lon>
    <Dis>798.471</Dis>
    <Cta>3316</Cta>
    <CodSec>13</CodSec>
  </S>
  <S>
    <Calle>PELLE</Calle>
    <Lat>32.956624</Lat>
    <Lon>60.643636</Lon>
    <Dis>1716.960</Dis>
    <Cta>3361</Cta>
    <CodSec>13</CodSec>
  </S>
  <S>
    <Calle>MAIPU</Calle>
    <Lat>32.968154</Lat>
    <Lon>60.640980</Lon>
    <Dis>0</Dis>
    <Cta>3458</Cta>
    <CodSec>81</CodSec>
  </S>
</Sector>