<?xml version="1.0" standalone="yes"?>
<Sector>
  <xs:schema id="Sector" xmlns="" xmlns:xs="http://www.w3.org/2001/XMLSchema" xmlns:msdata="urn:schemas-microsoft-com:xml-msdata">
    <xs:element name="Sector" msdata:IsDataSet="true" msdata:Locale="">
      <xs:complexType>
        <xs:choice minOccurs="0" maxOccurs="unbounded">
          <xs:element name="S" msdata:Locale="">
            <xs:complexType>
              <xs:sequence>
                <xs:element name="Calle" type="xs:string" minOccurs="0" />
                <xs:element name="Lat" type="xs:decimal" minOccurs="0" />
                <xs:element name="Lon" type="xs:decimal" minOccurs="0" />
                <xs:element name="Dis" type="xs:decimal" minOccurs="0" />
                <xs:element name="Cta" type="xs:int" minOccurs="0" />
                <xs:element name="CodSec" type="xs:int" minOccurs="0" />
              </xs:sequence>
            </xs:complexType>
          </xs:element>
        </xs:choice>
      </xs:complexType>
    </xs:element>
  </xs:schema>
  <S>
    <Calle>PAREJ</Calle>
    <Lat>32.681818</Lat>
    <Lon>61.520647</Lon>
    <Dis>11938.096</Dis>
    <Cta>1</Cta>
    <CodSec>206</CodSec>
  </S>
  <S>
    <Calle>RUTA9</Calle>
    <Lat>32.783089</Lat>
    <Lon>61.545920</Lon>
    <Dis>12239.930</Dis>
    <Cta>506</Cta>
    <CodSec>205</CodSec>
  </S>
  <S>
    <Calle>C.GO1</Calle>
    <Lat>32.805626</Lat>
    <Lon>61.421342</Lon>
    <Dis>2729.402</Dis>
    <Cta>1064</Cta>
    <CodSec>204</CodSec>
  </S>
  <S>
    <Calle>C.GOM</Calle>
    <Lat>32.812549</Lat>
    <Lon>61.396442</Lon>
    <Dis>0</Dis>
    <Cta>1198</Cta>
    <CodSec>204</CodSec>
  </S>
</Sector>