<?xml version="1.0" standalone="yes"?>
<Sector>
  <xs:schema id="Sector" xmlns="" xmlns:xs="http://www.w3.org/2001/XMLSchema" xmlns:msdata="urn:schemas-microsoft-com:xml-msdata">
    <xs:element name="Sector" msdata:IsDataSet="true" msdata:Locale="">
      <xs:complexType>
        <xs:choice minOccurs="0" maxOccurs="unbounded">
          <xs:element name="S" msdata:Locale="">
            <xs:complexType>
              <xs:sequence>
                <xs:element name="Calle" type="xs:string" minOccurs="0" />
                <xs:element name="Lat" type="xs:decimal" minOccurs="0" />
                <xs:element name="Lon" type="xs:decimal" minOccurs="0" />
                <xs:element name="Dis" type="xs:decimal" minOccurs="0" />
                <xs:element name="Cta" type="xs:int" minOccurs="0" />
                <xs:element name="CodSec" type="xs:int" minOccurs="0" />
              </xs:sequence>
            </xs:complexType>
          </xs:element>
        </xs:choice>
      </xs:complexType>
    </xs:element>
  </xs:schema>
  <S>
    <Calle>CIUDA</Calle>
    <Lat>32.870940</Lat>
    <Lon>60.699371</Lon>
    <Dis>1656.263</Dis>
    <Cta>1</Cta>
    <CodSec>14</CodSec>
  </S>
  <S>
    <Calle>PAGAN</Calle>
    <Lat>32.856650</Lat>
    <Lon>60.703832</Lon>
    <Dis>1740.356</Dis>
    <Cta>103</Cta>
    <CodSec>14</CodSec>
  </S>
  <S>
    <Calle>CELUL</Calle>
    <Lat>32.841606</Lat>
    <Lon>60.708355</Lon>
    <Dis>2123.400</Dis>
    <Cta>202</Cta>
    <CodSec>15</CodSec>
  </S>
  <S>
    <Calle>MALVI</Calle>
    <Lat>32.823231</Lat>
    <Lon>60.714196</Lon>
    <Dis>5044.306</Dis>
    <Cta>330</Cta>
    <CodSec>16</CodSec>
  </S>
  <S>
    <Calle>M.MOR</Calle>
    <Lat>32.779571</Lat>
    <Lon>60.727381</Lon>
    <Dis>5049.350</Dis>
    <Cta>661</Cta>
    <CodSec>17</CodSec>
  </S>
  <S>
    <Calle>VICEN</Calle>
    <Lat>32.763223</Lat>
    <Lon>60.770089</Lon>
    <Dis>3643.331</Dis>
    <Cta>988</Cta>
    <CodSec>118</CodSec>
  </S>
  <S>
    <Calle>S.EST</Calle>
    <Lat>32.775476</Lat>
    <Lon>60.797364</Lon>
    <Dis>0</Dis>
    <Cta>1186</Cta>
    <CodSec>118</CodSec>
  </S>
</Sector>