<?xml version="1.0" standalone="yes"?>
<Sector>
  <xs:schema id="Sector" xmlns="" xmlns:xs="http://www.w3.org/2001/XMLSchema" xmlns:msdata="urn:schemas-microsoft-com:xml-msdata">
    <xs:element name="Sector" msdata:IsDataSet="true" msdata:Locale="">
      <xs:complexType>
        <xs:choice minOccurs="0" maxOccurs="unbounded">
          <xs:element name="S" msdata:Locale="">
            <xs:complexType>
              <xs:sequence>
                <xs:element name="Calle" type="xs:string" minOccurs="0" />
                <xs:element name="Lat" type="xs:decimal" minOccurs="0" />
                <xs:element name="Lon" type="xs:decimal" minOccurs="0" />
                <xs:element name="Dis" type="xs:decimal" minOccurs="0" />
                <xs:element name="Cta" type="xs:int" minOccurs="0" />
                <xs:element name="CodSec" type="xs:int" minOccurs="0" />
              </xs:sequence>
            </xs:complexType>
          </xs:element>
        </xs:choice>
      </xs:complexType>
    </xs:element>
  </xs:schema>
  <S>
    <Calle>BELGR</Calle>
    <Lat>33.054948</Lat>
    <Lon>60.618469</Lon>
    <Dis>3003.245</Dis>
    <Cta>1</Cta>
    <CodSec>11</CodSec>
  </S>
  <S>
    <Calle>ALVEA</Calle>
    <Lat>33.056916</Lat>
    <Lon>60.614151</Lon>
    <Dis>2218.200</Dis>
    <Cta>199</Cta>
    <CodSec>11</CodSec>
  </S>
  <S>
    <Calle>RUT21</Calle>
    <Lat>33.047111</Lat>
    <Lon>60.606389</Lon>
    <Dis>2994.715</Dis>
    <Cta>307</Cta>
    <CodSec>12</CodSec>
  </S>
  <S>
    <Calle>JDPER</Calle>
    <Lat>33.025506</Lat>
    <Lon>60.624535</Lon>
    <Dis>1422.874</Dis>
    <Cta>634</Cta>
    <CodSec>12</CodSec>
  </S>
  <S>
    <Calle>CIRCU</Calle>
    <Lat>33.015981</Lat>
    <Lon>60.634381</Lon>
    <Dis>1535.873</Dis>
    <Cta>725</Cta>
    <CodSec>13</CodSec>
  </S>
  <S>
    <Calle>ARIJO</Calle>
    <Lat>33.002633</Lat>
    <Lon>60.636024</Lon>
    <Dis>1489.061</Dis>
    <Cta>830</Cta>
    <CodSec>13</CodSec>
  </S>
  <S>
    <Calle>SMART</Calle>
    <Lat>32.999862</Lat>
    <Lon>60.648448</Lon>
    <Dis>1068.999</Dis>
    <Cta>911</Cta>
    <CodSec>13</CodSec>
  </S>
  <S>
    <Calle>URIB.</Calle>
    <Lat>32.990856</Lat>
    <Lon>60.646623</Lon>
    <Dis>1284.367</Dis>
    <Cta>980</Cta>
    <CodSec>13</CodSec>
  </S>
  <S>
    <Calle>SEGUI</Calle>
    <Lat>32.979555</Lat>
    <Lon>60.644290</Lon>
    <Dis>1370.042</Dis>
    <Cta>1055</Cta>
    <CodSec>13</CodSec>
  </S>
  <S>
    <Calle>27FEB</Calle>
    <Lat>32.968133</Lat>
    <Lon>60.640756</Lon>
    <Dis>1848.449</Dis>
    <Cta>1141</Cta>
    <CodSec>13</CodSec>
  </S>
  <S>
    <Calle>CORRI</Calle>
    <Lat>32.956485</Lat>
    <Lon>60.644849</Lon>
    <Dis>2035.775</Dis>
    <Cta>1247</Cta>
    <CodSec>13</CodSec>
  </S>
  <S>
    <Calle>PARAG</Calle>
    <Lat>32.939647</Lat>
    <Lon>60.642181</Lon>
    <Dis>4209.098</Dis>
    <Cta>1367</Cta>
    <CodSec>13</CodSec>
  </S>
  <S>
    <Calle>AVELL</Calle>
    <Lat>32.924866</Lat>
    <Lon>60.675312</Lon>
    <Dis>971.840</Dis>
    <Cta>1640</Cta>
    <CodSec>13</CodSec>
  </S>
  <S>
    <Calle>JJPAS</Calle>
    <Lat>32.919430</Lat>
    <Lon>60.682122</Lon>
    <Dis>2932.620</Dis>
    <Cta>1700</Cta>
    <CodSec>13</CodSec>
  </S>
  <S>
    <Calle>PUCCI</Calle>
    <Lat>32.895013</Lat>
    <Lon>60.691942</Lon>
    <Dis>2794.911</Dis>
    <Cta>1883</Cta>
    <CodSec>13</CodSec>
  </S>
  <S>
    <Calle>CIUDA</Calle>
    <Lat>32.871015</Lat>
    <Lon>60.699482</Lon>
    <Dis>1685.601</Dis>
    <Cta>2057</Cta>
    <CodSec>13</CodSec>
  </S>
  <S>
    <Calle>PAGAN</Calle>
    <Lat>32.856458</Lat>
    <Lon>60.703805</Lon>
    <Dis>2758.050</Dis>
    <Cta>2163</Cta>
    <CodSec>13</CodSec>
  </S>
  <S>
    <Calle>RU 11</Calle>
    <Lat>32.841031</Lat>
    <Lon>60.708324</Lon>
    <Dis>2393.058</Dis>
    <Cta>2318</Cta>
    <CodSec>13</CodSec>
  </S>
  <S>
    <Calle>RUT11</Calle>
    <Lat>32.829797</Lat>
    <Lon>60.712515</Lon>
    <Dis>0</Dis>
    <Cta>2494</Cta>
    <CodSec>13</CodSec>
  </S>
</Sector>