<?xml version="1.0" standalone="yes"?>
<Sector>
  <xs:schema id="Sector" xmlns="" xmlns:xs="http://www.w3.org/2001/XMLSchema" xmlns:msdata="urn:schemas-microsoft-com:xml-msdata">
    <xs:element name="Sector" msdata:IsDataSet="true" msdata:Locale="">
      <xs:complexType>
        <xs:choice minOccurs="0" maxOccurs="unbounded">
          <xs:element name="S" msdata:Locale="">
            <xs:complexType>
              <xs:sequence>
                <xs:element name="Calle" type="xs:string" minOccurs="0" />
                <xs:element name="Lat" type="xs:decimal" minOccurs="0" />
                <xs:element name="Lon" type="xs:decimal" minOccurs="0" />
                <xs:element name="Dis" type="xs:decimal" minOccurs="0" />
                <xs:element name="Cta" type="xs:int" minOccurs="0" />
                <xs:element name="CodSec" type="xs:int" minOccurs="0" />
              </xs:sequence>
            </xs:complexType>
          </xs:element>
        </xs:choice>
      </xs:complexType>
    </xs:element>
  </xs:schema>
  <S>
    <Calle>RUT11</Calle>
    <Lat>32.829990</Lat>
    <Lon>60.712614</Lon>
    <Dis>3164.804</Dis>
    <Cta>1</Cta>
    <CodSec>14</CodSec>
  </S>
  <S>
    <Calle>PAGAN</Calle>
    <Lat>32.856727</Lat>
    <Lon>60.703960</Lon>
    <Dis>1645.293</Dis>
    <Cta>191</Cta>
    <CodSec>14</CodSec>
  </S>
  <S>
    <Calle>CIUDA</Calle>
    <Lat>32.870959</Lat>
    <Lon>60.699622</Lon>
    <Dis>2781.846</Dis>
    <Cta>286</Cta>
    <CodSec>14</CodSec>
  </S>
  <S>
    <Calle>PUCCI</Calle>
    <Lat>32.894796</Lat>
    <Lon>60.692463</Lon>
    <Dis>2946.860</Dis>
    <Cta>467</Cta>
    <CodSec>14</CodSec>
  </S>
  <S>
    <Calle>JJPAS</Calle>
    <Lat>32.919261</Lat>
    <Lon>60.682427</Lon>
    <Dis>1108.462</Dis>
    <Cta>650</Cta>
    <CodSec>14</CodSec>
  </S>
  <S>
    <Calle>ALBER</Calle>
    <Lat>32.926627</Lat>
    <Lon>60.676708</Lon>
    <Dis>3767.910</Dis>
    <Cta>715</Cta>
    <CodSec>14</CodSec>
  </S>
  <S>
    <Calle>MOREN</Calle>
    <Lat>32.937249</Lat>
    <Lon>60.648747</Lon>
    <Dis>1978.364</Dis>
    <Cta>963</Cta>
    <CodSec>14</CodSec>
  </S>
  <S>
    <Calle>SLUIS</Calle>
    <Lat>32.948258</Lat>
    <Lon>60.641461</Lon>
    <Dis>1298.021</Dis>
    <Cta>1085</Cta>
    <CodSec>14</CodSec>
  </S>
  <S>
    <Calle>SARMI</Calle>
    <Lat>32.957318</Lat>
    <Lon>60.641002</Lon>
    <Dis>1231.149</Dis>
    <Cta>1164</Cta>
    <CodSec>14</CodSec>
  </S>
  <S>
    <Calle>27FEB</Calle>
    <Lat>32.967383</Lat>
    <Lon>60.643437</Lon>
    <Dis>1466.920</Dis>
    <Cta>1238</Cta>
    <CodSec>14</CodSec>
  </S>
  <S>
    <Calle>SEGUI</Calle>
    <Lat>32.979162</Lat>
    <Lon>60.644245</Lon>
    <Dis>1279.564</Dis>
    <Cta>1332</Cta>
    <CodSec>14</CodSec>
  </S>
  <S>
    <Calle>URIB.</Calle>
    <Lat>32.990364</Lat>
    <Lon>60.646664</Lon>
    <Dis>1100.802</Dis>
    <Cta>1410</Cta>
    <CodSec>14</CodSec>
  </S>
  <S>
    <Calle>AvROS</Calle>
    <Lat>32.999752</Lat>
    <Lon>60.648713</Lon>
    <Dis>1656.258</Dis>
    <Cta>1484</Cta>
    <CodSec>14</CodSec>
  </S>
  <S>
    <Calle>AYACU</Calle>
    <Lat>33.002649</Lat>
    <Lon>60.636311</Lon>
    <Dis>1506.040</Dis>
    <Cta>1572</Cta>
    <CodSec>14</CodSec>
  </S>
  <S>
    <Calle>CIRCU</Calle>
    <Lat>33.015785</Lat>
    <Lon>60.634834</Lon>
    <Dis>2626.982</Dis>
    <Cta>1670</Cta>
    <CodSec>12</CodSec>
  </S>
  <S>
    <Calle>VIAS.</Calle>
    <Lat>33.025510</Lat>
    <Lon>60.627393</Lon>
    <Dis>4217.716</Dis>
    <Cta>1845</Cta>
    <CodSec>12</CodSec>
  </S>
  <S>
    <Calle>MARMO</Calle>
    <Lat>33.028831</Lat>
    <Lon>60.602228</Lon>
    <Dis>0</Dis>
    <Cta>2097</Cta>
    <CodSec>12</CodSec>
  </S>
</Sector>