<?xml version="1.0" standalone="yes"?>
<Sector>
  <xs:schema id="Sector" xmlns="" xmlns:xs="http://www.w3.org/2001/XMLSchema" xmlns:msdata="urn:schemas-microsoft-com:xml-msdata">
    <xs:element name="Sector" msdata:IsDataSet="true" msdata:Locale="">
      <xs:complexType>
        <xs:choice minOccurs="0" maxOccurs="unbounded">
          <xs:element name="S" msdata:Locale="">
            <xs:complexType>
              <xs:sequence>
                <xs:element name="Calle" type="xs:string" minOccurs="0" />
                <xs:element name="Lat" type="xs:decimal" minOccurs="0" />
                <xs:element name="Lon" type="xs:decimal" minOccurs="0" />
                <xs:element name="Dis" type="xs:decimal" minOccurs="0" />
                <xs:element name="Cta" type="xs:int" minOccurs="0" />
                <xs:element name="CodSec" type="xs:int" minOccurs="0" />
              </xs:sequence>
            </xs:complexType>
          </xs:element>
        </xs:choice>
      </xs:complexType>
    </xs:element>
  </xs:schema>
  <S>
    <Calle>JCPAZ</Calle>
    <Lat>34.520700</Lat>
    <Lon>58.751095</Lon>
    <Dis>2026.096</Dis>
    <Cta>1</Cta>
    <CodSec>18</CodSec>
  </S>
  <S>
    <Calle>JMART</Calle>
    <Lat>34.525142</Lat>
    <Lon>58.765652</Lon>
    <Dis>1586.681</Dis>
    <Cta>117</Cta>
    <CodSec>18</CodSec>
  </S>
  <S>
    <Calle>LAZZA</Calle>
    <Lat>34.531225</Lat>
    <Lon>58.781175</Lon>
    <Dis>995.156</Dis>
    <Cta>208</Cta>
    <CodSec>18</CodSec>
  </S>
  <S>
    <Calle>ARIAS</Calle>
    <Lat>34.537533</Lat>
    <Lon>58.774547</Lon>
    <Dis>1647.531</Dis>
    <Cta>267</Cta>
    <CodSec>18</CodSec>
  </S>
  <S>
    <Calle>MENDO</Calle>
    <Lat>34.548854</Lat>
    <Lon>58.763382</Lon>
    <Dis>1554.864</Dis>
    <Cta>357</Cta>
    <CodSec>18</CodSec>
  </S>
  <S>
    <Calle>PJUNT</Calle>
    <Lat>34.558186</Lat>
    <Lon>58.750922</Lon>
    <Dis>1340.092</Dis>
    <Cta>423</Cta>
    <CodSec>18</CodSec>
  </S>
  <S>
    <Calle>RUT23</Calle>
    <Lat>34.566124</Lat>
    <Lon>58.740043</Lon>
    <Dis>2352.376</Dis>
    <Cta>482</Cta>
    <CodSec>18</CodSec>
  </S>
  <S>
    <Calle>GCAMP</Calle>
    <Lat>34.551706</Lat>
    <Lon>58.721787</Lon>
    <Dis>1059.844</Dis>
    <Cta>609</Cta>
    <CodSec>18</CodSec>
  </S>
  <S>
    <Calle>PELUF</Calle>
    <Lat>34.544512</Lat>
    <Lon>58.714470</Lon>
    <Dis>1012.855</Dis>
    <Cta>660</Cta>
    <CodSec>18</CodSec>
  </S>
  <S>
    <Calle>SANLO</Calle>
    <Lat>34.537711</Lat>
    <Lon>58.707192</Lon>
    <Dis>744.534</Dis>
    <Cta>713</Cta>
    <CodSec>18</CodSec>
  </S>
  <S>
    <Calle>RU.P8</Calle>
    <Lat>34.532799</Lat>
    <Lon>58.701744</Lon>
    <Dis>0</Dis>
    <Cta>754</Cta>
    <CodSec>18</CodSec>
  </S>
</Sector>