<?xml version="1.0" standalone="yes"?>
<Sector>
  <xs:schema id="Sector" xmlns="" xmlns:xs="http://www.w3.org/2001/XMLSchema" xmlns:msdata="urn:schemas-microsoft-com:xml-msdata">
    <xs:element name="Sector" msdata:IsDataSet="true" msdata:Locale="">
      <xs:complexType>
        <xs:choice minOccurs="0" maxOccurs="unbounded">
          <xs:element name="S" msdata:Locale="">
            <xs:complexType>
              <xs:sequence>
                <xs:element name="Calle" type="xs:string" minOccurs="0" />
                <xs:element name="Lat" type="xs:decimal" minOccurs="0" />
                <xs:element name="Lon" type="xs:decimal" minOccurs="0" />
                <xs:element name="Dis" type="xs:decimal" minOccurs="0" />
                <xs:element name="Cta" type="xs:int" minOccurs="0" />
                <xs:element name="CodSec" type="xs:int" minOccurs="0" />
              </xs:sequence>
            </xs:complexType>
          </xs:element>
        </xs:choice>
      </xs:complexType>
    </xs:element>
  </xs:schema>
  <S>
    <Calle>VERDI</Calle>
    <Lat>34.522396</Lat>
    <Lon>58.701933</Lon>
    <Dis>1791.487</Dis>
    <Cta>1</Cta>
    <CodSec>18</CodSec>
  </S>
  <S>
    <Calle>9JULI</Calle>
    <Lat>34.511147</Lat>
    <Lon>58.711311</Lon>
    <Dis>1275.334</Dis>
    <Cta>98</Cta>
    <CodSec>18</CodSec>
  </S>
  <S>
    <Calle>CALLA</Calle>
    <Lat>34.502566</Lat>
    <Lon>58.714100</Lon>
    <Dis>1224.294</Dis>
    <Cta>168</Cta>
    <CodSec>18</CodSec>
  </S>
  <S>
    <Calle>PASCO</Calle>
    <Lat>34.493354</Lat>
    <Lon>58.721025</Lon>
    <Dis>1106.579</Dis>
    <Cta>234</Cta>
    <CodSec>18</CodSec>
  </S>
  <S>
    <Calle>DP-BE</Calle>
    <Lat>34.485814</Lat>
    <Lon>58.724812</Lon>
    <Dis>1596.600</Dis>
    <Cta>297</Cta>
    <CodSec>18</CodSec>
  </S>
  <S>
    <Calle>DAMIC</Calle>
    <Lat>34.479012</Lat>
    <Lon>58.740049</Lon>
    <Dis>0</Dis>
    <Cta>391</Cta>
    <CodSec>18</CodSec>
  </S>
</Sector>