<?xml version="1.0" standalone="yes"?>
<Sector>
  <xs:schema id="Sector" xmlns="" xmlns:xs="http://www.w3.org/2001/XMLSchema" xmlns:msdata="urn:schemas-microsoft-com:xml-msdata">
    <xs:element name="Sector" msdata:IsDataSet="true" msdata:Locale="">
      <xs:complexType>
        <xs:choice minOccurs="0" maxOccurs="unbounded">
          <xs:element name="S" msdata:Locale="">
            <xs:complexType>
              <xs:sequence>
                <xs:element name="Calle" type="xs:string" minOccurs="0" />
                <xs:element name="Lat" type="xs:decimal" minOccurs="0" />
                <xs:element name="Lon" type="xs:decimal" minOccurs="0" />
                <xs:element name="Dis" type="xs:decimal" minOccurs="0" />
                <xs:element name="Cta" type="xs:int" minOccurs="0" />
                <xs:element name="CodSec" type="xs:int" minOccurs="0" />
              </xs:sequence>
            </xs:complexType>
          </xs:element>
        </xs:choice>
      </xs:complexType>
    </xs:element>
  </xs:schema>
  <S>
    <Calle>DAMIC</Calle>
    <Lat>34.479177</Lat>
    <Lon>58.739784</Lon>
    <Dis>1498.789</Dis>
    <Cta>1</Cta>
    <CodSec>18</CodSec>
  </S>
  <S>
    <Calle>BEIRO</Calle>
    <Lat>34.488452</Lat>
    <Lon>58.728742</Lon>
    <Dis>1290.327</Dis>
    <Cta>84</Cta>
    <CodSec>18</CodSec>
  </S>
  <S>
    <Calle>DP-BE</Calle>
    <Lat>34.485672</Lat>
    <Lon>58.725107</Lon>
    <Dis>1475.357</Dis>
    <Cta>182</Cta>
    <CodSec>18</CodSec>
  </S>
  <S>
    <Calle>PASC.</Calle>
    <Lat>34.497700</Lat>
    <Lon>58.728845</Lon>
    <Dis>1415.816</Dis>
    <Cta>290</Cta>
    <CodSec>18</CodSec>
  </S>
  <S>
    <Calle>RUT24</Calle>
    <Lat>34.506850</Lat>
    <Lon>58.723802</Lon>
    <Dis>1943.888</Dis>
    <Cta>389</Cta>
    <CodSec>18</CodSec>
  </S>
  <S>
    <Calle>POLON</Calle>
    <Lat>34.514574</Lat>
    <Lon>58.742560</Lon>
    <Dis>1064.487</Dis>
    <Cta>498</Cta>
    <CodSec>18</CodSec>
  </S>
  <S>
    <Calle>ZU-LA</Calle>
    <Lat>34.519195</Lat>
    <Lon>58.752569</Lon>
    <Dis>1380.013</Dis>
    <Cta>565</Cta>
    <CodSec>18</CodSec>
  </S>
  <S>
    <Calle>JMART</Calle>
    <Lat>34.525186</Lat>
    <Lon>58.765693</Lon>
    <Dis>1356.437</Dis>
    <Cta>647</Cta>
    <CodSec>18</CodSec>
  </S>
  <S>
    <Calle>USTAR</Calle>
    <Lat>34.530377</Lat>
    <Lon>58.779015</Lon>
    <Dis>1675.029</Dis>
    <Cta>726</Cta>
    <CodSec>18</CodSec>
  </S>
  <S>
    <Calle>DERQU</Calle>
    <Lat>34.537616</Lat>
    <Lon>58.794865</Lon>
    <Dis>0</Dis>
    <Cta>825</Cta>
    <CodSec>18</CodSec>
  </S>
</Sector>