<?xml version="1.0" standalone="yes"?>
<Sector>
  <xs:schema id="Sector" xmlns="" xmlns:xs="http://www.w3.org/2001/XMLSchema" xmlns:msdata="urn:schemas-microsoft-com:xml-msdata">
    <xs:element name="Sector" msdata:IsDataSet="true" msdata:Locale="">
      <xs:complexType>
        <xs:choice minOccurs="0" maxOccurs="unbounded">
          <xs:element name="S" msdata:Locale="">
            <xs:complexType>
              <xs:sequence>
                <xs:element name="Calle" type="xs:string" minOccurs="0" />
                <xs:element name="Lat" type="xs:decimal" minOccurs="0" />
                <xs:element name="Lon" type="xs:decimal" minOccurs="0" />
                <xs:element name="Dis" type="xs:decimal" minOccurs="0" />
                <xs:element name="Cta" type="xs:int" minOccurs="0" />
                <xs:element name="CodSec" type="xs:int" minOccurs="0" />
              </xs:sequence>
            </xs:complexType>
          </xs:element>
        </xs:choice>
      </xs:complexType>
    </xs:element>
  </xs:schema>
  <S>
    <Calle>L.PAR</Calle>
    <Lat>32.681765</Lat>
    <Lon>61.520514</Lon>
    <Dis>11792.400</Dis>
    <Cta>1</Cta>
    <CodSec>206</CodSec>
  </S>
  <S>
    <Calle>R.178</Calle>
    <Lat>32.782867</Lat>
    <Lon>61.545830</Lon>
    <Dis>12152.710</Dis>
    <Cta>1208</Cta>
    <CodSec>205</CodSec>
  </S>
  <S>
    <Calle>CDAEN</Calle>
    <Lat>32.805631</Lat>
    <Lon>61.421540</Lon>
    <Dis>2716.990</Dis>
    <Cta>2454</Cta>
    <CodSec>204</CodSec>
  </S>
  <S>
    <Calle>GOMEZ</Calle>
    <Lat>32.812361</Lat>
    <Lon>61.396611</Lon>
    <Dis>2858.650</Dis>
    <Cta>2733</Cta>
    <CodSec>204</CodSec>
  </S>
  <S>
    <Calle>CDASA</Calle>
    <Lat>32.814535</Lat>
    <Lon>61.369126</Lon>
    <Dis>12387.740</Dis>
    <Cta>3028</Cta>
    <CodSec>204</CodSec>
  </S>
  <S>
    <Calle>CORRE</Calle>
    <Lat>32.852528</Lat>
    <Lon>61.254504</Lon>
    <Dis>9837.300</Dis>
    <Cta>4312</Cta>
    <CodSec>203</CodSec>
  </S>
  <S>
    <Calle>CARCA</Calle>
    <Lat>32.862571</Lat>
    <Lon>61.150031</Lon>
    <Dis>0</Dis>
    <Cta>5324</Cta>
    <CodSec>202</CodSec>
  </S>
</Sector>