<?xml version="1.0" standalone="yes"?>
<Sector>
  <xs:schema id="Sector" xmlns="" xmlns:xs="http://www.w3.org/2001/XMLSchema" xmlns:msdata="urn:schemas-microsoft-com:xml-msdata">
    <xs:element name="Sector" msdata:IsDataSet="true" msdata:Locale="">
      <xs:complexType>
        <xs:choice minOccurs="0" maxOccurs="unbounded">
          <xs:element name="S" msdata:Locale="">
            <xs:complexType>
              <xs:sequence>
                <xs:element name="Calle" type="xs:string" minOccurs="0" />
                <xs:element name="Lat" type="xs:decimal" minOccurs="0" />
                <xs:element name="Lon" type="xs:decimal" minOccurs="0" />
                <xs:element name="Dis" type="xs:decimal" minOccurs="0" />
                <xs:element name="Cta" type="xs:int" minOccurs="0" />
                <xs:element name="CodSec" type="xs:int" minOccurs="0" />
              </xs:sequence>
            </xs:complexType>
          </xs:element>
        </xs:choice>
      </xs:complexType>
    </xs:element>
  </xs:schema>
  <S>
    <Calle>GOMEZ</Calle>
    <Lat>32.812347</Lat>
    <Lon>61.396641</Lon>
    <Dis>2764.220</Dis>
    <Cta>1</Cta>
    <CodSec>204</CodSec>
  </S>
  <S>
    <Calle>CDASA</Calle>
    <Lat>32.805607</Lat>
    <Lon>61.421461</Lon>
    <Dis>11716.620</Dis>
    <Cta>286</Cta>
    <CodSec>204</CodSec>
  </S>
  <S>
    <Calle>R.178</Calle>
    <Lat>32.784519</Lat>
    <Lon>61.544271</Lon>
    <Dis>12008.870</Dis>
    <Cta>1464</Cta>
    <CodSec>205</CodSec>
  </S>
  <S>
    <Calle>L.PAR</Calle>
    <Lat>32.682010</Lat>
    <Lon>61.520812</Lon>
    <Dis>16436.870</Dis>
    <Cta>2678</Cta>
    <CodSec>206</CodSec>
  </S>
  <S>
    <Calle>CALIF</Calle>
    <Lat>32.544470</Lat>
    <Lon>61.550907</Lon>
    <Dis>9148.700</Dis>
    <Cta>4358</Cta>
    <CodSec>207</CodSec>
  </S>
  <S>
    <Calle>ROSAS</Calle>
    <Lat>32.475619</Lat>
    <Lon>61.578672</Lon>
    <Dis>0</Dis>
    <Cta>5292</Cta>
    <CodSec>208</CodSec>
  </S>
</Sector>