<?xml version="1.0" standalone="yes"?>
<Sector>
  <xs:schema id="Sector" xmlns="" xmlns:xs="http://www.w3.org/2001/XMLSchema" xmlns:msdata="urn:schemas-microsoft-com:xml-msdata">
    <xs:element name="Sector" msdata:IsDataSet="true" msdata:Locale="">
      <xs:complexType>
        <xs:choice minOccurs="0" maxOccurs="unbounded">
          <xs:element name="S" msdata:Locale="">
            <xs:complexType>
              <xs:sequence>
                <xs:element name="Calle" type="xs:string" minOccurs="0" />
                <xs:element name="Lat" type="xs:decimal" minOccurs="0" />
                <xs:element name="Lon" type="xs:decimal" minOccurs="0" />
                <xs:element name="Dis" type="xs:decimal" minOccurs="0" />
                <xs:element name="Cta" type="xs:int" minOccurs="0" />
                <xs:element name="CodSec" type="xs:int" minOccurs="0" />
              </xs:sequence>
            </xs:complexType>
          </xs:element>
        </xs:choice>
      </xs:complexType>
    </xs:element>
  </xs:schema>
  <S>
    <Calle>SAAVE</Calle>
    <Lat>34.537892</Lat>
    <Lon>58.476388</Lon>
    <Dis>1697.549</Dis>
    <Cta>1</Cta>
    <CodSec>1</CodSec>
  </S>
  <S>
    <Calle>SMAR.</Calle>
    <Lat>34.523979</Lat>
    <Lon>58.483635</Lon>
    <Dis>960.024</Dis>
    <Cta>108</Cta>
    <CodSec>1</CodSec>
  </S>
  <S>
    <Calle>E.MIT</Calle>
    <Lat>34.516117</Lat>
    <Lon>58.487886</Lon>
    <Dis>3006.531</Dis>
    <Cta>159</Cta>
    <CodSec>2</CodSec>
  </S>
  <S>
    <Calle>E.MAR</Calle>
    <Lat>34.491166</Lat>
    <Lon>58.499511</Lon>
    <Dis>2146.075</Dis>
    <Cta>349</Cta>
    <CodSec>3</CodSec>
  </S>
  <S>
    <Calle>E.SIS</Calle>
    <Lat>34.475024</Lat>
    <Lon>58.511776</Lon>
    <Dis>3400.994</Dis>
    <Cta>486</Cta>
    <CodSec>4</CodSec>
  </S>
  <S>
    <Calle>E.VIC</Calle>
    <Lat>34.453873</Lat>
    <Lon>58.537841</Lon>
    <Dis>1002.211</Dis>
    <Cta>704</Cta>
    <CodSec>5</CodSec>
  </S>
  <S>
    <Calle>GANDO</Calle>
    <Lat>34.448056</Lat>
    <Lon>58.545986</Lon>
    <Dis>804.513</Dis>
    <Cta>771</Cta>
    <CodSec>5</CodSec>
  </S>
  <S>
    <Calle>VIRRE</Calle>
    <Lat>34.450438</Lat>
    <Lon>58.552179</Lon>
    <Dis>2001.763</Dis>
    <Cta>823</Cta>
    <CodSec>5</CodSec>
  </S>
  <S>
    <Calle>AcTIG</Calle>
    <Lat>34.459670</Lat>
    <Lon>58.570609</Lon>
    <Dis>2827.353</Dis>
    <Cta>950</Cta>
    <CodSec>9</CodSec>
  </S>
  <S>
    <Calle>RU202</Calle>
    <Lat>34.472200</Lat>
    <Lon>58.597286</Lon>
    <Dis>2121.510</Dis>
    <Cta>1123</Cta>
    <CodSec>10</CodSec>
  </S>
  <S>
    <Calle>PANA2</Calle>
    <Lat>34.484229</Lat>
    <Lon>58.612830</Lon>
    <Dis>3112.329</Dis>
    <Cta>1263</Cta>
    <CodSec>14</CodSec>
  </S>
  <S>
    <Calle>CHIN2</Calle>
    <Lat>34.499300</Lat>
    <Lon>58.641138</Lon>
    <Dis>849.544</Dis>
    <Cta>1453</Cta>
    <CodSec>15</CodSec>
  </S>
  <S>
    <Calle>DTORC</Calle>
    <Lat>34.503176</Lat>
    <Lon>58.648996</Lon>
    <Dis>3708.634</Dis>
    <Cta>1501</Cta>
    <CodSec>15</CodSec>
  </S>
  <S>
    <Calle>LOREN</Calle>
    <Lat>34.523988</Lat>
    <Lon>58.680113</Lon>
    <Dis>1824.516</Dis>
    <Cta>1700</Cta>
    <CodSec>16</CodSec>
  </S>
  <S>
    <Calle>ESCLE</Calle>
    <Lat>34.526691</Lat>
    <Lon>58.694770</Lon>
    <Dis>830.718</Dis>
    <Cta>1819</Cta>
    <CodSec>17</CodSec>
  </S>
  <S>
    <Calle>ROLEM</Calle>
    <Lat>34.531803</Lat>
    <Lon>58.700982</Lon>
    <Dis>1432.427</Dis>
    <Cta>1885</Cta>
    <CodSec>17</CodSec>
  </S>
  <S>
    <Calle>DELIA</Calle>
    <Lat>34.539622</Lat>
    <Lon>58.711857</Lon>
    <Dis>422.337</Dis>
    <Cta>1971</Cta>
    <CodSec>18</CodSec>
  </S>
  <S>
    <Calle>ALEM.</Calle>
    <Lat>34.542439</Lat>
    <Lon>58.714889</Lon>
    <Dis>2930.877</Dis>
    <Cta>1995</Cta>
    <CodSec>18</CodSec>
  </S>
  <S>
    <Calle>PROSA</Calle>
    <Lat>34.561498</Lat>
    <Lon>58.733807</Lon>
    <Dis>1013.592</Dis>
    <Cta>2159</Cta>
    <CodSec>18</CodSec>
  </S>
  <S>
    <Calle>SBRIG</Calle>
    <Lat>34.567742</Lat>
    <Lon>58.741786</Lon>
    <Dis>1933.018</Dis>
    <Cta>2223</Cta>
    <CodSec>19</CodSec>
  </S>
  <S>
    <Calle>CCAST</Calle>
    <Lat>34.583604</Lat>
    <Lon>58.747619</Lon>
    <Dis>2550.439</Dis>
    <Cta>2345</Cta>
    <CodSec>20</CodSec>
  </S>
  <S>
    <Calle>PFIZR</Calle>
    <Lat>34.602610</Lat>
    <Lon>58.761816</Lon>
    <Dis>2876.778</Dis>
    <Cta>2505</Cta>
    <CodSec>21</CodSec>
  </S>
  <S>
    <Calle>P.GAO</Calle>
    <Lat>34.624675</Lat>
    <Lon>58.776913</Lon>
    <Dis>2758.479</Dis>
    <Cta>2686</Cta>
    <CodSec>22</CodSec>
  </S>
  <S>
    <Calle>INDEP</Calle>
    <Lat>34.646343</Lat>
    <Lon>58.790274</Lon>
    <Dis>386.991</Dis>
    <Cta>2854</Cta>
    <CodSec>23</CodSec>
  </S>
  <S>
    <Calle>PIOVN</Calle>
    <Lat>34.649620</Lat>
    <Lon>58.791558</Lon>
    <Dis>0</Dis>
    <Cta>2879</Cta>
    <CodSec>23</CodSec>
  </S>
</Sector>