<?xml version="1.0" standalone="yes"?>
<Sector>
  <xs:schema id="Sector" xmlns="" xmlns:xs="http://www.w3.org/2001/XMLSchema" xmlns:msdata="urn:schemas-microsoft-com:xml-msdata">
    <xs:element name="Sector" msdata:IsDataSet="true" msdata:Locale="">
      <xs:complexType>
        <xs:choice minOccurs="0" maxOccurs="unbounded">
          <xs:element name="S" msdata:Locale="">
            <xs:complexType>
              <xs:sequence>
                <xs:element name="Calle" type="xs:string" minOccurs="0" />
                <xs:element name="Lat" type="xs:decimal" minOccurs="0" />
                <xs:element name="Lon" type="xs:decimal" minOccurs="0" />
                <xs:element name="Dis" type="xs:decimal" minOccurs="0" />
                <xs:element name="Cta" type="xs:int" minOccurs="0" />
                <xs:element name="CodSec" type="xs:int" minOccurs="0" />
              </xs:sequence>
            </xs:complexType>
          </xs:element>
        </xs:choice>
      </xs:complexType>
    </xs:element>
  </xs:schema>
  <S>
    <Calle>MORE</Calle>
    <Lat>34.643083</Lat>
    <Lon>58.815625</Lon>
    <Dis>1662.075</Dis>
    <Cta>1</Cta>
    <CodSec>23</CodSec>
  </S>
  <S>
    <Calle>MFIER</Calle>
    <Lat>34.647854</Lat>
    <Lon>58.798484</Lon>
    <Dis>1787.758</Dis>
    <Cta>78</Cta>
    <CodSec>23</CodSec>
  </S>
  <S>
    <Calle>INDEP</Calle>
    <Lat>34.646953</Lat>
    <Lon>58.788977</Lon>
    <Dis>2427.030</Dis>
    <Cta>190</Cta>
    <CodSec>23</CodSec>
  </S>
  <S>
    <Calle>P.GAO</Calle>
    <Lat>34.627593</Lat>
    <Lon>58.778803</Lon>
    <Dis>2796.372</Dis>
    <Cta>334</Cta>
    <CodSec>22</CodSec>
  </S>
  <S>
    <Calle>PFIZR</Calle>
    <Lat>34.605344</Lat>
    <Lon>58.765339</Lon>
    <Dis>2662.532</Dis>
    <Cta>509</Cta>
    <CodSec>21</CodSec>
  </S>
  <S>
    <Calle>CCAST</Calle>
    <Lat>34.585865</Lat>
    <Lon>58.749903</Lon>
    <Dis>1922.697</Dis>
    <Cta>683</Cta>
    <CodSec>20</CodSec>
  </S>
  <S>
    <Calle>SBRIG</Calle>
    <Lat>34.570350</Lat>
    <Lon>58.743065</Lon>
    <Dis>1111.962</Dis>
    <Cta>808</Cta>
    <CodSec>19</CodSec>
  </S>
  <S>
    <Calle>PROSA</Calle>
    <Lat>34.562917</Lat>
    <Lon>58.735519</Lon>
    <Dis>2693.653</Dis>
    <Cta>879</Cta>
    <CodSec>19</CodSec>
  </S>
  <S>
    <Calle>FARIA</Calle>
    <Lat>34.545419</Lat>
    <Lon>58.715538</Lon>
    <Dis>1687.190</Dis>
    <Cta>1041</Cta>
    <CodSec>18</CodSec>
  </S>
  <S>
    <Calle>PAVON</Calle>
    <Lat>34.534190</Lat>
    <Lon>58.703464</Lon>
    <Dis>889.813</Dis>
    <Cta>1139</Cta>
    <CodSec>17</CodSec>
  </S>
  <S>
    <Calle>ESCLE</Calle>
    <Lat>34.528596</Lat>
    <Lon>58.696735</Lon>
    <Dis>2069.327</Dis>
    <Cta>1195</Cta>
    <CodSec>17</CodSec>
  </S>
  <S>
    <Calle>LOREN</Calle>
    <Lat>34.524064</Lat>
    <Lon>58.680129</Lon>
    <Dis>3658.376</Dis>
    <Cta>1318</Cta>
    <CodSec>16</CodSec>
  </S>
  <S>
    <Calle>DTORC</Calle>
    <Lat>34.503474</Lat>
    <Lon>58.649298</Lon>
    <Dis>1100.377</Dis>
    <Cta>1515</Cta>
    <CodSec>15</CodSec>
  </S>
  <S>
    <Calle>CHIND</Calle>
    <Lat>34.500723</Lat>
    <Lon>58.643094</Lon>
    <Dis>2502.341</Dis>
    <Cta>1580</Cta>
    <CodSec>15</CodSec>
  </S>
  <S>
    <Calle>PANAM</Calle>
    <Lat>34.488401</Lat>
    <Lon>58.620744</Lon>
    <Dis>1260.643</Dis>
    <Cta>1736</Cta>
    <CodSec>14</CodSec>
  </S>
  <S>
    <Calle>R2022</Calle>
    <Lat>34.486531</Lat>
    <Lon>58.608104</Lon>
    <Dis>2086.682</Dis>
    <Cta>1815</Cta>
    <CodSec>14</CodSec>
  </S>
  <S>
    <Calle>BLGNE</Calle>
    <Lat>34.488117</Lat>
    <Lon>58.585496</Lon>
    <Dis>1959.433</Dis>
    <Cta>1921</Cta>
    <CodSec>14</CodSec>
  </S>
  <S>
    <Calle>JSMAR</Calle>
    <Lat>34.491740</Lat>
    <Lon>58.565125</Lon>
    <Dis>897.105</Dis>
    <Cta>2053</Cta>
    <CodSec>14</CodSec>
  </S>
  <S>
    <Calle>MARQ1</Calle>
    <Lat>34.495714</Lat>
    <Lon>58.556935</Lon>
    <Dis>1483.955</Dis>
    <Cta>2102</Cta>
    <CodSec>13</CodSec>
  </S>
  <S>
    <Calle>THAME</Calle>
    <Lat>34.502094</Lat>
    <Lon>58.543466</Lon>
    <Dis>987.218</Dis>
    <Cta>2192</Cta>
    <CodSec>13</CodSec>
  </S>
  <S>
    <Calle>EDISO</Calle>
    <Lat>34.506586</Lat>
    <Lon>58.534209</Lon>
    <Dis>4179.196</Dis>
    <Cta>2247</Cta>
    <CodSec>12</CodSec>
  </S>
  <S>
    <Calle>SMART</Calle>
    <Lat>34.533593</Lat>
    <Lon>58.504169</Lon>
    <Dis>3303.278</Dis>
    <Cta>2512</Cta>
    <CodSec>11</CodSec>
  </S>
  <S>
    <Calle>ZAPIO</Calle>
    <Lat>34.541992</Lat>
    <Lon>58.481164</Lon>
    <Dis>812.151</Dis>
    <Cta>2751</Cta>
    <CodSec>11</CodSec>
  </S>
  <S>
    <Calle>SAAVE</Calle>
    <Lat>34.537927</Lat>
    <Lon>58.475263</Lon>
    <Dis>0</Dis>
    <Cta>2806</Cta>
    <CodSec>1</CodSec>
  </S>
</Sector>