<?xml version="1.0" standalone="yes"?>
<Sector>
  <xs:schema id="Sector" xmlns="" xmlns:xs="http://www.w3.org/2001/XMLSchema" xmlns:msdata="urn:schemas-microsoft-com:xml-msdata">
    <xs:element name="Sector" msdata:IsDataSet="true" msdata:Locale="">
      <xs:complexType>
        <xs:choice minOccurs="0" maxOccurs="unbounded">
          <xs:element name="S" msdata:Locale="">
            <xs:complexType>
              <xs:sequence>
                <xs:element name="Calle" type="xs:string" minOccurs="0" />
                <xs:element name="Lat" type="xs:decimal" minOccurs="0" />
                <xs:element name="Lon" type="xs:decimal" minOccurs="0" />
                <xs:element name="Dis" type="xs:decimal" minOccurs="0" />
                <xs:element name="Cta" type="xs:int" minOccurs="0" />
                <xs:element name="CodSec" type="xs:int" minOccurs="0" />
              </xs:sequence>
            </xs:complexType>
          </xs:element>
        </xs:choice>
      </xs:complexType>
    </xs:element>
  </xs:schema>
  <S>
    <Calle>PAVON</Calle>
    <Lat>34.532079</Lat>
    <Lon>58.703790</Lon>
    <Dis>659.586</Dis>
    <Cta>1</Cta>
    <CodSec>18</CodSec>
  </S>
  <S>
    <Calle>S.LOR</Calle>
    <Lat>34.536499</Lat>
    <Lon>58.708527</Lon>
    <Dis>1063.943</Dis>
    <Cta>36</Cta>
    <CodSec>18</CodSec>
  </S>
  <S>
    <Calle>RU 23</Calle>
    <Lat>34.543448</Lat>
    <Lon>58.713626</Lon>
    <Dis>1155.053</Dis>
    <Cta>99</Cta>
    <CodSec>18</CodSec>
  </S>
  <S>
    <Calle>GCAMP</Calle>
    <Lat>34.551157</Lat>
    <Lon>58.721598</Lon>
    <Dis>2764.464</Dis>
    <Cta>165</Cta>
    <CodSec>18</CodSec>
  </S>
  <S>
    <Calle>FERRE</Calle>
    <Lat>34.568606</Lat>
    <Lon>58.742640</Lon>
    <Dis>1483.650</Dis>
    <Cta>332</Cta>
    <CodSec>18</CodSec>
  </S>
  <S>
    <Calle>MGARC</Calle>
    <Lat>34.581505</Lat>
    <Lon>58.745425</Lon>
    <Dis>1983.127</Dis>
    <Cta>423</Cta>
    <CodSec>18</CodSec>
  </S>
  <S>
    <Calle>M.SAS</Calle>
    <Lat>34.569751</Lat>
    <Lon>58.757433</Lon>
    <Dis>2076.815</Dis>
    <Cta>551</Cta>
    <CodSec>18</CodSec>
  </S>
  <S>
    <Calle>PICHI</Calle>
    <Lat>34.556857</Lat>
    <Lon>58.742532</Lon>
    <Dis>1883.128</Dis>
    <Cta>680</Cta>
    <CodSec>18</CodSec>
  </S>
  <S>
    <Calle>GCAM.</Calle>
    <Lat>34.545325</Lat>
    <Lon>58.730239</Lon>
    <Dis>882.038</Dis>
    <Cta>806</Cta>
    <CodSec>18</CodSec>
  </S>
  <S>
    <Calle>BLOIS</Calle>
    <Lat>34.539438</Lat>
    <Lon>58.723890</Lon>
    <Dis>1391.788</Dis>
    <Cta>862</Cta>
    <CodSec>18</CodSec>
  </S>
  <S>
    <Calle>RUT23</Calle>
    <Lat>34.542846</Lat>
    <Lon>58.713030</Lon>
    <Dis>802.943</Dis>
    <Cta>947</Cta>
    <CodSec>18</CodSec>
  </S>
  <S>
    <Calle>SANLO</Calle>
    <Lat>34.537710</Lat>
    <Lon>58.707197</Lon>
    <Dis>751.517</Dis>
    <Cta>991</Cta>
    <CodSec>18</CodSec>
  </S>
  <S>
    <Calle>RU.P8</Calle>
    <Lat>34.532799</Lat>
    <Lon>58.701743</Lon>
    <Dis>0</Dis>
    <Cta>1036</Cta>
    <CodSec>18</CodSec>
  </S>
</Sector>