<?xml version="1.0" standalone="yes"?>
<Sector>
  <xs:schema id="Sector" xmlns="" xmlns:xs="http://www.w3.org/2001/XMLSchema" xmlns:msdata="urn:schemas-microsoft-com:xml-msdata">
    <xs:element name="Sector" msdata:IsDataSet="true" msdata:Locale="">
      <xs:complexType>
        <xs:choice minOccurs="0" maxOccurs="unbounded">
          <xs:element name="S" msdata:Locale="">
            <xs:complexType>
              <xs:sequence>
                <xs:element name="Calle" type="xs:string" minOccurs="0" />
                <xs:element name="Lat" type="xs:decimal" minOccurs="0" />
                <xs:element name="Lon" type="xs:decimal" minOccurs="0" />
                <xs:element name="Dis" type="xs:decimal" minOccurs="0" />
                <xs:element name="Cta" type="xs:int" minOccurs="0" />
                <xs:element name="CodSec" type="xs:int" minOccurs="0" />
              </xs:sequence>
            </xs:complexType>
          </xs:element>
        </xs:choice>
      </xs:complexType>
    </xs:element>
  </xs:schema>
  <S>
    <Calle>SAAVE</Calle>
    <Lat>34.537791</Lat>
    <Lon>58.475410</Lon>
    <Dis>706.790</Dis>
    <Cta>1</Cta>
    <CodSec>1</CodSec>
  </S>
  <S>
    <Calle>ZAPIO</Calle>
    <Lat>34.540662</Lat>
    <Lon>58.480858</Lon>
    <Dis>2844.910</Dis>
    <Cta>30</Cta>
    <CodSec>1</CodSec>
  </S>
  <S>
    <Calle>AV.SM</Calle>
    <Lat>34.534374</Lat>
    <Lon>58.502722</Lon>
    <Dis>3877.620</Dis>
    <Cta>132</Cta>
    <CodSec>11</CodSec>
  </S>
  <S>
    <Calle>EDIS</Calle>
    <Lat>34.508168</Lat>
    <Lon>58.529510</Lon>
    <Dis>1389.070</Dis>
    <Cta>271</Cta>
    <CodSec>12</CodSec>
  </S>
  <S>
    <Calle>THAME</Calle>
    <Lat>34.501787</Lat>
    <Lon>58.542530</Lon>
    <Dis>964.940</Dis>
    <Cta>320</Cta>
    <CodSec>12</CodSec>
  </S>
  <S>
    <Calle>MAR 1</Calle>
    <Lat>34.497111</Lat>
    <Lon>58.551385</Lon>
    <Dis>400.660</Dis>
    <Cta>355</Cta>
    <CodSec>13</CodSec>
  </S>
  <S>
    <Calle>MAR-2</Calle>
    <Lat>34.494648</Lat>
    <Lon>58.554544</Lon>
    <Dis>1041.520</Dis>
    <Cta>370</Cta>
    <CodSec>13</CodSec>
  </S>
  <S>
    <Calle>J.S.M</Calle>
    <Lat>34.491259</Lat>
    <Lon>58.564773</Lon>
    <Dis>1894.460</Dis>
    <Cta>407</Cta>
    <CodSec>13</CodSec>
  </S>
  <S>
    <Calle>BOULO</Calle>
    <Lat>34.487860</Lat>
    <Lon>58.584753</Lon>
    <Dis>2186.860</Dis>
    <Cta>477</Cta>
    <CodSec>13</CodSec>
  </S>
  <S>
    <Calle>202-1</Calle>
    <Lat>34.485933</Lat>
    <Lon>58.608469</Lon>
    <Dis>819.440</Dis>
    <Cta>554</Cta>
    <CodSec>14</CodSec>
  </S>
  <S>
    <Calle>202-2</Calle>
    <Lat>34.484754</Lat>
    <Lon>58.617231</Lon>
    <Dis>3616.030</Dis>
    <Cta>585</Cta>
    <CodSec>14</CodSec>
  </S>
  <S>
    <Calle>197-1</Calle>
    <Lat>34.477086</Lat>
    <Lon>58.655488</Lon>
    <Dis>882.610</Dis>
    <Cta>710</Cta>
    <CodSec>36</CodSec>
  </S>
  <S>
    <Calle>197-2</Calle>
    <Lat>34.474616</Lat>
    <Lon>58.664267</Lon>
    <Dis>4271.640</Dis>
    <Cta>743</Cta>
    <CodSec>36</CodSec>
  </S>
  <S>
    <Calle>PJE-1</Calle>
    <Lat>34.461189</Lat>
    <Lon>58.707683</Lon>
    <Dis>195.560</Dis>
    <Cta>901</Cta>
    <CodSec>37</CodSec>
  </S>
  <S>
    <Calle>PJE-2</Calle>
    <Lat>34.460588</Lat>
    <Lon>58.709685</Lon>
    <Dis>769.290</Dis>
    <Cta>908</Cta>
    <CodSec>37</CodSec>
  </S>
  <S>
    <Calle>SKF-1</Calle>
    <Lat>34.458166</Lat>
    <Lon>58.717529</Lon>
    <Dis>1306.530</Dis>
    <Cta>937</Cta>
    <CodSec>38</CodSec>
  </S>
  <S>
    <Calle>FON-1</Calle>
    <Lat>34.454332</Lat>
    <Lon>58.729574</Lon>
    <Dis>408.640</Dis>
    <Cta>988</Cta>
    <CodSec>38</CodSec>
  </S>
  <S>
    <Calle>FON-2</Calle>
    <Lat>34.453096</Lat>
    <Lon>58.733503</Lon>
    <Dis>1670.610</Dis>
    <Cta>1005</Cta>
    <CodSec>38</CodSec>
  </S>
  <S>
    <Calle>P.G-2</Calle>
    <Lat>34.447736</Lat>
    <Lon>58.750273</Lon>
    <Dis>1077.980</Dis>
    <Cta>1070</Cta>
    <CodSec>38</CodSec>
  </S>
  <S>
    <Calle>P-5-1</Calle>
    <Lat>34.444587</Lat>
    <Lon>58.761388</Lon>
    <Dis>763.440</Dis>
    <Cta>1108</Cta>
    <CodSec>38</CodSec>
  </S>
  <S>
    <Calle>P-5-2</Calle>
    <Lat>34.443149</Lat>
    <Lon>58.768433</Lon>
    <Dis>1142.500</Dis>
    <Cta>1139</Cta>
    <CodSec>38</CodSec>
  </S>
  <S>
    <Calle>RU.26</Calle>
    <Lat>34.440979</Lat>
    <Lon>58.780606</Lon>
    <Dis>2056.700</Dis>
    <Cta>1180</Cta>
    <CodSec>39</CodSec>
  </S>
  <S>
    <Calle>D.VIS</Calle>
    <Lat>34.450662</Lat>
    <Lon>58.797544</Lon>
    <Dis>1427.280</Dis>
    <Cta>1256</Cta>
    <CodSec>39</CodSec>
  </S>
  <S>
    <Calle>R. 8</Calle>
    <Lat>34.459619</Lat>
    <Lon>58.808028</Lon>
    <Dis>2747.480</Dis>
    <Cta>1307</Cta>
    <CodSec>54</CodSec>
  </S>
  <S>
    <Calle>LONJA</Calle>
    <Lat>34.454026</Lat>
    <Lon>58.833501</Lon>
    <Dis>3021.340</Dis>
    <Cta>1405</Cta>
    <CodSec>55</CodSec>
  </S>
  <S>
    <Calle>JUMBO</Calle>
    <Lat>34.450220</Lat>
    <Lon>58.865867</Lon>
    <Dis>3726.260</Dis>
    <Cta>1511</Cta>
    <CodSec>56</CodSec>
  </S>
  <S>
    <Calle>RU.25</Calle>
    <Lat>34.456645</Lat>
    <Lon>58.905466</Lon>
    <Dis>2187.290</Dis>
    <Cta>1649</Cta>
    <CodSec>57</CodSec>
  </S>
  <S>
    <Calle>VIAS5</Calle>
    <Lat>34.468964</Lat>
    <Lon>58.905992</Lon>
    <Dis>1154.290</Dis>
    <Cta>1732</Cta>
    <CodSec>60</CodSec>
  </S>
  <S>
    <Calle>PILAR</Calle>
    <Lat>34.477844</Lat>
    <Lon>58.901269</Lon>
    <Dis>0</Dis>
    <Cta>1774</Cta>
    <CodSec>60</CodSec>
  </S>
</Sector>