<?xml version="1.0" standalone="yes"?>
<Sector>
  <xs:schema id="Sector" xmlns="" xmlns:xs="http://www.w3.org/2001/XMLSchema" xmlns:msdata="urn:schemas-microsoft-com:xml-msdata">
    <xs:element name="Sector" msdata:IsDataSet="true" msdata:Locale="">
      <xs:complexType>
        <xs:choice minOccurs="0" maxOccurs="unbounded">
          <xs:element name="S" msdata:Locale="">
            <xs:complexType>
              <xs:sequence>
                <xs:element name="Calle" type="xs:string" minOccurs="0" />
                <xs:element name="Lat" type="xs:decimal" minOccurs="0" />
                <xs:element name="Lon" type="xs:decimal" minOccurs="0" />
                <xs:element name="Dis" type="xs:decimal" minOccurs="0" />
                <xs:element name="Cta" type="xs:int" minOccurs="0" />
                <xs:element name="CodSec" type="xs:int" minOccurs="0" />
              </xs:sequence>
            </xs:complexType>
          </xs:element>
        </xs:choice>
      </xs:complexType>
    </xs:element>
  </xs:schema>
  <S>
    <Calle>SAAVE</Calle>
    <Lat>34.537791</Lat>
    <Lon>58.475410</Lon>
    <Dis>1757.280</Dis>
    <Cta>1</Cta>
    <CodSec>1</CodSec>
  </S>
  <S>
    <Calle>SMRT3</Calle>
    <Lat>34.524103</Lat>
    <Lon>58.483593</Lon>
    <Dis>3070.850</Dis>
    <Cta>64</Cta>
    <CodSec>1</CodSec>
  </S>
  <S>
    <Calle>AV.SM</Calle>
    <Lat>34.533419</Lat>
    <Lon>58.503137</Lon>
    <Dis>3772.760</Dis>
    <Cta>176</Cta>
    <CodSec>11</CodSec>
  </S>
  <S>
    <Calle>EDIS</Calle>
    <Lat>34.508168</Lat>
    <Lon>58.529510</Lon>
    <Dis>1389.130</Dis>
    <Cta>312</Cta>
    <CodSec>12</CodSec>
  </S>
  <S>
    <Calle>THAME</Calle>
    <Lat>34.501787</Lat>
    <Lon>58.542530</Lon>
    <Dis>964.880</Dis>
    <Cta>361</Cta>
    <CodSec>12</CodSec>
  </S>
  <S>
    <Calle>MAR 1</Calle>
    <Lat>34.497111</Lat>
    <Lon>58.551385</Lon>
    <Dis>400.720</Dis>
    <Cta>396</Cta>
    <CodSec>13</CodSec>
  </S>
  <S>
    <Calle>MAR-2</Calle>
    <Lat>34.494648</Lat>
    <Lon>58.554545</Lon>
    <Dis>1041.300</Dis>
    <Cta>411</Cta>
    <CodSec>13</CodSec>
  </S>
  <S>
    <Calle>J.S.M</Calle>
    <Lat>34.491259</Lat>
    <Lon>58.564773</Lon>
    <Dis>1894.460</Dis>
    <Cta>448</Cta>
    <CodSec>13</CodSec>
  </S>
  <S>
    <Calle>BOULO</Calle>
    <Lat>34.487860</Lat>
    <Lon>58.584753</Lon>
    <Dis>2186.760</Dis>
    <Cta>518</Cta>
    <CodSec>13</CodSec>
  </S>
  <S>
    <Calle>202-1</Calle>
    <Lat>34.485933</Lat>
    <Lon>58.608469</Lon>
    <Dis>819.420</Dis>
    <Cta>595</Cta>
    <CodSec>14</CodSec>
  </S>
  <S>
    <Calle>202-2</Calle>
    <Lat>34.484754</Lat>
    <Lon>58.617231</Lon>
    <Dis>3615.990</Dis>
    <Cta>626</Cta>
    <CodSec>14</CodSec>
  </S>
  <S>
    <Calle>197-1</Calle>
    <Lat>34.477086</Lat>
    <Lon>58.655488</Lon>
    <Dis>882.510</Dis>
    <Cta>751</Cta>
    <CodSec>36</CodSec>
  </S>
  <S>
    <Calle>197-2</Calle>
    <Lat>34.474616</Lat>
    <Lon>58.664267</Lon>
    <Dis>4271.660</Dis>
    <Cta>784</Cta>
    <CodSec>36</CodSec>
  </S>
  <S>
    <Calle>PJE-1</Calle>
    <Lat>34.461189</Lat>
    <Lon>58.707683</Lon>
    <Dis>195.560</Dis>
    <Cta>942</Cta>
    <CodSec>37</CodSec>
  </S>
  <S>
    <Calle>PJE-2</Calle>
    <Lat>34.460588</Lat>
    <Lon>58.709685</Lon>
    <Dis>769.290</Dis>
    <Cta>949</Cta>
    <CodSec>37</CodSec>
  </S>
  <S>
    <Calle>SKF-1</Calle>
    <Lat>34.458166</Lat>
    <Lon>58.717529</Lon>
    <Dis>1306.420</Dis>
    <Cta>978</Cta>
    <CodSec>38</CodSec>
  </S>
  <S>
    <Calle>FON-1</Calle>
    <Lat>34.454332</Lat>
    <Lon>58.729574</Lon>
    <Dis>408.580</Dis>
    <Cta>1029</Cta>
    <CodSec>38</CodSec>
  </S>
  <S>
    <Calle>FON-2</Calle>
    <Lat>34.453096</Lat>
    <Lon>58.733503</Lon>
    <Dis>1670.680</Dis>
    <Cta>1046</Cta>
    <CodSec>38</CodSec>
  </S>
  <S>
    <Calle>P.G-2</Calle>
    <Lat>34.447736</Lat>
    <Lon>58.750273</Lon>
    <Dis>1077.980</Dis>
    <Cta>1111</Cta>
    <CodSec>38</CodSec>
  </S>
  <S>
    <Calle>P-5-1</Calle>
    <Lat>34.444587</Lat>
    <Lon>58.761388</Lon>
    <Dis>763.400</Dis>
    <Cta>1149</Cta>
    <CodSec>38</CodSec>
  </S>
  <S>
    <Calle>P-5-2</Calle>
    <Lat>34.443149</Lat>
    <Lon>58.768432</Lon>
    <Dis>1142.540</Dis>
    <Cta>1180</Cta>
    <CodSec>38</CodSec>
  </S>
  <S>
    <Calle>RU.26</Calle>
    <Lat>34.440979</Lat>
    <Lon>58.780606</Lon>
    <Dis>2056.540</Dis>
    <Cta>1221</Cta>
    <CodSec>39</CodSec>
  </S>
  <S>
    <Calle>D.VIS</Calle>
    <Lat>34.450662</Lat>
    <Lon>58.797544</Lon>
    <Dis>1427.230</Dis>
    <Cta>1297</Cta>
    <CodSec>39</CodSec>
  </S>
  <S>
    <Calle>R. 8</Calle>
    <Lat>34.459619</Lat>
    <Lon>58.808029</Lon>
    <Dis>2747.490</Dis>
    <Cta>1348</Cta>
    <CodSec>54</CodSec>
  </S>
  <S>
    <Calle>LONJA</Calle>
    <Lat>34.454026</Lat>
    <Lon>58.833501</Lon>
    <Dis>3021.790</Dis>
    <Cta>1446</Cta>
    <CodSec>55</CodSec>
  </S>
  <S>
    <Calle>JUMBO</Calle>
    <Lat>34.450220</Lat>
    <Lon>58.865868</Lon>
    <Dis>3725.950</Dis>
    <Cta>1552</Cta>
    <CodSec>56</CodSec>
  </S>
  <S>
    <Calle>RU.25</Calle>
    <Lat>34.456645</Lat>
    <Lon>58.905466</Lon>
    <Dis>2187.360</Dis>
    <Cta>1690</Cta>
    <CodSec>57</CodSec>
  </S>
  <S>
    <Calle>VIAS5</Calle>
    <Lat>34.468964</Lat>
    <Lon>58.905992</Lon>
    <Dis>1154.330</Dis>
    <Cta>1773</Cta>
    <CodSec>60</CodSec>
  </S>
  <S>
    <Calle>PILAR</Calle>
    <Lat>34.477843</Lat>
    <Lon>58.901269</Lon>
    <Dis>0</Dis>
    <Cta>1815</Cta>
    <CodSec>60</CodSec>
  </S>
</Sector>