<?xml version="1.0" standalone="yes"?>
<Sector>
  <xs:schema id="Sector" xmlns="" xmlns:xs="http://www.w3.org/2001/XMLSchema" xmlns:msdata="urn:schemas-microsoft-com:xml-msdata">
    <xs:element name="Sector" msdata:IsDataSet="true" msdata:Locale="">
      <xs:complexType>
        <xs:choice minOccurs="0" maxOccurs="unbounded">
          <xs:element name="S" msdata:Locale="">
            <xs:complexType>
              <xs:sequence>
                <xs:element name="Calle" type="xs:string" minOccurs="0" />
                <xs:element name="Lat" type="xs:decimal" minOccurs="0" />
                <xs:element name="Lon" type="xs:decimal" minOccurs="0" />
                <xs:element name="Dis" type="xs:decimal" minOccurs="0" />
                <xs:element name="Cta" type="xs:int" minOccurs="0" />
                <xs:element name="CodSec" type="xs:int" minOccurs="0" />
              </xs:sequence>
            </xs:complexType>
          </xs:element>
        </xs:choice>
      </xs:complexType>
    </xs:element>
  </xs:schema>
  <S>
    <Calle>SAAVE</Calle>
    <Lat>34.537791</Lat>
    <Lon>58.475410</Lon>
    <Dis>1757.480</Dis>
    <Cta>1</Cta>
    <CodSec>1</CodSec>
  </S>
  <S>
    <Calle>SMRT3</Calle>
    <Lat>34.524103</Lat>
    <Lon>58.483593</Lon>
    <Dis>3070.900</Dis>
    <Cta>64</Cta>
    <CodSec>1</CodSec>
  </S>
  <S>
    <Calle>AV.SM</Calle>
    <Lat>34.533419</Lat>
    <Lon>58.503137</Lon>
    <Dis>3772.850</Dis>
    <Cta>176</Cta>
    <CodSec>11</CodSec>
  </S>
  <S>
    <Calle>EDIS</Calle>
    <Lat>34.508168</Lat>
    <Lon>58.529510</Lon>
    <Dis>1389.130</Dis>
    <Cta>312</Cta>
    <CodSec>12</CodSec>
  </S>
  <S>
    <Calle>THAME</Calle>
    <Lat>34.501787</Lat>
    <Lon>58.542530</Lon>
    <Dis>964.880</Dis>
    <Cta>361</Cta>
    <CodSec>12</CodSec>
  </S>
  <S>
    <Calle>MAR 1</Calle>
    <Lat>34.497111</Lat>
    <Lon>58.551385</Lon>
    <Dis>400.700</Dis>
    <Cta>396</Cta>
    <CodSec>13</CodSec>
  </S>
  <S>
    <Calle>MAR-2</Calle>
    <Lat>34.494647</Lat>
    <Lon>58.554544</Lon>
    <Dis>1041.310</Dis>
    <Cta>411</Cta>
    <CodSec>13</CodSec>
  </S>
  <S>
    <Calle>J.S.M</Calle>
    <Lat>34.491260</Lat>
    <Lon>58.564773</Lon>
    <Dis>1894.490</Dis>
    <Cta>448</Cta>
    <CodSec>13</CodSec>
  </S>
  <S>
    <Calle>BOULO</Calle>
    <Lat>34.487860</Lat>
    <Lon>58.584753</Lon>
    <Dis>2186.970</Dis>
    <Cta>518</Cta>
    <CodSec>13</CodSec>
  </S>
  <S>
    <Calle>202-1</Calle>
    <Lat>34.485933</Lat>
    <Lon>58.608469</Lon>
    <Dis>819.460</Dis>
    <Cta>595</Cta>
    <CodSec>14</CodSec>
  </S>
  <S>
    <Calle>202-2</Calle>
    <Lat>34.484754</Lat>
    <Lon>58.617231</Lon>
    <Dis>3616.100</Dis>
    <Cta>626</Cta>
    <CodSec>14</CodSec>
  </S>
  <S>
    <Calle>197-1</Calle>
    <Lat>34.477086</Lat>
    <Lon>58.655488</Lon>
    <Dis>882.660</Dis>
    <Cta>751</Cta>
    <CodSec>36</CodSec>
  </S>
  <S>
    <Calle>197-2</Calle>
    <Lat>34.474616</Lat>
    <Lon>58.664267</Lon>
    <Dis>4525.540</Dis>
    <Cta>784</Cta>
    <CodSec>36</CodSec>
  </S>
  <S>
    <Calle>FOR-1</Calle>
    <Lat>34.448026</Lat>
    <Lon>58.698738</Lon>
    <Dis>1862.330</Dis>
    <Cta>948</Cta>
    <CodSec>42</CodSec>
  </S>
  <S>
    <Calle>FOR-2</Calle>
    <Lat>34.434911</Lat>
    <Lon>58.711022</Lon>
    <Dis>2108.720</Dis>
    <Cta>1014</Cta>
    <CodSec>42</CodSec>
  </S>
  <S>
    <Calle>P.G-1</Calle>
    <Lat>34.418405</Lat>
    <Lon>58.721673</Lon>
    <Dis>1438.490</Dis>
    <Cta>1094</Cta>
    <CodSec>43</CodSec>
  </S>
  <S>
    <Calle>CURVO</Calle>
    <Lat>34.407533</Lat>
    <Lon>58.729755</Lon>
    <Dis>1610.210</Dis>
    <Cta>1148</Cta>
    <CodSec>43</CodSec>
  </S>
  <S>
    <Calle>MASCH</Calle>
    <Lat>34.395427</Lat>
    <Lon>58.739284</Lon>
    <Dis>2306.890</Dis>
    <Cta>1203</Cta>
    <CodSec>43</CodSec>
  </S>
  <S>
    <Calle>A.C.A</Calle>
    <Lat>34.381350</Lat>
    <Lon>58.752309</Lon>
    <Dis>3572.200</Dis>
    <Cta>1285</Cta>
    <CodSec>51</CodSec>
  </S>
  <S>
    <Calle>SAVI1</Calle>
    <Lat>34.407339</Lat>
    <Lon>58.770860</Lon>
    <Dis>935.960</Dis>
    <Cta>1413</Cta>
    <CodSec>52</CodSec>
  </S>
  <S>
    <Calle>A.S.T</Calle>
    <Lat>34.415143</Lat>
    <Lon>58.774661</Lon>
    <Dis>2995.000</Dis>
    <Cta>1446</Cta>
    <CodSec>52</CodSec>
  </S>
  <S>
    <Calle>RA.PI</Calle>
    <Lat>34.441150</Lat>
    <Lon>58.782952</Lon>
    <Dis>1750.940</Dis>
    <Cta>1548</Cta>
    <CodSec>53</CodSec>
  </S>
  <S>
    <Calle>D.VIS</Calle>
    <Lat>34.450662</Lat>
    <Lon>58.797544</Lon>
    <Dis>1427.370</Dis>
    <Cta>1612</Cta>
    <CodSec>53</CodSec>
  </S>
  <S>
    <Calle>R. 8</Calle>
    <Lat>34.459619</Lat>
    <Lon>58.808028</Lon>
    <Dis>2747.560</Dis>
    <Cta>1663</Cta>
    <CodSec>54</CodSec>
  </S>
  <S>
    <Calle>LONJA</Calle>
    <Lat>34.454026</Lat>
    <Lon>58.833501</Lon>
    <Dis>3021.550</Dis>
    <Cta>1761</Cta>
    <CodSec>55</CodSec>
  </S>
  <S>
    <Calle>JUMBO</Calle>
    <Lat>34.450220</Lat>
    <Lon>58.865866</Lon>
    <Dis>3726.100</Dis>
    <Cta>1867</Cta>
    <CodSec>56</CodSec>
  </S>
  <S>
    <Calle>RU.25</Calle>
    <Lat>34.456645</Lat>
    <Lon>58.905466</Lon>
    <Dis>2187.390</Dis>
    <Cta>2005</Cta>
    <CodSec>57</CodSec>
  </S>
  <S>
    <Calle>VIAS5</Calle>
    <Lat>34.468964</Lat>
    <Lon>58.905992</Lon>
    <Dis>1154.240</Dis>
    <Cta>2088</Cta>
    <CodSec>60</CodSec>
  </S>
  <S>
    <Calle>PILAR</Calle>
    <Lat>34.477843</Lat>
    <Lon>58.901269</Lon>
    <Dis>0</Dis>
    <Cta>2130</Cta>
    <CodSec>60</CodSec>
  </S>
</Sector>