<?xml version="1.0" standalone="yes"?>
<Version>
  <xs:schema id="Version" xmlns="" xmlns:xs="http://www.w3.org/2001/XMLSchema" xmlns:msdata="urn:schemas-microsoft-com:xml-msdata">
    <xs:element name="Version" msdata:IsDataSet="true" msdata:UseCurrentLocale="true">
      <xs:complexType>
        <xs:choice minOccurs="0" maxOccurs="unbounded">
          <xs:element name="datosVersion">
            <xs:complexType>
              <xs:sequence>
                <xs:element name="nroVersion" type="xs:int" minOccurs="0" />
                <xs:element name="fechaActivacion" type="xs:dateTime" minOccurs="0" />
              </xs:sequence>
            </xs:complexType>
          </xs:element>
          <xs:element name="archivos">
            <xs:complexType>
              <xs:sequence>
                <xs:element name="archivo" type="xs:string" minOccurs="0" />
                <xs:element name="hash" type="xs:string" minOccurs="0" />
              </xs:sequence>
            </xs:complexType>
          </xs:element>
        </xs:choice>
      </xs:complexType>
    </xs:element>
  </xs:schema>
  <datosVersion>
    <nroVersion>24</nroVersion>
    <fechaActivacion>2019-08-10T00:00:00-03:00</fechaActivacion>
  </datosVersion>
  <archivos>
    <archivo>s01592742.xml</archivo>
    <hash>27894BFDF59FB3A9E583302A11AA5CC3</hash>
  </archivos>
  <archivos>
    <archivo>s01592743.xml</archivo>
    <hash>A9FFBCC83A3E84B1F530195DC8C51821</hash>
  </archivos>
  <archivos>
    <archivo>s01592744.xml</archivo>
    <hash>09818F867BE1EA90FB3E41AEF5C3E164</hash>
  </archivos>
  <archivos>
    <archivo>s01592745.xml</archivo>
    <hash>C8DE8599FD19CE0E1D625FA7F665D60D</hash>
  </archivos>
  <archivos>
    <archivo>s01592746.xml</archivo>
    <hash>992EAB524A9186F0235769BF4ED44792</hash>
  </archivos>
  <archivos>
    <archivo>s01592747.xml</archivo>
    <hash>DD2250C59A1CDE1E0871E48CED05E796</hash>
  </archivos>
  <archivos>
    <archivo>s01592748.xml</archivo>
    <hash>B688E8D09A7E0B844AFFCF13769E1B47</hash>
  </archivos>
  <archivos>
    <archivo>s01592749.xml</archivo>
    <hash>3585BCE6E57CA2BB9D2472A185AEABA7</hash>
  </archivos>
  <archivos>
    <archivo>s01592750.xml</archivo>
    <hash>F18FDBA75FE014C0E88971AB695C825D</hash>
  </archivos>
  <archivos>
    <archivo>s01592751.xml</archivo>
    <hash>DEF8BD7F8D53733FE7054E50F20D23B7</hash>
  </archivos>
  <archivos>
    <archivo>s01592752.xml</archivo>
    <hash>2877235B3B441CF9B57FD6B033669962</hash>
  </archivos>
  <archivos>
    <archivo>s01592753.xml</archivo>
    <hash>B53D460D292459FF06C5191FDD3FDBD2</hash>
  </archivos>
  <archivos>
    <archivo>s01592754.xml</archivo>
    <hash>BFBC32A2C6A986343FD2DF2969FFC52F</hash>
  </archivos>
  <archivos>
    <archivo>s01592755.xml</archivo>
    <hash>6C464CB47633F6B580C520F35D90759B</hash>
  </archivos>
  <archivos>
    <archivo>s01592756.xml</archivo>
    <hash>0619967516CCF338D380486D0B0D8BFF</hash>
  </archivos>
  <archivos>
    <archivo>s01592757.xml</archivo>
    <hash>46DE564DAA455FA0066DB06A241E8895</hash>
  </archivos>
  <archivos>
    <archivo>s01592758.xml</archivo>
    <hash>B60D96C5FFDAB147F4B7400272429D2B</hash>
  </archivos>
  <archivos>
    <archivo>s01592759.xml</archivo>
    <hash>B1906FDDAD73E257387EA18C3219B99D</hash>
  </archivos>
  <archivos>
    <archivo>s01592760.xml</archivo>
    <hash>B3ECDF5BCA79CEADA7F77FC3398AE78F</hash>
  </archivos>
  <archivos>
    <archivo>r01592742.txt</archivo>
    <hash>3FB165EBDBA552E41AC669ACC57928E1</hash>
  </archivos>
  <archivos>
    <archivo>r01592743.txt</archivo>
    <hash>7C14AF2EB8FBAF390ECDBCE9D9E930E4</hash>
  </archivos>
  <archivos>
    <archivo>r01592744.txt</archivo>
    <hash>381A14BF0C114E1994519A668DDEEB00</hash>
  </archivos>
  <archivos>
    <archivo>r01592745.txt</archivo>
    <hash>E57BCA645187F4EFACF4ECCC52FEEF05</hash>
  </archivos>
  <archivos>
    <archivo>r01592746.txt</archivo>
    <hash>B302EBB84ACA084F222EE20BAB5B5848</hash>
  </archivos>
  <archivos>
    <archivo>r01592747.txt</archivo>
    <hash>EF2B12112C4AFE905590255D35BAA9ED</hash>
  </archivos>
  <archivos>
    <archivo>r01592748.txt</archivo>
    <hash>AEDCCC7427A6290C43AAA695335C65FB</hash>
  </archivos>
  <archivos>
    <archivo>r01592749.txt</archivo>
    <hash>907E6E413E2B22E78DDEA1028EF556F3</hash>
  </archivos>
  <archivos>
    <archivo>r01592750.txt</archivo>
    <hash>44A7CA685F26853E8D020881F6E97302</hash>
  </archivos>
  <archivos>
    <archivo>r01592751.txt</archivo>
    <hash>8EB46D25BBB9046F40F1C7CE47E4CC33</hash>
  </archivos>
  <archivos>
    <archivo>r01592752.txt</archivo>
    <hash>8DF66375559B04A25F01712C47332741</hash>
  </archivos>
  <archivos>
    <archivo>r01592753.txt</archivo>
    <hash>7F38165E7FD25C811E109A799E953D0E</hash>
  </archivos>
  <archivos>
    <archivo>r01592754.txt</archivo>
    <hash>F13184E2E29C3278A0362D0C15FFBCCA</hash>
  </archivos>
  <archivos>
    <archivo>r01592755.txt</archivo>
    <hash>988496991804F6E9781696746A0F4AB8</hash>
  </archivos>
  <archivos>
    <archivo>r01592756.txt</archivo>
    <hash>FDDD02E05E5A2D6AB2A6C9E67B68916E</hash>
  </archivos>
  <archivos>
    <archivo>r01592757.txt</archivo>
    <hash>2FF48FBF88B8F8EB4A0E03ABC3FBB6B8</hash>
  </archivos>
  <archivos>
    <archivo>r01592758.txt</archivo>
    <hash>AC77C3A39851B368BEC66B8F87EB68F6</hash>
  </archivos>
  <archivos>
    <archivo>r01592759.txt</archivo>
    <hash>548BE615C09AC276E6CCA91F9A41CB82</hash>
  </archivos>
  <archivos>
    <archivo>r01592760.txt</archivo>
    <hash>4D1D4AD1FF6FDB4B11C1CF20D674B3D5</hash>
  </archivos>
  <archivos>
    <archivo>sectoresTarifarios.xml</archivo>
    <hash>BDF89E6995DF3961B085471C0FD7AC9E</hash>
  </archivos>
</Version>