<?xml version="1.0" standalone="yes"?>
<Sector>
  <xs:schema id="Sector" xmlns="" xmlns:xs="http://www.w3.org/2001/XMLSchema" xmlns:msdata="urn:schemas-microsoft-com:xml-msdata">
    <xs:element name="Sector" msdata:IsDataSet="true" msdata:Locale="">
      <xs:complexType>
        <xs:choice minOccurs="0" maxOccurs="unbounded">
          <xs:element name="S" msdata:Locale="">
            <xs:complexType>
              <xs:sequence>
                <xs:element name="Calle" type="xs:string" minOccurs="0" />
                <xs:element name="Lat" type="xs:decimal" minOccurs="0" />
                <xs:element name="Lon" type="xs:decimal" minOccurs="0" />
                <xs:element name="Dis" type="xs:decimal" minOccurs="0" />
                <xs:element name="Cta" type="xs:int" minOccurs="0" />
                <xs:element name="CodSec" type="xs:int" minOccurs="0" />
              </xs:sequence>
            </xs:complexType>
          </xs:element>
        </xs:choice>
      </xs:complexType>
    </xs:element>
  </xs:schema>
  <S>
    <Calle>COCHA</Calle>
    <Lat>34.626979</Lat>
    <Lon>58.412360</Lon>
    <Dis>863.770</Dis>
    <Cta>1</Cta>
    <CodSec>9</CodSec>
  </S>
  <S>
    <Calle>INDP1</Calle>
    <Lat>34.624493</Lat>
    <Lon>58.407064</Lon>
    <Dis>1356.000</Dis>
    <Cta>34</Cta>
    <CodSec>9</CodSec>
  </S>
  <S>
    <Calle>JUJUY</Calle>
    <Lat>34.614647</Lat>
    <Lon>58.405116</Lon>
    <Dis>800.350</Dis>
    <Cta>86</Cta>
    <CodSec>9</CodSec>
  </S>
  <S>
    <Calle>PUEY.</Calle>
    <Lat>34.607735</Lat>
    <Lon>58.406041</Lon>
    <Dis>1033.030</Dis>
    <Cta>116</Cta>
    <CodSec>8</CodSec>
  </S>
  <S>
    <Calle>CORDO</Calle>
    <Lat>34.598655</Lat>
    <Lon>58.403741</Lon>
    <Dis>1404.050</Dis>
    <Cta>156</Cta>
    <CodSec>8</CodSec>
  </S>
  <S>
    <Calle>PUEY2</Calle>
    <Lat>34.587494</Lat>
    <Lon>58.397421</Lon>
    <Dis>1475.860</Dis>
    <Cta>209</Cta>
    <CodSec>7</CodSec>
  </S>
  <S>
    <Calle>S.ORT</Calle>
    <Lat>34.581961</Lat>
    <Lon>58.410727</Lon>
    <Dis>841.300</Dis>
    <Cta>262</Cta>
    <CodSec>7</CodSec>
  </S>
  <S>
    <Calle>ITALI</Calle>
    <Lat>34.581285</Lat>
    <Lon>58.419866</Lon>
    <Dis>1472.270</Dis>
    <Cta>292</Cta>
    <CodSec>7</CodSec>
  </S>
  <S>
    <Calle>VIADU</Calle>
    <Lat>34.575571</Lat>
    <Lon>58.434020</Lon>
    <Dis>1618.440</Dis>
    <Cta>350</Cta>
    <CodSec>6</CodSec>
  </S>
  <S>
    <Calle>ZABAL</Calle>
    <Lat>34.567800</Lat>
    <Lon>58.448955</Lon>
    <Dis>833.030</Dis>
    <Cta>409</Cta>
    <CodSec>6</CodSec>
  </S>
  <S>
    <Calle>ECHEV</Calle>
    <Lat>34.562990</Lat>
    <Lon>58.455762</Lon>
    <Dis>1005.130</Dis>
    <Cta>440</Cta>
    <CodSec>5</CodSec>
  </S>
  <S>
    <Calle>CONGR</Calle>
    <Lat>34.555678</Lat>
    <Lon>58.462214</Lon>
    <Dis>2209.850</Dis>
    <Cta>475</Cta>
    <CodSec>5</CodSec>
  </S>
  <S>
    <Calle>MACHA</Calle>
    <Lat>34.565720</Lat>
    <Lon>58.482686</Lon>
    <Dis>2549.310</Dis>
    <Cta>554</Cta>
    <CodSec>4</CodSec>
  </S>
  <S>
    <Calle>G.PAZ</Calle>
    <Lat>34.550324</Lat>
    <Lon>58.500185</Lon>
    <Dis>873.000</Dis>
    <Cta>650</Cta>
    <CodSec>3</CodSec>
  </S>
  <S>
    <Calle>LAVAL</Calle>
    <Lat>34.543992</Lat>
    <Lon>58.503175</Lon>
    <Dis>1376.840</Dis>
    <Cta>685</Cta>
    <CodSec>3</CodSec>
  </S>
  <S>
    <Calle>YRIG3</Calle>
    <Lat>34.533169</Lat>
    <Lon>58.509975</Lon>
    <Dis>696.100</Dis>
    <Cta>737</Cta>
    <CodSec>3</CodSec>
  </S>
  <S>
    <Calle>C.VIL</Calle>
    <Lat>34.529687</Lat>
    <Lon>58.516258</Lon>
    <Dis>883.630</Dis>
    <Cta>763</Cta>
    <CodSec>3</CodSec>
  </S>
  <S>
    <Calle>VELEZ</Calle>
    <Lat>34.529984</Lat>
    <Lon>58.523366</Lon>
    <Dis>1260.710</Dis>
    <Cta>794</Cta>
    <CodSec>3</CodSec>
  </S>
  <S>
    <Calle>INDEP</Calle>
    <Lat>34.535212</Lat>
    <Lon>58.535522</Lon>
    <Dis>1480.270</Dis>
    <Cta>840</Cta>
    <CodSec>2</CodSec>
  </S>
  <S>
    <Calle>R.OBL</Calle>
    <Lat>34.530171</Lat>
    <Lon>58.547281</Lon>
    <Dis>1068.760</Dis>
    <Cta>893</Cta>
    <CodSec>2</CodSec>
  </S>
  <S>
    <Calle>GALP6</Calle>
    <Lat>34.528053</Lat>
    <Lon>58.543530</Lon>
    <Dis>0</Dis>
    <Cta>932</Cta>
    <CodSec>1</CodSec>
  </S>
</Sector>