<?xml version="1.0" standalone="yes"?>
<Sector>
  <xs:schema id="Sector" xmlns="" xmlns:xs="http://www.w3.org/2001/XMLSchema" xmlns:msdata="urn:schemas-microsoft-com:xml-msdata">
    <xs:element name="Sector" msdata:IsDataSet="true" msdata:Locale="">
      <xs:complexType>
        <xs:choice minOccurs="0" maxOccurs="unbounded">
          <xs:element name="S" msdata:Locale="">
            <xs:complexType>
              <xs:sequence>
                <xs:element name="Calle" type="xs:string" minOccurs="0" />
                <xs:element name="Lat" type="xs:decimal" minOccurs="0" />
                <xs:element name="Lon" type="xs:decimal" minOccurs="0" />
                <xs:element name="Dis" type="xs:decimal" minOccurs="0" />
                <xs:element name="Cta" type="xs:int" minOccurs="0" />
                <xs:element name="CodSec" type="xs:int" minOccurs="0" />
              </xs:sequence>
            </xs:complexType>
          </xs:element>
        </xs:choice>
      </xs:complexType>
    </xs:element>
  </xs:schema>
  <S>
    <Calle>PAVON</Calle>
    <Lat>34.532079</Lat>
    <Lon>58.703789</Lon>
    <Dis>659.759</Dis>
    <Cta>1</Cta>
    <CodSec>18</CodSec>
  </S>
  <S>
    <Calle>S.LOR</Calle>
    <Lat>34.536497</Lat>
    <Lon>58.708530</Lon>
    <Dis>890.085</Dis>
    <Cta>38</Cta>
    <CodSec>18</CodSec>
  </S>
  <S>
    <Calle>ALEM.</Calle>
    <Lat>34.542472</Lat>
    <Lon>58.714813</Lon>
    <Dis>1280.143</Dis>
    <Cta>90</Cta>
    <CodSec>18</CodSec>
  </S>
  <S>
    <Calle>IRIGO</Calle>
    <Lat>34.537551</Lat>
    <Lon>58.721771</Lon>
    <Dis>1041.903</Dis>
    <Cta>178</Cta>
    <CodSec>18</CodSec>
  </S>
  <S>
    <Calle>M.SAS</Calle>
    <Lat>34.543251</Lat>
    <Lon>58.729334</Lon>
    <Dis>1236.479</Dis>
    <Cta>244</Cta>
    <CodSec>18</CodSec>
  </S>
  <S>
    <Calle>CALLA</Calle>
    <Lat>34.538623</Lat>
    <Lon>58.739124</Lon>
    <Dis>2210.416</Dis>
    <Cta>320</Cta>
    <CodSec>18</CodSec>
  </S>
  <S>
    <Calle>GPINT</Calle>
    <Lat>34.544505</Lat>
    <Lon>58.755092</Lon>
    <Dis>1481.797</Dis>
    <Cta>463</Cta>
    <CodSec>18</CodSec>
  </S>
  <S>
    <Calle>FERR.</Calle>
    <Lat>34.551321</Lat>
    <Lon>58.766121</Lon>
    <Dis>1335.985</Dis>
    <Cta>553</Cta>
    <CodSec>18</CodSec>
  </S>
  <S>
    <Calle>FMARC</Calle>
    <Lat>34.557077</Lat>
    <Lon>58.775746</Lon>
    <Dis>0</Dis>
    <Cta>640</Cta>
    <CodSec>18</CodSec>
  </S>
</Sector>