<?xml version="1.0" standalone="yes"?>
<Sector>
  <xs:schema id="Sector" xmlns="" xmlns:xs="http://www.w3.org/2001/XMLSchema" xmlns:msdata="urn:schemas-microsoft-com:xml-msdata">
    <xs:element name="Sector" msdata:IsDataSet="true" msdata:Locale="">
      <xs:complexType>
        <xs:choice minOccurs="0" maxOccurs="unbounded">
          <xs:element name="S" msdata:Locale="">
            <xs:complexType>
              <xs:sequence>
                <xs:element name="Calle" type="xs:string" minOccurs="0" />
                <xs:element name="Lat" type="xs:decimal" minOccurs="0" />
                <xs:element name="Lon" type="xs:decimal" minOccurs="0" />
                <xs:element name="Dis" type="xs:decimal" minOccurs="0" />
                <xs:element name="Cta" type="xs:int" minOccurs="0" />
                <xs:element name="CodSec" type="xs:int" minOccurs="0" />
              </xs:sequence>
            </xs:complexType>
          </xs:element>
        </xs:choice>
      </xs:complexType>
    </xs:element>
  </xs:schema>
  <S>
    <Calle>S.RAF</Calle>
    <Lat>33.033621</Lat>
    <Lon>60.621008</Lon>
    <Dis>4001.649</Dis>
    <Cta>1</Cta>
    <CodSec>12</CodSec>
  </S>
  <S>
    <Calle>SDIEG</Calle>
    <Lat>33.018610</Lat>
    <Lon>60.609114</Lon>
    <Dis>1425.445</Dis>
    <Cta>261</Cta>
    <CodSec>12</CodSec>
  </S>
  <S>
    <Calle>JDPER</Calle>
    <Lat>33.010651</Lat>
    <Lon>60.614779</Lon>
    <Dis>1220.259</Dis>
    <Cta>371</Cta>
    <CodSec>12</CodSec>
  </S>
  <S>
    <Calle>ArSAL</Calle>
    <Lat>33.000334</Lat>
    <Lon>60.614752</Lon>
    <Dis>3570.711</Dis>
    <Cta>468</Cta>
    <CodSec>12</CodSec>
  </S>
  <S>
    <Calle>27FEB</Calle>
    <Lat>32.971606</Lat>
    <Lon>60.621867</Lon>
    <Dis>3702.028</Dis>
    <Cta>699</Cta>
    <CodSec>12</CodSec>
  </S>
  <S>
    <Calle>CORRI</Calle>
    <Lat>32.956494</Lat>
    <Lon>60.644997</Lon>
    <Dis>809.687</Dis>
    <Cta>920</Cta>
    <CodSec>12</CodSec>
  </S>
  <S>
    <Calle>SJUAN</Calle>
    <Lat>32.949461</Lat>
    <Lon>60.643310</Lon>
    <Dis>0</Dis>
    <Cta>970</Cta>
    <CodSec>12</CodSec>
  </S>
</Sector>