<?xml version="1.0" standalone="yes"?>
<Sector>
  <xs:schema id="Sector" xmlns="" xmlns:xs="http://www.w3.org/2001/XMLSchema" xmlns:msdata="urn:schemas-microsoft-com:xml-msdata">
    <xs:element name="Sector" msdata:IsDataSet="true" msdata:Locale="">
      <xs:complexType>
        <xs:choice minOccurs="0" maxOccurs="unbounded">
          <xs:element name="S" msdata:Locale="">
            <xs:complexType>
              <xs:sequence>
                <xs:element name="Calle" type="xs:string" minOccurs="0" />
                <xs:element name="Lat" type="xs:decimal" minOccurs="0" />
                <xs:element name="Lon" type="xs:decimal" minOccurs="0" />
                <xs:element name="Dis" type="xs:decimal" minOccurs="0" />
                <xs:element name="Cta" type="xs:int" minOccurs="0" />
                <xs:element name="CodSec" type="xs:int" minOccurs="0" />
              </xs:sequence>
            </xs:complexType>
          </xs:element>
        </xs:choice>
      </xs:complexType>
    </xs:element>
  </xs:schema>
  <S>
    <Calle>MOREN</Calle>
    <Lat>32.509265</Lat>
    <Lon>61.027969</Lon>
    <Dis>14141.004</Dis>
    <Cta>1</Cta>
    <CodSec>23</CodSec>
  </S>
  <S>
    <Calle>ROQUE</Calle>
    <Lat>32.601712</Lat>
    <Lon>60.944166</Lon>
    <Dis>2049.392</Dis>
    <Cta>690</Cta>
    <CodSec>22</CodSec>
  </S>
  <S>
    <Calle>SARMI</Calle>
    <Lat>32.606931</Lat>
    <Lon>60.939847</Lon>
    <Dis>11018.731</Dis>
    <Cta>800</Cta>
    <CodSec>22</CodSec>
  </S>
  <S>
    <Calle>CIRC.</Calle>
    <Lat>32.664766</Lat>
    <Lon>60.877123</Lon>
    <Dis>7897.418</Dis>
    <Cta>1375</Cta>
    <CodSec>21</CodSec>
  </S>
  <S>
    <Calle>CRUCE</Calle>
    <Lat>32.638916</Lat>
    <Lon>60.814431</Lon>
    <Dis>4470.541</Dis>
    <Cta>1879</Cta>
    <CodSec>19</CodSec>
  </S>
  <S>
    <Calle>TRENE</Calle>
    <Lat>32.672326</Lat>
    <Lon>60.788708</Lon>
    <Dis>2558.368</Dis>
    <Cta>2109</Cta>
    <CodSec>19</CodSec>
  </S>
  <S>
    <Calle>VIAS.</Calle>
    <Lat>32.691481</Lat>
    <Lon>60.773883</Lon>
    <Dis>5608.798</Dis>
    <Cta>2226</Cta>
    <CodSec>18</CodSec>
  </S>
  <S>
    <Calle>PGSMA</Calle>
    <Lat>32.717402</Lat>
    <Lon>60.731153</Lon>
    <Dis>0</Dis>
    <Cta>2620</Cta>
    <CodSec>18</CodSec>
  </S>
</Sector>