<?xml version="1.0" standalone="yes"?>
<Sector>
  <xs:schema id="Sector" xmlns="" xmlns:xs="http://www.w3.org/2001/XMLSchema" xmlns:msdata="urn:schemas-microsoft-com:xml-msdata">
    <xs:element name="Sector" msdata:IsDataSet="true" msdata:Locale="">
      <xs:complexType>
        <xs:choice minOccurs="0" maxOccurs="unbounded">
          <xs:element name="S" msdata:Locale="">
            <xs:complexType>
              <xs:sequence>
                <xs:element name="Calle" type="xs:string" minOccurs="0" />
                <xs:element name="Lat" type="xs:decimal" minOccurs="0" />
                <xs:element name="Lon" type="xs:decimal" minOccurs="0" />
                <xs:element name="Dis" type="xs:decimal" minOccurs="0" />
                <xs:element name="Cta" type="xs:int" minOccurs="0" />
                <xs:element name="CodSec" type="xs:int" minOccurs="0" />
              </xs:sequence>
            </xs:complexType>
          </xs:element>
        </xs:choice>
      </xs:complexType>
    </xs:element>
  </xs:schema>
  <S>
    <Calle>PELUF</Calle>
    <Lat>34.544485</Lat>
    <Lon>58.714536</Lon>
    <Dis>994.673</Dis>
    <Cta>1</Cta>
    <CodSec>18</CodSec>
  </S>
  <S>
    <Calle>GCAMP</Calle>
    <Lat>34.551188</Lat>
    <Lon>58.721649</Lon>
    <Dis>2379.159</Dis>
    <Cta>55</Cta>
    <CodSec>18</CodSec>
  </S>
  <S>
    <Calle>AVSAR</Calle>
    <Lat>34.566141</Lat>
    <Lon>58.739787</Lon>
    <Dis>1340.737</Dis>
    <Cta>199</Cta>
    <CodSec>18</CodSec>
  </S>
  <S>
    <Calle>PJUNT</Calle>
    <Lat>34.558300</Lat>
    <Lon>58.750508</Lon>
    <Dis>1600.604</Dis>
    <Cta>272</Cta>
    <CodSec>18</CodSec>
  </S>
  <S>
    <Calle>MENDO</Calle>
    <Lat>34.548806</Lat>
    <Lon>58.763384</Lon>
    <Dis>1610.338</Dis>
    <Cta>356</Cta>
    <CodSec>18</CodSec>
  </S>
  <S>
    <Calle>ARIAS</Calle>
    <Lat>34.537661</Lat>
    <Lon>58.774294</Lon>
    <Dis>1142.402</Dis>
    <Cta>465</Cta>
    <CodSec>18</CodSec>
  </S>
  <S>
    <Calle>USTAR</Calle>
    <Lat>34.530877</Lat>
    <Lon>58.780024</Lon>
    <Dis>1447.625</Dis>
    <Cta>540</Cta>
    <CodSec>18</CodSec>
  </S>
  <S>
    <Calle>JMART</Calle>
    <Lat>34.525350</Lat>
    <Lon>58.765934</Lon>
    <Dis>1415.247</Dis>
    <Cta>632</Cta>
    <CodSec>18</CodSec>
  </S>
  <S>
    <Calle>ZU-LA</Calle>
    <Lat>34.519397</Lat>
    <Lon>58.752616</Lon>
    <Dis>2485.588</Dis>
    <Cta>729</Cta>
    <CodSec>18</CodSec>
  </S>
  <S>
    <Calle>RUTP8</Calle>
    <Lat>34.509241</Lat>
    <Lon>58.728752</Lon>
    <Dis>1545.879</Dis>
    <Cta>896</Cta>
    <CodSec>18</CodSec>
  </S>
  <S>
    <Calle>CALLA</Calle>
    <Lat>34.502555</Lat>
    <Lon>58.714082</Lon>
    <Dis>1196.765</Dis>
    <Cta>996</Cta>
    <CodSec>18</CodSec>
  </S>
  <S>
    <Calle>PASCO</Calle>
    <Lat>34.493619</Lat>
    <Lon>58.720844</Lon>
    <Dis>1330.401</Dis>
    <Cta>1075</Cta>
    <CodSec>18</CodSec>
  </S>
  <S>
    <Calle>DP-BE</Calle>
    <Lat>34.485839</Lat>
    <Lon>58.724757</Lon>
    <Dis>922.345</Dis>
    <Cta>1150</Cta>
    <CodSec>18</CodSec>
  </S>
  <S>
    <Calle>PSAND</Calle>
    <Lat>34.489632</Lat>
    <Lon>58.733206</Lon>
    <Dis>1160.822</Dis>
    <Cta>1205</Cta>
    <CodSec>18</CodSec>
  </S>
  <S>
    <Calle>LLAVA</Calle>
    <Lat>34.484291</Lat>
    <Lon>58.741029</Lon>
    <Dis>0</Dis>
    <Cta>1280</Cta>
    <CodSec>18</CodSec>
  </S>
</Sector>