<?xml version="1.0" standalone="yes"?>
<Sector>
  <xs:schema id="Sector" xmlns="" xmlns:xs="http://www.w3.org/2001/XMLSchema" xmlns:msdata="urn:schemas-microsoft-com:xml-msdata">
    <xs:element name="Sector" msdata:IsDataSet="true" msdata:Locale="">
      <xs:complexType>
        <xs:choice minOccurs="0" maxOccurs="unbounded">
          <xs:element name="S" msdata:Locale="">
            <xs:complexType>
              <xs:sequence>
                <xs:element name="Calle" type="xs:string" minOccurs="0" />
                <xs:element name="Lat" type="xs:decimal" minOccurs="0" />
                <xs:element name="Lon" type="xs:decimal" minOccurs="0" />
                <xs:element name="Dis" type="xs:decimal" minOccurs="0" />
                <xs:element name="Cta" type="xs:int" minOccurs="0" />
                <xs:element name="CodSec" type="xs:int" minOccurs="0" />
              </xs:sequence>
            </xs:complexType>
          </xs:element>
        </xs:choice>
      </xs:complexType>
    </xs:element>
  </xs:schema>
  <S>
    <Calle>JCPAZ</Calle>
    <Lat>34.520700</Lat>
    <Lon>58.751095</Lon>
    <Dis>2027.419</Dis>
    <Cta>1</Cta>
    <CodSec>18</CodSec>
  </S>
  <S>
    <Calle>JMART</Calle>
    <Lat>34.525142</Lat>
    <Lon>58.765652</Lon>
    <Dis>1592.923</Dis>
    <Cta>128</Cta>
    <CodSec>18</CodSec>
  </S>
  <S>
    <Calle>LAZZA</Calle>
    <Lat>34.531225</Lat>
    <Lon>58.781175</Lon>
    <Dis>1002.296</Dis>
    <Cta>231</Cta>
    <CodSec>18</CodSec>
  </S>
  <S>
    <Calle>ARIAS</Calle>
    <Lat>34.537436</Lat>
    <Lon>58.774440</Lon>
    <Dis>1635.010</Dis>
    <Cta>298</Cta>
    <CodSec>18</CodSec>
  </S>
  <S>
    <Calle>MENDO</Calle>
    <Lat>34.548774</Lat>
    <Lon>58.763457</Lon>
    <Dis>1571.377</Dis>
    <Cta>409</Cta>
    <CodSec>18</CodSec>
  </S>
  <S>
    <Calle>PJUNT</Calle>
    <Lat>34.558177</Lat>
    <Lon>58.750836</Lon>
    <Dis>1334.035</Dis>
    <Cta>495</Cta>
    <CodSec>18</CodSec>
  </S>
  <S>
    <Calle>RUT23</Calle>
    <Lat>34.566124</Lat>
    <Lon>58.740043</Lon>
    <Dis>2372.364</Dis>
    <Cta>565</Cta>
    <CodSec>18</CodSec>
  </S>
  <S>
    <Calle>GCAMP</Calle>
    <Lat>34.551591</Lat>
    <Lon>58.721798</Lon>
    <Dis>1040.284</Dis>
    <Cta>713</Cta>
    <CodSec>18</CodSec>
  </S>
  <S>
    <Calle>PELUF</Calle>
    <Lat>34.544512</Lat>
    <Lon>58.714470</Lon>
    <Dis>1015.254</Dis>
    <Cta>771</Cta>
    <CodSec>18</CodSec>
  </S>
  <S>
    <Calle>SANLO</Calle>
    <Lat>34.537711</Lat>
    <Lon>58.707192</Lon>
    <Dis>752.656</Dis>
    <Cta>830</Cta>
    <CodSec>18</CodSec>
  </S>
  <S>
    <Calle>RU.P8</Calle>
    <Lat>34.532799</Lat>
    <Lon>58.701744</Lon>
    <Dis>0</Dis>
    <Cta>874</Cta>
    <CodSec>18</CodSec>
  </S>
</Sector>