<?xml version="1.0" standalone="yes"?>
<Sector>
  <xs:schema id="Sector" xmlns="" xmlns:xs="http://www.w3.org/2001/XMLSchema" xmlns:msdata="urn:schemas-microsoft-com:xml-msdata">
    <xs:element name="Sector" msdata:IsDataSet="true" msdata:Locale="">
      <xs:complexType>
        <xs:choice minOccurs="0" maxOccurs="unbounded">
          <xs:element name="S" msdata:Locale="">
            <xs:complexType>
              <xs:sequence>
                <xs:element name="Calle" type="xs:string" minOccurs="0" />
                <xs:element name="Lat" type="xs:decimal" minOccurs="0" />
                <xs:element name="Lon" type="xs:decimal" minOccurs="0" />
                <xs:element name="Dis" type="xs:decimal" minOccurs="0" />
                <xs:element name="Cta" type="xs:int" minOccurs="0" />
                <xs:element name="CodSec" type="xs:int" minOccurs="0" />
              </xs:sequence>
            </xs:complexType>
          </xs:element>
        </xs:choice>
      </xs:complexType>
    </xs:element>
  </xs:schema>
  <S>
    <Calle>FMARC</Calle>
    <Lat>34.557032</Lat>
    <Lon>58.775878</Lon>
    <Dis>1313.621</Dis>
    <Cta>1</Cta>
    <CodSec>18</CodSec>
  </S>
  <S>
    <Calle>MENDO</Calle>
    <Lat>34.551339</Lat>
    <Lon>58.766227</Lon>
    <Dis>1458.792</Dis>
    <Cta>86</Cta>
    <CodSec>18</CodSec>
  </S>
  <S>
    <Calle>JVGON</Calle>
    <Lat>34.544591</Lat>
    <Lon>58.755392</Lon>
    <Dis>2204.731</Dis>
    <Cta>176</Cta>
    <CodSec>18</CodSec>
  </S>
  <S>
    <Calle>CALLA</Calle>
    <Lat>34.538397</Lat>
    <Lon>58.739494</Lon>
    <Dis>1317.459</Dis>
    <Cta>319</Cta>
    <CodSec>18</CodSec>
  </S>
  <S>
    <Calle>IRIGO</Calle>
    <Lat>34.546312</Lat>
    <Lon>58.731399</Lon>
    <Dis>1396.660</Dis>
    <Cta>403</Cta>
    <CodSec>18</CodSec>
  </S>
  <S>
    <Calle>SARMI</Calle>
    <Lat>34.537022</Lat>
    <Lon>58.721322</Lon>
    <Dis>1029.589</Dis>
    <Cta>485</Cta>
    <CodSec>18</CodSec>
  </S>
  <S>
    <Calle>RUT23</Calle>
    <Lat>34.542919</Lat>
    <Lon>58.713020</Lon>
    <Dis>799.733</Dis>
    <Cta>534</Cta>
    <CodSec>18</CodSec>
  </S>
  <S>
    <Calle>SANLO</Calle>
    <Lat>34.537745</Lat>
    <Lon>58.707225</Lon>
    <Dis>757.136</Dis>
    <Cta>578</Cta>
    <CodSec>18</CodSec>
  </S>
  <S>
    <Calle>RU.P8</Calle>
    <Lat>34.532799</Lat>
    <Lon>58.701743</Lon>
    <Dis>0</Dis>
    <Cta>622</Cta>
    <CodSec>18</CodSec>
  </S>
</Sector>