<?xml version="1.0" standalone="yes"?>
<Sector>
  <xs:schema id="Sector" xmlns="" xmlns:xs="http://www.w3.org/2001/XMLSchema" xmlns:msdata="urn:schemas-microsoft-com:xml-msdata">
    <xs:element name="Sector" msdata:IsDataSet="true" msdata:Locale="">
      <xs:complexType>
        <xs:choice minOccurs="0" maxOccurs="unbounded">
          <xs:element name="S" msdata:Locale="">
            <xs:complexType>
              <xs:sequence>
                <xs:element name="Calle" type="xs:string" minOccurs="0" />
                <xs:element name="Lat" type="xs:decimal" minOccurs="0" />
                <xs:element name="Lon" type="xs:decimal" minOccurs="0" />
                <xs:element name="Dis" type="xs:decimal" minOccurs="0" />
                <xs:element name="Cta" type="xs:int" minOccurs="0" />
                <xs:element name="CodSec" type="xs:int" minOccurs="0" />
              </xs:sequence>
            </xs:complexType>
          </xs:element>
        </xs:choice>
      </xs:complexType>
    </xs:element>
  </xs:schema>
  <S>
    <Calle>MANZI</Calle>
    <Lat>32.887083</Lat>
    <Lon>60.716438</Lon>
    <Dis>1600.381</Dis>
    <Cta>1</Cta>
    <CodSec>13</CodSec>
  </S>
  <S>
    <Calle>CCASA</Calle>
    <Lat>32.893972</Lat>
    <Lon>60.716292</Lon>
    <Dis>3360.455</Dis>
    <Cta>122</Cta>
    <CodSec>13</CodSec>
  </S>
  <S>
    <Calle>RONDE</Calle>
    <Lat>32.907168</Lat>
    <Lon>60.688818</Lon>
    <Dis>3587.579</Dis>
    <Cta>350</Cta>
    <CodSec>13</CodSec>
  </S>
  <S>
    <Calle>CAFFE</Calle>
    <Lat>32.933606</Lat>
    <Lon>60.669259</Lon>
    <Dis>1689.235</Dis>
    <Cta>568</Cta>
    <CodSec>13</CodSec>
  </S>
  <S>
    <Calle>ORO?O</Calle>
    <Lat>32.936706</Lat>
    <Lon>60.651752</Lon>
    <Dis>1591.420</Dis>
    <Cta>667</Cta>
    <CodSec>13</CodSec>
  </S>
  <S>
    <Calle>STAFE</Calle>
    <Lat>32.944077</Lat>
    <Lon>60.643413</Lon>
    <Dis>1402.942</Dis>
    <Cta>771</Cta>
    <CodSec>13</CodSec>
  </S>
  <S>
    <Calle>PELLE</Calle>
    <Lat>32.956299</Lat>
    <Lon>60.646476</Lon>
    <Dis>1186.792</Dis>
    <Cta>857</Cta>
    <CodSec>13</CodSec>
  </S>
  <S>
    <Calle>27FEB</Calle>
    <Lat>32.966617</Lat>
    <Lon>60.649073</Lon>
    <Dis>2015.377</Dis>
    <Cta>934</Cta>
    <CodSec>13</CodSec>
  </S>
  <S>
    <Calle>SEGUI</Calle>
    <Lat>32.979445</Lat>
    <Lon>60.644409</Lon>
    <Dis>1283.674</Dis>
    <Cta>1058</Cta>
    <CodSec>13</CodSec>
  </S>
  <S>
    <Calle>URIB.</Calle>
    <Lat>32.990688</Lat>
    <Lon>60.646776</Lon>
    <Dis>1388.160</Dis>
    <Cta>1137</Cta>
    <CodSec>13</CodSec>
  </S>
  <S>
    <Calle>ARIJO</Calle>
    <Lat>33.002825</Lat>
    <Lon>60.649300</Lon>
    <Dis>2555.251</Dis>
    <Cta>1232</Cta>
    <CodSec>13</CodSec>
  </S>
  <S>
    <Calle>ArSAL</Calle>
    <Lat>33.025134</Lat>
    <Lon>60.654201</Lon>
    <Dis>1662.158</Dis>
    <Cta>1415</Cta>
    <CodSec>12</CodSec>
  </S>
  <S>
    <Calle>RICCH</Calle>
    <Lat>33.036666</Lat>
    <Lon>60.655143</Lon>
    <Dis>0</Dis>
    <Cta>1522</Cta>
    <CodSec>12</CodSec>
  </S>
</Sector>