<?xml version="1.0" standalone="yes"?>
<Sector>
  <xs:schema id="Sector" xmlns="" xmlns:xs="http://www.w3.org/2001/XMLSchema" xmlns:msdata="urn:schemas-microsoft-com:xml-msdata">
    <xs:element name="Sector" msdata:IsDataSet="true" msdata:Locale="">
      <xs:complexType>
        <xs:choice minOccurs="0" maxOccurs="unbounded">
          <xs:element name="S" msdata:Locale="">
            <xs:complexType>
              <xs:sequence>
                <xs:element name="Calle" type="xs:string" minOccurs="0" />
                <xs:element name="Lat" type="xs:decimal" minOccurs="0" />
                <xs:element name="Lon" type="xs:decimal" minOccurs="0" />
                <xs:element name="Dis" type="xs:decimal" minOccurs="0" />
                <xs:element name="Cta" type="xs:int" minOccurs="0" />
                <xs:element name="CodSec" type="xs:int" minOccurs="0" />
              </xs:sequence>
            </xs:complexType>
          </xs:element>
        </xs:choice>
      </xs:complexType>
    </xs:element>
  </xs:schema>
  <S>
    <Calle>RICCH</Calle>
    <Lat>33.036670</Lat>
    <Lon>60.655147</Lon>
    <Dis>1542.037</Dis>
    <Cta>1</Cta>
    <CodSec>12</CodSec>
  </S>
  <S>
    <Calle>ArSAL</Calle>
    <Lat>33.025072</Lat>
    <Lon>60.654140</Lon>
    <Dis>2545.371</Dis>
    <Cta>99</Cta>
    <CodSec>13</CodSec>
  </S>
  <S>
    <Calle>ARIJO</Calle>
    <Lat>33.003093</Lat>
    <Lon>60.649237</Lon>
    <Dis>1426.442</Dis>
    <Cta>294</Cta>
    <CodSec>13</CodSec>
  </S>
  <S>
    <Calle>URIB.</Calle>
    <Lat>32.990674</Lat>
    <Lon>60.646649</Lon>
    <Dis>1278.081</Dis>
    <Cta>389</Cta>
    <CodSec>13</CodSec>
  </S>
  <S>
    <Calle>SEGUI</Calle>
    <Lat>32.979474</Lat>
    <Lon>60.644314</Lon>
    <Dis>1878.837</Dis>
    <Cta>465</Cta>
    <CodSec>13</CodSec>
  </S>
  <S>
    <Calle>CORRI</Calle>
    <Lat>32.966773</Lat>
    <Lon>60.647577</Lon>
    <Dis>1837.141</Dis>
    <Cta>575</Cta>
    <CodSec>13</CodSec>
  </S>
  <S>
    <Calle>MENDO</Calle>
    <Lat>32.950783</Lat>
    <Lon>60.643653</Lon>
    <Dis>1379.462</Dis>
    <Cta>680</Cta>
    <CodSec>13</CodSec>
  </S>
  <S>
    <Calle>PARAG</Calle>
    <Lat>32.939631</Lat>
    <Lon>60.642285</Lon>
    <Dis>926.977</Dis>
    <Cta>766</Cta>
    <CodSec>13</CodSec>
  </S>
  <S>
    <Calle>ORO?O</Calle>
    <Lat>32.937888</Lat>
    <Lon>60.651857</Lon>
    <Dis>1696.362</Dis>
    <Cta>825</Cta>
    <CodSec>13</CodSec>
  </S>
  <S>
    <Calle>CAFFE</Calle>
    <Lat>32.934712</Lat>
    <Lon>60.669511</Lon>
    <Dis>3704.973</Dis>
    <Cta>923</Cta>
    <CodSec>13</CodSec>
  </S>
  <S>
    <Calle>SORRE</Calle>
    <Lat>32.907136</Lat>
    <Lon>60.688390</Lon>
    <Dis>3399.173</Dis>
    <Cta>1162</Cta>
    <CodSec>13</CodSec>
  </S>
  <S>
    <Calle>BAIGO</Calle>
    <Lat>32.893979</Lat>
    <Lon>60.716300</Lon>
    <Dis>1019.356</Dis>
    <Cta>1389</Cta>
    <CodSec>13</CodSec>
  </S>
  <S>
    <Calle>MANZI</Calle>
    <Lat>32.887090</Lat>
    <Lon>60.716397</Lon>
    <Dis>0</Dis>
    <Cta>1471</Cta>
    <CodSec>13</CodSec>
  </S>
</Sector>