<?xml version="1.0" standalone="yes"?>
<Version>
  <xs:schema id="Version" xmlns="" xmlns:xs="http://www.w3.org/2001/XMLSchema" xmlns:msdata="urn:schemas-microsoft-com:xml-msdata">
    <xs:element name="Version" msdata:IsDataSet="true" msdata:UseCurrentLocale="true">
      <xs:complexType>
        <xs:choice minOccurs="0" maxOccurs="unbounded">
          <xs:element name="datosVersion">
            <xs:complexType>
              <xs:sequence>
                <xs:element name="nroVersion" type="xs:int" minOccurs="0" />
                <xs:element name="fechaActivacion" type="xs:dateTime" minOccurs="0" />
              </xs:sequence>
            </xs:complexType>
          </xs:element>
          <xs:element name="archivos">
            <xs:complexType>
              <xs:sequence>
                <xs:element name="archivo" type="xs:string" minOccurs="0" />
                <xs:element name="hash" type="xs:string" minOccurs="0" />
              </xs:sequence>
            </xs:complexType>
          </xs:element>
        </xs:choice>
      </xs:complexType>
    </xs:element>
  </xs:schema>
  <datosVersion>
    <nroVersion>16</nroVersion>
    <fechaActivacion>2019-12-24T00:00:00-03:00</fechaActivacion>
  </datosVersion>
  <archivos>
    <archivo>s00010018.xml</archivo>
    <hash>C15A9D69DCC98D6ED1393E3F32BBE3F1</hash>
  </archivos>
  <archivos>
    <archivo>s00010019.xml</archivo>
    <hash>A7394150FDBC9CCBDC2E0DF090D3638C</hash>
  </archivos>
  <archivos>
    <archivo>s00010545.xml</archivo>
    <hash>B1C6C52886B4F3F1DF24AF1752A24BF2</hash>
  </archivos>
  <archivos>
    <archivo>s00010546.xml</archivo>
    <hash>9CC4B371E72F61C85543F2AAB30D5D77</hash>
  </archivos>
  <archivos>
    <archivo>s00010883.xml</archivo>
    <hash>1052F8D3B9702049BBD7628886941DEB</hash>
  </archivos>
  <archivos>
    <archivo>s00010884.xml</archivo>
    <hash>5B0EB740A4B1B6C9D6A5CD1B41CA0635</hash>
  </archivos>
  <archivos>
    <archivo>r00010018.txt</archivo>
    <hash>A067152F4AA4E032E01BCE4D3BA5CDD8</hash>
  </archivos>
  <archivos>
    <archivo>r00010019.txt</archivo>
    <hash>505BA23E93411414568B3835C210F952</hash>
  </archivos>
  <archivos>
    <archivo>r00010545.txt</archivo>
    <hash>23893FBDF023C555D7FF31EC1D5187EF</hash>
  </archivos>
  <archivos>
    <archivo>r00010546.txt</archivo>
    <hash>50F20E80239B1246D411F7674D4DBDF6</hash>
  </archivos>
  <archivos>
    <archivo>r00010883.txt</archivo>
    <hash>C64EFC8D04558F90D5AE154E6F64132E</hash>
  </archivos>
  <archivos>
    <archivo>r00010884.txt</archivo>
    <hash>51EFB105FC38EC660D01FCF4C3632905</hash>
  </archivos>
  <archivos>
    <archivo>sectoresTarifarios.xml</archivo>
    <hash>BB7642B2CE4071222A17B90C41D8CB9F</hash>
  </archivos>
</Version>