<?xml version="1.0" standalone="yes"?>
<Sector>
  <xs:schema id="Sector" xmlns="" xmlns:xs="http://www.w3.org/2001/XMLSchema" xmlns:msdata="urn:schemas-microsoft-com:xml-msdata">
    <xs:element name="Sector" msdata:IsDataSet="true" msdata:Locale="">
      <xs:complexType>
        <xs:choice minOccurs="0" maxOccurs="unbounded">
          <xs:element name="S" msdata:Locale="">
            <xs:complexType>
              <xs:sequence>
                <xs:element name="Calle" type="xs:string" minOccurs="0" />
                <xs:element name="Lat" type="xs:decimal" minOccurs="0" />
                <xs:element name="Lon" type="xs:decimal" minOccurs="0" />
                <xs:element name="Dis" type="xs:decimal" minOccurs="0" />
                <xs:element name="Cta" type="xs:int" minOccurs="0" />
                <xs:element name="CodSec" type="xs:int" minOccurs="0" />
              </xs:sequence>
            </xs:complexType>
          </xs:element>
        </xs:choice>
      </xs:complexType>
    </xs:element>
  </xs:schema>
  <S>
    <Calle>ESMER</Calle>
    <Lat>32.965993</Lat>
    <Lon>60.625597</Lon>
    <Dis>886.162</Dis>
    <Cta>1</Cta>
    <CodSec>13</CodSec>
  </S>
  <S>
    <Calle>PELLE</Calle>
    <Lat>32.960027</Lat>
    <Lon>60.626931</Lon>
    <Dis>1103.628</Dis>
    <Cta>48</Cta>
    <CodSec>13</CodSec>
  </S>
  <S>
    <Calle>MAIPU</Calle>
    <Lat>32.957744</Lat>
    <Lon>60.637966</Lon>
    <Dis>1484.346</Dis>
    <Cta>111</Cta>
    <CodSec>13</CodSec>
  </S>
  <S>
    <Calle>SJUAN</Calle>
    <Lat>32.949425</Lat>
    <Lon>60.643260</Lon>
    <Dis>1626.767</Dis>
    <Cta>197</Cta>
    <CodSec>13</CodSec>
  </S>
  <S>
    <Calle>ORO?O</Calle>
    <Lat>32.942409</Lat>
    <Lon>60.652620</Lon>
    <Dis>1715.996</Dis>
    <Cta>288</Cta>
    <CodSec>13</CodSec>
  </S>
  <S>
    <Calle>CAFFE</Calle>
    <Lat>32.939227</Lat>
    <Lon>60.670471</Lon>
    <Dis>886.107</Dis>
    <Cta>389</Cta>
    <CodSec>13</CodSec>
  </S>
  <S>
    <Calle>SLORE</Calle>
    <Lat>32.936952</Lat>
    <Lon>60.678529</Lon>
    <Dis>1119.149</Dis>
    <Cta>442</Cta>
    <CodSec>13</CodSec>
  </S>
  <S>
    <Calle>SABIN</Calle>
    <Lat>32.928175</Lat>
    <Lon>60.677498</Lon>
    <Dis>2885.641</Dis>
    <Cta>515</Cta>
    <CodSec>13</CodSec>
  </S>
  <S>
    <Calle>CCASA</Calle>
    <Lat>32.907415</Lat>
    <Lon>60.693337</Lon>
    <Dis>2314.160</Dis>
    <Cta>706</Cta>
    <CodSec>13</CodSec>
  </S>
  <S>
    <Calle>C.GRA</Calle>
    <Lat>32.893807</Lat>
    <Lon>60.706232</Lon>
    <Dis>1491.258</Dis>
    <Cta>843</Cta>
    <CodSec>13</CodSec>
  </S>
  <S>
    <Calle>MAKRO</Calle>
    <Lat>32.881576</Lat>
    <Lon>60.712073</Lon>
    <Dis>15950.216</Dis>
    <Cta>925</Cta>
    <CodSec>90</CodSec>
  </S>
  <S>
    <Calle>PEAJE</Calle>
    <Lat>32.748068</Lat>
    <Lon>60.758904</Lon>
    <Dis>1629.966</Dis>
    <Cta>1708</Cta>
    <CodSec>17</CodSec>
  </S>
  <S>
    <Calle>JMROS</Calle>
    <Lat>32.747570</Lat>
    <Lon>60.743363</Lon>
    <Dis>1418.866</Dis>
    <Cta>1829</Cta>
    <CodSec>17</CodSec>
  </S>
  <S>
    <Calle>BELGR</Calle>
    <Lat>32.746863</Lat>
    <Lon>60.734105</Lon>
    <Dis>1015.498</Dis>
    <Cta>1926</Cta>
    <CodSec>17</CodSec>
  </S>
  <S>
    <Calle>FALUC</Calle>
    <Lat>32.737900</Lat>
    <Lon>60.733900</Lon>
    <Dis>1948.749</Dis>
    <Cta>1989</Cta>
    <CodSec>17</CodSec>
  </S>
  <S>
    <Calle>P.PSM</Calle>
    <Lat>32.720594</Lat>
    <Lon>60.731834</Lon>
    <Dis>6161.550</Dis>
    <Cta>2116</Cta>
    <CodSec>18</CodSec>
  </S>
  <S>
    <Calle>VIAS.</Calle>
    <Lat>32.691469</Lat>
    <Lon>60.773837</Lon>
    <Dis>2539.915</Dis>
    <Cta>2544</Cta>
    <CodSec>19</CodSec>
  </S>
  <S>
    <Calle>TRENE</Calle>
    <Lat>32.672381</Lat>
    <Lon>60.788616</Lon>
    <Dis>4451.045</Dis>
    <Cta>2658</Cta>
    <CodSec>19</CodSec>
  </S>
  <S>
    <Calle>CRUCE</Calle>
    <Lat>32.638896</Lat>
    <Lon>60.814392</Lon>
    <Dis>9695.708</Dis>
    <Cta>2887</Cta>
    <CodSec>21</CodSec>
  </S>
  <S>
    <Calle>CIRCU</Calle>
    <Lat>32.671588</Lat>
    <Lon>60.882277</Lon>
    <Dis>0</Dis>
    <Cta>3525</Cta>
    <CodSec>21</CodSec>
  </S>
</Sector>