<?xml version="1.0" standalone="yes"?>
<Sector>
  <xs:schema id="Sector" xmlns="" xmlns:xs="http://www.w3.org/2001/XMLSchema" xmlns:msdata="urn:schemas-microsoft-com:xml-msdata">
    <xs:element name="Sector" msdata:IsDataSet="true" msdata:Locale="">
      <xs:complexType>
        <xs:choice minOccurs="0" maxOccurs="unbounded">
          <xs:element name="S" msdata:Locale="">
            <xs:complexType>
              <xs:sequence>
                <xs:element name="Calle" type="xs:string" minOccurs="0" />
                <xs:element name="Lat" type="xs:decimal" minOccurs="0" />
                <xs:element name="Lon" type="xs:decimal" minOccurs="0" />
                <xs:element name="Dis" type="xs:decimal" minOccurs="0" />
                <xs:element name="Cta" type="xs:int" minOccurs="0" />
                <xs:element name="CodSec" type="xs:int" minOccurs="0" />
              </xs:sequence>
            </xs:complexType>
          </xs:element>
        </xs:choice>
      </xs:complexType>
    </xs:element>
  </xs:schema>
  <S>
    <Calle>PGSMA</Calle>
    <Lat>32.716869</Lat>
    <Lon>60.732056</Lon>
    <Dis>635.897</Dis>
    <Cta>1</Cta>
    <CodSec>18</CodSec>
  </S>
  <S>
    <Calle>P.PSM</Calle>
    <Lat>32.720771</Lat>
    <Lon>60.731858</Lon>
    <Dis>1926.196</Dis>
    <Cta>46</Cta>
    <CodSec>17</CodSec>
  </S>
  <S>
    <Calle>FALUC</Calle>
    <Lat>32.737700</Lat>
    <Lon>60.733971</Lon>
    <Dis>1008.563</Dis>
    <Cta>185</Cta>
    <CodSec>17</CodSec>
  </S>
  <S>
    <Calle>BELGR</Calle>
    <Lat>32.746687</Lat>
    <Lon>60.734224</Lon>
    <Dis>939.676</Dis>
    <Cta>252</Cta>
    <CodSec>17</CodSec>
  </S>
  <S>
    <Calle>JMROS</Calle>
    <Lat>32.747543</Lat>
    <Lon>60.742883</Lon>
    <Dis>1845.960</Dis>
    <Cta>311</Cta>
    <CodSec>17</CodSec>
  </S>
  <S>
    <Calle>PEAJE</Calle>
    <Lat>32.748202</Lat>
    <Lon>60.759255</Lon>
    <Dis>16201.072</Dis>
    <Cta>498</Cta>
    <CodSec>17</CodSec>
  </S>
  <S>
    <Calle>MAKRO</Calle>
    <Lat>32.881000</Lat>
    <Lon>60.712474</Lon>
    <Dis>1522.740</Dis>
    <Cta>1292</Cta>
    <CodSec>13</CodSec>
  </S>
  <S>
    <Calle>BAIGO</Calle>
    <Lat>32.893577</Lat>
    <Lon>60.706512</Lon>
    <Dis>2005.384</Dis>
    <Cta>1385</Cta>
    <CodSec>13</CodSec>
  </S>
  <S>
    <Calle>SORRE</Calle>
    <Lat>32.907138</Lat>
    <Lon>60.695950</Lon>
    <Dis>3241.076</Dis>
    <Cta>1501</Cta>
    <CodSec>13</CodSec>
  </S>
  <S>
    <Calle>AVELL</Calle>
    <Lat>32.928742</Lat>
    <Lon>60.676957</Lon>
    <Dis>962.567</Dis>
    <Cta>1705</Cta>
    <CodSec>13</CodSec>
  </S>
  <S>
    <Calle>SLORE</Calle>
    <Lat>32.936745</Lat>
    <Lon>60.678334</Lon>
    <Dis>1551.198</Dis>
    <Cta>1768</Cta>
    <CodSec>13</CodSec>
  </S>
  <S>
    <Calle>AvFRA</Calle>
    <Lat>32.936805</Lat>
    <Lon>60.664639</Lon>
    <Dis>1446.216</Dis>
    <Cta>1870</Cta>
    <CodSec>13</CodSec>
  </S>
  <S>
    <Calle>ORO?O</Calle>
    <Lat>32.941329</Lat>
    <Lon>60.653047</Lon>
    <Dis>2447.303</Dis>
    <Cta>1953</Cta>
    <CodSec>13</CodSec>
  </S>
  <S>
    <Calle>PELLE</Calle>
    <Lat>32.956008</Lat>
    <Lon>60.646371</Lon>
    <Dis>933.391</Dis>
    <Cta>2098</Cta>
    <CodSec>13</CodSec>
  </S>
  <S>
    <Calle>LAPRI</Calle>
    <Lat>32.957986</Lat>
    <Lon>60.637154</Lon>
    <Dis>828.423</Dis>
    <Cta>2153</Cta>
    <CodSec>13</CodSec>
  </S>
  <S>
    <Calle>COLON</Calle>
    <Lat>32.959574</Lat>
    <Lon>60.628560</Lon>
    <Dis>1359.276</Dis>
    <Cta>2200</Cta>
    <CodSec>13</CodSec>
  </S>
  <S>
    <Calle>ESMER</Calle>
    <Lat>32.965993</Lat>
    <Lon>60.625691</Lon>
    <Dis>0</Dis>
    <Cta>2278</Cta>
    <CodSec>13</CodSec>
  </S>
</Sector>