<?xml version="1.0" standalone="yes"?>
<Sector>
  <xs:schema id="Sector" xmlns="" xmlns:xs="http://www.w3.org/2001/XMLSchema" xmlns:msdata="urn:schemas-microsoft-com:xml-msdata">
    <xs:element name="Sector" msdata:IsDataSet="true" msdata:Locale="">
      <xs:complexType>
        <xs:choice minOccurs="0" maxOccurs="unbounded">
          <xs:element name="S" msdata:Locale="">
            <xs:complexType>
              <xs:sequence>
                <xs:element name="Calle" type="xs:string" minOccurs="0" />
                <xs:element name="Lat" type="xs:decimal" minOccurs="0" />
                <xs:element name="Lon" type="xs:decimal" minOccurs="0" />
                <xs:element name="Dis" type="xs:decimal" minOccurs="0" />
                <xs:element name="Cta" type="xs:int" minOccurs="0" />
                <xs:element name="CodSec" type="xs:int" minOccurs="0" />
              </xs:sequence>
            </xs:complexType>
          </xs:element>
        </xs:choice>
      </xs:complexType>
    </xs:element>
  </xs:schema>
  <S>
    <Calle>CIRCU</Calle>
    <Lat>32.671389</Lat>
    <Lon>60.882126</Lon>
    <Dis>8758.642</Dis>
    <Cta>1</Cta>
    <CodSec>21</CodSec>
  </S>
  <S>
    <Calle>CRUCE</Calle>
    <Lat>32.638881</Lat>
    <Lon>60.814314</Lon>
    <Dis>4448.412</Dis>
    <Cta>569</Cta>
    <CodSec>19</CodSec>
  </S>
  <S>
    <Calle>TRENE</Calle>
    <Lat>32.672352</Lat>
    <Lon>60.788685</Lon>
    <Dis>2555.645</Dis>
    <Cta>799</Cta>
    <CodSec>19</CodSec>
  </S>
  <S>
    <Calle>VIAS.</Calle>
    <Lat>32.691469</Lat>
    <Lon>60.773860</Lon>
    <Dis>5969.834</Dis>
    <Cta>916</Cta>
    <CodSec>18</CodSec>
  </S>
  <S>
    <Calle>P.PSM</Calle>
    <Lat>32.720607</Lat>
    <Lon>60.731848</Lon>
    <Dis>1950.468</Dis>
    <Cta>1344</Cta>
    <CodSec>17</CodSec>
  </S>
  <S>
    <Calle>FALUC</Calle>
    <Lat>32.737903</Lat>
    <Lon>60.733972</Lon>
    <Dis>2015.493</Dis>
    <Cta>1484</Cta>
    <CodSec>17</CodSec>
  </S>
  <S>
    <Calle>BORGH</Calle>
    <Lat>32.755894</Lat>
    <Lon>60.734389</Lon>
    <Dis>2545.358</Dis>
    <Cta>1613</Cta>
    <CodSec>17</CodSec>
  </S>
  <S>
    <Calle>M.MOR</Calle>
    <Lat>32.777808</Lat>
    <Lon>60.727940</Lon>
    <Dis>2608.552</Dis>
    <Cta>1799</Cta>
    <CodSec>16</CodSec>
  </S>
  <S>
    <Calle>MALVI</Calle>
    <Lat>32.800377</Lat>
    <Lon>60.721118</Lon>
    <Dis>3905.222</Dis>
    <Cta>1972</Cta>
    <CodSec>15</CodSec>
  </S>
  <S>
    <Calle>CELUL</Calle>
    <Lat>32.834161</Lat>
    <Lon>60.710897</Lon>
    <Dis>4254.014</Dis>
    <Cta>2213</Cta>
    <CodSec>14</CodSec>
  </S>
  <S>
    <Calle>CIUDA</Calle>
    <Lat>32.870959</Lat>
    <Lon>60.699749</Lon>
    <Dis>2731.983</Dis>
    <Cta>2456</Cta>
    <CodSec>13</CodSec>
  </S>
  <S>
    <Calle>PUCCI</Calle>
    <Lat>32.894301</Lat>
    <Lon>60.692643</Lon>
    <Dis>2477.444</Dis>
    <Cta>2628</Cta>
    <CodSec>13</CodSec>
  </S>
  <S>
    <Calle>GENOV</Calle>
    <Lat>32.915181</Lat>
    <Lon>60.685770</Lon>
    <Dis>1581.439</Dis>
    <Cta>2795</Cta>
    <CodSec>13</CodSec>
  </S>
  <S>
    <Calle>AVELL</Calle>
    <Lat>32.926893</Lat>
    <Lon>60.676356</Lon>
    <Dis>2133.083</Dis>
    <Cta>2888</Cta>
    <CodSec>13</CodSec>
  </S>
  <S>
    <Calle>STAFE</Calle>
    <Lat>32.939120</Lat>
    <Lon>60.670636</Lon>
    <Dis>2156.527</Dis>
    <Cta>3041</Cta>
    <CodSec>13</CodSec>
  </S>
  <S>
    <Calle>ORO?O</Calle>
    <Lat>32.946291</Lat>
    <Lon>60.654179</Lon>
    <Dis>1386.850</Dis>
    <Cta>3174</Cta>
    <CodSec>13</CodSec>
  </S>
  <S>
    <Calle>CORRI</Calle>
    <Lat>32.950781</Lat>
    <Lon>60.643695</Lon>
    <Dis>798.222</Dis>
    <Cta>3252</Cta>
    <CodSec>13</CodSec>
  </S>
  <S>
    <Calle>PELLE</Calle>
    <Lat>32.956757</Lat>
    <Lon>60.643683</Lon>
    <Dis>1721.885</Dis>
    <Cta>3304</Cta>
    <CodSec>13</CodSec>
  </S>
  <S>
    <Calle>1JUNT</Calle>
    <Lat>32.968185</Lat>
    <Lon>60.640733</Lon>
    <Dis>0</Dis>
    <Cta>3404</Cta>
    <CodSec>90</CodSec>
  </S>
</Sector>