<?xml version="1.0" standalone="yes"?>
<Version>
  <xs:schema id="Version" xmlns="" xmlns:xs="http://www.w3.org/2001/XMLSchema" xmlns:msdata="urn:schemas-microsoft-com:xml-msdata">
    <xs:element name="Version" msdata:IsDataSet="true" msdata:UseCurrentLocale="true">
      <xs:complexType>
        <xs:choice minOccurs="0" maxOccurs="unbounded">
          <xs:element name="datosVersion">
            <xs:complexType>
              <xs:sequence>
                <xs:element name="nroVersion" type="xs:int" minOccurs="0" />
                <xs:element name="fechaActivacion" type="xs:dateTime" minOccurs="0" />
              </xs:sequence>
            </xs:complexType>
          </xs:element>
          <xs:element name="archivos">
            <xs:complexType>
              <xs:sequence>
                <xs:element name="archivo" type="xs:string" minOccurs="0" />
                <xs:element name="hash" type="xs:string" minOccurs="0" />
              </xs:sequence>
            </xs:complexType>
          </xs:element>
        </xs:choice>
      </xs:complexType>
    </xs:element>
  </xs:schema>
  <datosVersion>
    <nroVersion>28</nroVersion>
    <fechaActivacion>2019-10-17T12:00:00-03:00</fechaActivacion>
  </datosVersion>
  <archivos>
    <archivo>s01030183.xml</archivo>
    <hash>9BF6682A54E293EFF6FF6B58C56A175E</hash>
  </archivos>
  <archivos>
    <archivo>s01030214.xml</archivo>
    <hash>C2D721DAF666FCE7BC10512F7C026558</hash>
  </archivos>
  <archivos>
    <archivo>s01030215.xml</archivo>
    <hash>5DD478E81F960FF5C10DB56E146828FD</hash>
  </archivos>
  <archivos>
    <archivo>s01030221.xml</archivo>
    <hash>A2114879E7DE07B854DC570B201FECA2</hash>
  </archivos>
  <archivos>
    <archivo>s01030222.xml</archivo>
    <hash>D8A8EBC3E0FA4B679B04B1CD6FBFF68D</hash>
  </archivos>
  <archivos>
    <archivo>s01030255.xml</archivo>
    <hash>B4FE2F03425B5B187A36A40086A1FDDA</hash>
  </archivos>
  <archivos>
    <archivo>s01030256.xml</archivo>
    <hash>BEAFE1CDCA338F994D44D2D37A6EEC91</hash>
  </archivos>
  <archivos>
    <archivo>s01030343.xml</archivo>
    <hash>A7752CB6A9293C366A43C24D09D7E2D3</hash>
  </archivos>
  <archivos>
    <archivo>s01030344.xml</archivo>
    <hash>C9BAD86741B36DCA2A59BFF2F9C1C545</hash>
  </archivos>
  <archivos>
    <archivo>s01030484.xml</archivo>
    <hash>6684B24B896CB20A978344CCFD5E64FA</hash>
  </archivos>
  <archivos>
    <archivo>s01030757.xml</archivo>
    <hash>712C7A213F156131DB4D78E4619CFCE4</hash>
  </archivos>
  <archivos>
    <archivo>s01030758.xml</archivo>
    <hash>474510708741FF9CB890E28B75FFB01A</hash>
  </archivos>
  <archivos>
    <archivo>s01030823.xml</archivo>
    <hash>3CD35B277A83A660F23A6DBF5E8A3D9E</hash>
  </archivos>
  <archivos>
    <archivo>s01030824.xml</archivo>
    <hash>10CD1F010CE755636CD46905C3778F95</hash>
  </archivos>
  <archivos>
    <archivo>s01030825.xml</archivo>
    <hash>2D07637038D8B844233A672AA71E5DC2</hash>
  </archivos>
  <archivos>
    <archivo>s01030826.xml</archivo>
    <hash>638992DF3819D3AA13666ACE613BB4B6</hash>
  </archivos>
  <archivos>
    <archivo>s01030879.xml</archivo>
    <hash>CFEEF7BACFB97ECB67287EAB8E5C9C82</hash>
  </archivos>
  <archivos>
    <archivo>s01033256.xml</archivo>
    <hash>20E968A1E4C56F1E64BCDB1AFAE5D096</hash>
  </archivos>
  <archivos>
    <archivo>s01033257.xml</archivo>
    <hash>95C3E665740396C8E24C0A192187E361</hash>
  </archivos>
  <archivos>
    <archivo>s01033258.xml</archivo>
    <hash>25BE366915A29AE3414936E26F5098FF</hash>
  </archivos>
  <archivos>
    <archivo>s01033259.xml</archivo>
    <hash>25FDA9D936B285EB22203A9DC2B3FA43</hash>
  </archivos>
  <archivos>
    <archivo>r01030183.txt</archivo>
    <hash>D4FC4DE980BA692A892BA5BB88807F94</hash>
  </archivos>
  <archivos>
    <archivo>r01030214.txt</archivo>
    <hash>73030AE8F5231ECEA8A5C6E97C513432</hash>
  </archivos>
  <archivos>
    <archivo>r01030215.txt</archivo>
    <hash>77D5D9FCF24D1E8F064E353CA977F036</hash>
  </archivos>
  <archivos>
    <archivo>r01030221.txt</archivo>
    <hash>544190E22665BAB41CC0E0BB92C0AEE4</hash>
  </archivos>
  <archivos>
    <archivo>r01030222.txt</archivo>
    <hash>F62BD2723367E23376B25229C32FFAC6</hash>
  </archivos>
  <archivos>
    <archivo>r01030255.txt</archivo>
    <hash>0E425E94DA15781FCCABFF1AAF3A7967</hash>
  </archivos>
  <archivos>
    <archivo>r01030256.txt</archivo>
    <hash>17E477D4B4C17F18AC1BCF63856BA12A</hash>
  </archivos>
  <archivos>
    <archivo>r01030343.txt</archivo>
    <hash>E79F3B85003DB1627D4E0AE7CA74DC05</hash>
  </archivos>
  <archivos>
    <archivo>r01030344.txt</archivo>
    <hash>D469E38E173F5C7B2B58DCBC6BF5DFDA</hash>
  </archivos>
  <archivos>
    <archivo>r01030484.txt</archivo>
    <hash>943898B9700C6616C3E19ABC3107743A</hash>
  </archivos>
  <archivos>
    <archivo>r01030757.txt</archivo>
    <hash>2C39801BCF2ABB3CFB53771F45941CB7</hash>
  </archivos>
  <archivos>
    <archivo>r01030758.txt</archivo>
    <hash>8075BBEA3F7FCF083627D1037301D502</hash>
  </archivos>
  <archivos>
    <archivo>r01030823.txt</archivo>
    <hash>AA9594707631656063749F268DF737F1</hash>
  </archivos>
  <archivos>
    <archivo>r01030824.txt</archivo>
    <hash>83921A74A8CFA73A92ACEDB7FD9807D8</hash>
  </archivos>
  <archivos>
    <archivo>r01030825.txt</archivo>
    <hash>C73FDD4C3CEB663D48E23B51839EE6A4</hash>
  </archivos>
  <archivos>
    <archivo>r01030826.txt</archivo>
    <hash>D03A1CC92EAB31B35B9C08A1806B46BC</hash>
  </archivos>
  <archivos>
    <archivo>r01030879.txt</archivo>
    <hash>6651E58E65396AB1C6CE68B06C951307</hash>
  </archivos>
  <archivos>
    <archivo>r01033256.txt</archivo>
    <hash>55F128F83469F2131E1AFAC9A8084AB6</hash>
  </archivos>
  <archivos>
    <archivo>r01033257.txt</archivo>
    <hash>461FBCC2367C4DEF6BF29B89A68E3004</hash>
  </archivos>
  <archivos>
    <archivo>r01033258.txt</archivo>
    <hash>C31AC8A7F5202375B0B88D25ACBE3CFB</hash>
  </archivos>
  <archivos>
    <archivo>r01033259.txt</archivo>
    <hash>1546232C3EDB11BCD27752D4F1E18D7B</hash>
  </archivos>
  <archivos>
    <archivo>sectoresTarifarios.xml</archivo>
    <hash>26D6A6D71EACD2AD157620B35A8551D4</hash>
  </archivos>
</Version>