<?xml version="1.0" standalone="yes"?>
<Sector>
  <xs:schema id="Sector" xmlns="" xmlns:xs="http://www.w3.org/2001/XMLSchema" xmlns:msdata="urn:schemas-microsoft-com:xml-msdata">
    <xs:element name="Sector" msdata:IsDataSet="true" msdata:Locale="">
      <xs:complexType>
        <xs:choice minOccurs="0" maxOccurs="unbounded">
          <xs:element name="S" msdata:Locale="">
            <xs:complexType>
              <xs:sequence>
                <xs:element name="Calle" type="xs:string" minOccurs="0" />
                <xs:element name="Lat" type="xs:decimal" minOccurs="0" />
                <xs:element name="Lon" type="xs:decimal" minOccurs="0" />
                <xs:element name="Dis" type="xs:decimal" minOccurs="0" />
                <xs:element name="Cta" type="xs:int" minOccurs="0" />
                <xs:element name="CodSec" type="xs:int" minOccurs="0" />
              </xs:sequence>
            </xs:complexType>
          </xs:element>
        </xs:choice>
      </xs:complexType>
    </xs:element>
  </xs:schema>
  <S>
    <Calle>SJUA1</Calle>
    <Lat>32.949593</Lat>
    <Lon>60.643309</Lon>
    <Dis>1592.420</Dis>
    <Cta>1</Cta>
    <CodSec>13</CodSec>
  </S>
  <S>
    <Calle>ORO?O</Calle>
    <Lat>32.942352</Lat>
    <Lon>60.652737</Lon>
    <Dis>1694.870</Dis>
    <Cta>62</Cta>
    <CodSec>13</CodSec>
  </S>
  <S>
    <Calle>CAFER</Calle>
    <Lat>32.939226</Lat>
    <Lon>60.670513</Lon>
    <Dis>773.880</Dis>
    <Cta>122</Cta>
    <CodSec>13</CodSec>
  </S>
  <S>
    <Calle>AVEL1</Calle>
    <Lat>32.937766</Lat>
    <Lon>60.678621</Lon>
    <Dis>2017.130</Dis>
    <Cta>150</Cta>
    <CodSec>13</CodSec>
  </S>
  <S>
    <Calle>T.AGN</Calle>
    <Lat>32.935327</Lat>
    <Lon>60.699902</Lon>
    <Dis>1227.860</Dis>
    <Cta>228</Cta>
    <CodSec>13</CodSec>
  </S>
  <S>
    <Calle>PUNI1</Calle>
    <Lat>32.933007</Lat>
    <Lon>60.712765</Lon>
    <Dis>1383.680</Dis>
    <Cta>276</Cta>
    <CodSec>13</CodSec>
  </S>
  <S>
    <Calle>DONAD</Calle>
    <Lat>32.930408</Lat>
    <Lon>60.727258</Lon>
    <Dis>1090.700</Dis>
    <Cta>331</Cta>
    <CodSec>13</CodSec>
  </S>
  <S>
    <Calle>WILDE</Calle>
    <Lat>32.928332</Lat>
    <Lon>60.738679</Lon>
    <Dis>2336.680</Dis>
    <Cta>374</Cta>
    <CodSec>81</CodSec>
  </S>
  <S>
    <Calle>LUDUE</Calle>
    <Lat>32.925302</Lat>
    <Lon>60.763241</Lon>
    <Dis>3886.990</Dis>
    <Cta>472</Cta>
    <CodSec>30</CodSec>
  </S>
  <S>
    <Calle>CATAM</Calle>
    <Lat>32.922635</Lat>
    <Lon>60.804760</Lon>
    <Dis>943.100</Dis>
    <Cta>627</Cta>
    <CodSec>30</CodSec>
  </S>
  <S>
    <Calle>ELORZ</Calle>
    <Lat>32.920877</Lat>
    <Lon>60.814645</Lon>
    <Dis>2733.140</Dis>
    <Cta>663</Cta>
    <CodSec>30</CodSec>
  </S>
  <S>
    <Calle>JHER1</Calle>
    <Lat>32.916415</Lat>
    <Lon>60.843433</Lon>
    <Dis>2308.230</Dis>
    <Cta>770</Cta>
    <CodSec>30</CodSec>
  </S>
  <S>
    <Calle>SBAST</Calle>
    <Lat>32.912853</Lat>
    <Lon>60.867793</Lon>
    <Dis>3766.530</Dis>
    <Cta>857</Cta>
    <CodSec>32</CodSec>
  </S>
  <S>
    <Calle>BS.AS</Calle>
    <Lat>32.905786</Lat>
    <Lon>60.907250</Lon>
    <Dis>2892.460</Dis>
    <Cta>1018</Cta>
    <CodSec>32</CodSec>
  </S>
  <S>
    <Calle>BROWN</Calle>
    <Lat>32.898907</Lat>
    <Lon>60.907290</Lon>
    <Dis>0</Dis>
    <Cta>1134</Cta>
    <CodSec>32</CodSec>
  </S>
</Sector>