<?xml version="1.0" standalone="yes"?>
<Sector>
  <xs:schema id="Sector" xmlns="" xmlns:xs="http://www.w3.org/2001/XMLSchema" xmlns:msdata="urn:schemas-microsoft-com:xml-msdata">
    <xs:element name="Sector" msdata:IsDataSet="true" msdata:Locale="">
      <xs:complexType>
        <xs:choice minOccurs="0" maxOccurs="unbounded">
          <xs:element name="S" msdata:Locale="">
            <xs:complexType>
              <xs:sequence>
                <xs:element name="Calle" type="xs:string" minOccurs="0" />
                <xs:element name="Lat" type="xs:decimal" minOccurs="0" />
                <xs:element name="Lon" type="xs:decimal" minOccurs="0" />
                <xs:element name="Dis" type="xs:decimal" minOccurs="0" />
                <xs:element name="Cta" type="xs:int" minOccurs="0" />
                <xs:element name="CodSec" type="xs:int" minOccurs="0" />
              </xs:sequence>
            </xs:complexType>
          </xs:element>
        </xs:choice>
      </xs:complexType>
    </xs:element>
  </xs:schema>
  <S>
    <Calle>GOMEZ</Calle>
    <Lat>32.812342</Lat>
    <Lon>61.396659</Lon>
    <Dis>2843.000</Dis>
    <Cta>1</Cta>
    <CodSec>204</CodSec>
  </S>
  <S>
    <Calle>CDASA</Calle>
    <Lat>32.814535</Lat>
    <Lon>61.369126</Lon>
    <Dis>12387.740</Dis>
    <Cta>295</Cta>
    <CodSec>204</CodSec>
  </S>
  <S>
    <Calle>CORRE</Calle>
    <Lat>32.852528</Lat>
    <Lon>61.254504</Lon>
    <Dis>8225.670</Dis>
    <Cta>1579</Cta>
    <CodSec>203</CodSec>
  </S>
  <S>
    <Calle>CAENT</Calle>
    <Lat>32.859618</Lat>
    <Lon>61.166927</Lon>
    <Dis>3116.070</Dis>
    <Cta>2428</Cta>
    <CodSec>202</CodSec>
  </S>
  <S>
    <Calle>CASAL</Calle>
    <Lat>32.865406</Lat>
    <Lon>61.134286</Lon>
    <Dis>9805.560</Dis>
    <Cta>2748</Cta>
    <CodSec>202</CodSec>
  </S>
  <S>
    <Calle>SJENT</Calle>
    <Lat>32.883628</Lat>
    <Lon>61.031641</Lon>
    <Dis>1992.400</Dis>
    <Cta>3781</Cta>
    <CodSec>201</CodSec>
  </S>
  <S>
    <Calle>SJSAL</Calle>
    <Lat>32.885723</Lat>
    <Lon>61.019850</Lon>
    <Dis>7726.220</Dis>
    <Cta>3990</Cta>
    <CodSec>201</CodSec>
  </S>
  <S>
    <Calle>CEME2</Calle>
    <Lat>32.900126</Lat>
    <Lon>60.938904</Lon>
    <Dis>4083.790</Dis>
    <Cta>4787</Cta>
    <CodSec>32</CodSec>
  </S>
  <S>
    <Calle>A012</Calle>
    <Lat>32.907848</Lat>
    <Lon>60.896141</Lon>
    <Dis>2158.210</Dis>
    <Cta>5203</Cta>
    <CodSec>32</CodSec>
  </S>
  <S>
    <Calle>A.COR</Calle>
    <Lat>32.926492</Lat>
    <Lon>60.899931</Lon>
    <Dis>17222.860</Dis>
    <Cta>5431</Cta>
    <CodSec>32</CodSec>
  </S>
  <S>
    <Calle>CIRCU</Calle>
    <Lat>32.948995</Lat>
    <Lon>60.724897</Lon>
    <Dis>2935.220</Dis>
    <Cta>7268</Cta>
    <CodSec>30</CodSec>
  </S>
  <S>
    <Calle>FMORE</Calle>
    <Lat>32.948088</Lat>
    <Lon>60.693461</Lon>
    <Dis>2307.080</Dis>
    <Cta>7580</Cta>
    <CodSec>13</CodSec>
  </S>
  <S>
    <Calle>AVEL1</Calle>
    <Lat>32.939138</Lat>
    <Lon>60.679132</Lon>
    <Dis>776.900</Dis>
    <Cta>7823</Cta>
    <CodSec>13</CodSec>
  </S>
  <S>
    <Calle>CAFER</Calle>
    <Lat>32.940525</Lat>
    <Lon>60.671058</Lon>
    <Dis>2264.860</Dis>
    <Cta>7905</Cta>
    <CodSec>13</CodSec>
  </S>
  <S>
    <Calle>ORO?O</Calle>
    <Lat>32.948811</Lat>
    <Lon>60.654772</Lon>
    <Dis>1048.880</Dis>
    <Cta>8136</Cta>
    <CodSec>13</CodSec>
  </S>
  <S>
    <Calle>CORR1</Calle>
    <Lat>32.950745</Lat>
    <Lon>60.643769</Lon>
    <Dis>789.060</Dis>
    <Cta>8242</Cta>
    <CodSec>13</CodSec>
  </S>
  <S>
    <Calle>PELE1</Calle>
    <Lat>32.956686</Lat>
    <Lon>60.643703</Lon>
    <Dis>1762.470</Dis>
    <Cta>8324</Cta>
    <CodSec>13</CodSec>
  </S>
  <S>
    <Calle>MAIP1</Calle>
    <Lat>32.968266</Lat>
    <Lon>60.640259</Lon>
    <Dis>0</Dis>
    <Cta>8506</Cta>
    <CodSec>81</CodSec>
  </S>
</Sector>