<?xml version="1.0" standalone="yes"?>
<Sector>
  <xs:schema id="Sector" xmlns="" xmlns:xs="http://www.w3.org/2001/XMLSchema" xmlns:msdata="urn:schemas-microsoft-com:xml-msdata">
    <xs:element name="Sector" msdata:IsDataSet="true" msdata:Locale="">
      <xs:complexType>
        <xs:choice minOccurs="0" maxOccurs="unbounded">
          <xs:element name="S" msdata:Locale="">
            <xs:complexType>
              <xs:sequence>
                <xs:element name="Calle" type="xs:string" minOccurs="0" />
                <xs:element name="Lat" type="xs:decimal" minOccurs="0" />
                <xs:element name="Lon" type="xs:decimal" minOccurs="0" />
                <xs:element name="Dis" type="xs:decimal" minOccurs="0" />
                <xs:element name="Cta" type="xs:int" minOccurs="0" />
                <xs:element name="CodSec" type="xs:int" minOccurs="0" />
              </xs:sequence>
            </xs:complexType>
          </xs:element>
        </xs:choice>
      </xs:complexType>
    </xs:element>
  </xs:schema>
  <S>
    <Calle>V.G.G</Calle>
    <Lat>33.038562</Lat>
    <Lon>60.660540</Lon>
    <Dis>4175.178</Dis>
    <Cta>1</Cta>
    <CodSec>12</CodSec>
  </S>
  <S>
    <Calle>FILIP</Calle>
    <Lat>33.028733</Lat>
    <Lon>60.637026</Lon>
    <Dis>1624.302</Dis>
    <Cta>272</Cta>
    <CodSec>12</CodSec>
  </S>
  <S>
    <Calle>CIRCU</Calle>
    <Lat>33.016555</Lat>
    <Lon>60.633030</Lon>
    <Dis>3267.714</Dis>
    <Cta>402</Cta>
    <CodSec>13</CodSec>
  </S>
  <S>
    <Calle>AvROS</Calle>
    <Lat>32.998884</Lat>
    <Lon>60.617562</Lon>
    <Dis>4499.364</Dis>
    <Cta>598</Cta>
    <CodSec>13</CodSec>
  </S>
  <S>
    <Calle>PELL.</Calle>
    <Lat>32.960669</Lat>
    <Lon>60.620983</Lon>
    <Dis>2322.561</Dis>
    <Cta>912</Cta>
    <CodSec>13</CodSec>
  </S>
  <S>
    <Calle>CORRI</Calle>
    <Lat>32.956426</Lat>
    <Lon>60.644994</Lon>
    <Dis>806.145</Dis>
    <Cta>1070</Cta>
    <CodSec>13</CodSec>
  </S>
  <S>
    <Calle>SJUAN</Calle>
    <Lat>32.949420</Lat>
    <Lon>60.643261</Lon>
    <Dis>417.685</Dis>
    <Cta>1115</Cta>
    <CodSec>13</CodSec>
  </S>
  <S>
    <Calle>CORDO</Calle>
    <Lat>32.945772</Lat>
    <Lon>60.642371</Lon>
    <Dis>1187.972</Dis>
    <Cta>1139</Cta>
    <CodSec>13</CodSec>
  </S>
  <S>
    <Calle>ORO?O</Calle>
    <Lat>32.942393</Lat>
    <Lon>60.652671</Lon>
    <Dis>1707.404</Dis>
    <Cta>1209</Cta>
    <CodSec>13</CodSec>
  </S>
  <S>
    <Calle>CAFFE</Calle>
    <Lat>32.939222</Lat>
    <Lon>60.670454</Lon>
    <Dis>2196.263</Dis>
    <Cta>1308</Cta>
    <CodSec>13</CodSec>
  </S>
  <S>
    <Calle>AVELL</Calle>
    <Lat>32.927120</Lat>
    <Lon>60.676047</Lon>
    <Dis>1611.542</Dis>
    <Cta>1448</Cta>
    <CodSec>13</CodSec>
  </S>
  <S>
    <Calle>GENOV</Calle>
    <Lat>32.915195</Lat>
    <Lon>60.685671</Lon>
    <Dis>2458.137</Dis>
    <Cta>1548</Cta>
    <CodSec>13</CodSec>
  </S>
  <S>
    <Calle>PUCCI</Calle>
    <Lat>32.894253</Lat>
    <Lon>60.692278</Lon>
    <Dis>2704.373</Dis>
    <Cta>1703</Cta>
    <CodSec>13</CodSec>
  </S>
  <S>
    <Calle>CIUDA</Calle>
    <Lat>32.870949</Lat>
    <Lon>60.699420</Lon>
    <Dis>4253.266</Dis>
    <Cta>1867</Cta>
    <CodSec>14</CodSec>
  </S>
  <S>
    <Calle>CELUL</Calle>
    <Lat>32.834155</Lat>
    <Lon>60.710831</Lon>
    <Dis>3903.244</Dis>
    <Cta>2116</Cta>
    <CodSec>15</CodSec>
  </S>
  <S>
    <Calle>MALVI</Calle>
    <Lat>32.800377</Lat>
    <Lon>60.721067</Lon>
    <Dis>2602.802</Dis>
    <Cta>2364</Cta>
    <CodSec>15</CodSec>
  </S>
  <S>
    <Calle>M.MOR</Calle>
    <Lat>32.777804</Lat>
    <Lon>60.727899</Lon>
    <Dis>2577.695</Dis>
    <Cta>2531</Cta>
    <CodSec>16</CodSec>
  </S>
  <S>
    <Calle>BORGH</Calle>
    <Lat>32.755899</Lat>
    <Lon>60.734320</Lon>
    <Dis>2016.336</Dis>
    <Cta>2767</Cta>
    <CodSec>17</CodSec>
  </S>
  <S>
    <Calle>FALUC</Calle>
    <Lat>32.737902</Lat>
    <Lon>60.733902</Lon>
    <Dis>1954.348</Dis>
    <Cta>2895</Cta>
    <CodSec>17</CodSec>
  </S>
  <S>
    <Calle>P.PSM</Calle>
    <Lat>32.720594</Lat>
    <Lon>60.731834</Lon>
    <Dis>6179.191</Dis>
    <Cta>3021</Cta>
    <CodSec>17</CodSec>
  </S>
  <S>
    <Calle>VIAS.</Calle>
    <Lat>32.691463</Lat>
    <Lon>60.773824</Lon>
    <Dis>2542.892</Dis>
    <Cta>3450</Cta>
    <CodSec>19</CodSec>
  </S>
  <S>
    <Calle>TRENE</Calle>
    <Lat>32.672382</Lat>
    <Lon>60.788633</Lon>
    <Dis>4452.181</Dis>
    <Cta>3568</Cta>
    <CodSec>19</CodSec>
  </S>
  <S>
    <Calle>CRUCE</Calle>
    <Lat>32.638882</Lat>
    <Lon>60.814265</Lon>
    <Dis>9645.267</Dis>
    <Cta>3800</Cta>
    <CodSec>21</CodSec>
  </S>
  <S>
    <Calle>CIRC.</Calle>
    <Lat>32.671533</Lat>
    <Lon>60.882205</Lon>
    <Dis>0</Dis>
    <Cta>4456</Cta>
    <CodSec>21</CodSec>
  </S>
</Sector>