<?xml version="1.0" standalone="yes"?>
<Sector>
  <xs:schema id="Sector" xmlns="" xmlns:xs="http://www.w3.org/2001/XMLSchema" xmlns:msdata="urn:schemas-microsoft-com:xml-msdata">
    <xs:element name="Sector" msdata:IsDataSet="true" msdata:Locale="">
      <xs:complexType>
        <xs:choice minOccurs="0" maxOccurs="unbounded">
          <xs:element name="S" msdata:Locale="">
            <xs:complexType>
              <xs:sequence>
                <xs:element name="Calle" type="xs:string" minOccurs="0" />
                <xs:element name="Lat" type="xs:decimal" minOccurs="0" />
                <xs:element name="Lon" type="xs:decimal" minOccurs="0" />
                <xs:element name="Dis" type="xs:decimal" minOccurs="0" />
                <xs:element name="Cta" type="xs:int" minOccurs="0" />
                <xs:element name="CodSec" type="xs:int" minOccurs="0" />
              </xs:sequence>
            </xs:complexType>
          </xs:element>
        </xs:choice>
      </xs:complexType>
    </xs:element>
  </xs:schema>
  <S>
    <Calle>CORRI</Calle>
    <Lat>32.949755</Lat>
    <Lon>60.643288</Lon>
    <Dis>1543.675</Dis>
    <Cta>1</Cta>
    <CodSec>13</CodSec>
  </S>
  <S>
    <Calle>SARMI</Calle>
    <Lat>32.957334</Lat>
    <Lon>60.640857</Lon>
    <Dis>3147.588</Dis>
    <Cta>95</Cta>
    <CodSec>13</CodSec>
  </S>
  <S>
    <Calle>CIRCU</Calle>
    <Lat>32.971273</Lat>
    <Lon>60.623312</Lon>
    <Dis>3262.272</Dis>
    <Cta>272</Cta>
    <CodSec>13</CodSec>
  </S>
  <S>
    <Calle>AvROS</Calle>
    <Lat>32.998971</Lat>
    <Lon>60.617972</Lon>
    <Dis>1543.649</Dis>
    <Cta>477</Cta>
    <CodSec>12</CodSec>
  </S>
  <S>
    <Calle>SESTE</Calle>
    <Lat>33.010683</Lat>
    <Lon>60.614902</Lon>
    <Dis>1425.835</Dis>
    <Cta>601</Cta>
    <CodSec>12</CodSec>
  </S>
  <S>
    <Calle>SDIEG</Calle>
    <Lat>33.018491</Lat>
    <Lon>60.609148</Lon>
    <Dis>3842.475</Dis>
    <Cta>707</Cta>
    <CodSec>12</CodSec>
  </S>
  <S>
    <Calle>S.RAF</Calle>
    <Lat>33.033626</Lat>
    <Lon>60.621007</Lon>
    <Dis>0</Dis>
    <Cta>964</Cta>
    <CodSec>12</CodSec>
  </S>
</Sector>