<?xml version="1.0" standalone="yes"?>
<Sector>
  <xs:schema id="Sector" xmlns="" xmlns:xs="http://www.w3.org/2001/XMLSchema" xmlns:msdata="urn:schemas-microsoft-com:xml-msdata">
    <xs:element name="Sector" msdata:IsDataSet="true" msdata:Locale="">
      <xs:complexType>
        <xs:choice minOccurs="0" maxOccurs="unbounded">
          <xs:element name="S" msdata:Locale="">
            <xs:complexType>
              <xs:sequence>
                <xs:element name="Calle" type="xs:string" minOccurs="0" />
                <xs:element name="Lat" type="xs:decimal" minOccurs="0" />
                <xs:element name="Lon" type="xs:decimal" minOccurs="0" />
                <xs:element name="Dis" type="xs:decimal" minOccurs="0" />
                <xs:element name="Cta" type="xs:int" minOccurs="0" />
                <xs:element name="CodSec" type="xs:int" minOccurs="0" />
              </xs:sequence>
            </xs:complexType>
          </xs:element>
        </xs:choice>
      </xs:complexType>
    </xs:element>
  </xs:schema>
  <S>
    <Calle>S.RAF</Calle>
    <Lat>33.033623</Lat>
    <Lon>60.621009</Lon>
    <Dis>4107.757</Dis>
    <Cta>1</Cta>
    <CodSec>12</CodSec>
  </S>
  <S>
    <Calle>SDIEG</Calle>
    <Lat>33.018482</Lat>
    <Lon>60.609104</Lon>
    <Dis>1398.284</Dis>
    <Cta>267</Cta>
    <CodSec>12</CodSec>
  </S>
  <S>
    <Calle>JDPER</Calle>
    <Lat>33.010651</Lat>
    <Lon>60.614834</Lon>
    <Dis>1198.888</Dis>
    <Cta>369</Cta>
    <CodSec>12</CodSec>
  </S>
  <S>
    <Calle>ArSAL</Calle>
    <Lat>33.000332</Lat>
    <Lon>60.614864</Lon>
    <Dis>3628.234</Dis>
    <Cta>464</Cta>
    <CodSec>12</CodSec>
  </S>
  <S>
    <Calle>27FEB</Calle>
    <Lat>32.971339</Lat>
    <Lon>60.622392</Lon>
    <Dis>3636.188</Dis>
    <Cta>700</Cta>
    <CodSec>13</CodSec>
  </S>
  <S>
    <Calle>CORRI</Calle>
    <Lat>32.956354</Lat>
    <Lon>60.645016</Lon>
    <Dis>760.651</Dis>
    <Cta>913</Cta>
    <CodSec>13</CodSec>
  </S>
  <S>
    <Calle>SJUAN</Calle>
    <Lat>32.949690</Lat>
    <Lon>60.643326</Lon>
    <Dis>457.577</Dis>
    <Cta>957</Cta>
    <CodSec>13</CodSec>
  </S>
  <S>
    <Calle>CORDO</Calle>
    <Lat>32.945772</Lat>
    <Lon>60.642371</Lon>
    <Dis>1188.301</Dis>
    <Cta>984</Cta>
    <CodSec>13</CodSec>
  </S>
  <S>
    <Calle>ORO?O</Calle>
    <Lat>32.942393</Lat>
    <Lon>60.652671</Lon>
    <Dis>1708.783</Dis>
    <Cta>1050</Cta>
    <CodSec>13</CodSec>
  </S>
  <S>
    <Calle>CAFFE</Calle>
    <Lat>32.939222</Lat>
    <Lon>60.670454</Lon>
    <Dis>2180.150</Dis>
    <Cta>1151</Cta>
    <CodSec>13</CodSec>
  </S>
  <S>
    <Calle>AVELL</Calle>
    <Lat>32.927120</Lat>
    <Lon>60.676047</Lon>
    <Dis>1619.387</Dis>
    <Cta>1287</Cta>
    <CodSec>13</CodSec>
  </S>
  <S>
    <Calle>GENOV</Calle>
    <Lat>32.915114</Lat>
    <Lon>60.685639</Lon>
    <Dis>2460.909</Dis>
    <Cta>1382</Cta>
    <CodSec>13</CodSec>
  </S>
  <S>
    <Calle>PUCCI</Calle>
    <Lat>32.894253</Lat>
    <Lon>60.692278</Lon>
    <Dis>2706.629</Dis>
    <Cta>1535</Cta>
    <CodSec>13</CodSec>
  </S>
  <S>
    <Calle>CIUDA</Calle>
    <Lat>32.870949</Lat>
    <Lon>60.699420</Lon>
    <Dis>4248.596</Dis>
    <Cta>1695</Cta>
    <CodSec>14</CodSec>
  </S>
  <S>
    <Calle>CELUL</Calle>
    <Lat>32.834155</Lat>
    <Lon>60.710831</Lon>
    <Dis>3906.622</Dis>
    <Cta>1942</Cta>
    <CodSec>15</CodSec>
  </S>
  <S>
    <Calle>MALVI</Calle>
    <Lat>32.800377</Lat>
    <Lon>60.721067</Lon>
    <Dis>2605.831</Dis>
    <Cta>2192</Cta>
    <CodSec>15</CodSec>
  </S>
  <S>
    <Calle>M.MOR</Calle>
    <Lat>32.777804</Lat>
    <Lon>60.727899</Lon>
    <Dis>2575.582</Dis>
    <Cta>2358</Cta>
    <CodSec>16</CodSec>
  </S>
  <S>
    <Calle>BORGH</Calle>
    <Lat>32.755899</Lat>
    <Lon>60.734320</Lon>
    <Dis>2015.366</Dis>
    <Cta>2588</Cta>
    <CodSec>17</CodSec>
  </S>
  <S>
    <Calle>FALUC</Calle>
    <Lat>32.737902</Lat>
    <Lon>60.733902</Lon>
    <Dis>3965.855</Dis>
    <Cta>2719</Cta>
    <CodSec>17</CodSec>
  </S>
  <S>
    <Calle>DESTI</Calle>
    <Lat>32.738586</Lat>
    <Lon>60.744647</Lon>
    <Dis>0</Dis>
    <Cta>3037</Cta>
    <CodSec>17</CodSec>
  </S>
</Sector>