<?xml version="1.0" standalone="yes"?>
<Sector>
  <xs:schema id="Sector" xmlns="" xmlns:xs="http://www.w3.org/2001/XMLSchema" xmlns:msdata="urn:schemas-microsoft-com:xml-msdata">
    <xs:element name="Sector" msdata:IsDataSet="true" msdata:Locale="">
      <xs:complexType>
        <xs:choice minOccurs="0" maxOccurs="unbounded">
          <xs:element name="S" msdata:Locale="">
            <xs:complexType>
              <xs:sequence>
                <xs:element name="Calle" type="xs:string" minOccurs="0" />
                <xs:element name="Lat" type="xs:decimal" minOccurs="0" />
                <xs:element name="Lon" type="xs:decimal" minOccurs="0" />
                <xs:element name="Dis" type="xs:decimal" minOccurs="0" />
                <xs:element name="Cta" type="xs:int" minOccurs="0" />
                <xs:element name="CodSec" type="xs:int" minOccurs="0" />
              </xs:sequence>
            </xs:complexType>
          </xs:element>
        </xs:choice>
      </xs:complexType>
    </xs:element>
  </xs:schema>
  <S>
    <Calle>RICCH</Calle>
    <Lat>33.036702</Lat>
    <Lon>60.655143</Lon>
    <Dis>2354.438</Dis>
    <Cta>1</Cta>
    <CodSec>12</CodSec>
  </S>
  <S>
    <Calle>FILIP</Calle>
    <Lat>33.028952</Lat>
    <Lon>60.637114</Lon>
    <Dis>1806.129</Dis>
    <Cta>159</Cta>
    <CodSec>12</CodSec>
  </S>
  <S>
    <Calle>CIRCU</Calle>
    <Lat>33.015769</Lat>
    <Lon>60.634642</Lon>
    <Dis>2887.007</Dis>
    <Cta>295</Cta>
    <CodSec>13</CodSec>
  </S>
  <S>
    <Calle>ARIJO</Calle>
    <Lat>33.003061</Lat>
    <Lon>60.649313</Lon>
    <Dis>1409.867</Dis>
    <Cta>493</Cta>
    <CodSec>13</CodSec>
  </S>
  <S>
    <Calle>URIB.</Calle>
    <Lat>32.990673</Lat>
    <Lon>60.646655</Lon>
    <Dis>1278.040</Dis>
    <Cta>586</Cta>
    <CodSec>13</CodSec>
  </S>
  <S>
    <Calle>SEGUI</Calle>
    <Lat>32.979477</Lat>
    <Lon>60.644294</Lon>
    <Dis>1885.657</Dis>
    <Cta>662</Cta>
    <CodSec>13</CodSec>
  </S>
  <S>
    <Calle>CORRI</Calle>
    <Lat>32.966720</Lat>
    <Lon>60.647655</Lon>
    <Dis>1836.222</Dis>
    <Cta>772</Cta>
    <CodSec>13</CodSec>
  </S>
  <S>
    <Calle>MENDO</Calle>
    <Lat>32.950783</Lat>
    <Lon>60.643653</Lon>
    <Dis>1387.412</Dis>
    <Cta>873</Cta>
    <CodSec>13</CodSec>
  </S>
  <S>
    <Calle>PARAG</Calle>
    <Lat>32.939625</Lat>
    <Lon>60.642284</Lon>
    <Dis>928.166</Dis>
    <Cta>958</Cta>
    <CodSec>13</CodSec>
  </S>
  <S>
    <Calle>ORO?O</Calle>
    <Lat>32.937889</Lat>
    <Lon>60.651857</Lon>
    <Dis>1698.121</Dis>
    <Cta>1017</Cta>
    <CodSec>13</CodSec>
  </S>
  <S>
    <Calle>CAFFE</Calle>
    <Lat>32.934726</Lat>
    <Lon>60.669513</Lon>
    <Dis>3695.323</Dis>
    <Cta>1113</Cta>
    <CodSec>13</CodSec>
  </S>
  <S>
    <Calle>SORRE</Calle>
    <Lat>32.907212</Lat>
    <Lon>60.688359</Lon>
    <Dis>4253.215</Dis>
    <Cta>1359</Cta>
    <CodSec>13</CodSec>
  </S>
  <S>
    <Calle>CIUDA</Calle>
    <Lat>32.870529</Lat>
    <Lon>60.699536</Lon>
    <Dis>4245.978</Dis>
    <Cta>1626</Cta>
    <CodSec>14</CodSec>
  </S>
  <S>
    <Calle>LINIE</Calle>
    <Lat>32.858542</Lat>
    <Lon>60.715521</Lon>
    <Dis>0</Dis>
    <Cta>1911</Cta>
    <CodSec>14</CodSec>
  </S>
</Sector>