<?xml version="1.0" standalone="yes"?>
<Sector>
  <xs:schema id="Sector" xmlns="" xmlns:xs="http://www.w3.org/2001/XMLSchema" xmlns:msdata="urn:schemas-microsoft-com:xml-msdata">
    <xs:element name="Sector" msdata:IsDataSet="true" msdata:Locale="">
      <xs:complexType>
        <xs:choice minOccurs="0" maxOccurs="unbounded">
          <xs:element name="S" msdata:Locale="">
            <xs:complexType>
              <xs:sequence>
                <xs:element name="Calle" type="xs:string" minOccurs="0" />
                <xs:element name="Lat" type="xs:decimal" minOccurs="0" />
                <xs:element name="Lon" type="xs:decimal" minOccurs="0" />
                <xs:element name="Dis" type="xs:decimal" minOccurs="0" />
                <xs:element name="Cta" type="xs:int" minOccurs="0" />
                <xs:element name="CodSec" type="xs:int" minOccurs="0" />
              </xs:sequence>
            </xs:complexType>
          </xs:element>
        </xs:choice>
      </xs:complexType>
    </xs:element>
  </xs:schema>
  <S>
    <Calle>LINIE</Calle>
    <Lat>32.858527</Lat>
    <Lon>60.715525</Lon>
    <Dis>3461.028</Dis>
    <Cta>1</Cta>
    <CodSec>14</CodSec>
  </S>
  <S>
    <Calle>RUT11</Calle>
    <Lat>32.863795</Lat>
    <Lon>60.701973</Lon>
    <Dis>793.534</Dis>
    <Cta>232</Cta>
    <CodSec>14</CodSec>
  </S>
  <S>
    <Calle>CIUDA</Calle>
    <Lat>32.870476</Lat>
    <Lon>60.699870</Lon>
    <Dis>2848.702</Dis>
    <Cta>274</Cta>
    <CodSec>13</CodSec>
  </S>
  <S>
    <Calle>PUCCI</Calle>
    <Lat>32.894925</Lat>
    <Lon>60.692470</Lon>
    <Dis>1429.226</Dis>
    <Cta>462</Cta>
    <CodSec>13</CodSec>
  </S>
  <S>
    <Calle>SORRE</Calle>
    <Lat>32.907124</Lat>
    <Lon>60.688749</Lon>
    <Dis>3586.859</Dis>
    <Cta>545</Cta>
    <CodSec>13</CodSec>
  </S>
  <S>
    <Calle>CAFFE</Calle>
    <Lat>32.933596</Lat>
    <Lon>60.669257</Lon>
    <Dis>1688.861</Dis>
    <Cta>765</Cta>
    <CodSec>13</CodSec>
  </S>
  <S>
    <Calle>ORO?O</Calle>
    <Lat>32.936705</Lat>
    <Lon>60.651752</Lon>
    <Dis>1568.454</Dis>
    <Cta>865</Cta>
    <CodSec>13</CodSec>
  </S>
  <S>
    <Calle>STAFE</Calle>
    <Lat>32.943935</Lat>
    <Lon>60.643300</Lon>
    <Dis>1417.473</Dis>
    <Cta>964</Cta>
    <CodSec>13</CodSec>
  </S>
  <S>
    <Calle>PELLE</Calle>
    <Lat>32.956298</Lat>
    <Lon>60.646480</Lon>
    <Dis>1183.699</Dis>
    <Cta>1051</Cta>
    <CodSec>13</CodSec>
  </S>
  <S>
    <Calle>27FEB</Calle>
    <Lat>32.966614</Lat>
    <Lon>60.649084</Lon>
    <Dis>2002.590</Dis>
    <Cta>1126</Cta>
    <CodSec>13</CodSec>
  </S>
  <S>
    <Calle>SEGUI</Calle>
    <Lat>32.979277</Lat>
    <Lon>60.644377</Lon>
    <Dis>1274.397</Dis>
    <Cta>1251</Cta>
    <CodSec>13</CodSec>
  </S>
  <S>
    <Calle>URIB.</Calle>
    <Lat>32.990503</Lat>
    <Lon>60.646629</Lon>
    <Dis>1438.020</Dis>
    <Cta>1330</Cta>
    <CodSec>13</CodSec>
  </S>
  <S>
    <Calle>ARIJO</Calle>
    <Lat>33.003026</Lat>
    <Lon>60.649437</Lon>
    <Dis>3302.720</Dis>
    <Cta>1426</Cta>
    <CodSec>13</CodSec>
  </S>
  <S>
    <Calle>CIRCU</Calle>
    <Lat>33.015790</Lat>
    <Lon>60.634780</Lon>
    <Dis>1776.233</Dis>
    <Cta>1646</Cta>
    <CodSec>12</CodSec>
  </S>
  <S>
    <Calle>AGUIR</Calle>
    <Lat>33.028850</Lat>
    <Lon>60.637139</Lon>
    <Dis>2358.208</Dis>
    <Cta>1775</Cta>
    <CodSec>12</CodSec>
  </S>
  <S>
    <Calle>RICCH</Calle>
    <Lat>33.036699</Lat>
    <Lon>60.655143</Lon>
    <Dis>0</Dis>
    <Cta>1936</Cta>
    <CodSec>12</CodSec>
  </S>
</Sector>