<?xml version="1.0" standalone="yes"?>
<Sector>
  <xs:schema id="Sector" xmlns="" xmlns:xs="http://www.w3.org/2001/XMLSchema" xmlns:msdata="urn:schemas-microsoft-com:xml-msdata">
    <xs:element name="Sector" msdata:IsDataSet="true" msdata:Locale="">
      <xs:complexType>
        <xs:choice minOccurs="0" maxOccurs="unbounded">
          <xs:element name="S" msdata:Locale="">
            <xs:complexType>
              <xs:sequence>
                <xs:element name="Calle" type="xs:string" minOccurs="0" />
                <xs:element name="Lat" type="xs:decimal" minOccurs="0" />
                <xs:element name="Lon" type="xs:decimal" minOccurs="0" />
                <xs:element name="Dis" type="xs:decimal" minOccurs="0" />
                <xs:element name="Cta" type="xs:int" minOccurs="0" />
                <xs:element name="CodSec" type="xs:int" minOccurs="0" />
              </xs:sequence>
            </xs:complexType>
          </xs:element>
        </xs:choice>
      </xs:complexType>
    </xs:element>
  </xs:schema>
  <S>
    <Calle>SAAVE</Calle>
    <Lat>34.537500</Lat>
    <Lon>58.475610</Lon>
    <Dis>1698.717</Dis>
    <Cta>1</Cta>
    <CodSec>1</CodSec>
  </S>
  <S>
    <Calle>SMAR.</Calle>
    <Lat>34.523979</Lat>
    <Lon>58.483635</Lon>
    <Dis>960.021</Dis>
    <Cta>101</Cta>
    <CodSec>1</CodSec>
  </S>
  <S>
    <Calle>E.MIT</Calle>
    <Lat>34.516117</Lat>
    <Lon>58.487886</Lon>
    <Dis>3011.053</Dis>
    <Cta>150</Cta>
    <CodSec>2</CodSec>
  </S>
  <S>
    <Calle>E.MAR</Calle>
    <Lat>34.491166</Lat>
    <Lon>58.499511</Lon>
    <Dis>2144.127</Dis>
    <Cta>426</Cta>
    <CodSec>3</CodSec>
  </S>
  <S>
    <Calle>E.SIS</Calle>
    <Lat>34.475024</Lat>
    <Lon>58.511776</Lon>
    <Dis>3401.129</Dis>
    <Cta>563</Cta>
    <CodSec>4</CodSec>
  </S>
  <S>
    <Calle>E.VIC</Calle>
    <Lat>34.453873</Lat>
    <Lon>58.537841</Lon>
    <Dis>1001.960</Dis>
    <Cta>779</Cta>
    <CodSec>5</CodSec>
  </S>
  <S>
    <Calle>GANDO</Calle>
    <Lat>34.448056</Lat>
    <Lon>58.545986</Lon>
    <Dis>796.746</Dis>
    <Cta>846</Cta>
    <CodSec>5</CodSec>
  </S>
  <S>
    <Calle>VIRRE</Calle>
    <Lat>34.450438</Lat>
    <Lon>58.552179</Lon>
    <Dis>1997.394</Dis>
    <Cta>897</Cta>
    <CodSec>5</CodSec>
  </S>
  <S>
    <Calle>AcTIG</Calle>
    <Lat>34.459670</Lat>
    <Lon>58.570609</Lon>
    <Dis>2829.540</Dis>
    <Cta>1024</Cta>
    <CodSec>9</CodSec>
  </S>
  <S>
    <Calle>RU202</Calle>
    <Lat>34.472200</Lat>
    <Lon>58.597286</Lon>
    <Dis>2121.366</Dis>
    <Cta>1196</Cta>
    <CodSec>10</CodSec>
  </S>
  <S>
    <Calle>PANA2</Calle>
    <Lat>34.484229</Lat>
    <Lon>58.612830</Lon>
    <Dis>3109.283</Dis>
    <Cta>1332</Cta>
    <CodSec>14</CodSec>
  </S>
  <S>
    <Calle>CHIN2</Calle>
    <Lat>34.499300</Lat>
    <Lon>58.641138</Lon>
    <Dis>849.544</Dis>
    <Cta>1520</Cta>
    <CodSec>15</CodSec>
  </S>
  <S>
    <Calle>DTORC</Calle>
    <Lat>34.503176</Lat>
    <Lon>58.648996</Lon>
    <Dis>3703.641</Dis>
    <Cta>1568</Cta>
    <CodSec>15</CodSec>
  </S>
  <S>
    <Calle>LOREN</Calle>
    <Lat>34.523988</Lat>
    <Lon>58.680113</Lon>
    <Dis>1832.591</Dis>
    <Cta>1761</Cta>
    <CodSec>16</CodSec>
  </S>
  <S>
    <Calle>ESCLE</Calle>
    <Lat>34.526691</Lat>
    <Lon>58.694770</Lon>
    <Dis>830.537</Dis>
    <Cta>1879</Cta>
    <CodSec>16</CodSec>
  </S>
  <S>
    <Calle>ROLEM</Calle>
    <Lat>34.531803</Lat>
    <Lon>58.700982</Lon>
    <Dis>1427.142</Dis>
    <Cta>1943</Cta>
    <CodSec>17</CodSec>
  </S>
  <S>
    <Calle>DELIA</Calle>
    <Lat>34.539622</Lat>
    <Lon>58.711857</Lon>
    <Dis>423.252</Dis>
    <Cta>2030</Cta>
    <CodSec>18</CodSec>
  </S>
  <S>
    <Calle>ALEM.</Calle>
    <Lat>34.542439</Lat>
    <Lon>58.714889</Lon>
    <Dis>2932.972</Dis>
    <Cta>2054</Cta>
    <CodSec>18</CodSec>
  </S>
  <S>
    <Calle>PROSA</Calle>
    <Lat>34.561498</Lat>
    <Lon>58.733807</Lon>
    <Dis>1013.592</Dis>
    <Cta>2220</Cta>
    <CodSec>18</CodSec>
  </S>
  <S>
    <Calle>SBRIG</Calle>
    <Lat>34.567742</Lat>
    <Lon>58.741786</Lon>
    <Dis>1926.236</Dis>
    <Cta>2284</Cta>
    <CodSec>19</CodSec>
  </S>
  <S>
    <Calle>CCAST</Calle>
    <Lat>34.583604</Lat>
    <Lon>58.747619</Lon>
    <Dis>2546.719</Dis>
    <Cta>2407</Cta>
    <CodSec>20</CodSec>
  </S>
  <S>
    <Calle>PFIZR</Calle>
    <Lat>34.602610</Lat>
    <Lon>58.761816</Lon>
    <Dis>2876.805</Dis>
    <Cta>2567</Cta>
    <CodSec>21</CodSec>
  </S>
  <S>
    <Calle>P.GAO</Calle>
    <Lat>34.624675</Lat>
    <Lon>58.776913</Lon>
    <Dis>2758.460</Dis>
    <Cta>2748</Cta>
    <CodSec>22</CodSec>
  </S>
  <S>
    <Calle>INDEP</Calle>
    <Lat>34.646343</Lat>
    <Lon>58.790274</Lon>
    <Dis>1179.677</Dis>
    <Cta>2916</Cta>
    <CodSec>23</CodSec>
  </S>
  <S>
    <Calle>PIOVN</Calle>
    <Lat>34.647401</Lat>
    <Lon>58.799595</Lon>
    <Dis>1977.080</Dis>
    <Cta>2983</Cta>
    <CodSec>23</CodSec>
  </S>
  <S>
    <Calle>MORE</Calle>
    <Lat>34.642936</Lat>
    <Lon>58.815596</Lon>
    <Dis>0</Dis>
    <Cta>3078</Cta>
    <CodSec>23</CodSec>
  </S>
</Sector>