<?xml version="1.0" standalone="yes"?>
<Sector>
  <xs:schema id="Sector" xmlns="" xmlns:xs="http://www.w3.org/2001/XMLSchema" xmlns:msdata="urn:schemas-microsoft-com:xml-msdata">
    <xs:element name="Sector" msdata:IsDataSet="true" msdata:Locale="">
      <xs:complexType>
        <xs:choice minOccurs="0" maxOccurs="unbounded">
          <xs:element name="S" msdata:Locale="">
            <xs:complexType>
              <xs:sequence>
                <xs:element name="Calle" type="xs:string" minOccurs="0" />
                <xs:element name="Lat" type="xs:decimal" minOccurs="0" />
                <xs:element name="Lon" type="xs:decimal" minOccurs="0" />
                <xs:element name="Dis" type="xs:decimal" minOccurs="0" />
                <xs:element name="Cta" type="xs:int" minOccurs="0" />
                <xs:element name="CodSec" type="xs:int" minOccurs="0" />
              </xs:sequence>
            </xs:complexType>
          </xs:element>
        </xs:choice>
      </xs:complexType>
    </xs:element>
  </xs:schema>
  <S>
    <Calle>GRAND</Calle>
    <Lat>32.993393</Lat>
    <Lon>60.629287</Lon>
    <Dis>1840.048</Dis>
    <Cta>1</Cta>
    <CodSec>13</CodSec>
  </S>
  <S>
    <Calle>AYOLA</Calle>
    <Lat>32.980199</Lat>
    <Lon>60.627763</Lon>
    <Dis>2676.383</Dis>
    <Cta>116</Cta>
    <CodSec>13</CodSec>
  </S>
  <S>
    <Calle>PELLE</Calle>
    <Lat>32.959795</Lat>
    <Lon>60.626945</Lon>
    <Dis>1749.591</Dis>
    <Cta>253</Cta>
    <CodSec>13</CodSec>
  </S>
  <S>
    <Calle>CORRI</Calle>
    <Lat>32.956473</Lat>
    <Lon>60.645080</Lon>
    <Dis>2408.142</Dis>
    <Cta>341</Cta>
    <CodSec>13</CodSec>
  </S>
  <S>
    <Calle>CORDO</Calle>
    <Lat>32.943627</Lat>
    <Lon>60.654667</Lon>
    <Dis>2510.487</Dis>
    <Cta>492</Cta>
    <CodSec>13</CodSec>
  </S>
  <S>
    <Calle>AvFRA</Calle>
    <Lat>32.938076</Lat>
    <Lon>60.664433</Lon>
    <Dis>0</Dis>
    <Cta>621</Cta>
    <CodSec>13</CodSec>
  </S>
</Sector>