<?xml version="1.0" standalone="yes"?>
<GpsZona>
  <xs:schema id="GpsZona" xmlns="" xmlns:xs="http://www.w3.org/2001/XMLSchema" xmlns:msdata="urn:schemas-microsoft-com:xml-msdata">
    <xs:element name="GpsZona" msdata:IsDataSet="true" msdata:Locale="">
      <xs:complexType>
        <xs:choice minOccurs="0" maxOccurs="unbounded">
          <xs:element name="Z" msdata:Locale="">
            <xs:complexType>
              <xs:sequence>
                <xs:element name="CodZon" type="xs:int" minOccurs="0" />
                <xs:element name="Zon" type="xs:string" minOccurs="0" />
                <xs:element name="Lat" type="xs:float" minOccurs="0" />
                <xs:element name="Lon" type="xs:float" minOccurs="0" />
                <xs:element name="Rad" type="xs:int" minOccurs="0" />
              </xs:sequence>
            </xs:complexType>
          </xs:element>
        </xs:choice>
      </xs:complexType>
    </xs:element>
  </xs:schema>
  <Z>
    <CodZon>1</CodZon>
    <Zon>G.BERUTTI</Zon>
    <Lat>32.97932</Lat>
    <Lon>60.62795</Lon>
    <Rad>50</Rad>
  </Z>
  <Z>
    <CodZon>2</CodZon>
    <Zon>G.AYACUCHO</Zon>
    <Lat>33.0100555</Lat>
    <Lon>60.6356</Lon>
    <Rad>50</Rad>
  </Z>
  <Z>
    <CodZon>3</CodZon>
    <Zon>G.JUNIN</Zon>
    <Lat>32.9280853</Lat>
    <Lon>60.7107849</Lon>
    <Rad>50</Rad>
  </Z>
  <Z>
    <CodZon>4</CodZon>
    <Zon>G.NORTE</Zon>
    <Lat>32.88495</Lat>
    <Lon>60.70959</Lon>
    <Rad>50</Rad>
  </Z>
  <Z>
    <CodZon>5</CodZon>
    <Zon>G.CAFFERATA</Zon>
    <Lat>32.9693451</Lat>
    <Lon>60.6782036</Lon>
    <Rad>50</Rad>
  </Z>
  <Z>
    <CodZon>6</CodZon>
    <Zon>CITA</Zon>
    <Lat>32.95302</Lat>
    <Lon>60.6647148</Lon>
    <Rad>150</Rad>
  </Z>
  <Z>
    <CodZon>8</CodZon>
    <Zon>OF.SAN MARTIN</Zon>
    <Lat>32.96888</Lat>
    <Lon>60.64228</Lon>
    <Rad>100</Rad>
  </Z>
  <Z>
    <CodZon>9</CodZon>
    <Zon>G.GRAL.LAGOS</Zon>
    <Lat>33.1126</Lat>
    <Lon>60.5661</Lon>
    <Rad>50</Rad>
  </Z>
  <Z>
    <CodZon>10</CodZon>
    <Zon>G.PUERTO</Zon>
    <Lat>32.71701</Lat>
    <Lon>60.7305641</Lon>
    <Rad>50</Rad>
  </Z>
  <Z>
    <CodZon>11</CodZon>
    <Zon>TA. J. MOLINA</Zon>
    <Lat>32.9963875</Lat>
    <Lon>60.63115</Lon>
    <Rad>100</Rad>
  </Z>
  <Z>
    <CodZon>12</CodZon>
    <Zon>G.SANTO TOME</Zon>
    <Lat>31.6873055</Lat>
    <Lon>60.79431</Lon>
    <Rad>50</Rad>
  </Z>
  <Z>
    <CodZon>13</CodZon>
    <Zon>TA.CARRIER</Zon>
    <Lat>33.0028534</Lat>
    <Lon>60.6656036</Lon>
    <Rad>100</Rad>
  </Z>
  <Z>
    <CodZon>14</CodZon>
    <Zon>G.V.G.Galvez</Zon>
    <Lat>33.0434837</Lat>
    <Lon>60.610817</Lon>
    <Rad>150</Rad>
  </Z>
  <Z>
    <CodZon>15</CodZon>
    <Zon>TA.V.CONSTI</Zon>
    <Lat>33.26578</Lat>
    <Lon>60.29334</Lon>
    <Rad>150</Rad>
  </Z>
  <Z>
    <CodZon>16</CodZon>
    <Zon>TA.EL POZO</Zon>
    <Lat>31.3802</Lat>
    <Lon>60.3941</Lon>
    <Rad>150</Rad>
  </Z>
  <Z>
    <CodZon>17</CodZon>
    <Zon>TA.LAS DELICIAS</Zon>
    <Lat>33.00612</Lat>
    <Lon>60.6695</Lon>
    <Rad>150</Rad>
  </Z>
  <Z>
    <CodZon>18</CodZon>
    <Zon>G.A. LEYES</Zon>
    <Lat>31.5680943</Lat>
    <Lon>60.5384827</Lon>
    <Rad>150</Rad>
  </Z>
  <Z>
    <CodZon>20</CodZon>
    <Zon>G.BAIGORRIA</Zon>
    <Lat>32.8482056</Lat>
    <Lon>60.725563</Lon>
    <Rad>150</Rad>
  </Z>
  <Z>
    <CodZon>21</CodZon>
    <Zon>OF.SARMIENTO</Zon>
    <Lat>32.9647636</Lat>
    <Lon>60.6428871</Lon>
    <Rad>100</Rad>
  </Z>
  <Z>
    <CodZon>22</CodZon>
    <Zon>VGG (NUEVO)</Zon>
    <Lat>33.0391273</Lat>
    <Lon>60.6595955</Lon>
    <Rad>200</Rad>
  </Z>
  <Z>
    <CodZon>23</CodZon>
    <Zon>TALLER CARAPACHAY</Zon>
    <Lat>34.528</Lat>
    <Lon>58.543</Lon>
    <Rad>150</Rad>
  </Z>
  <Z>
    <CodZon>24</CodZon>
    <Zon>TALLER BARCALA</Zon>
    <Lat>34.626</Lat>
    <Lon>58.412</Lon>
    <Rad>150</Rad>
  </Z>
  <Z>
    <CodZon>25</CodZon>
    <Zon>GALPON PILAR</Zon>
    <Lat>34.477</Lat>
    <Lon>58.901</Lon>
    <Rad>150</Rad>
  </Z>
  <Z>
    <CodZon>26</CodZon>
    <Zon>EST. SAVIO</Zon>
    <Lat>34.407</Lat>
    <Lon>58.77</Lon>
    <Rad>150</Rad>
  </Z>
  <Z>
    <CodZon>27</CodZon>
    <Zon>EST. DEL VISO</Zon>
    <Lat>34.452</Lat>
    <Lon>58.798</Lon>
    <Rad>150</Rad>
  </Z>
  <Z>
    <CodZon>28</CodZon>
    <Zon>STEFANI</Zon>
    <Lat>34.54057</Lat>
    <Lon>58.82283</Lon>
    <Rad>150</Rad>
  </Z>
  <Z>
    <CodZon>29</CodZon>
    <Zon>LA QUINTA</Zon>
    <Lat>34.54325</Lat>
    <Lon>58.71917</Lon>
    <Rad>150</Rad>
  </Z>
  <Z>
    <CodZon>30</CodZon>
    <Zon>PANA Y 202</Zon>
    <Lat>34.483</Lat>
    <Lon>58.162</Lon>
    <Rad>150</Rad>
  </Z>
  <Z>
    <CodZon>31</CodZon>
    <Zon>TALLER SAAVEDRA</Zon>
    <Lat>34.537</Lat>
    <Lon>58.475</Lon>
    <Rad>150</Rad>
  </Z>
  <Z>
    <CodZon>32</CodZon>
    <Zon>EST. PILAR</Zon>
    <Lat>34.457</Lat>
    <Lon>58.912</Lon>
    <Rad>150</Rad>
  </Z>
  <Z>
    <CodZon>33</CodZon>
    <Zon>TANQUE PILAR</Zon>
    <Lat>34.458</Lat>
    <Lon>58.907</Lon>
    <Rad>150</Rad>
  </Z>
  <Z>
    <CodZon>34</CodZon>
    <Zon>TALLER MORENO</Zon>
    <Lat>34.642</Lat>
    <Lon>58.815</Lon>
    <Rad>150</Rad>
  </Z>
  <Z>
    <CodZon>35</CodZon>
    <Zon>EST. LUJAN</Zon>
    <Lat>34.559</Lat>
    <Lon>59.12</Lon>
    <Rad>150</Rad>
  </Z>
  <Z>
    <CodZon>36</CodZon>
    <Zon>CORREA</Zon>
    <Lat>32.855484</Lat>
    <Lon>61.2460976</Lon>
    <Rad>200</Rad>
  </Z>
</GpsZona>