<?xml version="1.0" standalone="yes"?>
<Sector>
  <xs:schema id="Sector" xmlns="" xmlns:xs="http://www.w3.org/2001/XMLSchema" xmlns:msdata="urn:schemas-microsoft-com:xml-msdata">
    <xs:element name="Sector" msdata:IsDataSet="true" msdata:Locale="">
      <xs:complexType>
        <xs:choice minOccurs="0" maxOccurs="unbounded">
          <xs:element name="S" msdata:Locale="">
            <xs:complexType>
              <xs:sequence>
                <xs:element name="Calle" type="xs:string" minOccurs="0" />
                <xs:element name="Lat" type="xs:decimal" minOccurs="0" />
                <xs:element name="Lon" type="xs:decimal" minOccurs="0" />
                <xs:element name="Dis" type="xs:decimal" minOccurs="0" />
                <xs:element name="Cta" type="xs:int" minOccurs="0" />
                <xs:element name="CodSec" type="xs:int" minOccurs="0" />
              </xs:sequence>
            </xs:complexType>
          </xs:element>
        </xs:choice>
      </xs:complexType>
    </xs:element>
  </xs:schema>
  <S>
    <Calle>ECUAD</Calle>
    <Lat>33.027611</Lat>
    <Lon>60.755907</Lon>
    <Dis>4818.696</Dis>
    <Cta>1</Cta>
    <CodSec>83</CodSec>
  </S>
  <S>
    <Calle>AcSOL</Calle>
    <Lat>32.989641</Lat>
    <Lon>60.752714</Lon>
    <Dis>1690.526</Dis>
    <Cta>316</Cta>
    <CodSec>85</CodSec>
  </S>
  <S>
    <Calle>ESSO</Calle>
    <Lat>32.981295</Lat>
    <Lon>60.737985</Lon>
    <Dis>2910.361</Dis>
    <Cta>431</Cta>
    <CodSec>13</CodSec>
  </S>
  <S>
    <Calle>PUNI</Calle>
    <Lat>32.967994</Lat>
    <Lon>60.711312</Lon>
    <Dis>2024.466</Dis>
    <Cta>610</Cta>
    <CodSec>13</CodSec>
  </S>
  <S>
    <Calle>FMOR</Calle>
    <Lat>32.958720</Lat>
    <Lon>60.692777</Lon>
    <Dis>2474.724</Dis>
    <Cta>731</Cta>
    <CodSec>13</CodSec>
  </S>
  <S>
    <Calle>AvFRA</Calle>
    <Lat>32.962736</Lat>
    <Lon>60.670939</Lon>
    <Dis>1942.819</Dis>
    <Cta>881</Cta>
    <CodSec>13</CodSec>
  </S>
  <S>
    <Calle>P.ROC</Calle>
    <Lat>32.966346</Lat>
    <Lon>60.650765</Lon>
    <Dis>1717.351</Dis>
    <Cta>1001</Cta>
    <CodSec>13</CodSec>
  </S>
  <S>
    <Calle>PELLE</Calle>
    <Lat>32.956206</Lat>
    <Lon>60.647870</Lon>
    <Dis>1352.272</Dis>
    <Cta>1102</Cta>
    <CodSec>13</CodSec>
  </S>
  <S>
    <Calle>ERIOS</Calle>
    <Lat>32.948499</Lat>
    <Lon>60.641718</Lon>
    <Dis>1230.000</Dis>
    <Cta>1184</Cta>
    <CodSec>13</CodSec>
  </S>
  <S>
    <Calle>SARMI</Calle>
    <Lat>32.957338</Lat>
    <Lon>60.640922</Lon>
    <Dis>1199.559</Dis>
    <Cta>1254</Cta>
    <CodSec>13</CodSec>
  </S>
  <S>
    <Calle>27FEB</Calle>
    <Lat>32.967694</Lat>
    <Lon>60.643399</Lon>
    <Dis>1441.900</Dis>
    <Cta>1324</Cta>
    <CodSec>13</CodSec>
  </S>
  <S>
    <Calle>SEGUI</Calle>
    <Lat>32.979259</Lat>
    <Lon>60.644353</Lon>
    <Dis>1290.464</Dis>
    <Cta>1415</Cta>
    <CodSec>13</CodSec>
  </S>
  <S>
    <Calle>URIB.</Calle>
    <Lat>32.990582</Lat>
    <Lon>60.646660</Lon>
    <Dis>1057.906</Dis>
    <Cta>1491</Cta>
    <CodSec>13</CodSec>
  </S>
  <S>
    <Calle>AvROS</Calle>
    <Lat>32.999830</Lat>
    <Lon>60.648750</Lon>
    <Dis>1619.161</Dis>
    <Cta>1560</Cta>
    <CodSec>13</CodSec>
  </S>
  <S>
    <Calle>AYACU</Calle>
    <Lat>33.002608</Lat>
    <Lon>60.635999</Lon>
    <Dis>1486.288</Dis>
    <Cta>1642</Cta>
    <CodSec>13</CodSec>
  </S>
  <S>
    <Calle>CIRCU</Calle>
    <Lat>33.015801</Lat>
    <Lon>60.634812</Lon>
    <Dis>1421.107</Dis>
    <Cta>1739</Cta>
    <CodSec>12</CodSec>
  </S>
  <S>
    <Calle>JDPER</Calle>
    <Lat>33.025407</Lat>
    <Lon>60.624889</Lon>
    <Dis>3001.393</Dis>
    <Cta>1829</Cta>
    <CodSec>12</CodSec>
  </S>
  <S>
    <Calle>ESPER</Calle>
    <Lat>33.047104</Lat>
    <Lon>60.606341</Lon>
    <Dis>2258.140</Dis>
    <Cta>2135</Cta>
    <CodSec>11</CodSec>
  </S>
  <S>
    <Calle>15MAY</Calle>
    <Lat>33.057048</Lat>
    <Lon>60.614049</Lon>
    <Dis>3260.753</Dis>
    <Cta>2243</Cta>
    <CodSec>11</CodSec>
  </S>
  <S>
    <Calle>BELGR</Calle>
    <Lat>33.054990</Lat>
    <Lon>60.618325</Lon>
    <Dis>0</Dis>
    <Cta>2457</Cta>
    <CodSec>11</CodSec>
  </S>
</Sector>