<?xml version="1.0" standalone="yes"?>
<Sector>
  <xs:schema id="Sector" xmlns="" xmlns:xs="http://www.w3.org/2001/XMLSchema" xmlns:msdata="urn:schemas-microsoft-com:xml-msdata">
    <xs:element name="Sector" msdata:IsDataSet="true" msdata:Locale="">
      <xs:complexType>
        <xs:choice minOccurs="0" maxOccurs="unbounded">
          <xs:element name="S" msdata:Locale="">
            <xs:complexType>
              <xs:sequence>
                <xs:element name="Calle" type="xs:string" minOccurs="0" />
                <xs:element name="Lat" type="xs:decimal" minOccurs="0" />
                <xs:element name="Lon" type="xs:decimal" minOccurs="0" />
                <xs:element name="Dis" type="xs:decimal" minOccurs="0" />
                <xs:element name="Cta" type="xs:int" minOccurs="0" />
                <xs:element name="CodSec" type="xs:int" minOccurs="0" />
              </xs:sequence>
            </xs:complexType>
          </xs:element>
        </xs:choice>
      </xs:complexType>
    </xs:element>
  </xs:schema>
  <S>
    <Calle>ECUAD</Calle>
    <Lat>33.027611</Lat>
    <Lon>60.755908</Lon>
    <Dis>4818.145</Dis>
    <Cta>1</Cta>
    <CodSec>83</CodSec>
  </S>
  <S>
    <Calle>RUT33</Calle>
    <Lat>32.989641</Lat>
    <Lon>60.752714</Lon>
    <Dis>1686.934</Dis>
    <Cta>316</Cta>
    <CodSec>85</CodSec>
  </S>
  <S>
    <Calle>ESSO</Calle>
    <Lat>32.981403</Lat>
    <Lon>60.737942</Lon>
    <Dis>2926.392</Dis>
    <Cta>431</Cta>
    <CodSec>13</CodSec>
  </S>
  <S>
    <Calle>PUNI</Calle>
    <Lat>32.968066</Lat>
    <Lon>60.711462</Lon>
    <Dis>2040.527</Dis>
    <Cta>608</Cta>
    <CodSec>13</CodSec>
  </S>
  <S>
    <Calle>FMOR</Calle>
    <Lat>32.958720</Lat>
    <Lon>60.692777</Lon>
    <Dis>2436.698</Dis>
    <Cta>733</Cta>
    <CodSec>13</CodSec>
  </S>
  <S>
    <Calle>AvFRA</Calle>
    <Lat>32.962700</Lat>
    <Lon>60.671111</Lon>
    <Dis>1957.532</Dis>
    <Cta>879</Cta>
    <CodSec>13</CodSec>
  </S>
  <S>
    <Calle>P.ROC</Calle>
    <Lat>32.966346</Lat>
    <Lon>60.650765</Lon>
    <Dis>1719.015</Dis>
    <Cta>1003</Cta>
    <CodSec>13</CodSec>
  </S>
  <S>
    <Calle>PELLE</Calle>
    <Lat>32.956206</Lat>
    <Lon>60.647870</Lon>
    <Dis>1334.280</Dis>
    <Cta>1102</Cta>
    <CodSec>13</CodSec>
  </S>
  <S>
    <Calle>ERIOS</Calle>
    <Lat>32.948418</Lat>
    <Lon>60.641890</Lon>
    <Dis>1269.302</Dis>
    <Cta>1183</Cta>
    <CodSec>13</CodSec>
  </S>
  <S>
    <Calle>SARMI</Calle>
    <Lat>32.957338</Lat>
    <Lon>60.640922</Lon>
    <Dis>1198.512</Dis>
    <Cta>1257</Cta>
    <CodSec>13</CodSec>
  </S>
  <S>
    <Calle>27FEB</Calle>
    <Lat>32.967694</Lat>
    <Lon>60.643399</Lon>
    <Dis>1434.351</Dis>
    <Cta>1327</Cta>
    <CodSec>13</CodSec>
  </S>
  <S>
    <Calle>SEGUI</Calle>
    <Lat>32.979241</Lat>
    <Lon>60.644374</Lon>
    <Dis>1299.163</Dis>
    <Cta>1417</Cta>
    <CodSec>13</CodSec>
  </S>
  <S>
    <Calle>URIB.</Calle>
    <Lat>32.990582</Lat>
    <Lon>60.646660</Lon>
    <Dis>1056.845</Dis>
    <Cta>1495</Cta>
    <CodSec>13</CodSec>
  </S>
  <S>
    <Calle>AvROS</Calle>
    <Lat>32.999830</Lat>
    <Lon>60.648729</Lon>
    <Dis>1612.317</Dis>
    <Cta>1567</Cta>
    <CodSec>13</CodSec>
  </S>
  <S>
    <Calle>AYACU</Calle>
    <Lat>33.002648</Lat>
    <Lon>60.636090</Lon>
    <Dis>1487.941</Dis>
    <Cta>1652</Cta>
    <CodSec>13</CodSec>
  </S>
  <S>
    <Calle>CIRCU</Calle>
    <Lat>33.015837</Lat>
    <Lon>60.634812</Lon>
    <Dis>1445.107</Dis>
    <Cta>1752</Cta>
    <CodSec>12</CodSec>
  </S>
  <S>
    <Calle>JDPER</Calle>
    <Lat>33.025605</Lat>
    <Lon>60.624717</Lon>
    <Dis>4123.092</Dis>
    <Cta>1847</Cta>
    <CodSec>12</CodSec>
  </S>
  <S>
    <Calle>ESPER</Calle>
    <Lat>33.047104</Lat>
    <Lon>60.606341</Lon>
    <Dis>2252.020</Dis>
    <Cta>2210</Cta>
    <CodSec>11</CodSec>
  </S>
  <S>
    <Calle>15MAY</Calle>
    <Lat>33.057012</Lat>
    <Lon>60.614113</Lon>
    <Dis>3286.948</Dis>
    <Cta>2317</Cta>
    <CodSec>11</CodSec>
  </S>
  <S>
    <Calle>BELGR</Calle>
    <Lat>33.055049</Lat>
    <Lon>60.618314</Lon>
    <Dis>0</Dis>
    <Cta>2530</Cta>
    <CodSec>11</CodSec>
  </S>
</Sector>