<?xml version="1.0" standalone="yes"?>
<Sector>
  <xs:schema id="Sector" xmlns="" xmlns:xs="http://www.w3.org/2001/XMLSchema" xmlns:msdata="urn:schemas-microsoft-com:xml-msdata">
    <xs:element name="Sector" msdata:IsDataSet="true" msdata:Locale="">
      <xs:complexType>
        <xs:choice minOccurs="0" maxOccurs="unbounded">
          <xs:element name="S" msdata:Locale="">
            <xs:complexType>
              <xs:sequence>
                <xs:element name="Calle" type="xs:string" minOccurs="0" />
                <xs:element name="Lat" type="xs:decimal" minOccurs="0" />
                <xs:element name="Lon" type="xs:decimal" minOccurs="0" />
                <xs:element name="Dis" type="xs:decimal" minOccurs="0" />
                <xs:element name="Cta" type="xs:int" minOccurs="0" />
                <xs:element name="CodSec" type="xs:int" minOccurs="0" />
              </xs:sequence>
            </xs:complexType>
          </xs:element>
        </xs:choice>
      </xs:complexType>
    </xs:element>
  </xs:schema>
  <S>
    <Calle>RUT33</Calle>
    <Lat>33.005410</Lat>
    <Lon>60.786919</Lon>
    <Dis>3153.456</Dis>
    <Cta>1</Cta>
    <CodSec>85</CodSec>
  </S>
  <S>
    <Calle>LOPEZ</Calle>
    <Lat>32.995823</Lat>
    <Lon>60.765392</Lon>
    <Dis>3046.521</Dis>
    <Cta>202</Cta>
    <CodSec>85</CodSec>
  </S>
  <S>
    <Calle>ESSO</Calle>
    <Lat>32.981420</Lat>
    <Lon>60.738237</Lon>
    <Dis>2886.634</Dis>
    <Cta>409</Cta>
    <CodSec>13</CodSec>
  </S>
  <S>
    <Calle>PUNI</Calle>
    <Lat>32.968225</Lat>
    <Lon>60.711832</Lon>
    <Dis>2046.463</Dis>
    <Cta>579</Cta>
    <CodSec>13</CodSec>
  </S>
  <S>
    <Calle>FMOR</Calle>
    <Lat>32.958868</Lat>
    <Lon>60.693161</Lon>
    <Dis>2654.180</Dis>
    <Cta>701</Cta>
    <CodSec>13</CodSec>
  </S>
  <S>
    <Calle>PELL</Calle>
    <Lat>32.952807</Lat>
    <Lon>60.668301</Lon>
    <Dis>2121.050</Dis>
    <Cta>867</Cta>
    <CodSec>13</CodSec>
  </S>
  <S>
    <Calle>ORO?O</Calle>
    <Lat>32.946284</Lat>
    <Lon>60.654338</Lon>
    <Dis>1191.942</Dis>
    <Cta>991</Cta>
    <CodSec>13</CodSec>
  </S>
  <S>
    <Calle>ERIOS</Calle>
    <Lat>32.948477</Lat>
    <Lon>60.641960</Lon>
    <Dis>1299.761</Dis>
    <Cta>1060</Cta>
    <CodSec>13</CodSec>
  </S>
  <S>
    <Calle>SARMI</Calle>
    <Lat>32.957266</Lat>
    <Lon>60.641221</Lon>
    <Dis>1213.463</Dis>
    <Cta>1139</Cta>
    <CodSec>13</CodSec>
  </S>
  <S>
    <Calle>27FEB</Calle>
    <Lat>32.967383</Lat>
    <Lon>60.643437</Lon>
    <Dis>1459.231</Dis>
    <Cta>1215</Cta>
    <CodSec>13</CodSec>
  </S>
  <S>
    <Calle>SEGUI</Calle>
    <Lat>32.979162</Lat>
    <Lon>60.644245</Lon>
    <Dis>1279.564</Dis>
    <Cta>1307</Cta>
    <CodSec>13</CodSec>
  </S>
  <S>
    <Calle>URIB.</Calle>
    <Lat>32.990364</Lat>
    <Lon>60.646664</Lon>
    <Dis>1070.078</Dis>
    <Cta>1386</Cta>
    <CodSec>13</CodSec>
  </S>
  <S>
    <Calle>AvROS</Calle>
    <Lat>32.999752</Lat>
    <Lon>60.648713</Lon>
    <Dis>1641.060</Dis>
    <Cta>1459</Cta>
    <CodSec>13</CodSec>
  </S>
  <S>
    <Calle>AYACU</Calle>
    <Lat>33.002649</Lat>
    <Lon>60.636311</Lon>
    <Dis>1506.040</Dis>
    <Cta>1550</Cta>
    <CodSec>13</CodSec>
  </S>
  <S>
    <Calle>CIRCU</Calle>
    <Lat>33.015785</Lat>
    <Lon>60.634834</Lon>
    <Dis>1425.699</Dis>
    <Cta>1648</Cta>
    <CodSec>12</CodSec>
  </S>
  <S>
    <Calle>JDPER</Calle>
    <Lat>33.025392</Lat>
    <Lon>60.624897</Lon>
    <Dis>856.858</Dis>
    <Cta>1742</Cta>
    <CodSec>12</CodSec>
  </S>
  <S>
    <Calle>SORES</Calle>
    <Lat>33.029196</Lat>
    <Lon>60.619786</Lon>
    <Dis>0</Dis>
    <Cta>1847</Cta>
    <CodSec>12</CodSec>
  </S>
</Sector>