<?xml version="1.0" standalone="yes"?>
<Sector>
  <xs:schema id="Sector" xmlns="" xmlns:xs="http://www.w3.org/2001/XMLSchema" xmlns:msdata="urn:schemas-microsoft-com:xml-msdata">
    <xs:element name="Sector" msdata:IsDataSet="true" msdata:Locale="">
      <xs:complexType>
        <xs:choice minOccurs="0" maxOccurs="unbounded">
          <xs:element name="S" msdata:Locale="">
            <xs:complexType>
              <xs:sequence>
                <xs:element name="Calle" type="xs:string" minOccurs="0" />
                <xs:element name="Lat" type="xs:decimal" minOccurs="0" />
                <xs:element name="Lon" type="xs:decimal" minOccurs="0" />
                <xs:element name="Dis" type="xs:decimal" minOccurs="0" />
                <xs:element name="Cta" type="xs:int" minOccurs="0" />
                <xs:element name="CodSec" type="xs:int" minOccurs="0" />
              </xs:sequence>
            </xs:complexType>
          </xs:element>
        </xs:choice>
      </xs:complexType>
    </xs:element>
  </xs:schema>
  <S>
    <Calle>RUT33</Calle>
    <Lat>33.005453</Lat>
    <Lon>60.786911</Lon>
    <Dis>2345.236</Dis>
    <Cta>1</Cta>
    <CodSec>85</CodSec>
  </S>
  <S>
    <Calle>VIAS.</Calle>
    <Lat>32.999346</Lat>
    <Lon>60.773218</Lon>
    <Dis>2122.104</Dis>
    <Cta>159</Cta>
    <CodSec>85</CodSec>
  </S>
  <S>
    <Calle>LOPEZ</Calle>
    <Lat>32.995087</Lat>
    <Lon>60.764573</Lon>
    <Dis>2953.301</Dis>
    <Cta>301</Cta>
    <CodSec>85</CodSec>
  </S>
  <S>
    <Calle>ESSL</Calle>
    <Lat>32.981397</Lat>
    <Lon>60.737943</Lon>
    <Dis>2942.678</Dis>
    <Cta>500</Cta>
    <CodSec>13</CodSec>
  </S>
  <S>
    <Calle>PUNI</Calle>
    <Lat>32.967879</Lat>
    <Lon>60.711445</Lon>
    <Dis>2279.047</Dis>
    <Cta>681</Cta>
    <CodSec>13</CodSec>
  </S>
  <S>
    <Calle>MONTE</Calle>
    <Lat>32.947508</Lat>
    <Lon>60.712255</Lon>
    <Dis>1653.670</Dis>
    <Cta>826</Cta>
    <CodSec>13</CodSec>
  </S>
  <S>
    <Calle>EVAPE</Calle>
    <Lat>32.933096</Lat>
    <Lon>60.712854</Lon>
    <Dis>1000.140</Dis>
    <Cta>954</Cta>
    <CodSec>13</CodSec>
  </S>
  <S>
    <Calle>ROUIL</Calle>
    <Lat>32.934926</Lat>
    <Lon>60.702515</Lon>
    <Dis>2220.428</Dis>
    <Cta>1018</Cta>
    <CodSec>13</CodSec>
  </S>
  <S>
    <Calle>AVELL</Calle>
    <Lat>32.939057</Lat>
    <Lon>60.679340</Lon>
    <Dis>812.741</Dis>
    <Cta>1155</Cta>
    <CodSec>13</CodSec>
  </S>
  <S>
    <Calle>CAFFE</Calle>
    <Lat>32.940584</Lat>
    <Lon>60.670894</Lon>
    <Dis>2007.341</Dis>
    <Cta>1208</Cta>
    <CodSec>13</CodSec>
  </S>
  <S>
    <Calle>ORO?O</Calle>
    <Lat>32.946398</Lat>
    <Lon>60.654032</Lon>
    <Dis>1204.940</Dis>
    <Cta>1330</Cta>
    <CodSec>13</CodSec>
  </S>
  <S>
    <Calle>ERIOS</Calle>
    <Lat>32.948577</Lat>
    <Lon>60.641604</Lon>
    <Dis>1220.536</Dis>
    <Cta>1396</Cta>
    <CodSec>13</CodSec>
  </S>
  <S>
    <Calle>SARMI</Calle>
    <Lat>32.957387</Lat>
    <Lon>60.640884</Lon>
    <Dis>1184.287</Dis>
    <Cta>1468</Cta>
    <CodSec>13</CodSec>
  </S>
  <S>
    <Calle>27FEB</Calle>
    <Lat>32.967695</Lat>
    <Lon>60.643390</Lon>
    <Dis>1465.733</Dis>
    <Cta>1536</Cta>
    <CodSec>13</CodSec>
  </S>
  <S>
    <Calle>SEGUI</Calle>
    <Lat>32.979277</Lat>
    <Lon>60.644309</Lon>
    <Dis>1350.911</Dis>
    <Cta>1628</Cta>
    <CodSec>13</CodSec>
  </S>
  <S>
    <Calle>URIB.</Calle>
    <Lat>32.990890</Lat>
    <Lon>60.646714</Lon>
    <Dis>1029.472</Dis>
    <Cta>1710</Cta>
    <CodSec>13</CodSec>
  </S>
  <S>
    <Calle>AvROS</Calle>
    <Lat>32.999841</Lat>
    <Lon>60.648691</Lon>
    <Dis>1621.677</Dis>
    <Cta>1779</Cta>
    <CodSec>13</CodSec>
  </S>
  <S>
    <Calle>AYACU</Calle>
    <Lat>33.002671</Lat>
    <Lon>60.636050</Lon>
    <Dis>1482.523</Dis>
    <Cta>1863</Cta>
    <CodSec>13</CodSec>
  </S>
  <S>
    <Calle>CIRCU</Calle>
    <Lat>33.015798</Lat>
    <Lon>60.634793</Lon>
    <Dis>972.222</Dis>
    <Cta>1962</Cta>
    <CodSec>12</CodSec>
  </S>
  <S>
    <Calle>S.DIE</Calle>
    <Lat>33.019495</Lat>
    <Lon>60.636390</Lon>
    <Dis>2208.936</Dis>
    <Cta>2022</Cta>
    <CodSec>12</CodSec>
  </S>
  <S>
    <Calle>SMART</Calle>
    <Lat>33.026919</Lat>
    <Lon>60.623054</Lon>
    <Dis>4107.833</Dis>
    <Cta>2177</Cta>
    <CodSec>12</CodSec>
  </S>
  <S>
    <Calle>JDPER</Calle>
    <Lat>33.018935</Lat>
    <Lon>60.618408</Lon>
    <Dis>0</Dis>
    <Cta>2434</Cta>
    <CodSec>12</CodSec>
  </S>
</Sector>