<?xml version="1.0" standalone="yes"?>
<Sector>
  <xs:schema id="Sector" xmlns="" xmlns:xs="http://www.w3.org/2001/XMLSchema" xmlns:msdata="urn:schemas-microsoft-com:xml-msdata">
    <xs:element name="Sector" msdata:IsDataSet="true" msdata:Locale="">
      <xs:complexType>
        <xs:choice minOccurs="0" maxOccurs="unbounded">
          <xs:element name="S" msdata:Locale="">
            <xs:complexType>
              <xs:sequence>
                <xs:element name="Calle" type="xs:string" minOccurs="0" />
                <xs:element name="Lat" type="xs:decimal" minOccurs="0" />
                <xs:element name="Lon" type="xs:decimal" minOccurs="0" />
                <xs:element name="Dis" type="xs:decimal" minOccurs="0" />
                <xs:element name="Cta" type="xs:int" minOccurs="0" />
                <xs:element name="CodSec" type="xs:int" minOccurs="0" />
              </xs:sequence>
            </xs:complexType>
          </xs:element>
        </xs:choice>
      </xs:complexType>
    </xs:element>
  </xs:schema>
  <S>
    <Calle>SORES</Calle>
    <Lat>33.029225</Lat>
    <Lon>60.619651</Lon>
    <Dis>682.810</Dis>
    <Cta>1</Cta>
    <CodSec>12</CodSec>
  </S>
  <S>
    <Calle>JDPER</Calle>
    <Lat>33.025465</Lat>
    <Lon>60.624659</Lon>
    <Dis>1421.693</Dis>
    <Cta>84</Cta>
    <CodSec>12</CodSec>
  </S>
  <S>
    <Calle>CIRCU</Calle>
    <Lat>33.015898</Lat>
    <Lon>60.634594</Lon>
    <Dis>1494.937</Dis>
    <Cta>175</Cta>
    <CodSec>13</CodSec>
  </S>
  <S>
    <Calle>ARIJO</Calle>
    <Lat>33.002661</Lat>
    <Lon>60.636034</Lon>
    <Dis>1512.118</Dis>
    <Cta>278</Cta>
    <CodSec>13</CodSec>
  </S>
  <S>
    <Calle>SMART</Calle>
    <Lat>32.999792</Lat>
    <Lon>60.648465</Lon>
    <Dis>1066.169</Dis>
    <Cta>360</Cta>
    <CodSec>13</CodSec>
  </S>
  <S>
    <Calle>URIB.</Calle>
    <Lat>32.990772</Lat>
    <Lon>60.646623</Lon>
    <Dis>1261.224</Dis>
    <Cta>431</Cta>
    <CodSec>13</CodSec>
  </S>
  <S>
    <Calle>SEGUI</Calle>
    <Lat>32.979673</Lat>
    <Lon>60.644324</Lon>
    <Dis>1378.890</Dis>
    <Cta>505</Cta>
    <CodSec>13</CodSec>
  </S>
  <S>
    <Calle>27FEB</Calle>
    <Lat>32.968236</Lat>
    <Lon>60.640684</Lon>
    <Dis>1121.457</Dis>
    <Cta>594</Cta>
    <CodSec>13</CodSec>
  </S>
  <S>
    <Calle>PELL.</Calle>
    <Lat>32.958544</Lat>
    <Lon>60.638398</Lon>
    <Dis>1475.676</Dis>
    <Cta>659</Cta>
    <CodSec>13</CodSec>
  </S>
  <S>
    <Calle>ERIOS</Calle>
    <Lat>32.949659</Lat>
    <Lon>60.641945</Lon>
    <Dis>1326.729</Dis>
    <Cta>742</Cta>
    <CodSec>13</CodSec>
  </S>
  <S>
    <Calle>PELL</Calle>
    <Lat>32.955607</Lat>
    <Lon>60.649166</Lon>
    <Dis>1171.238</Dis>
    <Cta>832</Cta>
    <CodSec>13</CodSec>
  </S>
  <S>
    <Calle>27FBR</Calle>
    <Lat>32.965852</Lat>
    <Lon>60.651715</Lon>
    <Dis>1818.552</Dis>
    <Cta>908</Cta>
    <CodSec>13</CodSec>
  </S>
  <S>
    <Calle>AvFRA</Calle>
    <Lat>32.962720</Lat>
    <Lon>60.670402</Lon>
    <Dis>2543.279</Dis>
    <Cta>1007</Cta>
    <CodSec>13</CodSec>
  </S>
  <S>
    <Calle>FMORE</Calle>
    <Lat>32.958656</Lat>
    <Lon>60.692981</Lon>
    <Dis>2029.588</Dis>
    <Cta>1162</Cta>
    <CodSec>13</CodSec>
  </S>
  <S>
    <Calle>PUNID</Calle>
    <Lat>32.967964</Lat>
    <Lon>60.711518</Lon>
    <Dis>2329.155</Dis>
    <Cta>1283</Cta>
    <CodSec>13</CodSec>
  </S>
  <S>
    <Calle>ESSO.</Calle>
    <Lat>32.978625</Lat>
    <Lon>60.732806</Lon>
    <Dis>146.716</Dis>
    <Cta>1413</Cta>
    <CodSec>84</CodSec>
  </S>
  <S>
    <Calle>ESSO2</Calle>
    <Lat>32.979287</Lat>
    <Lon>60.734129</Lon>
    <Dis>2066.182</Dis>
    <Cta>1425</Cta>
    <CodSec>85</CodSec>
  </S>
  <S>
    <Calle>AcSOL</Calle>
    <Lat>32.989084</Lat>
    <Lon>60.752764</Lon>
    <Dis>4608.821</Dis>
    <Cta>1555</Cta>
    <CodSec>83</CodSec>
  </S>
  <S>
    <Calle>ECUAD</Calle>
    <Lat>33.027516</Lat>
    <Lon>60.755819</Lon>
    <Dis>0</Dis>
    <Cta>1866</Cta>
    <CodSec>83</CodSec>
  </S>
</Sector>