<?xml version="1.0" standalone="yes"?>
<Sector>
  <xs:schema id="Sector" xmlns="" xmlns:xs="http://www.w3.org/2001/XMLSchema" xmlns:msdata="urn:schemas-microsoft-com:xml-msdata">
    <xs:element name="Sector" msdata:IsDataSet="true" msdata:Locale="">
      <xs:complexType>
        <xs:choice minOccurs="0" maxOccurs="unbounded">
          <xs:element name="S" msdata:Locale="">
            <xs:complexType>
              <xs:sequence>
                <xs:element name="Calle" type="xs:string" minOccurs="0" />
                <xs:element name="Lat" type="xs:decimal" minOccurs="0" />
                <xs:element name="Lon" type="xs:decimal" minOccurs="0" />
                <xs:element name="Dis" type="xs:decimal" minOccurs="0" />
                <xs:element name="Cta" type="xs:int" minOccurs="0" />
                <xs:element name="CodSec" type="xs:int" minOccurs="0" />
              </xs:sequence>
            </xs:complexType>
          </xs:element>
        </xs:choice>
      </xs:complexType>
    </xs:element>
  </xs:schema>
  <S>
    <Calle>PACHE</Calle>
    <Lat>34.476841</Lat>
    <Lon>58.663234</Lon>
    <Dis>1429.894</Dis>
    <Cta>1</Cta>
    <CodSec>18</CodSec>
  </S>
  <S>
    <Calle>ENTRA</Calle>
    <Lat>34.475830</Lat>
    <Lon>58.659828</Lon>
    <Dis>359.818</Dis>
    <Cta>78</Cta>
    <CodSec>18</CodSec>
  </S>
  <S>
    <Calle>RUT24</Calle>
    <Lat>34.475780</Lat>
    <Lon>58.663308</Lon>
    <Dis>1024.873</Dis>
    <Cta>102</Cta>
    <CodSec>18</CodSec>
  </S>
  <S>
    <Calle>SANMA</Calle>
    <Lat>34.478650</Lat>
    <Lon>58.673639</Lon>
    <Dis>1374.416</Dis>
    <Cta>170</Cta>
    <CodSec>18</CodSec>
  </S>
  <S>
    <Calle>MORSE</Calle>
    <Lat>34.484973</Lat>
    <Lon>58.686446</Lon>
    <Dis>1989.021</Dis>
    <Cta>246</Cta>
    <CodSec>18</CodSec>
  </S>
  <S>
    <Calle>SEGUI</Calle>
    <Lat>34.493979</Lat>
    <Lon>58.704767</Lon>
    <Dis>1265.521</Dis>
    <Cta>376</Cta>
    <CodSec>18</CodSec>
  </S>
  <S>
    <Calle>CALLA</Calle>
    <Lat>34.502360</Lat>
    <Lon>58.713998</Lon>
    <Dis>1515.317</Dis>
    <Cta>462</Cta>
    <CodSec>18</CodSec>
  </S>
  <S>
    <Calle>RUTP8</Calle>
    <Lat>34.508912</Lat>
    <Lon>58.728318</Lon>
    <Dis>1510.408</Dis>
    <Cta>565</Cta>
    <CodSec>18</CodSec>
  </S>
  <S>
    <Calle>MU?OZ</Calle>
    <Lat>34.514857</Lat>
    <Lon>58.742981</Lon>
    <Dis>990.626</Dis>
    <Cta>663</Cta>
    <CodSec>18</CodSec>
  </S>
  <S>
    <Calle>ZUVIR</Calle>
    <Lat>34.519107</Lat>
    <Lon>58.752337</Lon>
    <Dis>2786.753</Dis>
    <Cta>737</Cta>
    <CodSec>18</CodSec>
  </S>
  <S>
    <Calle>USTAR</Calle>
    <Lat>34.530391</Lat>
    <Lon>58.779262</Lon>
    <Dis>1611.633</Dis>
    <Cta>925</Cta>
    <CodSec>18</CodSec>
  </S>
  <S>
    <Calle>DERQU</Calle>
    <Lat>34.537400</Lat>
    <Lon>58.794526</Lon>
    <Dis>4095.246</Dis>
    <Cta>1033</Cta>
    <CodSec>18</CodSec>
  </S>
  <S>
    <Calle>FERRE</Calle>
    <Lat>34.549939</Lat>
    <Lon>58.768039</Lon>
    <Dis>1476.722</Dis>
    <Cta>1320</Cta>
    <CodSec>18</CodSec>
  </S>
  <S>
    <Calle>EDISO</Calle>
    <Lat>34.558729</Lat>
    <Lon>58.756166</Lon>
    <Dis>1683.417</Dis>
    <Cta>1411</Cta>
    <CodSec>18</CodSec>
  </S>
  <S>
    <Calle>RUT23</Calle>
    <Lat>34.568758</Lat>
    <Lon>58.742634</Lon>
    <Dis>2718.338</Dis>
    <Cta>1519</Cta>
    <CodSec>18</CodSec>
  </S>
  <S>
    <Calle>GCAMP</Calle>
    <Lat>34.551605</Lat>
    <Lon>58.721770</Lon>
    <Dis>990.609</Dis>
    <Cta>1688</Cta>
    <CodSec>18</CodSec>
  </S>
  <S>
    <Calle>PELUF</Calle>
    <Lat>34.544856</Lat>
    <Lon>58.714853</Lon>
    <Dis>1074.114</Dis>
    <Cta>1745</Cta>
    <CodSec>18</CodSec>
  </S>
  <S>
    <Calle>SANLO</Calle>
    <Lat>34.537656</Lat>
    <Lon>58.707143</Lon>
    <Dis>757.461</Dis>
    <Cta>1806</Cta>
    <CodSec>18</CodSec>
  </S>
  <S>
    <Calle>RU.P8</Calle>
    <Lat>34.532680</Lat>
    <Lon>58.701600</Lon>
    <Dis>0</Dis>
    <Cta>1851</Cta>
    <CodSec>18</CodSec>
  </S>
</Sector>