<?xml version="1.0" standalone="yes"?>
<Sector>
  <xs:schema id="Sector" xmlns="" xmlns:xs="http://www.w3.org/2001/XMLSchema" xmlns:msdata="urn:schemas-microsoft-com:xml-msdata">
    <xs:element name="Sector" msdata:IsDataSet="true" msdata:Locale="">
      <xs:complexType>
        <xs:choice minOccurs="0" maxOccurs="unbounded">
          <xs:element name="S" msdata:Locale="">
            <xs:complexType>
              <xs:sequence>
                <xs:element name="Calle" type="xs:string" minOccurs="0" />
                <xs:element name="Lat" type="xs:decimal" minOccurs="0" />
                <xs:element name="Lon" type="xs:decimal" minOccurs="0" />
                <xs:element name="Dis" type="xs:decimal" minOccurs="0" />
                <xs:element name="Cta" type="xs:int" minOccurs="0" />
                <xs:element name="CodSec" type="xs:int" minOccurs="0" />
              </xs:sequence>
            </xs:complexType>
          </xs:element>
        </xs:choice>
      </xs:complexType>
    </xs:element>
  </xs:schema>
  <S>
    <Calle>M.GAR</Calle>
    <Lat>34.576800</Lat>
    <Lon>58.751950</Lon>
    <Dis>583.630</Dis>
    <Cta>1</Cta>
    <CodSec>18</CodSec>
  </S>
  <S>
    <Calle>ARGUE</Calle>
    <Lat>34.573003</Lat>
    <Lon>58.753076</Lon>
    <Dis>2001.250</Dis>
    <Cta>25</Cta>
    <CodSec>18</CodSec>
  </S>
  <S>
    <Calle>PICHI</Calle>
    <Lat>34.559556</Lat>
    <Lon>58.738805</Lon>
    <Dis>914.920</Dis>
    <Cta>105</Cta>
    <CodSec>18</CodSec>
  </S>
  <S>
    <Calle>1JUNT</Calle>
    <Lat>34.554105</Lat>
    <Lon>58.745973</Lon>
    <Dis>1048.080</Dis>
    <Cta>141</Cta>
    <CodSec>18</CodSec>
  </S>
  <S>
    <Calle>IBA?E</Calle>
    <Lat>34.547043</Lat>
    <Lon>58.738591</Lon>
    <Dis>887.010</Dis>
    <Cta>184</Cta>
    <CodSec>18</CodSec>
  </S>
  <S>
    <Calle>SASTR</Calle>
    <Lat>34.544610</Lat>
    <Lon>58.731015</Lon>
    <Dis>1314.910</Dis>
    <Cta>253</Cta>
    <CodSec>18</CodSec>
  </S>
  <S>
    <Calle>BLOIS</Calle>
    <Lat>34.539341</Lat>
    <Lon>58.723814</Lon>
    <Dis>1378.950</Dis>
    <Cta>303</Cta>
    <CodSec>18</CodSec>
  </S>
  <S>
    <Calle>BALBI</Calle>
    <Lat>34.542960</Lat>
    <Lon>58.712951</Lon>
    <Dis>797.920</Dis>
    <Cta>357</Cta>
    <CodSec>18</CodSec>
  </S>
  <S>
    <Calle>SLO.</Calle>
    <Lat>34.537702</Lat>
    <Lon>58.707186</Lon>
    <Dis>730.710</Dis>
    <Cta>389</Cta>
    <CodSec>18</CodSec>
  </S>
  <S>
    <Calle>ILLI</Calle>
    <Lat>34.532820</Lat>
    <Lon>58.701870</Lon>
    <Dis>0</Dis>
    <Cta>419</Cta>
    <CodSec>18</CodSec>
  </S>
</Sector>