<?xml version="1.0" standalone="yes"?>
<Sector>
  <xs:schema id="Sector" xmlns="" xmlns:xs="http://www.w3.org/2001/XMLSchema" xmlns:msdata="urn:schemas-microsoft-com:xml-msdata">
    <xs:element name="Sector" msdata:IsDataSet="true" msdata:Locale="">
      <xs:complexType>
        <xs:choice minOccurs="0" maxOccurs="unbounded">
          <xs:element name="S" msdata:Locale="">
            <xs:complexType>
              <xs:sequence>
                <xs:element name="Calle" type="xs:string" minOccurs="0" />
                <xs:element name="Lat" type="xs:decimal" minOccurs="0" />
                <xs:element name="Lon" type="xs:decimal" minOccurs="0" />
                <xs:element name="Dis" type="xs:decimal" minOccurs="0" />
                <xs:element name="Cta" type="xs:int" minOccurs="0" />
                <xs:element name="CodSec" type="xs:int" minOccurs="0" />
              </xs:sequence>
            </xs:complexType>
          </xs:element>
        </xs:choice>
      </xs:complexType>
    </xs:element>
  </xs:schema>
  <S>
    <Calle>CASER</Calle>
    <Lat>34.573770</Lat>
    <Lon>58.721100</Lon>
    <Dis>1563.660</Dis>
    <Cta>1</Cta>
    <CodSec>18</CodSec>
  </S>
  <S>
    <Calle>PENA</Calle>
    <Lat>34.569266</Lat>
    <Lon>58.733622</Lon>
    <Dis>772.390</Dis>
    <Cta>166</Cta>
    <CodSec>18</CodSec>
  </S>
  <S>
    <Calle>BALBI</Calle>
    <Lat>34.564522</Lat>
    <Lon>58.737488</Lon>
    <Dis>1393.220</Dis>
    <Cta>250</Cta>
    <CodSec>18</CodSec>
  </S>
  <S>
    <Calle>BLASC</Calle>
    <Lat>34.555920</Lat>
    <Lon>58.726521</Lon>
    <Dis>658.320</Dis>
    <Cta>398</Cta>
    <CodSec>18</CodSec>
  </S>
  <S>
    <Calle>CAMPO</Calle>
    <Lat>34.551538</Lat>
    <Lon>58.721689</Lon>
    <Dis>1243.500</Dis>
    <Cta>469</Cta>
    <CodSec>18</CodSec>
  </S>
  <S>
    <Calle>BALB.</Calle>
    <Lat>34.544688</Lat>
    <Lon>58.713860</Lon>
    <Dis>0</Dis>
    <Cta>600</Cta>
    <CodSec>18</CodSec>
  </S>
</Sector>