<?xml version="1.0" standalone="yes"?>
<Sector>
  <xs:schema id="Sector" xmlns="" xmlns:xs="http://www.w3.org/2001/XMLSchema" xmlns:msdata="urn:schemas-microsoft-com:xml-msdata">
    <xs:element name="Sector" msdata:IsDataSet="true" msdata:Locale="">
      <xs:complexType>
        <xs:choice minOccurs="0" maxOccurs="unbounded">
          <xs:element name="S" msdata:Locale="">
            <xs:complexType>
              <xs:sequence>
                <xs:element name="Calle" type="xs:string" minOccurs="0" />
                <xs:element name="Lat" type="xs:decimal" minOccurs="0" />
                <xs:element name="Lon" type="xs:decimal" minOccurs="0" />
                <xs:element name="Dis" type="xs:decimal" minOccurs="0" />
                <xs:element name="Cta" type="xs:int" minOccurs="0" />
                <xs:element name="CodSec" type="xs:int" minOccurs="0" />
              </xs:sequence>
            </xs:complexType>
          </xs:element>
        </xs:choice>
      </xs:complexType>
    </xs:element>
  </xs:schema>
  <S>
    <Calle>WATT</Calle>
    <Lat>34.569137</Lat>
    <Lon>58.766872</Lon>
    <Dis>1327.150</Dis>
    <Cta>1</Cta>
    <CodSec>18</CodSec>
  </S>
  <S>
    <Calle>LPINT</Calle>
    <Lat>34.560627</Lat>
    <Lon>58.769993</Lon>
    <Dis>992.480</Dis>
    <Cta>48</Cta>
    <CodSec>18</CodSec>
  </S>
  <S>
    <Calle>FERR2</Calle>
    <Lat>34.553973</Lat>
    <Lon>58.762768</Lon>
    <Dis>2473.250</Dis>
    <Cta>83</Cta>
    <CodSec>18</CodSec>
  </S>
  <S>
    <Calle>BALBI</Calle>
    <Lat>34.568669</Lat>
    <Lon>58.742597</Lon>
    <Dis>2718.420</Dis>
    <Cta>173</Cta>
    <CodSec>18</CodSec>
  </S>
  <S>
    <Calle>CAMPO</Calle>
    <Lat>34.551415</Lat>
    <Lon>58.721622</Lon>
    <Dis>1014.950</Dis>
    <Cta>277</Cta>
    <CodSec>18</CodSec>
  </S>
  <S>
    <Calle>PELUF</Calle>
    <Lat>34.544513</Lat>
    <Lon>58.714409</Lon>
    <Dis>1016.060</Dis>
    <Cta>315</Cta>
    <CodSec>18</CodSec>
  </S>
  <S>
    <Calle>SLO.</Calle>
    <Lat>34.537639</Lat>
    <Lon>58.707099</Lon>
    <Dis>713.020</Dis>
    <Cta>352</Cta>
    <CodSec>18</CodSec>
  </S>
  <S>
    <Calle>ILLI</Calle>
    <Lat>34.532870</Lat>
    <Lon>58.701910</Lon>
    <Dis>0</Dis>
    <Cta>379</Cta>
    <CodSec>18</CodSec>
  </S>
</Sector>