<?xml version="1.0" standalone="yes"?>
<Version>
  <xs:schema id="Version" xmlns="" xmlns:xs="http://www.w3.org/2001/XMLSchema" xmlns:msdata="urn:schemas-microsoft-com:xml-msdata">
    <xs:element name="Version" msdata:IsDataSet="true" msdata:UseCurrentLocale="true">
      <xs:complexType>
        <xs:choice minOccurs="0" maxOccurs="unbounded">
          <xs:element name="datosVersion">
            <xs:complexType>
              <xs:sequence>
                <xs:element name="nroVersion" type="xs:int" minOccurs="0" />
                <xs:element name="fechaActivacion" type="xs:dateTime" minOccurs="0" />
              </xs:sequence>
            </xs:complexType>
          </xs:element>
          <xs:element name="archivos">
            <xs:complexType>
              <xs:sequence>
                <xs:element name="archivo" type="xs:string" minOccurs="0" />
                <xs:element name="hash" type="xs:string" minOccurs="0" />
              </xs:sequence>
            </xs:complexType>
          </xs:element>
        </xs:choice>
      </xs:complexType>
    </xs:element>
  </xs:schema>
  <datosVersion>
    <nroVersion>23</nroVersion>
    <fechaActivacion>2019-01-13T00:00:00-03:00</fechaActivacion>
  </datosVersion>
  <archivos>
    <archivo>s01671036.xml</archivo>
    <hash>42347A940C60EB45FDBB5BFEB5585E6D</hash>
  </archivos>
  <archivos>
    <archivo>s01671037.xml</archivo>
    <hash>E7FEE12255BE86E6C4667593E46D6153</hash>
  </archivos>
  <archivos>
    <archivo>s01671038.xml</archivo>
    <hash>6C452D09E300D1BDBB8F2BD3C11D60DA</hash>
  </archivos>
  <archivos>
    <archivo>s01671039.xml</archivo>
    <hash>739584826BDF32D48F8AFEF59F7B905F</hash>
  </archivos>
  <archivos>
    <archivo>s01671040.xml</archivo>
    <hash>B4540ED94EBB3373FC9BEDDB12E8F8D6</hash>
  </archivos>
  <archivos>
    <archivo>s01671041.xml</archivo>
    <hash>071E6DCA98A5BEF6025A9A9E7E80F654</hash>
  </archivos>
  <archivos>
    <archivo>s01671042.xml</archivo>
    <hash>89C1AD46BF2F69801E237199768D4CEC</hash>
  </archivos>
  <archivos>
    <archivo>s01671043.xml</archivo>
    <hash>38B7F0E33EF14C9CB8C936DFEA8CE2CA</hash>
  </archivos>
  <archivos>
    <archivo>s01671044.xml</archivo>
    <hash>931785FD908AF5F83E3E0997C5BC17C7</hash>
  </archivos>
  <archivos>
    <archivo>s01671045.xml</archivo>
    <hash>3E0DC38A49E7EC3B29AB10BAC6FA68BC</hash>
  </archivos>
  <archivos>
    <archivo>s01671046.xml</archivo>
    <hash>C9AF52D10DB9B07B5CE753520F0D922C</hash>
  </archivos>
  <archivos>
    <archivo>s01671047.xml</archivo>
    <hash>B9EC1144A2773AB58A7CA640BB43A37E</hash>
  </archivos>
  <archivos>
    <archivo>s01671059.xml</archivo>
    <hash>FF8D8520985FD8BB1EC53A93524C6AFA</hash>
  </archivos>
  <archivos>
    <archivo>s01671060.xml</archivo>
    <hash>FFB91B78A9CDC31A317D8C2B2763854D</hash>
  </archivos>
  <archivos>
    <archivo>s01671062.xml</archivo>
    <hash>0241F3ECC7D9DBD27AA415047FBE3778</hash>
  </archivos>
  <archivos>
    <archivo>s01671063.xml</archivo>
    <hash>DCE6AE4A69D349F4976603ECF99E71B3</hash>
  </archivos>
  <archivos>
    <archivo>s01671064.xml</archivo>
    <hash>F90CC672D3AA8673D304B524F67E210A</hash>
  </archivos>
  <archivos>
    <archivo>s01671065.xml</archivo>
    <hash>6ADF9A5C4C2E738A814772F1315D29B3</hash>
  </archivos>
  <archivos>
    <archivo>s01671066.xml</archivo>
    <hash>7D1000B49235EF26526B5240C0D38CCB</hash>
  </archivos>
  <archivos>
    <archivo>s01672793.xml</archivo>
    <hash>881260756A521938B9F00AE224EECBB2</hash>
  </archivos>
  <archivos>
    <archivo>s01672794.xml</archivo>
    <hash>0854CC3C96E5E2CDAD3FF581CDB567AC</hash>
  </archivos>
  <archivos>
    <archivo>s01672795.xml</archivo>
    <hash>9AD47A7BE6A3FEB4884A07648E84B9D3</hash>
  </archivos>
  <archivos>
    <archivo>s01672796.xml</archivo>
    <hash>095D68EA8E9CBCCCAFD5FF0E8B230D26</hash>
  </archivos>
  <archivos>
    <archivo>s01672797.xml</archivo>
    <hash>BB99D619EFB783E83AB717E37E58611A</hash>
  </archivos>
  <archivos>
    <archivo>s01672799.xml</archivo>
    <hash>DADA4D3FAAF596F40442EA3622D97F4F</hash>
  </archivos>
  <archivos>
    <archivo>s01672804.xml</archivo>
    <hash>3E68301FE745BBF1A4332E9AD0FF1F0F</hash>
  </archivos>
  <archivos>
    <archivo>s01672805.xml</archivo>
    <hash>C8A7D64E98081F5B4CEC2988C672D40F</hash>
  </archivos>
  <archivos>
    <archivo>s01672807.xml</archivo>
    <hash>9B0E68BB3AA07FA03D333C4A76F49290</hash>
  </archivos>
  <archivos>
    <archivo>s01672808.xml</archivo>
    <hash>BB50DD7F734E8EFEC59B140E80034791</hash>
  </archivos>
  <archivos>
    <archivo>s01672815.xml</archivo>
    <hash>BF2742E537F98BE802E59B1D7A6D096B</hash>
  </archivos>
  <archivos>
    <archivo>s01672817.xml</archivo>
    <hash>45A9399FBCB11A759DF6AB3C78B92367</hash>
  </archivos>
  <archivos>
    <archivo>s01672856.xml</archivo>
    <hash>86F64353FA9F3B36B3DE0890FDDDC8AD</hash>
  </archivos>
  <archivos>
    <archivo>s01672857.xml</archivo>
    <hash>F8625E000D5C567BBC7701CEC0C0842C</hash>
  </archivos>
  <archivos>
    <archivo>s01672865.xml</archivo>
    <hash>BCB31184F4F475306E5F93CF8B85EC74</hash>
  </archivos>
  <archivos>
    <archivo>s01672881.xml</archivo>
    <hash>E4EE055C31F591B7A71B9197FE4C40D4</hash>
  </archivos>
  <archivos>
    <archivo>s01672966.xml</archivo>
    <hash>24C16714D4B65635FEBE53E3AB6EA504</hash>
  </archivos>
  <archivos>
    <archivo>s01672967.xml</archivo>
    <hash>793184B10200CC0D00B53BD0BAAAB3B3</hash>
  </archivos>
  <archivos>
    <archivo>s01672968.xml</archivo>
    <hash>33679DDDA50245D82ABE798286F48398</hash>
  </archivos>
  <archivos>
    <archivo>s01672969.xml</archivo>
    <hash>5E0860E1F97C62CADC1A7DFF17EB85AF</hash>
  </archivos>
  <archivos>
    <archivo>s01672970.xml</archivo>
    <hash>D6A8AAB1AE2896D6CC09A8D4667773F2</hash>
  </archivos>
  <archivos>
    <archivo>s01672971.xml</archivo>
    <hash>062F95018090E3D4C8DEB06E99B94DA1</hash>
  </archivos>
  <archivos>
    <archivo>s01672972.xml</archivo>
    <hash>B190B04F9900FEB8CAD64DB034C9B821</hash>
  </archivos>
  <archivos>
    <archivo>s01672973.xml</archivo>
    <hash>FAD7D3715ED61CD85CD057DEF80FDEC5</hash>
  </archivos>
  <archivos>
    <archivo>s01672974.xml</archivo>
    <hash>4FC29DB6E99A9BFD9A5D93A2BB94CEA4</hash>
  </archivos>
  <archivos>
    <archivo>s01672975.xml</archivo>
    <hash>3DE29E2E941B0BF2B4AE1F3ED56FA316</hash>
  </archivos>
  <archivos>
    <archivo>s01672976.xml</archivo>
    <hash>6D4BCEAA0C2868870F8D0D4007727D96</hash>
  </archivos>
  <archivos>
    <archivo>s01672977.xml</archivo>
    <hash>2241FA8E3321558C41BD6E2750A6228F</hash>
  </archivos>
  <archivos>
    <archivo>s01672978.xml</archivo>
    <hash>3981D371262A528FFD9693F3CC893BDB</hash>
  </archivos>
  <archivos>
    <archivo>s01672979.xml</archivo>
    <hash>B96474AF6C088A659993E5AFF274A6E9</hash>
  </archivos>
  <archivos>
    <archivo>s01672981.xml</archivo>
    <hash>4F3200CCF2D675EEA12EADEA8CFA28F2</hash>
  </archivos>
  <archivos>
    <archivo>s01672982.xml</archivo>
    <hash>04A23A418E5D4899D0021CBE05A53188</hash>
  </archivos>
  <archivos>
    <archivo>s01672995.xml</archivo>
    <hash>9CEF0368618C6DCE49376FC3255E13E8</hash>
  </archivos>
  <archivos>
    <archivo>s01672996.xml</archivo>
    <hash>56F66B0D5A9F4CC169E47F35FF363385</hash>
  </archivos>
  <archivos>
    <archivo>s01672997.xml</archivo>
    <hash>540E8FEAFDCCBF56650F595DF60F21E1</hash>
  </archivos>
  <archivos>
    <archivo>s01672998.xml</archivo>
    <hash>DC88B9F86738985656C67BC5599D7C2C</hash>
  </archivos>
  <archivos>
    <archivo>s01672999.xml</archivo>
    <hash>0EC8B879A3A25FD8944D03EF3BDEF56B</hash>
  </archivos>
  <archivos>
    <archivo>s01673000.xml</archivo>
    <hash>2E1527168161D95E479057F3EF710631</hash>
  </archivos>
  <archivos>
    <archivo>s01673001.xml</archivo>
    <hash>311BFBEF9E7D14C95C84DCE7338B9928</hash>
  </archivos>
  <archivos>
    <archivo>s01673002.xml</archivo>
    <hash>7C2109EC29FEB70CB3E08F99D027109F</hash>
  </archivos>
  <archivos>
    <archivo>s01673003.xml</archivo>
    <hash>E219B02D53DE1999AFD5C584ED8E5E2F</hash>
  </archivos>
  <archivos>
    <archivo>s01673004.xml</archivo>
    <hash>8E711E00F10242D100AE7C27F3A246F3</hash>
  </archivos>
  <archivos>
    <archivo>s01673005.xml</archivo>
    <hash>C329127C79E555218040BCDD04B0ABF5</hash>
  </archivos>
  <archivos>
    <archivo>s01673006.xml</archivo>
    <hash>774924FD7FB73F04B50D0655D2168774</hash>
  </archivos>
  <archivos>
    <archivo>s01673007.xml</archivo>
    <hash>D731ADBF3C57166CDAAFE30D88E53388</hash>
  </archivos>
  <archivos>
    <archivo>s01673008.xml</archivo>
    <hash>6E394ED29D4DCADFEDA05B84EE6BC280</hash>
  </archivos>
  <archivos>
    <archivo>s01673032.xml</archivo>
    <hash>08F52B8D9CF56483C0B417BBF239ED47</hash>
  </archivos>
  <archivos>
    <archivo>s01673033.xml</archivo>
    <hash>3128F9A74CC5BF2C87A28B8C69E43953</hash>
  </archivos>
  <archivos>
    <archivo>s01673034.xml</archivo>
    <hash>D4E76DA72DAE5BD1EAF4D689BDF7DE54</hash>
  </archivos>
  <archivos>
    <archivo>s01673035.xml</archivo>
    <hash>51AB8549EAD43F420F84F099BDADDD97</hash>
  </archivos>
  <archivos>
    <archivo>s01673036.xml</archivo>
    <hash>EA263B810EDDE024EEC4DDA47953536C</hash>
  </archivos>
  <archivos>
    <archivo>s01673037.xml</archivo>
    <hash>3B59DA81C664C6B3AC894784D24BF298</hash>
  </archivos>
  <archivos>
    <archivo>s01673038.xml</archivo>
    <hash>A7C44B346E8B2129C8994F204DB7118F</hash>
  </archivos>
  <archivos>
    <archivo>s01673045.xml</archivo>
    <hash>126BB574517E59B42FF7962D12D3842E</hash>
  </archivos>
  <archivos>
    <archivo>s01673046.xml</archivo>
    <hash>4E505D1025764FA964F65848DC79BCD9</hash>
  </archivos>
  <archivos>
    <archivo>s01673049.xml</archivo>
    <hash>D79961F6A446016E504263995BF90A76</hash>
  </archivos>
  <archivos>
    <archivo>s01673050.xml</archivo>
    <hash>20F95D6D0F0BD0693E80E20E84291BFC</hash>
  </archivos>
  <archivos>
    <archivo>r01671036.txt</archivo>
    <hash>6E767BEC33F0CB0C74E21C16210401C7</hash>
  </archivos>
  <archivos>
    <archivo>r01671037.txt</archivo>
    <hash>3C2F53BCD8431E9F69705769906C3D96</hash>
  </archivos>
  <archivos>
    <archivo>r01671038.txt</archivo>
    <hash>E9CFDC17E0952607289B150BEB742308</hash>
  </archivos>
  <archivos>
    <archivo>r01671039.txt</archivo>
    <hash>B30CF82D5398EBC6C7BF573B9B408DB3</hash>
  </archivos>
  <archivos>
    <archivo>r01671040.txt</archivo>
    <hash>BCF10F6BA8901017FB91754E439A3222</hash>
  </archivos>
  <archivos>
    <archivo>r01671041.txt</archivo>
    <hash>CD1868F56F9B670673E7962AC25F4618</hash>
  </archivos>
  <archivos>
    <archivo>r01671042.txt</archivo>
    <hash>95E59BD08D4A45DBDBF603C44F057DCC</hash>
  </archivos>
  <archivos>
    <archivo>r01671043.txt</archivo>
    <hash>71BD82B4459F07354F69B45BA72CF8D1</hash>
  </archivos>
  <archivos>
    <archivo>r01671044.txt</archivo>
    <hash>FCE5FE7A5D24018C5A84E775F39CE6F6</hash>
  </archivos>
  <archivos>
    <archivo>r01671045.txt</archivo>
    <hash>BDB7B6CC21216417674C23418847BCAD</hash>
  </archivos>
  <archivos>
    <archivo>r01671046.txt</archivo>
    <hash>9054168562F473794045887127411159</hash>
  </archivos>
  <archivos>
    <archivo>r01671047.txt</archivo>
    <hash>6E0F7A108191F2AACB133F648F500E1B</hash>
  </archivos>
  <archivos>
    <archivo>r01671059.txt</archivo>
    <hash>2AF2513FC93F0B962DCF12BA09A312C3</hash>
  </archivos>
  <archivos>
    <archivo>r01671060.txt</archivo>
    <hash>B65E9E38984BA0F5C5F05F956D4A6D4E</hash>
  </archivos>
  <archivos>
    <archivo>r01671062.txt</archivo>
    <hash>B1E3B8A56BBCAD0D849AA26ED68B1C49</hash>
  </archivos>
  <archivos>
    <archivo>r01671063.txt</archivo>
    <hash>A316327EB0B8B3AFEF000B56D7874CB1</hash>
  </archivos>
  <archivos>
    <archivo>r01671064.txt</archivo>
    <hash>B0344BDD9838BEF48E647A9157B94E7F</hash>
  </archivos>
  <archivos>
    <archivo>r01671065.txt</archivo>
    <hash>4EE439BC77C4F34181E5F6D877F4B5DA</hash>
  </archivos>
  <archivos>
    <archivo>r01671066.txt</archivo>
    <hash>11026218AAC4446D0161E7779474543F</hash>
  </archivos>
  <archivos>
    <archivo>r01672793.txt</archivo>
    <hash>D0073AB3F5578C8986A39742931159C9</hash>
  </archivos>
  <archivos>
    <archivo>r01672794.txt</archivo>
    <hash>B9D9F61FBF289D6DF3C709BECE469479</hash>
  </archivos>
  <archivos>
    <archivo>r01672795.txt</archivo>
    <hash>DA5561EBCD9E217768A87DB7B634CE2F</hash>
  </archivos>
  <archivos>
    <archivo>r01672796.txt</archivo>
    <hash>D2D4A98DA8066910CDD87176533C945B</hash>
  </archivos>
  <archivos>
    <archivo>r01672797.txt</archivo>
    <hash>8FCAE579E3B2825A57B657FCA242B0F7</hash>
  </archivos>
  <archivos>
    <archivo>r01672799.txt</archivo>
    <hash>BA9084E7DCE132A644877788356F9C5F</hash>
  </archivos>
  <archivos>
    <archivo>r01672804.txt</archivo>
    <hash>90D64D9963F3224D41C6D0B8011C14B0</hash>
  </archivos>
  <archivos>
    <archivo>r01672805.txt</archivo>
    <hash>9C7438842AD9AA671D58FFCAAEDEDD13</hash>
  </archivos>
  <archivos>
    <archivo>r01672807.txt</archivo>
    <hash>A506B4BFD3CC13F6921BD6D3A2A83819</hash>
  </archivos>
  <archivos>
    <archivo>r01672808.txt</archivo>
    <hash>4DC7A528D39735F7F9B883436B256D21</hash>
  </archivos>
  <archivos>
    <archivo>r01672815.txt</archivo>
    <hash>D748F017741F52CC49ED83C706B2C314</hash>
  </archivos>
  <archivos>
    <archivo>r01672817.txt</archivo>
    <hash>30C87ED1D9EDC3E6BE83F0CC0F953CAB</hash>
  </archivos>
  <archivos>
    <archivo>r01672856.txt</archivo>
    <hash>70574BC5869B34224645AAC7DA875292</hash>
  </archivos>
  <archivos>
    <archivo>r01672857.txt</archivo>
    <hash>7CA79A7A1E50D5D35A1E36D45E3FC250</hash>
  </archivos>
  <archivos>
    <archivo>r01672865.txt</archivo>
    <hash>E750F9DAAF0C6FC8157060841B57E080</hash>
  </archivos>
  <archivos>
    <archivo>r01672881.txt</archivo>
    <hash>EC79922BD0AFA31948439F8EC7F75C7F</hash>
  </archivos>
  <archivos>
    <archivo>r01672966.txt</archivo>
    <hash>C138BEB28912EE45C4BD32E2C6221CCC</hash>
  </archivos>
  <archivos>
    <archivo>r01672967.txt</archivo>
    <hash>96001B9B17D92C2B3604B97A1E79A8B6</hash>
  </archivos>
  <archivos>
    <archivo>r01672968.txt</archivo>
    <hash>8B4126417377F6CDDC44D67F36601FDB</hash>
  </archivos>
  <archivos>
    <archivo>r01672969.txt</archivo>
    <hash>6B4AA0738C1F79370A3FCDA3DD2133AE</hash>
  </archivos>
  <archivos>
    <archivo>r01672970.txt</archivo>
    <hash>2845D66F57A16E40288450A8BEEACA7F</hash>
  </archivos>
  <archivos>
    <archivo>r01672971.txt</archivo>
    <hash>A512761F57524329E640D4D2BEE877EB</hash>
  </archivos>
  <archivos>
    <archivo>r01672972.txt</archivo>
    <hash>6F0A0172695C703708F543335E94ABF7</hash>
  </archivos>
  <archivos>
    <archivo>r01672973.txt</archivo>
    <hash>1F06907BD3156A4506D390E8383A7BA6</hash>
  </archivos>
  <archivos>
    <archivo>r01672974.txt</archivo>
    <hash>40C4374EBE327BBE226CA7631A20F479</hash>
  </archivos>
  <archivos>
    <archivo>r01672975.txt</archivo>
    <hash>B6347C38D837C0843F14A848325984A8</hash>
  </archivos>
  <archivos>
    <archivo>r01672976.txt</archivo>
    <hash>8564011EE31403F4023DA0E19E392E47</hash>
  </archivos>
  <archivos>
    <archivo>r01672977.txt</archivo>
    <hash>60E9FEC4A486903A8BF83CA2CB0AC8FA</hash>
  </archivos>
  <archivos>
    <archivo>r01672978.txt</archivo>
    <hash>F11FC9AE4469DE01F378980E116D4AB7</hash>
  </archivos>
  <archivos>
    <archivo>r01672979.txt</archivo>
    <hash>81647ACB7EC79160C0F07F7935C30CD2</hash>
  </archivos>
  <archivos>
    <archivo>r01672981.txt</archivo>
    <hash>77465A05DC95BF72E09179D84E46D50A</hash>
  </archivos>
  <archivos>
    <archivo>r01672982.txt</archivo>
    <hash>EFFB8353B934C3D59D8AFE85A3D8D2D1</hash>
  </archivos>
  <archivos>
    <archivo>r01672995.txt</archivo>
    <hash>ED73265ADDBD403EED4138B5AD4CCBC9</hash>
  </archivos>
  <archivos>
    <archivo>r01672996.txt</archivo>
    <hash>C9614C5F55DD93C779C68D1D0F5B0DD4</hash>
  </archivos>
  <archivos>
    <archivo>r01672997.txt</archivo>
    <hash>C5A2709AF7A9E10AC7A962E549B60B1C</hash>
  </archivos>
  <archivos>
    <archivo>r01672998.txt</archivo>
    <hash>528F77ABC660673350F646F045F6B6FF</hash>
  </archivos>
  <archivos>
    <archivo>r01672999.txt</archivo>
    <hash>AA557616875A7CD09A48C8C8024E813D</hash>
  </archivos>
  <archivos>
    <archivo>r01673000.txt</archivo>
    <hash>385576B7FB2FFBDBD29C183C72C1640F</hash>
  </archivos>
  <archivos>
    <archivo>r01673001.txt</archivo>
    <hash>4CBBBF35DEA37BB6B38BD6051888961E</hash>
  </archivos>
  <archivos>
    <archivo>r01673002.txt</archivo>
    <hash>CBD3B8AA2E1663A1205F9310AD7316F0</hash>
  </archivos>
  <archivos>
    <archivo>r01673003.txt</archivo>
    <hash>E9FD9EEADECE8ACF4A62BA714CC85AE1</hash>
  </archivos>
  <archivos>
    <archivo>r01673004.txt</archivo>
    <hash>2DCA8B9E1D01444F1DD0948E6158DD94</hash>
  </archivos>
  <archivos>
    <archivo>r01673005.txt</archivo>
    <hash>B134C45E3EB4DF60DDF6941F68CDE1BA</hash>
  </archivos>
  <archivos>
    <archivo>r01673006.txt</archivo>
    <hash>F908D93D8EE7E6B82AEB3DDF5382B9FC</hash>
  </archivos>
  <archivos>
    <archivo>r01673007.txt</archivo>
    <hash>B644BF4B5B300487A07EA92C72CD0338</hash>
  </archivos>
  <archivos>
    <archivo>r01673008.txt</archivo>
    <hash>88B7E47D1C35A2D6DAE54ADD067D028D</hash>
  </archivos>
  <archivos>
    <archivo>r01673032.txt</archivo>
    <hash>22CA75D98CB5AB54DA6BFD17BC68FED2</hash>
  </archivos>
  <archivos>
    <archivo>r01673033.txt</archivo>
    <hash>2B6AF70980868D35425EF77B76CCBF2B</hash>
  </archivos>
  <archivos>
    <archivo>r01673034.txt</archivo>
    <hash>9269EC9EE8962F93A204C05E03EF6055</hash>
  </archivos>
  <archivos>
    <archivo>r01673035.txt</archivo>
    <hash>5D6F0209C41935AEBEB0540BE17513A7</hash>
  </archivos>
  <archivos>
    <archivo>r01673036.txt</archivo>
    <hash>6CCE1F6AEE7B685F8AFECBDAE73FF201</hash>
  </archivos>
  <archivos>
    <archivo>r01673037.txt</archivo>
    <hash>91625121B1B9A61640BEF5831D84FE5C</hash>
  </archivos>
  <archivos>
    <archivo>r01673038.txt</archivo>
    <hash>D63D5808AFF44D41793A1A24F4A1443A</hash>
  </archivos>
  <archivos>
    <archivo>r01673045.txt</archivo>
    <hash>8CF22A8AD8C5E6B211A58377A67987F8</hash>
  </archivos>
  <archivos>
    <archivo>r01673046.txt</archivo>
    <hash>678868B868B83CC0FF3F4B91393315BD</hash>
  </archivos>
  <archivos>
    <archivo>r01673049.txt</archivo>
    <hash>B56B33561A51149C05A9E5BED5C1346A</hash>
  </archivos>
  <archivos>
    <archivo>r01673050.txt</archivo>
    <hash>328A074FCC8646C8306B08770CAFCD8B</hash>
  </archivos>
  <archivos>
    <archivo>sectoresTarifarios.xml</archivo>
    <hash>A7173CF26D7F555F3BD24DFDEFE7F368</hash>
  </archivos>
</Version>