<?xml version="1.0" standalone="yes"?>
<Sector>
  <xs:schema id="Sector" xmlns="" xmlns:xs="http://www.w3.org/2001/XMLSchema" xmlns:msdata="urn:schemas-microsoft-com:xml-msdata">
    <xs:element name="Sector" msdata:IsDataSet="true" msdata:Locale="">
      <xs:complexType>
        <xs:choice minOccurs="0" maxOccurs="unbounded">
          <xs:element name="S" msdata:Locale="">
            <xs:complexType>
              <xs:sequence>
                <xs:element name="Calle" type="xs:string" minOccurs="0" />
                <xs:element name="Lat" type="xs:decimal" minOccurs="0" />
                <xs:element name="Lon" type="xs:decimal" minOccurs="0" />
                <xs:element name="Dis" type="xs:decimal" minOccurs="0" />
                <xs:element name="Cta" type="xs:int" minOccurs="0" />
                <xs:element name="CodSec" type="xs:int" minOccurs="0" />
              </xs:sequence>
            </xs:complexType>
          </xs:element>
        </xs:choice>
      </xs:complexType>
    </xs:element>
  </xs:schema>
  <S>
    <Calle>SAAVE</Calle>
    <Lat>34.537500</Lat>
    <Lon>58.475610</Lon>
    <Dis>599.574</Dis>
    <Cta>1</Cta>
    <CodSec>1</CodSec>
  </S>
  <S>
    <Calle>ZAPIO</Calle>
    <Lat>34.540662</Lat>
    <Lon>58.480858</Lon>
    <Dis>2862.104</Dis>
    <Cta>39</Cta>
    <CodSec>1</CodSec>
  </S>
  <S>
    <Calle>SMART</Calle>
    <Lat>34.534374</Lat>
    <Lon>58.502722</Lon>
    <Dis>3899.335</Dis>
    <Cta>238</Cta>
    <CodSec>11</CodSec>
  </S>
  <S>
    <Calle>EDISO</Calle>
    <Lat>34.508168</Lat>
    <Lon>58.529510</Lon>
    <Dis>1398.770</Dis>
    <Cta>475</Cta>
    <CodSec>12</CodSec>
  </S>
  <S>
    <Calle>THAME</Calle>
    <Lat>34.501787</Lat>
    <Lon>58.542530</Lon>
    <Dis>972.090</Dis>
    <Cta>562</Cta>
    <CodSec>12</CodSec>
  </S>
  <S>
    <Calle>MARQ2</Calle>
    <Lat>34.497111</Lat>
    <Lon>58.551385</Lon>
    <Dis>407.870</Dis>
    <Cta>622</Cta>
    <CodSec>13</CodSec>
  </S>
  <S>
    <Calle>MARQ1</Calle>
    <Lat>34.494648</Lat>
    <Lon>58.554544</Lon>
    <Dis>1050.788</Dis>
    <Cta>654</Cta>
    <CodSec>13</CodSec>
  </S>
  <S>
    <Calle>JSMAR</Calle>
    <Lat>34.491259</Lat>
    <Lon>58.564773</Lon>
    <Dis>1903.213</Dis>
    <Cta>723</Cta>
    <CodSec>13</CodSec>
  </S>
  <S>
    <Calle>BLGNE</Calle>
    <Lat>34.487860</Lat>
    <Lon>58.584753</Lon>
    <Dis>2195.423</Dis>
    <Cta>848</Cta>
    <CodSec>13</CodSec>
  </S>
  <S>
    <Calle>R2022</Calle>
    <Lat>34.485933</Lat>
    <Lon>58.608469</Lon>
    <Dis>822.781</Dis>
    <Cta>959</Cta>
    <CodSec>14</CodSec>
  </S>
  <S>
    <Calle>R2021</Calle>
    <Lat>34.484754</Lat>
    <Lon>58.617231</Lon>
    <Dis>3626.336</Dis>
    <Cta>1017</Cta>
    <CodSec>14</CodSec>
  </S>
  <S>
    <Calle>R1972</Calle>
    <Lat>34.477086</Lat>
    <Lon>58.655488</Lon>
    <Dis>871.012</Dis>
    <Cta>1181</Cta>
    <CodSec>36</CodSec>
  </S>
  <S>
    <Calle>R1971</Calle>
    <Lat>34.474616</Lat>
    <Lon>58.664267</Lon>
    <Dis>4283.730</Dis>
    <Cta>1237</Cta>
    <CodSec>36</CodSec>
  </S>
  <S>
    <Calle>PEAJ2</Calle>
    <Lat>34.461189</Lat>
    <Lon>58.707683</Lon>
    <Dis>214.563</Dis>
    <Cta>1454</Cta>
    <CodSec>37</CodSec>
  </S>
  <S>
    <Calle>PEAJ1</Calle>
    <Lat>34.460588</Lat>
    <Lon>58.709685</Lon>
    <Dis>788.986</Dis>
    <Cta>1468</Cta>
    <CodSec>37</CodSec>
  </S>
  <S>
    <Calle>SKF.2</Calle>
    <Lat>34.458166</Lat>
    <Lon>58.717529</Lon>
    <Dis>1264.275</Dis>
    <Cta>1510</Cta>
    <CodSec>38</CodSec>
  </S>
  <S>
    <Calle>FONA2</Calle>
    <Lat>34.454527</Lat>
    <Lon>58.728903</Lon>
    <Dis>544.269</Dis>
    <Cta>1631</Cta>
    <CodSec>38</CodSec>
  </S>
  <S>
    <Calle>FONA1</Calle>
    <Lat>34.452954</Lat>
    <Lon>58.734141</Lon>
    <Dis>1735.797</Dis>
    <Cta>1673</Cta>
    <CodSec>38</CodSec>
  </S>
  <S>
    <Calle>PTGA1</Calle>
    <Lat>34.447399</Lat>
    <Lon>58.751464</Lon>
    <Dis>956.146</Dis>
    <Cta>1785</Cta>
    <CodSec>38</CodSec>
  </S>
  <S>
    <Calle>PTE52</Calle>
    <Lat>34.444587</Lat>
    <Lon>58.761216</Lon>
    <Dis>813.819</Dis>
    <Cta>1831</Cta>
    <CodSec>38</CodSec>
  </S>
  <S>
    <Calle>PTE51</Calle>
    <Lat>34.443149</Lat>
    <Lon>58.768433</Lon>
    <Dis>1157.735</Dis>
    <Cta>1893</Cta>
    <CodSec>38</CodSec>
  </S>
  <S>
    <Calle>RUT26</Calle>
    <Lat>34.440979</Lat>
    <Lon>58.780606</Lon>
    <Dis>2083.970</Dis>
    <Cta>1946</Cta>
    <CodSec>39</CodSec>
  </S>
  <S>
    <Calle>E.VIS</Calle>
    <Lat>34.450768</Lat>
    <Lon>58.797565</Lon>
    <Dis>1425.494</Dis>
    <Cta>2108</Cta>
    <CodSec>39</CodSec>
  </S>
  <S>
    <Calle>RUTP8</Calle>
    <Lat>34.459619</Lat>
    <Lon>58.808028</Lon>
    <Dis>2770.306</Dis>
    <Cta>2199</Cta>
    <CodSec>54</CodSec>
  </S>
  <S>
    <Calle>LONJA</Calle>
    <Lat>34.454026</Lat>
    <Lon>58.833501</Lon>
    <Dis>3038.847</Dis>
    <Cta>2462</Cta>
    <CodSec>55</CodSec>
  </S>
  <S>
    <Calle>JUMBO</Calle>
    <Lat>34.450220</Lat>
    <Lon>58.865867</Lon>
    <Dis>3751.422</Dis>
    <Cta>2649</Cta>
    <CodSec>56</CodSec>
  </S>
  <S>
    <Calle>RUT25</Calle>
    <Lat>34.456645</Lat>
    <Lon>58.905466</Lon>
    <Dis>2224.468</Dis>
    <Cta>2936</Cta>
    <CodSec>57</CodSec>
  </S>
  <S>
    <Calle>NAZAR</Calle>
    <Lat>34.468964</Lat>
    <Lon>58.905992</Lon>
    <Dis>1095.342</Dis>
    <Cta>3090</Cta>
    <CodSec>60</CodSec>
  </S>
  <S>
    <Calle>PILAR</Calle>
    <Lat>34.477526</Lat>
    <Lon>58.900582</Lon>
    <Dis>0</Dis>
    <Cta>3157</Cta>
    <CodSec>60</CodSec>
  </S>
</Sector>