<?xml version="1.0" standalone="yes"?>
<Sector>
  <xs:schema id="Sector" xmlns="" xmlns:xs="http://www.w3.org/2001/XMLSchema" xmlns:msdata="urn:schemas-microsoft-com:xml-msdata">
    <xs:element name="Sector" msdata:IsDataSet="true" msdata:Locale="">
      <xs:complexType>
        <xs:choice minOccurs="0" maxOccurs="unbounded">
          <xs:element name="S" msdata:Locale="">
            <xs:complexType>
              <xs:sequence>
                <xs:element name="Calle" type="xs:string" minOccurs="0" />
                <xs:element name="Lat" type="xs:decimal" minOccurs="0" />
                <xs:element name="Lon" type="xs:decimal" minOccurs="0" />
                <xs:element name="Dis" type="xs:decimal" minOccurs="0" />
                <xs:element name="Cta" type="xs:int" minOccurs="0" />
                <xs:element name="CodSec" type="xs:int" minOccurs="0" />
              </xs:sequence>
            </xs:complexType>
          </xs:element>
        </xs:choice>
      </xs:complexType>
    </xs:element>
  </xs:schema>
  <S>
    <Calle>CIUDA</Calle>
    <Lat>32.870900</Lat>
    <Lon>60.699654</Lon>
    <Dis>2710.138</Dis>
    <Cta>1</Cta>
    <CodSec>14</CodSec>
  </S>
  <S>
    <Calle>PUCCI</Calle>
    <Lat>32.894301</Lat>
    <Lon>60.692643</Lon>
    <Dis>2465.920</Dis>
    <Cta>164</Cta>
    <CodSec>14</CodSec>
  </S>
  <S>
    <Calle>GENOV</Calle>
    <Lat>32.915181</Lat>
    <Lon>60.685770</Lon>
    <Dis>1591.477</Dis>
    <Cta>321</Cta>
    <CodSec>14</CodSec>
  </S>
  <S>
    <Calle>AVELL</Calle>
    <Lat>32.927001</Lat>
    <Lon>60.676336</Lon>
    <Dis>2122.009</Dis>
    <Cta>414</Cta>
    <CodSec>14</CodSec>
  </S>
  <S>
    <Calle>STAFE</Calle>
    <Lat>32.939120</Lat>
    <Lon>60.670636</Lon>
    <Dis>2173.971</Dis>
    <Cta>554</Cta>
    <CodSec>14</CodSec>
  </S>
  <S>
    <Calle>ORO?O</Calle>
    <Lat>32.946291</Lat>
    <Lon>60.654179</Lon>
    <Dis>1370.398</Dis>
    <Cta>684</Cta>
    <CodSec>14</CodSec>
  </S>
  <S>
    <Calle>CORRI</Calle>
    <Lat>32.950781</Lat>
    <Lon>60.643691</Lon>
    <Dis>1094.500</Dis>
    <Cta>760</Cta>
    <CodSec>14</CodSec>
  </S>
  <S>
    <Calle>SARMI</Calle>
    <Lat>32.957334</Lat>
    <Lon>60.640857</Lon>
    <Dis>3147.588</Dis>
    <Cta>823</Cta>
    <CodSec>14</CodSec>
  </S>
  <S>
    <Calle>CIRCU</Calle>
    <Lat>32.971273</Lat>
    <Lon>60.623312</Lon>
    <Dis>3262.272</Dis>
    <Cta>1000</Cta>
    <CodSec>14</CodSec>
  </S>
  <S>
    <Calle>AvROS</Calle>
    <Lat>32.998971</Lat>
    <Lon>60.617972</Lon>
    <Dis>1543.649</Dis>
    <Cta>1205</Cta>
    <CodSec>12</CodSec>
  </S>
  <S>
    <Calle>SESTE</Calle>
    <Lat>33.010683</Lat>
    <Lon>60.614902</Lon>
    <Dis>1407.564</Dis>
    <Cta>1329</Cta>
    <CodSec>12</CodSec>
  </S>
  <S>
    <Calle>SDIEG</Calle>
    <Lat>33.018491</Lat>
    <Lon>60.609148</Lon>
    <Dis>3797.439</Dis>
    <Cta>1433</Cta>
    <CodSec>12</CodSec>
  </S>
  <S>
    <Calle>S.RAF</Calle>
    <Lat>33.033626</Lat>
    <Lon>60.621007</Lon>
    <Dis>0</Dis>
    <Cta>1684</Cta>
    <CodSec>12</CodSec>
  </S>
</Sector>