<?xml version="1.0" standalone="yes"?>
<Sector>
  <xs:schema id="Sector" xmlns="" xmlns:xs="http://www.w3.org/2001/XMLSchema" xmlns:msdata="urn:schemas-microsoft-com:xml-msdata">
    <xs:element name="Sector" msdata:IsDataSet="true" msdata:Locale="">
      <xs:complexType>
        <xs:choice minOccurs="0" maxOccurs="unbounded">
          <xs:element name="S" msdata:Locale="">
            <xs:complexType>
              <xs:sequence>
                <xs:element name="Calle" type="xs:string" minOccurs="0" />
                <xs:element name="Lat" type="xs:decimal" minOccurs="0" />
                <xs:element name="Lon" type="xs:decimal" minOccurs="0" />
                <xs:element name="Dis" type="xs:decimal" minOccurs="0" />
                <xs:element name="Cta" type="xs:int" minOccurs="0" />
                <xs:element name="CodSec" type="xs:int" minOccurs="0" />
              </xs:sequence>
            </xs:complexType>
          </xs:element>
        </xs:choice>
      </xs:complexType>
    </xs:element>
  </xs:schema>
  <S>
    <Calle>PACHE</Calle>
    <Lat>34.476897</Lat>
    <Lon>58.663220</Lon>
    <Dis>1417.304</Dis>
    <Cta>1</Cta>
    <CodSec>18</CodSec>
  </S>
  <S>
    <Calle>ENTRA</Calle>
    <Lat>34.475918</Lat>
    <Lon>58.659626</Lon>
    <Dis>403.272</Dis>
    <Cta>73</Cta>
    <CodSec>18</CodSec>
  </S>
  <S>
    <Calle>RUT24</Calle>
    <Lat>34.475924</Lat>
    <Lon>58.663582</Lon>
    <Dis>984.896</Dis>
    <Cta>100</Cta>
    <CodSec>18</CodSec>
  </S>
  <S>
    <Calle>SANMA</Calle>
    <Lat>34.478572</Lat>
    <Lon>58.673528</Lon>
    <Dis>1389.973</Dis>
    <Cta>162</Cta>
    <CodSec>18</CodSec>
  </S>
  <S>
    <Calle>MORSE</Calle>
    <Lat>34.484973</Lat>
    <Lon>58.686446</Lon>
    <Dis>1986.122</Dis>
    <Cta>239</Cta>
    <CodSec>18</CodSec>
  </S>
  <S>
    <Calle>SEGUI</Calle>
    <Lat>34.493979</Lat>
    <Lon>58.704767</Lon>
    <Dis>1249.475</Dis>
    <Cta>368</Cta>
    <CodSec>18</CodSec>
  </S>
  <S>
    <Calle>CALLA</Calle>
    <Lat>34.502273</Lat>
    <Lon>58.713885</Lon>
    <Dis>1530.305</Dis>
    <Cta>452</Cta>
    <CodSec>18</CodSec>
  </S>
  <S>
    <Calle>RUTP8</Calle>
    <Lat>34.508912</Lat>
    <Lon>58.728318</Lon>
    <Dis>1546.104</Dis>
    <Cta>553</Cta>
    <CodSec>18</CodSec>
  </S>
  <S>
    <Calle>MU?OZ</Calle>
    <Lat>34.514994</Lat>
    <Lon>58.743322</Lon>
    <Dis>949.944</Dis>
    <Cta>651</Cta>
    <CodSec>18</CodSec>
  </S>
  <S>
    <Calle>ZUVIR</Calle>
    <Lat>34.519107</Lat>
    <Lon>58.752337</Lon>
    <Dis>2763.066</Dis>
    <Cta>721</Cta>
    <CodSec>18</CodSec>
  </S>
  <S>
    <Calle>USTAR</Calle>
    <Lat>34.530324</Lat>
    <Lon>58.779031</Lon>
    <Dis>1666.653</Dis>
    <Cta>905</Cta>
    <CodSec>18</CodSec>
  </S>
  <S>
    <Calle>DERQU</Calle>
    <Lat>34.537651</Lat>
    <Lon>58.794746</Lon>
    <Dis>4026.458</Dis>
    <Cta>1022</Cta>
    <CodSec>18</CodSec>
  </S>
  <S>
    <Calle>FERRE</Calle>
    <Lat>34.549986</Lat>
    <Lon>58.768293</Lon>
    <Dis>1476.701</Dis>
    <Cta>1301</Cta>
    <CodSec>18</CodSec>
  </S>
  <S>
    <Calle>EDISO</Calle>
    <Lat>34.558562</Lat>
    <Lon>58.756392</Lon>
    <Dis>1712.943</Dis>
    <Cta>1394</Cta>
    <CodSec>18</CodSec>
  </S>
  <S>
    <Calle>RUT23</Calle>
    <Lat>34.568758</Lat>
    <Lon>58.742634</Lon>
    <Dis>2722.067</Dis>
    <Cta>1501</Cta>
    <CodSec>18</CodSec>
  </S>
  <S>
    <Calle>GCAMP</Calle>
    <Lat>34.551605</Lat>
    <Lon>58.721770</Lon>
    <Dis>993.241</Dis>
    <Cta>1671</Cta>
    <CodSec>18</CodSec>
  </S>
  <S>
    <Calle>PELUF</Calle>
    <Lat>34.544856</Lat>
    <Lon>58.714853</Lon>
    <Dis>1074.715</Dis>
    <Cta>1729</Cta>
    <CodSec>18</CodSec>
  </S>
  <S>
    <Calle>SANLO</Calle>
    <Lat>34.537652</Lat>
    <Lon>58.707140</Lon>
    <Dis>669.735</Dis>
    <Cta>1793</Cta>
    <CodSec>18</CodSec>
  </S>
  <S>
    <Calle>RU.P8</Calle>
    <Lat>34.533165</Lat>
    <Lon>58.702378</Lon>
    <Dis>1695.808</Dis>
    <Cta>1831</Cta>
    <CodSec>18</CodSec>
  </S>
  <S>
    <Calle>GLEMO</Calle>
    <Lat>34.529468</Lat>
    <Lon>58.689350</Lon>
    <Dis>2138.564</Dis>
    <Cta>1931</Cta>
    <CodSec>18</CodSec>
  </S>
  <S>
    <Calle>PERON</Calle>
    <Lat>34.518219</Lat>
    <Lon>58.671275</Lon>
    <Dis>2966.321</Dis>
    <Cta>2045</Cta>
    <CodSec>18</CodSec>
  </S>
  <S>
    <Calle>DTORC</Calle>
    <Lat>34.501994</Lat>
    <Lon>58.646009</Lon>
    <Dis>762.025</Dis>
    <Cta>2208</Cta>
    <CodSec>18</CodSec>
  </S>
  <S>
    <Calle>TORCU</Calle>
    <Lat>34.500563</Lat>
    <Lon>58.643236</Lon>
    <Dis>1267.917</Dis>
    <Cta>2256</Cta>
    <CodSec>18</CodSec>
  </S>
  <S>
    <Calle>ARATA</Calle>
    <Lat>34.494349</Lat>
    <Lon>58.631753</Lon>
    <Dis>2575.475</Dis>
    <Cta>2328</Cta>
    <CodSec>18</CodSec>
  </S>
  <S>
    <Calle>RU 23</Calle>
    <Lat>34.483547</Lat>
    <Lon>58.611609</Lon>
    <Dis>0</Dis>
    <Cta>2487</Cta>
    <CodSec>18</CodSec>
  </S>
</Sector>