<?xml version="1.0" standalone="yes"?>
<Sector>
  <xs:schema id="Sector" xmlns="" xmlns:xs="http://www.w3.org/2001/XMLSchema" xmlns:msdata="urn:schemas-microsoft-com:xml-msdata">
    <xs:element name="Sector" msdata:IsDataSet="true" msdata:Locale="">
      <xs:complexType>
        <xs:choice minOccurs="0" maxOccurs="unbounded">
          <xs:element name="S" msdata:Locale="">
            <xs:complexType>
              <xs:sequence>
                <xs:element name="Calle" type="xs:string" minOccurs="0" />
                <xs:element name="Lat" type="xs:decimal" minOccurs="0" />
                <xs:element name="Lon" type="xs:decimal" minOccurs="0" />
                <xs:element name="Dis" type="xs:decimal" minOccurs="0" />
                <xs:element name="Cta" type="xs:int" minOccurs="0" />
                <xs:element name="CodSec" type="xs:int" minOccurs="0" />
              </xs:sequence>
            </xs:complexType>
          </xs:element>
        </xs:choice>
      </xs:complexType>
    </xs:element>
  </xs:schema>
  <S>
    <Calle>1JUNT</Calle>
    <Lat>32.968100</Lat>
    <Lon>60.641299</Lon>
    <Dis>2405.629</Dis>
    <Cta>1</Cta>
    <CodSec>13</CodSec>
  </S>
  <S>
    <Calle>PELLE</Calle>
    <Lat>32.956607</Lat>
    <Lon>60.645077</Lon>
    <Dis>819.911</Dis>
    <Cta>135</Cta>
    <CodSec>13</CodSec>
  </S>
  <S>
    <Calle>SJUAN</Calle>
    <Lat>32.949420</Lat>
    <Lon>60.643261</Lon>
    <Dis>416.522</Dis>
    <Cta>176</Cta>
    <CodSec>13</CodSec>
  </S>
  <S>
    <Calle>CORDO</Calle>
    <Lat>32.945772</Lat>
    <Lon>60.642371</Lon>
    <Dis>1185.123</Dis>
    <Cta>198</Cta>
    <CodSec>13</CodSec>
  </S>
  <S>
    <Calle>ORO?O</Calle>
    <Lat>32.942393</Lat>
    <Lon>60.652671</Lon>
    <Dis>1704.062</Dis>
    <Cta>262</Cta>
    <CodSec>13</CodSec>
  </S>
  <S>
    <Calle>CAFFE</Calle>
    <Lat>32.939222</Lat>
    <Lon>60.670454</Lon>
    <Dis>2195.667</Dis>
    <Cta>352</Cta>
    <CodSec>13</CodSec>
  </S>
  <S>
    <Calle>AVELL</Calle>
    <Lat>32.927120</Lat>
    <Lon>60.676047</Lon>
    <Dis>1606.099</Dis>
    <Cta>491</Cta>
    <CodSec>13</CodSec>
  </S>
  <S>
    <Calle>GENOV</Calle>
    <Lat>32.915195</Lat>
    <Lon>60.685671</Lon>
    <Dis>2419.088</Dis>
    <Cta>576</Cta>
    <CodSec>13</CodSec>
  </S>
  <S>
    <Calle>PUCCI</Calle>
    <Lat>32.894253</Lat>
    <Lon>60.692278</Lon>
    <Dis>2703.101</Dis>
    <Cta>707</Cta>
    <CodSec>13</CodSec>
  </S>
  <S>
    <Calle>CIUDA</Calle>
    <Lat>32.870949</Lat>
    <Lon>60.699420</Lon>
    <Dis>4237.832</Dis>
    <Cta>850</Cta>
    <CodSec>14</CodSec>
  </S>
  <S>
    <Calle>CELUL</Calle>
    <Lat>32.834155</Lat>
    <Lon>60.710831</Lon>
    <Dis>3886.732</Dis>
    <Cta>1075</Cta>
    <CodSec>15</CodSec>
  </S>
  <S>
    <Calle>MALVI</Calle>
    <Lat>32.800377</Lat>
    <Lon>60.721067</Lon>
    <Dis>2593.488</Dis>
    <Cta>1285</Cta>
    <CodSec>16</CodSec>
  </S>
  <S>
    <Calle>M.MOR</Calle>
    <Lat>32.777804</Lat>
    <Lon>60.727899</Lon>
    <Dis>2570.660</Dis>
    <Cta>1428</Cta>
    <CodSec>17</CodSec>
  </S>
  <S>
    <Calle>BORGH</Calle>
    <Lat>32.755899</Lat>
    <Lon>60.734320</Lon>
    <Dis>2008.263</Dis>
    <Cta>1652</Cta>
    <CodSec>17</CodSec>
  </S>
  <S>
    <Calle>FALUC</Calle>
    <Lat>32.737902</Lat>
    <Lon>60.733902</Lon>
    <Dis>1942.109</Dis>
    <Cta>1764</Cta>
    <CodSec>17</CodSec>
  </S>
  <S>
    <Calle>P.PSM</Calle>
    <Lat>32.720594</Lat>
    <Lon>60.731834</Lon>
    <Dis>6137.769</Dis>
    <Cta>1871</Cta>
    <CodSec>18</CodSec>
  </S>
  <S>
    <Calle>VIAS.</Calle>
    <Lat>32.691463</Lat>
    <Lon>60.773824</Lon>
    <Dis>2538.779</Dis>
    <Cta>2273</Cta>
    <CodSec>19</CodSec>
  </S>
  <S>
    <Calle>TRENE</Calle>
    <Lat>32.672382</Lat>
    <Lon>60.788633</Lon>
    <Dis>4442.543</Dis>
    <Cta>2382</Cta>
    <CodSec>19</CodSec>
  </S>
  <S>
    <Calle>CRUCE</Calle>
    <Lat>32.638882</Lat>
    <Lon>60.814265</Lon>
    <Dis>9624.041</Dis>
    <Cta>2591</Cta>
    <CodSec>21</CodSec>
  </S>
  <S>
    <Calle>CIRCU</Calle>
    <Lat>32.671533</Lat>
    <Lon>60.882205</Lon>
    <Dis>0</Dis>
    <Cta>3204</Cta>
    <CodSec>21</CodSec>
  </S>
</Sector>