<?xml version="1.0" standalone="yes"?>
<Sector>
  <xs:schema id="Sector" xmlns="" xmlns:xs="http://www.w3.org/2001/XMLSchema" xmlns:msdata="urn:schemas-microsoft-com:xml-msdata">
    <xs:element name="Sector" msdata:IsDataSet="true" msdata:Locale="">
      <xs:complexType>
        <xs:choice minOccurs="0" maxOccurs="unbounded">
          <xs:element name="S" msdata:Locale="">
            <xs:complexType>
              <xs:sequence>
                <xs:element name="Calle" type="xs:string" minOccurs="0" />
                <xs:element name="Lat" type="xs:decimal" minOccurs="0" />
                <xs:element name="Lon" type="xs:decimal" minOccurs="0" />
                <xs:element name="Dis" type="xs:decimal" minOccurs="0" />
                <xs:element name="Cta" type="xs:int" minOccurs="0" />
                <xs:element name="CodSec" type="xs:int" minOccurs="0" />
              </xs:sequence>
            </xs:complexType>
          </xs:element>
        </xs:choice>
      </xs:complexType>
    </xs:element>
  </xs:schema>
  <S>
    <Calle>ESMER</Calle>
    <Lat>32.965994</Lat>
    <Lon>60.625593</Lon>
    <Dis>883.584</Dis>
    <Cta>1</Cta>
    <CodSec>13</CodSec>
  </S>
  <S>
    <Calle>PELLE</Calle>
    <Lat>32.960028</Lat>
    <Lon>60.626924</Lon>
    <Dis>1100.119</Dis>
    <Cta>44</Cta>
    <CodSec>13</CodSec>
  </S>
  <S>
    <Calle>MAIPU</Calle>
    <Lat>32.957741</Lat>
    <Lon>60.637964</Lon>
    <Dis>1479.921</Dis>
    <Cta>99</Cta>
    <CodSec>13</CodSec>
  </S>
  <S>
    <Calle>SJUAN</Calle>
    <Lat>32.949424</Lat>
    <Lon>60.643265</Lon>
    <Dis>1621.345</Dis>
    <Cta>171</Cta>
    <CodSec>13</CodSec>
  </S>
  <S>
    <Calle>ORO?O</Calle>
    <Lat>32.942418</Lat>
    <Lon>60.652610</Lon>
    <Dis>1709.019</Dis>
    <Cta>255</Cta>
    <CodSec>13</CodSec>
  </S>
  <S>
    <Calle>CAFFE</Calle>
    <Lat>32.939230</Lat>
    <Lon>60.670453</Lon>
    <Dis>883.920</Dis>
    <Cta>345</Cta>
    <CodSec>13</CodSec>
  </S>
  <S>
    <Calle>SLORE</Calle>
    <Lat>32.936952</Lat>
    <Lon>60.678529</Lon>
    <Dis>1119.149</Dis>
    <Cta>394</Cta>
    <CodSec>13</CodSec>
  </S>
  <S>
    <Calle>SABIN</Calle>
    <Lat>32.928177</Lat>
    <Lon>60.677498</Lon>
    <Dis>2879.857</Dis>
    <Cta>467</Cta>
    <CodSec>13</CodSec>
  </S>
  <S>
    <Calle>CCASA</Calle>
    <Lat>32.907415</Lat>
    <Lon>60.693335</Lon>
    <Dis>2350.668</Dis>
    <Cta>645</Cta>
    <CodSec>13</CodSec>
  </S>
  <S>
    <Calle>C.GRA</Calle>
    <Lat>32.893807</Lat>
    <Lon>60.706232</Lon>
    <Dis>1489.866</Dis>
    <Cta>775</Cta>
    <CodSec>13</CodSec>
  </S>
  <S>
    <Calle>MAKRO</Calle>
    <Lat>32.881577</Lat>
    <Lon>60.712082</Lon>
    <Dis>15948.553</Dis>
    <Cta>855</Cta>
    <CodSec>90</CodSec>
  </S>
  <S>
    <Calle>PEAJE</Calle>
    <Lat>32.748062</Lat>
    <Lon>60.758906</Lon>
    <Dis>1624.995</Dis>
    <Cta>1638</Cta>
    <CodSec>17</CodSec>
  </S>
  <S>
    <Calle>JMROS</Calle>
    <Lat>32.747580</Lat>
    <Lon>60.743364</Lon>
    <Dis>1416.012</Dis>
    <Cta>1745</Cta>
    <CodSec>17</CodSec>
  </S>
  <S>
    <Calle>BELGR</Calle>
    <Lat>32.746863</Lat>
    <Lon>60.734106</Lon>
    <Dis>1012.118</Dis>
    <Cta>1829</Cta>
    <CodSec>17</CodSec>
  </S>
  <S>
    <Calle>FALUC</Calle>
    <Lat>32.737900</Lat>
    <Lon>60.733900</Lon>
    <Dis>1941.711</Dis>
    <Cta>1886</Cta>
    <CodSec>17</CodSec>
  </S>
  <S>
    <Calle>P.PSM</Calle>
    <Lat>32.720594</Lat>
    <Lon>60.731833</Lon>
    <Dis>6125.795</Dis>
    <Cta>1993</Cta>
    <CodSec>18</CodSec>
  </S>
  <S>
    <Calle>VIAS.</Calle>
    <Lat>32.691469</Lat>
    <Lon>60.773837</Lon>
    <Dis>4092.841</Dis>
    <Cta>2388</Cta>
    <CodSec>19</CodSec>
  </S>
  <S>
    <Calle>TIMBU</Calle>
    <Lat>32.660567</Lat>
    <Lon>60.797491</Lon>
    <Dis>0</Dis>
    <Cta>2574</Cta>
    <CodSec>19</CodSec>
  </S>
</Sector>