<?xml version="1.0" standalone="yes"?>
<Sector>
  <xs:schema id="Sector" xmlns="" xmlns:xs="http://www.w3.org/2001/XMLSchema" xmlns:msdata="urn:schemas-microsoft-com:xml-msdata">
    <xs:element name="Sector" msdata:IsDataSet="true" msdata:Locale="">
      <xs:complexType>
        <xs:choice minOccurs="0" maxOccurs="unbounded">
          <xs:element name="S" msdata:Locale="">
            <xs:complexType>
              <xs:sequence>
                <xs:element name="Calle" type="xs:string" minOccurs="0" />
                <xs:element name="Lat" type="xs:decimal" minOccurs="0" />
                <xs:element name="Lon" type="xs:decimal" minOccurs="0" />
                <xs:element name="Dis" type="xs:decimal" minOccurs="0" />
                <xs:element name="Cta" type="xs:int" minOccurs="0" />
                <xs:element name="CodSec" type="xs:int" minOccurs="0" />
              </xs:sequence>
            </xs:complexType>
          </xs:element>
        </xs:choice>
      </xs:complexType>
    </xs:element>
  </xs:schema>
  <S>
    <Calle>TIMBU</Calle>
    <Lat>32.660520</Lat>
    <Lon>60.797454</Lon>
    <Dis>4119.382</Dis>
    <Cta>1</Cta>
    <CodSec>19</CodSec>
  </S>
  <S>
    <Calle>VIAS.</Calle>
    <Lat>32.691481</Lat>
    <Lon>60.773883</Lon>
    <Dis>5981.722</Dis>
    <Cta>187</Cta>
    <CodSec>18</CodSec>
  </S>
  <S>
    <Calle>P.PSM</Calle>
    <Lat>32.720607</Lat>
    <Lon>60.731847</Lon>
    <Dis>1942.167</Dis>
    <Cta>574</Cta>
    <CodSec>17</CodSec>
  </S>
  <S>
    <Calle>FALUC</Calle>
    <Lat>32.737905</Lat>
    <Lon>60.733951</Lon>
    <Dis>2004.853</Dis>
    <Cta>685</Cta>
    <CodSec>17</CodSec>
  </S>
  <S>
    <Calle>BORGH</Calle>
    <Lat>32.755892</Lat>
    <Lon>60.734397</Lon>
    <Dis>1347.442</Dis>
    <Cta>794</Cta>
    <CodSec>17</CodSec>
  </S>
  <S>
    <Calle>A012</Calle>
    <Lat>32.767443</Lat>
    <Lon>60.731714</Lon>
    <Dis>2065.676</Dis>
    <Cta>893</Cta>
    <CodSec>17</CodSec>
  </S>
  <S>
    <Calle>AuSFE</Calle>
    <Lat>32.768834</Lat>
    <Lon>60.750575</Lon>
    <Dis>13818.245</Dis>
    <Cta>1023</Cta>
    <CodSec>13</CodSec>
  </S>
  <S>
    <Calle>MAKRO</Calle>
    <Lat>32.881012</Lat>
    <Lon>60.712473</Lon>
    <Dis>1535.983</Dis>
    <Cta>1694</Cta>
    <CodSec>13</CodSec>
  </S>
  <S>
    <Calle>BAIGO</Calle>
    <Lat>32.893741</Lat>
    <Lon>60.706493</Lon>
    <Dis>1957.650</Dis>
    <Cta>1781</Cta>
    <CodSec>13</CodSec>
  </S>
  <S>
    <Calle>SORRE</Calle>
    <Lat>32.907128</Lat>
    <Lon>60.696013</Lon>
    <Dis>3244.421</Dis>
    <Cta>1885</Cta>
    <CodSec>13</CodSec>
  </S>
  <S>
    <Calle>AVELL</Calle>
    <Lat>32.928829</Lat>
    <Lon>60.676693</Lon>
    <Dis>899.115</Dis>
    <Cta>2079</Cta>
    <CodSec>13</CodSec>
  </S>
  <S>
    <Calle>SLORE</Calle>
    <Lat>32.936640</Lat>
    <Lon>60.678534</Lon>
    <Dis>1611.126</Dis>
    <Cta>2136</Cta>
    <CodSec>13</CodSec>
  </S>
  <S>
    <Calle>AvFRA</Calle>
    <Lat>32.936852</Lat>
    <Lon>60.664530</Lon>
    <Dis>1445.429</Dis>
    <Cta>2234</Cta>
    <CodSec>13</CodSec>
  </S>
  <S>
    <Calle>ORO?O</Calle>
    <Lat>32.941390</Lat>
    <Lon>60.652970</Lon>
    <Dis>2490.996</Dis>
    <Cta>2312</Cta>
    <CodSec>13</CodSec>
  </S>
  <S>
    <Calle>PELLE</Calle>
    <Lat>32.956360</Lat>
    <Lon>60.646327</Lon>
    <Dis>882.797</Dis>
    <Cta>2443</Cta>
    <CodSec>13</CodSec>
  </S>
  <S>
    <Calle>LAPRI</Calle>
    <Lat>32.958064</Lat>
    <Lon>60.637107</Lon>
    <Dis>843.681</Dis>
    <Cta>2488</Cta>
    <CodSec>13</CodSec>
  </S>
  <S>
    <Calle>COLON</Calle>
    <Lat>32.959615</Lat>
    <Lon>60.628396</Lon>
    <Dis>1308.766</Dis>
    <Cta>2529</Cta>
    <CodSec>13</CodSec>
  </S>
  <S>
    <Calle>ESMER</Calle>
    <Lat>32.965987</Lat>
    <Lon>60.625605</Lon>
    <Dis>0</Dis>
    <Cta>2595</Cta>
    <CodSec>13</CodSec>
  </S>
</Sector>