<?xml version="1.0" standalone="yes"?>
<Version>
  <xs:schema id="Version" xmlns="" xmlns:xs="http://www.w3.org/2001/XMLSchema" xmlns:msdata="urn:schemas-microsoft-com:xml-msdata">
    <xs:element name="Version" msdata:IsDataSet="true" msdata:UseCurrentLocale="true">
      <xs:complexType>
        <xs:choice minOccurs="0" maxOccurs="unbounded">
          <xs:element name="datosVersion">
            <xs:complexType>
              <xs:sequence>
                <xs:element name="nroVersion" type="xs:int" minOccurs="0" />
                <xs:element name="fechaActivacion" type="xs:dateTime" minOccurs="0" />
              </xs:sequence>
            </xs:complexType>
          </xs:element>
          <xs:element name="archivos">
            <xs:complexType>
              <xs:sequence>
                <xs:element name="archivo" type="xs:string" minOccurs="0" />
                <xs:element name="hash" type="xs:string" minOccurs="0" />
              </xs:sequence>
            </xs:complexType>
          </xs:element>
        </xs:choice>
      </xs:complexType>
    </xs:element>
  </xs:schema>
  <datosVersion>
    <nroVersion>26</nroVersion>
    <fechaActivacion>2019-07-01T00:00:00-03:00</fechaActivacion>
  </datosVersion>
  <archivos>
    <archivo>s01030183.xml</archivo>
    <hash>770CED61CAEA9CBB59F3B5AE31332BCA</hash>
  </archivos>
  <archivos>
    <archivo>s01030214.xml</archivo>
    <hash>077F2E673FCD9313BF2BDB3B4406A9CB</hash>
  </archivos>
  <archivos>
    <archivo>s01030215.xml</archivo>
    <hash>69098EC34F3CB3D1C954E61A33037762</hash>
  </archivos>
  <archivos>
    <archivo>s01030221.xml</archivo>
    <hash>CEC3F925BCD822812603BF516EFF7097</hash>
  </archivos>
  <archivos>
    <archivo>s01030222.xml</archivo>
    <hash>A113E53FD656F6034E79A6D28AA1445F</hash>
  </archivos>
  <archivos>
    <archivo>s01030255.xml</archivo>
    <hash>4C2A238C94E16BFE4DBE3737F1739E6D</hash>
  </archivos>
  <archivos>
    <archivo>s01030256.xml</archivo>
    <hash>A664933CFEC9A93FDBB7A5CE36C4404F</hash>
  </archivos>
  <archivos>
    <archivo>s01030343.xml</archivo>
    <hash>86F1A2637348E7365D5FEA5473456C92</hash>
  </archivos>
  <archivos>
    <archivo>s01030344.xml</archivo>
    <hash>0F03EEEED68B134193BA3969037F0352</hash>
  </archivos>
  <archivos>
    <archivo>s01030484.xml</archivo>
    <hash>30CF2C46E1CB71F456CF068042EDCA7D</hash>
  </archivos>
  <archivos>
    <archivo>s01030757.xml</archivo>
    <hash>52F8CFFCF38746C6C4FCF84476B0DAD2</hash>
  </archivos>
  <archivos>
    <archivo>s01030758.xml</archivo>
    <hash>D6A739720C235E7F058C66D6A2F7F82C</hash>
  </archivos>
  <archivos>
    <archivo>s01030823.xml</archivo>
    <hash>2289D36A8C39D5D7677015EDB599E685</hash>
  </archivos>
  <archivos>
    <archivo>s01030824.xml</archivo>
    <hash>0A6E5E9ECF60C4A06769A6F4160F4964</hash>
  </archivos>
  <archivos>
    <archivo>s01030825.xml</archivo>
    <hash>3EB12EF0D7BFBAE205E01FC026EE3046</hash>
  </archivos>
  <archivos>
    <archivo>s01030826.xml</archivo>
    <hash>0CDB5380340433A85E0C71D0FE48845B</hash>
  </archivos>
  <archivos>
    <archivo>s01030879.xml</archivo>
    <hash>CFEEF7BACFB97ECB67287EAB8E5C9C82</hash>
  </archivos>
  <archivos>
    <archivo>r01030183.txt</archivo>
    <hash>48C1E8F3DB91667E34F61DD41B543244</hash>
  </archivos>
  <archivos>
    <archivo>r01030214.txt</archivo>
    <hash>B1016F7F00754E97A78D707E2D7C8805</hash>
  </archivos>
  <archivos>
    <archivo>r01030215.txt</archivo>
    <hash>8288F5701B34B42805D8BC05085A771B</hash>
  </archivos>
  <archivos>
    <archivo>r01030221.txt</archivo>
    <hash>9AE6AAA886FB120205CB9744637D64CF</hash>
  </archivos>
  <archivos>
    <archivo>r01030222.txt</archivo>
    <hash>98D2F3E1A39B4D6FF12CEDB98C8E1F1C</hash>
  </archivos>
  <archivos>
    <archivo>r01030255.txt</archivo>
    <hash>94D057C44D82E41CFAD8F687E121F13A</hash>
  </archivos>
  <archivos>
    <archivo>r01030256.txt</archivo>
    <hash>7D51FF1B5F7B6CBC54E7094A05D445ED</hash>
  </archivos>
  <archivos>
    <archivo>r01030343.txt</archivo>
    <hash>92AA3356F1A03ED371C330969D753E1B</hash>
  </archivos>
  <archivos>
    <archivo>r01030344.txt</archivo>
    <hash>42BE744128F818E44B3E4DC008F948ED</hash>
  </archivos>
  <archivos>
    <archivo>r01030484.txt</archivo>
    <hash>3DCFD8EB74303993636EC2EF6C93A952</hash>
  </archivos>
  <archivos>
    <archivo>r01030757.txt</archivo>
    <hash>8B58FEAEBF19BF03A7D08400D4FDA878</hash>
  </archivos>
  <archivos>
    <archivo>r01030758.txt</archivo>
    <hash>9A5BA1CF047A2C72AC14294E9801A40D</hash>
  </archivos>
  <archivos>
    <archivo>r01030823.txt</archivo>
    <hash>3B48B877317667D31714413956220374</hash>
  </archivos>
  <archivos>
    <archivo>r01030824.txt</archivo>
    <hash>521A9B17A896E889B83C56DEB1A6CB6A</hash>
  </archivos>
  <archivos>
    <archivo>r01030825.txt</archivo>
    <hash>F98D384DAD71C043D1032C223746BEF7</hash>
  </archivos>
  <archivos>
    <archivo>r01030826.txt</archivo>
    <hash>51DBF606E640F472FFAA8F63D8CA14B9</hash>
  </archivos>
  <archivos>
    <archivo>r01030879.txt</archivo>
    <hash>6651E58E65396AB1C6CE68B06C951307</hash>
  </archivos>
  <archivos>
    <archivo>sectoresTarifarios.xml</archivo>
    <hash>26D6A6D71EACD2AD157620B35A8551D4</hash>
  </archivos>
</Version>