<?xml version="1.0" standalone="yes"?>
<Sector>
  <xs:schema id="Sector" xmlns="" xmlns:xs="http://www.w3.org/2001/XMLSchema" xmlns:msdata="urn:schemas-microsoft-com:xml-msdata">
    <xs:element name="Sector" msdata:IsDataSet="true" msdata:Locale="">
      <xs:complexType>
        <xs:choice minOccurs="0" maxOccurs="unbounded">
          <xs:element name="S" msdata:Locale="">
            <xs:complexType>
              <xs:sequence>
                <xs:element name="Calle" type="xs:string" minOccurs="0" />
                <xs:element name="Lat" type="xs:decimal" minOccurs="0" />
                <xs:element name="Lon" type="xs:decimal" minOccurs="0" />
                <xs:element name="Dis" type="xs:decimal" minOccurs="0" />
                <xs:element name="Cta" type="xs:int" minOccurs="0" />
                <xs:element name="CodSec" type="xs:int" minOccurs="0" />
              </xs:sequence>
            </xs:complexType>
          </xs:element>
        </xs:choice>
      </xs:complexType>
    </xs:element>
  </xs:schema>
  <S>
    <Calle>ROBAM</Calle>
    <Lat>32.965994</Lat>
    <Lon>60.625593</Lon>
    <Dis>849.330</Dis>
    <Cta>1</Cta>
    <CodSec>13</CodSec>
  </S>
  <S>
    <Calle>PEL</Calle>
    <Lat>32.960028</Lat>
    <Lon>60.626924</Lon>
    <Dis>1081.710</Dis>
    <Cta>35</Cta>
    <CodSec>13</CodSec>
  </S>
  <S>
    <Calle>MAIP1</Calle>
    <Lat>32.957741</Lat>
    <Lon>60.637964</Lon>
    <Dis>1478.500</Dis>
    <Cta>78</Cta>
    <CodSec>13</CodSec>
  </S>
  <S>
    <Calle>SJUA1</Calle>
    <Lat>32.949424</Lat>
    <Lon>60.643265</Lon>
    <Dis>1592.000</Dis>
    <Cta>131</Cta>
    <CodSec>13</CodSec>
  </S>
  <S>
    <Calle>ORO?O</Calle>
    <Lat>32.942418</Lat>
    <Lon>60.652610</Lon>
    <Dis>1702.400</Dis>
    <Cta>188</Cta>
    <CodSec>13</CodSec>
  </S>
  <S>
    <Calle>CAFER</Calle>
    <Lat>32.939230</Lat>
    <Lon>60.670453</Lon>
    <Dis>879.080</Dis>
    <Cta>247</Cta>
    <CodSec>13</CodSec>
  </S>
  <S>
    <Calle>SLOR1</Calle>
    <Lat>32.936952</Lat>
    <Lon>60.678529</Lon>
    <Dis>1101.100</Dis>
    <Cta>277</Cta>
    <CodSec>13</CodSec>
  </S>
  <S>
    <Calle>TRAVE</Calle>
    <Lat>32.928177</Lat>
    <Lon>60.677498</Lon>
    <Dis>2857.570</Dis>
    <Cta>316</Cta>
    <CodSec>13</CodSec>
  </S>
  <S>
    <Calle>SORRE</Calle>
    <Lat>32.907415</Lat>
    <Lon>60.693335</Lon>
    <Dis>2264.750</Dis>
    <Cta>430</Cta>
    <CodSec>13</CodSec>
  </S>
  <S>
    <Calle>C.GRA</Calle>
    <Lat>32.893807</Lat>
    <Lon>60.706232</Lon>
    <Dis>1477.450</Dis>
    <Cta>524</Cta>
    <CodSec>13</CodSec>
  </S>
  <S>
    <Calle>MAKRO</Calle>
    <Lat>32.881577</Lat>
    <Lon>60.712082</Lon>
    <Dis>15933.100</Dis>
    <Cta>590</Cta>
    <CodSec>90</CodSec>
  </S>
  <S>
    <Calle>PEAJ</Calle>
    <Lat>32.748062</Lat>
    <Lon>60.758906</Lon>
    <Dis>1578.150</Dis>
    <Cta>1156</Cta>
    <CodSec>17</CodSec>
  </S>
  <S>
    <Calle>JMROS</Calle>
    <Lat>32.747580</Lat>
    <Lon>60.743364</Lon>
    <Dis>1373.030</Dis>
    <Cta>1218</Cta>
    <CodSec>17</CodSec>
  </S>
  <S>
    <Calle>BELG4</Calle>
    <Lat>32.746863</Lat>
    <Lon>60.734106</Lon>
    <Dis>996.870</Dis>
    <Cta>1278</Cta>
    <CodSec>17</CodSec>
  </S>
  <S>
    <Calle>FALU1</Calle>
    <Lat>32.737900</Lat>
    <Lon>60.733900</Lon>
    <Dis>1936.080</Dis>
    <Cta>1315</Cta>
    <CodSec>17</CodSec>
  </S>
  <S>
    <Calle>PUEN1</Calle>
    <Lat>32.720594</Lat>
    <Lon>60.731833</Lon>
    <Dis>6095.930</Dis>
    <Cta>1386</Cta>
    <CodSec>18</CodSec>
  </S>
  <S>
    <Calle>VIAS2</Calle>
    <Lat>32.691469</Lat>
    <Lon>60.773837</Lon>
    <Dis>4094.310</Dis>
    <Cta>1616</Cta>
    <CodSec>19</CodSec>
  </S>
  <S>
    <Calle>TIMBU</Calle>
    <Lat>32.660567</Lat>
    <Lon>60.797491</Lon>
    <Dis>0</Dis>
    <Cta>1765</Cta>
    <CodSec>19</CodSec>
  </S>
</Sector>