<?xml version="1.0" standalone="yes"?>
<Sector>
  <xs:schema id="Sector" xmlns="" xmlns:xs="http://www.w3.org/2001/XMLSchema" xmlns:msdata="urn:schemas-microsoft-com:xml-msdata">
    <xs:element name="Sector" msdata:IsDataSet="true" msdata:Locale="">
      <xs:complexType>
        <xs:choice minOccurs="0" maxOccurs="unbounded">
          <xs:element name="S" msdata:Locale="">
            <xs:complexType>
              <xs:sequence>
                <xs:element name="Calle" type="xs:string" minOccurs="0" />
                <xs:element name="Lat" type="xs:decimal" minOccurs="0" />
                <xs:element name="Lon" type="xs:decimal" minOccurs="0" />
                <xs:element name="Dis" type="xs:decimal" minOccurs="0" />
                <xs:element name="Cta" type="xs:int" minOccurs="0" />
                <xs:element name="CodSec" type="xs:int" minOccurs="0" />
              </xs:sequence>
            </xs:complexType>
          </xs:element>
        </xs:choice>
      </xs:complexType>
    </xs:element>
  </xs:schema>
  <S>
    <Calle>ROBAM</Calle>
    <Lat>32.965993</Lat>
    <Lon>60.625597</Lon>
    <Dis>850.940</Dis>
    <Cta>1</Cta>
    <CodSec>13</CodSec>
  </S>
  <S>
    <Calle>PEL</Calle>
    <Lat>32.960027</Lat>
    <Lon>60.626931</Lon>
    <Dis>1081.780</Dis>
    <Cta>35</Cta>
    <CodSec>13</CodSec>
  </S>
  <S>
    <Calle>MAIP1</Calle>
    <Lat>32.957744</Lat>
    <Lon>60.637966</Lon>
    <Dis>1477.970</Dis>
    <Cta>77</Cta>
    <CodSec>13</CodSec>
  </S>
  <S>
    <Calle>SJUA1</Calle>
    <Lat>32.949425</Lat>
    <Lon>60.643260</Lon>
    <Dis>1593.480</Dis>
    <Cta>129</Cta>
    <CodSec>13</CodSec>
  </S>
  <S>
    <Calle>ORO?O</Calle>
    <Lat>32.942409</Lat>
    <Lon>60.652620</Lon>
    <Dis>1702.960</Dis>
    <Cta>186</Cta>
    <CodSec>13</CodSec>
  </S>
  <S>
    <Calle>CAFER</Calle>
    <Lat>32.939227</Lat>
    <Lon>60.670471</Lon>
    <Dis>877.380</Dis>
    <Cta>245</Cta>
    <CodSec>13</CodSec>
  </S>
  <S>
    <Calle>SLOR1</Calle>
    <Lat>32.936952</Lat>
    <Lon>60.678529</Lon>
    <Dis>1100.720</Dis>
    <Cta>275</Cta>
    <CodSec>13</CodSec>
  </S>
  <S>
    <Calle>TRAVE</Calle>
    <Lat>32.928175</Lat>
    <Lon>60.677498</Lon>
    <Dis>2857.760</Dis>
    <Cta>315</Cta>
    <CodSec>13</CodSec>
  </S>
  <S>
    <Calle>SORRE</Calle>
    <Lat>32.907415</Lat>
    <Lon>60.693337</Lon>
    <Dis>2264.380</Dis>
    <Cta>424</Cta>
    <CodSec>13</CodSec>
  </S>
  <S>
    <Calle>C.GRA</Calle>
    <Lat>32.893807</Lat>
    <Lon>60.706232</Lon>
    <Dis>1477.530</Dis>
    <Cta>516</Cta>
    <CodSec>13</CodSec>
  </S>
  <S>
    <Calle>MAKRO</Calle>
    <Lat>32.881576</Lat>
    <Lon>60.712073</Lon>
    <Dis>15932.780</Dis>
    <Cta>578</Cta>
    <CodSec>90</CodSec>
  </S>
  <S>
    <Calle>PEAJ</Calle>
    <Lat>32.748068</Lat>
    <Lon>60.758904</Lon>
    <Dis>1579.380</Dis>
    <Cta>1150</Cta>
    <CodSec>17</CodSec>
  </S>
  <S>
    <Calle>JMROS</Calle>
    <Lat>32.747570</Lat>
    <Lon>60.743363</Lon>
    <Dis>1372.980</Dis>
    <Cta>1211</Cta>
    <CodSec>17</CodSec>
  </S>
  <S>
    <Calle>BELG4</Calle>
    <Lat>32.746863</Lat>
    <Lon>60.734105</Lon>
    <Dis>996.850</Dis>
    <Cta>1277</Cta>
    <CodSec>17</CodSec>
  </S>
  <S>
    <Calle>FALU1</Calle>
    <Lat>32.737900</Lat>
    <Lon>60.733900</Lon>
    <Dis>1936.070</Dis>
    <Cta>1313</Cta>
    <CodSec>17</CodSec>
  </S>
  <S>
    <Calle>PUEN1</Calle>
    <Lat>32.720594</Lat>
    <Lon>60.731834</Lon>
    <Dis>6096.090</Dis>
    <Cta>1384</Cta>
    <CodSec>18</CodSec>
  </S>
  <S>
    <Calle>VIAS2</Calle>
    <Lat>32.691469</Lat>
    <Lon>60.773837</Lon>
    <Dis>2533.520</Dis>
    <Cta>1617</Cta>
    <CodSec>19</CodSec>
  </S>
  <S>
    <Calle>TIMBU</Calle>
    <Lat>32.672381</Lat>
    <Lon>60.788616</Lon>
    <Dis>4437.880</Dis>
    <Cta>1711</Cta>
    <CodSec>19</CodSec>
  </S>
  <S>
    <Calle>CRUC1</Calle>
    <Lat>32.638896</Lat>
    <Lon>60.814392</Lon>
    <Dis>9551.240</Dis>
    <Cta>1873</Cta>
    <CodSec>21</CodSec>
  </S>
  <S>
    <Calle>ANDIN</Calle>
    <Lat>32.671588</Lat>
    <Lon>60.882277</Lon>
    <Dis>0</Dis>
    <Cta>2254</Cta>
    <CodSec>21</CodSec>
  </S>
</Sector>