<?xml version="1.0" standalone="yes"?>
<Sector>
  <xs:schema id="Sector" xmlns="" xmlns:xs="http://www.w3.org/2001/XMLSchema" xmlns:msdata="urn:schemas-microsoft-com:xml-msdata">
    <xs:element name="Sector" msdata:IsDataSet="true" msdata:Locale="">
      <xs:complexType>
        <xs:choice minOccurs="0" maxOccurs="unbounded">
          <xs:element name="S" msdata:Locale="">
            <xs:complexType>
              <xs:sequence>
                <xs:element name="Calle" type="xs:string" minOccurs="0" />
                <xs:element name="Lat" type="xs:decimal" minOccurs="0" />
                <xs:element name="Lon" type="xs:decimal" minOccurs="0" />
                <xs:element name="Dis" type="xs:decimal" minOccurs="0" />
                <xs:element name="Cta" type="xs:int" minOccurs="0" />
                <xs:element name="CodSec" type="xs:int" minOccurs="0" />
              </xs:sequence>
            </xs:complexType>
          </xs:element>
        </xs:choice>
      </xs:complexType>
    </xs:element>
  </xs:schema>
  <S>
    <Calle>ANDIN</Calle>
    <Lat>32.671589</Lat>
    <Lon>60.882236</Lon>
    <Dis>8713.750</Dis>
    <Cta>1</Cta>
    <CodSec>21</CodSec>
  </S>
  <S>
    <Calle>CRUC1</Calle>
    <Lat>32.638914</Lat>
    <Lon>60.814433</Lon>
    <Dis>4430.390</Dis>
    <Cta>345</Cta>
    <CodSec>19</CodSec>
  </S>
  <S>
    <Calle>TIMBU</Calle>
    <Lat>32.672343</Lat>
    <Lon>60.788711</Lon>
    <Dis>2540.590</Dis>
    <Cta>506</Cta>
    <CodSec>19</CodSec>
  </S>
  <S>
    <Calle>VIAS2</Calle>
    <Lat>32.691481</Lat>
    <Lon>60.773883</Lon>
    <Dis>5923.390</Dis>
    <Cta>606</Cta>
    <CodSec>18</CodSec>
  </S>
  <S>
    <Calle>PUEN1</Calle>
    <Lat>32.720607</Lat>
    <Lon>60.731847</Lon>
    <Dis>1935.720</Dis>
    <Cta>828</Cta>
    <CodSec>17</CodSec>
  </S>
  <S>
    <Calle>FALU1</Calle>
    <Lat>32.737904</Lat>
    <Lon>60.733948</Lon>
    <Dis>980.930</Dis>
    <Cta>898</Cta>
    <CodSec>17</CodSec>
  </S>
  <S>
    <Calle>BELG4</Calle>
    <Lat>32.746725</Lat>
    <Lon>60.734138</Lon>
    <Dis>938.710</Dis>
    <Cta>934</Cta>
    <CodSec>17</CodSec>
  </S>
  <S>
    <Calle>JMROS</Calle>
    <Lat>32.747542</Lat>
    <Lon>60.743076</Lon>
    <Dis>1630.930</Dis>
    <Cta>971</Cta>
    <CodSec>17</CodSec>
  </S>
  <S>
    <Calle>PEAJ</Calle>
    <Lat>32.748156</Lat>
    <Lon>60.759169</Lon>
    <Dis>16409.510</Dis>
    <Cta>1034</Cta>
    <CodSec>17</CodSec>
  </S>
  <S>
    <Calle>MAKRO</Calle>
    <Lat>32.881587</Lat>
    <Lon>60.712131</Lon>
    <Dis>1465.480</Dis>
    <Cta>1620</Cta>
    <CodSec>13</CodSec>
  </S>
  <S>
    <Calle>BAIG1</Calle>
    <Lat>32.893748</Lat>
    <Lon>60.706493</Lon>
    <Dis>1938.880</Dis>
    <Cta>1680</Cta>
    <CodSec>13</CodSec>
  </S>
  <S>
    <Calle>SORRE</Calle>
    <Lat>32.907128</Lat>
    <Lon>60.696012</Lon>
    <Dis>3218.350</Dis>
    <Cta>1759</Cta>
    <CodSec>13</CodSec>
  </S>
  <S>
    <Calle>AVEL1</Calle>
    <Lat>32.928829</Lat>
    <Lon>60.676693</Lon>
    <Dis>904.580</Dis>
    <Cta>1888</Cta>
    <CodSec>13</CodSec>
  </S>
  <S>
    <Calle>SLOR1</Calle>
    <Lat>32.936783</Lat>
    <Lon>60.678534</Lon>
    <Dis>1538.180</Dis>
    <Cta>1922</Cta>
    <CodSec>13</CodSec>
  </S>
  <S>
    <Calle>AvFRA</Calle>
    <Lat>32.936852</Lat>
    <Lon>60.664530</Lon>
    <Dis>1422.240</Dis>
    <Cta>1980</Cta>
    <CodSec>13</CodSec>
  </S>
  <S>
    <Calle>ORO?O</Calle>
    <Lat>32.941388</Lat>
    <Lon>60.652971</Lon>
    <Dis>2423.350</Dis>
    <Cta>2033</Cta>
    <CodSec>13</CodSec>
  </S>
  <S>
    <Calle>PELE1</Calle>
    <Lat>32.956178</Lat>
    <Lon>60.646454</Lon>
    <Dis>927.090</Dis>
    <Cta>2117</Cta>
    <CodSec>13</CodSec>
  </S>
  <S>
    <Calle>LAPRI</Calle>
    <Lat>32.958065</Lat>
    <Lon>60.636975</Lon>
    <Dis>818.800</Dis>
    <Cta>2152</Cta>
    <CodSec>13</CodSec>
  </S>
  <S>
    <Calle>COLON</Calle>
    <Lat>32.959614</Lat>
    <Lon>60.628396</Lon>
    <Dis>1286.730</Dis>
    <Cta>2182</Cta>
    <CodSec>13</CodSec>
  </S>
  <S>
    <Calle>ROBAM</Calle>
    <Lat>32.965993</Lat>
    <Lon>60.625597</Lon>
    <Dis>0</Dis>
    <Cta>2235</Cta>
    <CodSec>90</CodSec>
  </S>
</Sector>