<?xml version="1.0" standalone="yes"?>
<Sector>
  <xs:schema id="Sector" xmlns="" xmlns:xs="http://www.w3.org/2001/XMLSchema" xmlns:msdata="urn:schemas-microsoft-com:xml-msdata">
    <xs:element name="Sector" msdata:IsDataSet="true" msdata:Locale="">
      <xs:complexType>
        <xs:choice minOccurs="0" maxOccurs="unbounded">
          <xs:element name="S" msdata:Locale="">
            <xs:complexType>
              <xs:sequence>
                <xs:element name="Calle" type="xs:string" minOccurs="0" />
                <xs:element name="Lat" type="xs:decimal" minOccurs="0" />
                <xs:element name="Lon" type="xs:decimal" minOccurs="0" />
                <xs:element name="Dis" type="xs:decimal" minOccurs="0" />
                <xs:element name="Cta" type="xs:int" minOccurs="0" />
                <xs:element name="CodSec" type="xs:int" minOccurs="0" />
              </xs:sequence>
            </xs:complexType>
          </xs:element>
        </xs:choice>
      </xs:complexType>
    </xs:element>
  </xs:schema>
  <S>
    <Calle>MAIP1</Calle>
    <Lat>32.968100</Lat>
    <Lon>60.641299</Lon>
    <Dis>2361.890</Dis>
    <Cta>1</Cta>
    <CodSec>13</CodSec>
  </S>
  <S>
    <Calle>PELE2</Calle>
    <Lat>32.956607</Lat>
    <Lon>60.645077</Lon>
    <Dis>816.830</Dis>
    <Cta>91</Cta>
    <CodSec>13</CodSec>
  </S>
  <S>
    <Calle>SJUA1</Calle>
    <Lat>32.949420</Lat>
    <Lon>60.643261</Lon>
    <Dis>414.050</Dis>
    <Cta>122</Cta>
    <CodSec>13</CodSec>
  </S>
  <S>
    <Calle>CORD1</Calle>
    <Lat>32.945772</Lat>
    <Lon>60.642371</Lon>
    <Dis>1182.580</Dis>
    <Cta>137</Cta>
    <CodSec>13</CodSec>
  </S>
  <S>
    <Calle>ORO?O</Calle>
    <Lat>32.942393</Lat>
    <Lon>60.652671</Lon>
    <Dis>1696.570</Dis>
    <Cta>177</Cta>
    <CodSec>13</CodSec>
  </S>
  <S>
    <Calle>CAFER</Calle>
    <Lat>32.939222</Lat>
    <Lon>60.670454</Lon>
    <Dis>2135.800</Dis>
    <Cta>236</Cta>
    <CodSec>13</CodSec>
  </S>
  <S>
    <Calle>AVEL1</Calle>
    <Lat>32.927120</Lat>
    <Lon>60.676047</Lon>
    <Dis>1596.500</Dis>
    <Cta>311</Cta>
    <CodSec>13</CodSec>
  </S>
  <S>
    <Calle>GENOV</Calle>
    <Lat>32.915186</Lat>
    <Lon>60.685553</Lon>
    <Dis>2415.660</Dis>
    <Cta>366</Cta>
    <CodSec>13</CodSec>
  </S>
  <S>
    <Calle>PUCCI</Calle>
    <Lat>32.894253</Lat>
    <Lon>60.692278</Lon>
    <Dis>2675.910</Dis>
    <Cta>450</Cta>
    <CodSec>13</CodSec>
  </S>
  <S>
    <Calle>CIUDA</Calle>
    <Lat>32.870949</Lat>
    <Lon>60.699420</Lon>
    <Dis>4229.100</Dis>
    <Cta>543</Cta>
    <CodSec>14</CodSec>
  </S>
  <S>
    <Calle>CELUL</Calle>
    <Lat>32.834155</Lat>
    <Lon>60.710831</Lon>
    <Dis>3875.740</Dis>
    <Cta>689</Cta>
    <CodSec>15</CodSec>
  </S>
  <S>
    <Calle>IMALV</Calle>
    <Lat>32.800377</Lat>
    <Lon>60.721067</Lon>
    <Dis>2590.070</Dis>
    <Cta>824</Cta>
    <CodSec>16</CodSec>
  </S>
  <S>
    <Calle>MRENO</Calle>
    <Lat>32.777804</Lat>
    <Lon>60.727899</Lon>
    <Dis>2520.730</Dis>
    <Cta>913</Cta>
    <CodSec>17</CodSec>
  </S>
  <S>
    <Calle>BORGH</Calle>
    <Lat>32.755899</Lat>
    <Lon>60.734320</Lon>
    <Dis>2001.730</Dis>
    <Cta>1008</Cta>
    <CodSec>17</CodSec>
  </S>
  <S>
    <Calle>FALU1</Calle>
    <Lat>32.737902</Lat>
    <Lon>60.733902</Lon>
    <Dis>1936.110</Dis>
    <Cta>1077</Cta>
    <CodSec>17</CodSec>
  </S>
  <S>
    <Calle>PUEN1</Calle>
    <Lat>32.720594</Lat>
    <Lon>60.731834</Lon>
    <Dis>6098.480</Dis>
    <Cta>1146</Cta>
    <CodSec>18</CodSec>
  </S>
  <S>
    <Calle>VIAS2</Calle>
    <Lat>32.691463</Lat>
    <Lon>60.773824</Lon>
    <Dis>2534.200</Dis>
    <Cta>1384</Cta>
    <CodSec>19</CodSec>
  </S>
  <S>
    <Calle>TIMBU</Calle>
    <Lat>32.672382</Lat>
    <Lon>60.788633</Lon>
    <Dis>4432.320</Dis>
    <Cta>1475</Cta>
    <CodSec>19</CodSec>
  </S>
  <S>
    <Calle>CRUC1</Calle>
    <Lat>32.638882</Lat>
    <Lon>60.814265</Lon>
    <Dis>9545.600</Dis>
    <Cta>1638</Cta>
    <CodSec>21</CodSec>
  </S>
  <S>
    <Calle>ANDIN</Calle>
    <Lat>32.671393</Lat>
    <Lon>60.882125</Lon>
    <Dis>0</Dis>
    <Cta>2029</Cta>
    <CodSec>21</CodSec>
  </S>
</Sector>