<?xml version="1.0" standalone="yes"?>
<Sector>
  <xs:schema id="Sector" xmlns="" xmlns:xs="http://www.w3.org/2001/XMLSchema" xmlns:msdata="urn:schemas-microsoft-com:xml-msdata">
    <xs:element name="Sector" msdata:IsDataSet="true" msdata:Locale="">
      <xs:complexType>
        <xs:choice minOccurs="0" maxOccurs="unbounded">
          <xs:element name="S" msdata:Locale="">
            <xs:complexType>
              <xs:sequence>
                <xs:element name="Calle" type="xs:string" minOccurs="0" />
                <xs:element name="Lat" type="xs:decimal" minOccurs="0" />
                <xs:element name="Lon" type="xs:decimal" minOccurs="0" />
                <xs:element name="Dis" type="xs:decimal" minOccurs="0" />
                <xs:element name="Cta" type="xs:int" minOccurs="0" />
                <xs:element name="CodSec" type="xs:int" minOccurs="0" />
              </xs:sequence>
            </xs:complexType>
          </xs:element>
        </xs:choice>
      </xs:complexType>
    </xs:element>
  </xs:schema>
  <S>
    <Calle>ANDIN</Calle>
    <Lat>32.671578</Lat>
    <Lon>60.882228</Lon>
    <Dis>8714.260</Dis>
    <Cta>1</Cta>
    <CodSec>21</CodSec>
  </S>
  <S>
    <Calle>CRUC1</Calle>
    <Lat>32.638916</Lat>
    <Lon>60.814431</Lon>
    <Dis>4428.830</Dis>
    <Cta>342</Cta>
    <CodSec>19</CodSec>
  </S>
  <S>
    <Calle>TIMBU</Calle>
    <Lat>32.672326</Lat>
    <Lon>60.788708</Lon>
    <Dis>2542.040</Dis>
    <Cta>503</Cta>
    <CodSec>19</CodSec>
  </S>
  <S>
    <Calle>VIAS2</Calle>
    <Lat>32.691481</Lat>
    <Lon>60.773883</Lon>
    <Dis>5923.420</Dis>
    <Cta>603</Cta>
    <CodSec>18</CodSec>
  </S>
  <S>
    <Calle>PUEN1</Calle>
    <Lat>32.720607</Lat>
    <Lon>60.731847</Lon>
    <Dis>1935.780</Dis>
    <Cta>825</Cta>
    <CodSec>17</CodSec>
  </S>
  <S>
    <Calle>FALU1</Calle>
    <Lat>32.737905</Lat>
    <Lon>60.733951</Lon>
    <Dis>2000.580</Dis>
    <Cta>895</Cta>
    <CodSec>17</CodSec>
  </S>
  <S>
    <Calle>BORGH</Calle>
    <Lat>32.755892</Lat>
    <Lon>60.734397</Lon>
    <Dis>1331.710</Dis>
    <Cta>963</Cta>
    <CodSec>17</CodSec>
  </S>
  <S>
    <Calle>AO12.</Calle>
    <Lat>32.767443</Lat>
    <Lon>60.731714</Lon>
    <Dis>2042.820</Dis>
    <Cta>1011</Cta>
    <CodSec>17</CodSec>
  </S>
  <S>
    <Calle>AUTP3</Calle>
    <Lat>32.768834</Lat>
    <Lon>60.750661</Lon>
    <Dis>13853.220</Dis>
    <Cta>1087</Cta>
    <CodSec>17</CodSec>
  </S>
  <S>
    <Calle>MAKRO</Calle>
    <Lat>32.881587</Lat>
    <Lon>60.712131</Lon>
    <Dis>1465.480</Dis>
    <Cta>1574</Cta>
    <CodSec>13</CodSec>
  </S>
  <S>
    <Calle>BAIG1</Calle>
    <Lat>32.893748</Lat>
    <Lon>60.706493</Lon>
    <Dis>1938.880</Dis>
    <Cta>1634</Cta>
    <CodSec>13</CodSec>
  </S>
  <S>
    <Calle>SORRE</Calle>
    <Lat>32.907128</Lat>
    <Lon>60.696012</Lon>
    <Dis>3218.350</Dis>
    <Cta>1713</Cta>
    <CodSec>13</CodSec>
  </S>
  <S>
    <Calle>AVEL1</Calle>
    <Lat>32.928829</Lat>
    <Lon>60.676693</Lon>
    <Dis>904.580</Dis>
    <Cta>1842</Cta>
    <CodSec>13</CodSec>
  </S>
  <S>
    <Calle>SLOR1</Calle>
    <Lat>32.936783</Lat>
    <Lon>60.678534</Lon>
    <Dis>1538.180</Dis>
    <Cta>1876</Cta>
    <CodSec>13</CodSec>
  </S>
  <S>
    <Calle>AvFRA</Calle>
    <Lat>32.936852</Lat>
    <Lon>60.664530</Lon>
    <Dis>1422.240</Dis>
    <Cta>1934</Cta>
    <CodSec>13</CodSec>
  </S>
  <S>
    <Calle>ORO?O</Calle>
    <Lat>32.941388</Lat>
    <Lon>60.652971</Lon>
    <Dis>2423.310</Dis>
    <Cta>1987</Cta>
    <CodSec>13</CodSec>
  </S>
  <S>
    <Calle>PELE1</Calle>
    <Lat>32.956176</Lat>
    <Lon>60.646453</Lon>
    <Dis>927.600</Dis>
    <Cta>2072</Cta>
    <CodSec>13</CodSec>
  </S>
  <S>
    <Calle>LAPRI</Calle>
    <Lat>32.958066</Lat>
    <Lon>60.636975</Lon>
    <Dis>818.720</Dis>
    <Cta>2108</Cta>
    <CodSec>13</CodSec>
  </S>
  <S>
    <Calle>COLON</Calle>
    <Lat>32.959614</Lat>
    <Lon>60.628396</Lon>
    <Dis>1286.730</Dis>
    <Cta>2138</Cta>
    <CodSec>13</CodSec>
  </S>
  <S>
    <Calle>ROBAM</Calle>
    <Lat>32.965993</Lat>
    <Lon>60.625597</Lon>
    <Dis>0</Dis>
    <Cta>2191</Cta>
    <CodSec>90</CodSec>
  </S>
</Sector>