<?xml version="1.0" standalone="yes"?>
<Sector>
  <xs:schema id="Sector" xmlns="" xmlns:xs="http://www.w3.org/2001/XMLSchema" xmlns:msdata="urn:schemas-microsoft-com:xml-msdata">
    <xs:element name="Sector" msdata:IsDataSet="true" msdata:Locale="">
      <xs:complexType>
        <xs:choice minOccurs="0" maxOccurs="unbounded">
          <xs:element name="S" msdata:Locale="">
            <xs:complexType>
              <xs:sequence>
                <xs:element name="Calle" type="xs:string" minOccurs="0" />
                <xs:element name="Lat" type="xs:decimal" minOccurs="0" />
                <xs:element name="Lon" type="xs:decimal" minOccurs="0" />
                <xs:element name="Dis" type="xs:decimal" minOccurs="0" />
                <xs:element name="Cta" type="xs:int" minOccurs="0" />
                <xs:element name="CodSec" type="xs:int" minOccurs="0" />
              </xs:sequence>
            </xs:complexType>
          </xs:element>
        </xs:choice>
      </xs:complexType>
    </xs:element>
  </xs:schema>
  <S>
    <Calle>ANDIN</Calle>
    <Lat>32.671389</Lat>
    <Lon>60.882126</Lon>
    <Dis>8698.340</Dis>
    <Cta>1</Cta>
    <CodSec>21</CodSec>
  </S>
  <S>
    <Calle>CRUC1</Calle>
    <Lat>32.638881</Lat>
    <Lon>60.814314</Lon>
    <Dis>4429.460</Dis>
    <Cta>355</Cta>
    <CodSec>19</CodSec>
  </S>
  <S>
    <Calle>TIMBU</Calle>
    <Lat>32.672352</Lat>
    <Lon>60.788685</Lon>
    <Dis>2538.460</Dis>
    <Cta>522</Cta>
    <CodSec>19</CodSec>
  </S>
  <S>
    <Calle>VIAS2</Calle>
    <Lat>32.691469</Lat>
    <Lon>60.773860</Lon>
    <Dis>5920.590</Dis>
    <Cta>617</Cta>
    <CodSec>18</CodSec>
  </S>
  <S>
    <Calle>PUEN1</Calle>
    <Lat>32.720607</Lat>
    <Lon>60.731848</Lon>
    <Dis>1935.450</Dis>
    <Cta>838</Cta>
    <CodSec>17</CodSec>
  </S>
  <S>
    <Calle>FALU1</Calle>
    <Lat>32.737903</Lat>
    <Lon>60.733972</Lon>
    <Dis>2001.100</Dis>
    <Cta>908</Cta>
    <CodSec>17</CodSec>
  </S>
  <S>
    <Calle>BORGH</Calle>
    <Lat>32.755894</Lat>
    <Lon>60.734389</Lon>
    <Dis>2521.870</Dis>
    <Cta>978</Cta>
    <CodSec>17</CodSec>
  </S>
  <S>
    <Calle>MRENO</Calle>
    <Lat>32.777808</Lat>
    <Lon>60.727940</Lon>
    <Dis>2589.510</Dis>
    <Cta>1069</Cta>
    <CodSec>16</CodSec>
  </S>
  <S>
    <Calle>IMALV</Calle>
    <Lat>32.800377</Lat>
    <Lon>60.721118</Lon>
    <Dis>3876.020</Dis>
    <Cta>1158</Cta>
    <CodSec>15</CodSec>
  </S>
  <S>
    <Calle>CELUL</Calle>
    <Lat>32.834161</Lat>
    <Lon>60.710897</Lon>
    <Dis>4222.350</Dis>
    <Cta>1290</Cta>
    <CodSec>14</CodSec>
  </S>
  <S>
    <Calle>CIUDA</Calle>
    <Lat>32.870959</Lat>
    <Lon>60.699749</Lon>
    <Dis>2679.120</Dis>
    <Cta>1434</Cta>
    <CodSec>13</CodSec>
  </S>
  <S>
    <Calle>PUCCI</Calle>
    <Lat>32.894301</Lat>
    <Lon>60.692643</Lon>
    <Dis>2414.270</Dis>
    <Cta>1527</Cta>
    <CodSec>13</CodSec>
  </S>
  <S>
    <Calle>GENOV</Calle>
    <Lat>32.915181</Lat>
    <Lon>60.685770</Lon>
    <Dis>1604.080</Dis>
    <Cta>1611</Cta>
    <CodSec>13</CodSec>
  </S>
  <S>
    <Calle>AVEL1</Calle>
    <Lat>32.927172</Lat>
    <Lon>60.676217</Lon>
    <Dis>2063.910</Dis>
    <Cta>1666</Cta>
    <CodSec>13</CodSec>
  </S>
  <S>
    <Calle>S. F1</Calle>
    <Lat>32.939120</Lat>
    <Lon>60.670636</Lon>
    <Dis>2125.230</Dis>
    <Cta>1745</Cta>
    <CodSec>13</CodSec>
  </S>
  <S>
    <Calle>ORO?O</Calle>
    <Lat>32.946291</Lat>
    <Lon>60.654179</Lon>
    <Dis>1345.460</Dis>
    <Cta>1818</Cta>
    <CodSec>13</CodSec>
  </S>
  <S>
    <Calle>CORR1</Calle>
    <Lat>32.950781</Lat>
    <Lon>60.643695</Lon>
    <Dis>792.760</Dis>
    <Cta>1865</Cta>
    <CodSec>13</CodSec>
  </S>
  <S>
    <Calle>PELE1</Calle>
    <Lat>32.956757</Lat>
    <Lon>60.643683</Lon>
    <Dis>1661.530</Dis>
    <Cta>1901</Cta>
    <CodSec>13</CodSec>
  </S>
  <S>
    <Calle>MAIP1</Calle>
    <Lat>32.968113</Lat>
    <Lon>60.641248</Lon>
    <Dis>0</Dis>
    <Cta>1971</Cta>
    <CodSec>90</CodSec>
  </S>
</Sector>