<?xml version="1.0" standalone="yes"?>
<Sector>
  <xs:schema id="Sector" xmlns="" xmlns:xs="http://www.w3.org/2001/XMLSchema" xmlns:msdata="urn:schemas-microsoft-com:xml-msdata">
    <xs:element name="Sector" msdata:IsDataSet="true" msdata:Locale="">
      <xs:complexType>
        <xs:choice minOccurs="0" maxOccurs="unbounded">
          <xs:element name="S" msdata:Locale="">
            <xs:complexType>
              <xs:sequence>
                <xs:element name="Calle" type="xs:string" minOccurs="0" />
                <xs:element name="Lat" type="xs:decimal" minOccurs="0" />
                <xs:element name="Lon" type="xs:decimal" minOccurs="0" />
                <xs:element name="Dis" type="xs:decimal" minOccurs="0" />
                <xs:element name="Cta" type="xs:int" minOccurs="0" />
                <xs:element name="CodSec" type="xs:int" minOccurs="0" />
              </xs:sequence>
            </xs:complexType>
          </xs:element>
        </xs:choice>
      </xs:complexType>
    </xs:element>
  </xs:schema>
  <S>
    <Calle>TIMBU</Calle>
    <Lat>32.660541</Lat>
    <Lon>60.797531</Lon>
    <Dis>4085.940</Dis>
    <Cta>1</Cta>
    <CodSec>19</CodSec>
  </S>
  <S>
    <Calle>VIAS2</Calle>
    <Lat>32.691481</Lat>
    <Lon>60.773883</Lon>
    <Dis>5923.430</Dis>
    <Cta>157</Cta>
    <CodSec>18</CodSec>
  </S>
  <S>
    <Calle>PUEN1</Calle>
    <Lat>32.720607</Lat>
    <Lon>60.731848</Lon>
    <Dis>1935.680</Dis>
    <Cta>379</Cta>
    <CodSec>17</CodSec>
  </S>
  <S>
    <Calle>FALU1</Calle>
    <Lat>32.737904</Lat>
    <Lon>60.733939</Lon>
    <Dis>981.110</Dis>
    <Cta>448</Cta>
    <CodSec>17</CodSec>
  </S>
  <S>
    <Calle>BELG4</Calle>
    <Lat>32.746726</Lat>
    <Lon>60.734133</Lon>
    <Dis>938.620</Dis>
    <Cta>483</Cta>
    <CodSec>17</CodSec>
  </S>
  <S>
    <Calle>JMROS</Calle>
    <Lat>32.747547</Lat>
    <Lon>60.743075</Lon>
    <Dis>1629.490</Dis>
    <Cta>522</Cta>
    <CodSec>17</CodSec>
  </S>
  <S>
    <Calle>PEAJ</Calle>
    <Lat>32.748154</Lat>
    <Lon>60.759159</Lon>
    <Dis>16411.670</Dis>
    <Cta>597</Cta>
    <CodSec>17</CodSec>
  </S>
  <S>
    <Calle>MAKRO</Calle>
    <Lat>32.881589</Lat>
    <Lon>60.712130</Lon>
    <Dis>1464.850</Dis>
    <Cta>1200</Cta>
    <CodSec>13</CodSec>
  </S>
  <S>
    <Calle>BAIG1</Calle>
    <Lat>32.893741</Lat>
    <Lon>60.706493</Lon>
    <Dis>1939.760</Dis>
    <Cta>1261</Cta>
    <CodSec>13</CodSec>
  </S>
  <S>
    <Calle>SORRE</Calle>
    <Lat>32.907128</Lat>
    <Lon>60.696013</Lon>
    <Dis>3218.390</Dis>
    <Cta>1348</Cta>
    <CodSec>13</CodSec>
  </S>
  <S>
    <Calle>AVEL1</Calle>
    <Lat>32.928829</Lat>
    <Lon>60.676693</Lon>
    <Dis>904.550</Dis>
    <Cta>1498</Cta>
    <CodSec>13</CodSec>
  </S>
  <S>
    <Calle>SLOR1</Calle>
    <Lat>32.936784</Lat>
    <Lon>60.678534</Lon>
    <Dis>1538.260</Dis>
    <Cta>1538</Cta>
    <CodSec>13</CodSec>
  </S>
  <S>
    <Calle>AvFRA</Calle>
    <Lat>32.936852</Lat>
    <Lon>60.664530</Lon>
    <Dis>1422.410</Dis>
    <Cta>1609</Cta>
    <CodSec>13</CodSec>
  </S>
  <S>
    <Calle>ORO?O</Calle>
    <Lat>32.941390</Lat>
    <Lon>60.652970</Lon>
    <Dis>2423.400</Dis>
    <Cta>1668</Cta>
    <CodSec>13</CodSec>
  </S>
  <S>
    <Calle>PELE1</Calle>
    <Lat>32.956174</Lat>
    <Lon>60.646453</Lon>
    <Dis>927.470</Dis>
    <Cta>1761</Cta>
    <CodSec>13</CodSec>
  </S>
  <S>
    <Calle>LAPRI</Calle>
    <Lat>32.958064</Lat>
    <Lon>60.636978</Lon>
    <Dis>819.130</Dis>
    <Cta>1795</Cta>
    <CodSec>13</CodSec>
  </S>
  <S>
    <Calle>COLON</Calle>
    <Lat>32.959615</Lat>
    <Lon>60.628396</Lon>
    <Dis>1290.010</Dis>
    <Cta>1830</Cta>
    <CodSec>13</CodSec>
  </S>
  <S>
    <Calle>ROBAM</Calle>
    <Lat>32.965987</Lat>
    <Lon>60.625605</Lon>
    <Dis>0</Dis>
    <Cta>1889</Cta>
    <CodSec>90</CodSec>
  </S>
</Sector>