<?xml version="1.0" standalone="yes"?>
<Sector>
  <xs:schema id="Sector" xmlns="" xmlns:xs="http://www.w3.org/2001/XMLSchema" xmlns:msdata="urn:schemas-microsoft-com:xml-msdata">
    <xs:element name="Sector" msdata:IsDataSet="true" msdata:Locale="">
      <xs:complexType>
        <xs:choice minOccurs="0" maxOccurs="unbounded">
          <xs:element name="S" msdata:Locale="">
            <xs:complexType>
              <xs:sequence>
                <xs:element name="Calle" type="xs:string" minOccurs="0" />
                <xs:element name="Lat" type="xs:decimal" minOccurs="0" />
                <xs:element name="Lon" type="xs:decimal" minOccurs="0" />
                <xs:element name="Dis" type="xs:decimal" minOccurs="0" />
                <xs:element name="Cta" type="xs:int" minOccurs="0" />
                <xs:element name="CodSec" type="xs:int" minOccurs="0" />
              </xs:sequence>
            </xs:complexType>
          </xs:element>
        </xs:choice>
      </xs:complexType>
    </xs:element>
  </xs:schema>
  <S>
    <Calle>ROBAM</Calle>
    <Lat>32.965994</Lat>
    <Lon>60.625593</Lon>
    <Dis>849.330</Dis>
    <Cta>1</Cta>
    <CodSec>13</CodSec>
  </S>
  <S>
    <Calle>PEL</Calle>
    <Lat>32.960028</Lat>
    <Lon>60.626924</Lon>
    <Dis>1081.690</Dis>
    <Cta>35</Cta>
    <CodSec>13</CodSec>
  </S>
  <S>
    <Calle>MAIP1</Calle>
    <Lat>32.957747</Lat>
    <Lon>60.637965</Lon>
    <Dis>1478.800</Dis>
    <Cta>78</Cta>
    <CodSec>13</CodSec>
  </S>
  <S>
    <Calle>SJUA1</Calle>
    <Lat>32.949419</Lat>
    <Lon>60.643262</Lon>
    <Dis>1591.500</Dis>
    <Cta>131</Cta>
    <CodSec>13</CodSec>
  </S>
  <S>
    <Calle>ORO?O</Calle>
    <Lat>32.942411</Lat>
    <Lon>60.652609</Lon>
    <Dis>1702.400</Dis>
    <Cta>188</Cta>
    <CodSec>13</CodSec>
  </S>
  <S>
    <Calle>CAFER</Calle>
    <Lat>32.939230</Lat>
    <Lon>60.670453</Lon>
    <Dis>879.080</Dis>
    <Cta>247</Cta>
    <CodSec>13</CodSec>
  </S>
  <S>
    <Calle>SLOR1</Calle>
    <Lat>32.936952</Lat>
    <Lon>60.678529</Lon>
    <Dis>1101.100</Dis>
    <Cta>277</Cta>
    <CodSec>13</CodSec>
  </S>
  <S>
    <Calle>TRAVE</Calle>
    <Lat>32.928177</Lat>
    <Lon>60.677498</Lon>
    <Dis>2857.570</Dis>
    <Cta>316</Cta>
    <CodSec>13</CodSec>
  </S>
  <S>
    <Calle>SORRE</Calle>
    <Lat>32.907415</Lat>
    <Lon>60.693335</Lon>
    <Dis>2264.750</Dis>
    <Cta>430</Cta>
    <CodSec>13</CodSec>
  </S>
  <S>
    <Calle>C.GRA</Calle>
    <Lat>32.893807</Lat>
    <Lon>60.706232</Lon>
    <Dis>1477.450</Dis>
    <Cta>524</Cta>
    <CodSec>13</CodSec>
  </S>
  <S>
    <Calle>MAKRO</Calle>
    <Lat>32.881577</Lat>
    <Lon>60.712082</Lon>
    <Dis>13414.320</Dis>
    <Cta>590</Cta>
    <CodSec>90</CodSec>
  </S>
  <S>
    <Calle>AO.12</Calle>
    <Lat>32.769348</Lat>
    <Lon>60.750003</Lon>
    <Dis>2092.910</Dis>
    <Cta>1062</Cta>
    <CodSec>17</CodSec>
  </S>
  <S>
    <Calle>RUT11</Calle>
    <Lat>32.768540</Lat>
    <Lon>60.730694</Lon>
    <Dis>1452.210</Dis>
    <Cta>1137</Cta>
    <CodSec>17</CodSec>
  </S>
  <S>
    <Calle>BORGH</Calle>
    <Lat>32.755889</Lat>
    <Lon>60.734345</Lon>
    <Dis>2000.850</Dis>
    <Cta>1193</Cta>
    <CodSec>17</CodSec>
  </S>
  <S>
    <Calle>FALU1</Calle>
    <Lat>32.737900</Lat>
    <Lon>60.733900</Lon>
    <Dis>1936.070</Dis>
    <Cta>1263</Cta>
    <CodSec>17</CodSec>
  </S>
  <S>
    <Calle>PUEN1</Calle>
    <Lat>32.720594</Lat>
    <Lon>60.731834</Lon>
    <Dis>6095.750</Dis>
    <Cta>1335</Cta>
    <CodSec>18</CodSec>
  </S>
  <S>
    <Calle>VIAS2</Calle>
    <Lat>32.691469</Lat>
    <Lon>60.773837</Lon>
    <Dis>4095.680</Dis>
    <Cta>1567</Cta>
    <CodSec>19</CodSec>
  </S>
  <S>
    <Calle>TIMBU</Calle>
    <Lat>32.660576</Lat>
    <Lon>60.797482</Lon>
    <Dis>0</Dis>
    <Cta>1718</Cta>
    <CodSec>19</CodSec>
  </S>
</Sector>