<?xml version="1.0" standalone="yes"?>
<Sector>
  <xs:schema id="Sector" xmlns="" xmlns:xs="http://www.w3.org/2001/XMLSchema" xmlns:msdata="urn:schemas-microsoft-com:xml-msdata">
    <xs:element name="Sector" msdata:IsDataSet="true" msdata:Locale="">
      <xs:complexType>
        <xs:choice minOccurs="0" maxOccurs="unbounded">
          <xs:element name="S" msdata:Locale="">
            <xs:complexType>
              <xs:sequence>
                <xs:element name="Calle" type="xs:string" minOccurs="0" />
                <xs:element name="Lat" type="xs:decimal" minOccurs="0" />
                <xs:element name="Lon" type="xs:decimal" minOccurs="0" />
                <xs:element name="Dis" type="xs:decimal" minOccurs="0" />
                <xs:element name="Cta" type="xs:int" minOccurs="0" />
                <xs:element name="CodSec" type="xs:int" minOccurs="0" />
              </xs:sequence>
            </xs:complexType>
          </xs:element>
        </xs:choice>
      </xs:complexType>
    </xs:element>
  </xs:schema>
  <S>
    <Calle>PSM</Calle>
    <Lat>32.717146</Lat>
    <Lon>60.730210</Lon>
    <Dis>820.100</Dis>
    <Cta>1</Cta>
    <CodSec>18</CodSec>
  </S>
  <S>
    <Calle>PUEN1</Calle>
    <Lat>32.720607</Lat>
    <Lon>60.731848</Lon>
    <Dis>1935.290</Dis>
    <Cta>34</Cta>
    <CodSec>17</CodSec>
  </S>
  <S>
    <Calle>FALU1</Calle>
    <Lat>32.737903</Lat>
    <Lon>60.733972</Lon>
    <Dis>2001.100</Dis>
    <Cta>105</Cta>
    <CodSec>17</CodSec>
  </S>
  <S>
    <Calle>BORGH</Calle>
    <Lat>32.755894</Lat>
    <Lon>60.734389</Lon>
    <Dis>2521.980</Dis>
    <Cta>175</Cta>
    <CodSec>17</CodSec>
  </S>
  <S>
    <Calle>MRENO</Calle>
    <Lat>32.777808</Lat>
    <Lon>60.727940</Lon>
    <Dis>2589.510</Dis>
    <Cta>266</Cta>
    <CodSec>16</CodSec>
  </S>
  <S>
    <Calle>IMALV</Calle>
    <Lat>32.800377</Lat>
    <Lon>60.721118</Lon>
    <Dis>3876.020</Dis>
    <Cta>355</Cta>
    <CodSec>15</CodSec>
  </S>
  <S>
    <Calle>CELUL</Calle>
    <Lat>32.834161</Lat>
    <Lon>60.710897</Lon>
    <Dis>4222.350</Dis>
    <Cta>487</Cta>
    <CodSec>14</CodSec>
  </S>
  <S>
    <Calle>CIUDA</Calle>
    <Lat>32.870959</Lat>
    <Lon>60.699749</Lon>
    <Dis>2679.120</Dis>
    <Cta>631</Cta>
    <CodSec>13</CodSec>
  </S>
  <S>
    <Calle>PUCCI</Calle>
    <Lat>32.894301</Lat>
    <Lon>60.692643</Lon>
    <Dis>2414.270</Dis>
    <Cta>724</Cta>
    <CodSec>13</CodSec>
  </S>
  <S>
    <Calle>GENOV</Calle>
    <Lat>32.915181</Lat>
    <Lon>60.685770</Lon>
    <Dis>1604.080</Dis>
    <Cta>808</Cta>
    <CodSec>13</CodSec>
  </S>
  <S>
    <Calle>AVEL1</Calle>
    <Lat>32.927172</Lat>
    <Lon>60.676218</Lon>
    <Dis>2063.870</Dis>
    <Cta>863</Cta>
    <CodSec>13</CodSec>
  </S>
  <S>
    <Calle>S. F1</Calle>
    <Lat>32.939120</Lat>
    <Lon>60.670636</Lon>
    <Dis>2125.230</Dis>
    <Cta>941</Cta>
    <CodSec>13</CodSec>
  </S>
  <S>
    <Calle>ORO?O</Calle>
    <Lat>32.946291</Lat>
    <Lon>60.654179</Lon>
    <Dis>1345.900</Dis>
    <Cta>1014</Cta>
    <CodSec>13</CodSec>
  </S>
  <S>
    <Calle>CORR1</Calle>
    <Lat>32.950781</Lat>
    <Lon>60.643691</Lon>
    <Dis>792.310</Dis>
    <Cta>1061</Cta>
    <CodSec>13</CodSec>
  </S>
  <S>
    <Calle>PELE1</Calle>
    <Lat>32.956757</Lat>
    <Lon>60.643682</Lon>
    <Dis>1661.480</Dis>
    <Cta>1094</Cta>
    <CodSec>13</CodSec>
  </S>
  <S>
    <Calle>MAIP1</Calle>
    <Lat>32.968114</Lat>
    <Lon>60.641248</Lon>
    <Dis>0</Dis>
    <Cta>1157</Cta>
    <CodSec>90</CodSec>
  </S>
</Sector>