<?xml version="1.0" standalone="yes"?>
<Version>
  <xs:schema id="Version" xmlns="" xmlns:xs="http://www.w3.org/2001/XMLSchema" xmlns:msdata="urn:schemas-microsoft-com:xml-msdata">
    <xs:element name="Version" msdata:IsDataSet="true" msdata:UseCurrentLocale="true">
      <xs:complexType>
        <xs:choice minOccurs="0" maxOccurs="unbounded">
          <xs:element name="datosVersion">
            <xs:complexType>
              <xs:sequence>
                <xs:element name="nroVersion" type="xs:int" minOccurs="0" />
                <xs:element name="fechaActivacion" type="xs:dateTime" minOccurs="0" />
              </xs:sequence>
            </xs:complexType>
          </xs:element>
          <xs:element name="archivos">
            <xs:complexType>
              <xs:sequence>
                <xs:element name="archivo" type="xs:string" minOccurs="0" />
                <xs:element name="hash" type="xs:string" minOccurs="0" />
              </xs:sequence>
            </xs:complexType>
          </xs:element>
        </xs:choice>
      </xs:complexType>
    </xs:element>
  </xs:schema>
  <datosVersion>
    <nroVersion>25</nroVersion>
    <fechaActivacion>2018-09-04T00:00:00-03:00</fechaActivacion>
  </datosVersion>
  <archivos>
    <archivo>s01030183.xml</archivo>
    <hash>5582F328D3296B4AD3D91A1A286C86EE</hash>
  </archivos>
  <archivos>
    <archivo>s01030214.xml</archivo>
    <hash>59FC5C1738FD73F42AA0666C2B21F07D</hash>
  </archivos>
  <archivos>
    <archivo>s01030215.xml</archivo>
    <hash>6955F146C2A559ECE5C36D34C0DA60D5</hash>
  </archivos>
  <archivos>
    <archivo>s01030221.xml</archivo>
    <hash>90F38312D283F6D81541D609A6B1EDC7</hash>
  </archivos>
  <archivos>
    <archivo>s01030222.xml</archivo>
    <hash>72EE00AC871B74BF07C933A371E78C71</hash>
  </archivos>
  <archivos>
    <archivo>s01030255.xml</archivo>
    <hash>D991BDAFF1B6102001D6D92AA6BD5256</hash>
  </archivos>
  <archivos>
    <archivo>s01030256.xml</archivo>
    <hash>B5BDEABA008DD3131C20853B5CE621B4</hash>
  </archivos>
  <archivos>
    <archivo>s01030343.xml</archivo>
    <hash>F8BEA2D744C134B021B12A467D162CF0</hash>
  </archivos>
  <archivos>
    <archivo>s01030344.xml</archivo>
    <hash>771401C7CCD2274A3205F353681A587D</hash>
  </archivos>
  <archivos>
    <archivo>s01030484.xml</archivo>
    <hash>E0ABF2A06E11D2C0F1FB74422DF79795</hash>
  </archivos>
  <archivos>
    <archivo>s01030757.xml</archivo>
    <hash>7F51DB50C9833E35B5977532C0F26D15</hash>
  </archivos>
  <archivos>
    <archivo>s01030758.xml</archivo>
    <hash>CF052EADB4EB54185C07AADCCEE6723F</hash>
  </archivos>
  <archivos>
    <archivo>s01030823.xml</archivo>
    <hash>DA705A7A2EA543EBDE10DFF3BA824A54</hash>
  </archivos>
  <archivos>
    <archivo>s01030824.xml</archivo>
    <hash>2BDDD3EE5651F118D2AD4C3EA53EE8DB</hash>
  </archivos>
  <archivos>
    <archivo>s01030825.xml</archivo>
    <hash>2D75B9F23FC6B69A8D29096B782C2E7F</hash>
  </archivos>
  <archivos>
    <archivo>s01030826.xml</archivo>
    <hash>1E5BD43EF7D80E7A921558885A207AD4</hash>
  </archivos>
  <archivos>
    <archivo>s01030879.xml</archivo>
    <hash>8D465D4411B4C3A5AB08CAE0D104CE3D</hash>
  </archivos>
  <archivos>
    <archivo>s01030880.xml</archivo>
    <hash>236CCF070F4B60B06D48B3D5A5039E35</hash>
  </archivos>
  <archivos>
    <archivo>r01030183.txt</archivo>
    <hash>859FA1BBC84CAD36D6539DC9884199A5</hash>
  </archivos>
  <archivos>
    <archivo>r01030214.txt</archivo>
    <hash>3ECE8E84081B79D2CE85C87E2307B624</hash>
  </archivos>
  <archivos>
    <archivo>r01030215.txt</archivo>
    <hash>40BD24A1D5FB92B90B7A8AA5BABAF566</hash>
  </archivos>
  <archivos>
    <archivo>r01030221.txt</archivo>
    <hash>00A069FCD4FC9878DB416764366BF438</hash>
  </archivos>
  <archivos>
    <archivo>r01030222.txt</archivo>
    <hash>8155C119C52D5B6FE38A414AB6EEDEA8</hash>
  </archivos>
  <archivos>
    <archivo>r01030255.txt</archivo>
    <hash>C7E24055DD067EA6A71C46E53BD7CB35</hash>
  </archivos>
  <archivos>
    <archivo>r01030256.txt</archivo>
    <hash>0575525FE5CDAC5876483871A5B1FDA6</hash>
  </archivos>
  <archivos>
    <archivo>r01030343.txt</archivo>
    <hash>3D7EE40C058113677B6655CFF423F867</hash>
  </archivos>
  <archivos>
    <archivo>r01030344.txt</archivo>
    <hash>CD41C9BA20DBB68BFD7A268298520339</hash>
  </archivos>
  <archivos>
    <archivo>r01030484.txt</archivo>
    <hash>764656A2AA969287EDFAEE25FBE8214A</hash>
  </archivos>
  <archivos>
    <archivo>r01030757.txt</archivo>
    <hash>4ECB1FFFC14F80A8B8A2A4DE21834887</hash>
  </archivos>
  <archivos>
    <archivo>r01030758.txt</archivo>
    <hash>5260BDE441E1E6442EA5865F4289A950</hash>
  </archivos>
  <archivos>
    <archivo>r01030823.txt</archivo>
    <hash>5DC7EB855EC8BB59B5C8322F4ED49452</hash>
  </archivos>
  <archivos>
    <archivo>r01030824.txt</archivo>
    <hash>2514C8BBD893ADC8DFCBD6A7385F16E1</hash>
  </archivos>
  <archivos>
    <archivo>r01030825.txt</archivo>
    <hash>FB01F8273AE54B873AAD4185CF470EB2</hash>
  </archivos>
  <archivos>
    <archivo>r01030826.txt</archivo>
    <hash>4B3D276487E402FCC033149A1BFEA596</hash>
  </archivos>
  <archivos>
    <archivo>r01030879.txt</archivo>
    <hash>B6FCB62EB873A777372153464E449EA6</hash>
  </archivos>
  <archivos>
    <archivo>r01030880.txt</archivo>
    <hash>903F38B83EFB991AA296F3AFAB99865E</hash>
  </archivos>
  <archivos>
    <archivo>sectoresTarifarios.xml</archivo>
    <hash>9924012466E4A04CAF33B4523F14143C</hash>
  </archivos>
</Version>