<?xml version="1.0" standalone="yes"?>
<Sector>
  <xs:schema id="Sector" xmlns="" xmlns:xs="http://www.w3.org/2001/XMLSchema" xmlns:msdata="urn:schemas-microsoft-com:xml-msdata">
    <xs:element name="Sector" msdata:IsDataSet="true" msdata:Locale="">
      <xs:complexType>
        <xs:choice minOccurs="0" maxOccurs="unbounded">
          <xs:element name="S" msdata:Locale="">
            <xs:complexType>
              <xs:sequence>
                <xs:element name="Calle" type="xs:string" minOccurs="0" />
                <xs:element name="Lat" type="xs:decimal" minOccurs="0" />
                <xs:element name="Lon" type="xs:decimal" minOccurs="0" />
                <xs:element name="Dis" type="xs:decimal" minOccurs="0" />
                <xs:element name="Cta" type="xs:int" minOccurs="0" />
                <xs:element name="CodSec" type="xs:int" minOccurs="0" />
              </xs:sequence>
            </xs:complexType>
          </xs:element>
        </xs:choice>
      </xs:complexType>
    </xs:element>
  </xs:schema>
  <S>
    <Calle>MAIP1</Calle>
    <Lat>32.968268</Lat>
    <Lon>60.640267</Lon>
    <Dis>2255.930</Dis>
    <Cta>1</Cta>
    <CodSec>13</CodSec>
  </S>
  <S>
    <Calle>PELE2</Calle>
    <Lat>32.956673</Lat>
    <Lon>60.645093</Lon>
    <Dis>814.700</Dis>
    <Cta>88</Cta>
    <CodSec>13</CodSec>
  </S>
  <S>
    <Calle>SJUA1</Calle>
    <Lat>32.949502</Lat>
    <Lon>60.643295</Lon>
    <Dis>1607.490</Dis>
    <Cta>118</Cta>
    <CodSec>13</CodSec>
  </S>
  <S>
    <Calle>ORO?O</Calle>
    <Lat>32.942352</Lat>
    <Lon>60.652737</Lon>
    <Dis>1694.870</Dis>
    <Cta>181</Cta>
    <CodSec>13</CodSec>
  </S>
  <S>
    <Calle>CAFER</Calle>
    <Lat>32.939226</Lat>
    <Lon>60.670513</Lon>
    <Dis>773.900</Dis>
    <Cta>241</Cta>
    <CodSec>13</CodSec>
  </S>
  <S>
    <Calle>AVEL1</Calle>
    <Lat>32.937765</Lat>
    <Lon>60.678621</Lon>
    <Dis>2494.620</Dis>
    <Cta>269</Cta>
    <CodSec>13</CodSec>
  </S>
  <S>
    <Calle>FMORE</Calle>
    <Lat>32.948027</Lat>
    <Lon>60.693436</Lon>
    <Dis>2486.290</Dis>
    <Cta>366</Cta>
    <CodSec>13</CodSec>
  </S>
  <S>
    <Calle>CIRCU</Calle>
    <Lat>32.948738</Lat>
    <Lon>60.720069</Lon>
    <Dis>16943.710</Dis>
    <Cta>457</Cta>
    <CodSec>81</CodSec>
  </S>
  <S>
    <Calle>A012</Calle>
    <Lat>32.927159</Lat>
    <Lon>60.896715</Lon>
    <Dis>2262.300</Dis>
    <Cta>1112</Cta>
    <CodSec>32</CodSec>
  </S>
  <S>
    <Calle>RUT9-</Calle>
    <Lat>32.908134</Lat>
    <Lon>60.894895</Lon>
    <Dis>4182.470</Dis>
    <Cta>1207</Cta>
    <CodSec>32</CodSec>
  </S>
  <S>
    <Calle>CEME2</Calle>
    <Lat>32.900179</Lat>
    <Lon>60.938565</Lon>
    <Dis>7756.840</Dis>
    <Cta>1360</Cta>
    <CodSec>201</CodSec>
  </S>
  <S>
    <Calle>SJENT</Calle>
    <Lat>32.885718</Lat>
    <Lon>61.019838</Lon>
    <Dis>1982.330</Dis>
    <Cta>1651</Cta>
    <CodSec>201</CodSec>
  </S>
  <S>
    <Calle>SJSAL</Calle>
    <Lat>32.883577</Lat>
    <Lon>61.031624</Lon>
    <Dis>8745.750</Dis>
    <Cta>1730</Cta>
    <CodSec>201</CodSec>
  </S>
  <S>
    <Calle>RUT26</Calle>
    <Lat>32.867304</Lat>
    <Lon>61.123159</Lon>
    <Dis>2090.710</Dis>
    <Cta>2060</Cta>
    <CodSec>202</CodSec>
  </S>
  <S>
    <Calle>9DJUL</Calle>
    <Lat>32.863403</Lat>
    <Lon>61.145054</Lon>
    <Dis>2258.880</Dis>
    <Cta>2136</Cta>
    <CodSec>202</CodSec>
  </S>
  <S>
    <Calle>IMALV</Calle>
    <Lat>32.859078</Lat>
    <Lon>61.161092</Lon>
    <Dis>1238.690</Dis>
    <Cta>2218</Cta>
    <CodSec>202</CodSec>
  </S>
  <S>
    <Calle>RIVD2</Calle>
    <Lat>32.862477</Lat>
    <Lon>61.149971</Lon>
    <Dis>0</Dis>
    <Cta>2264</Cta>
    <CodSec>202</CodSec>
  </S>
</Sector>