<?xml version="1.0" standalone="yes"?>
<Sector>
  <xs:schema id="Sector" xmlns="" xmlns:xs="http://www.w3.org/2001/XMLSchema" xmlns:msdata="urn:schemas-microsoft-com:xml-msdata">
    <xs:element name="Sector" msdata:IsDataSet="true" msdata:Locale="">
      <xs:complexType>
        <xs:choice minOccurs="0" maxOccurs="unbounded">
          <xs:element name="S" msdata:Locale="">
            <xs:complexType>
              <xs:sequence>
                <xs:element name="Calle" type="xs:string" minOccurs="0" />
                <xs:element name="Lat" type="xs:decimal" minOccurs="0" />
                <xs:element name="Lon" type="xs:decimal" minOccurs="0" />
                <xs:element name="Dis" type="xs:decimal" minOccurs="0" />
                <xs:element name="Cta" type="xs:int" minOccurs="0" />
                <xs:element name="CodSec" type="xs:int" minOccurs="0" />
              </xs:sequence>
            </xs:complexType>
          </xs:element>
        </xs:choice>
      </xs:complexType>
    </xs:element>
  </xs:schema>
  <S>
    <Calle>COLE2</Calle>
    <Lat>32.942883</Lat>
    <Lon>60.819731</Lon>
    <Dis>2195.940</Dis>
    <Cta>1</Cta>
    <CodSec>30</CodSec>
  </S>
  <S>
    <Calle>YRIG2</Calle>
    <Lat>32.929178</Lat>
    <Lon>60.812449</Lon>
    <Dis>905.680</Dis>
    <Cta>84</Cta>
    <CodSec>30</CodSec>
  </S>
  <S>
    <Calle>R  9</Calle>
    <Lat>32.921568</Lat>
    <Lon>60.811024</Lon>
    <Dis>1482.940</Dis>
    <Cta>123</Cta>
    <CodSec>30</CodSec>
  </S>
  <S>
    <Calle>VELE1</Calle>
    <Lat>32.910909</Lat>
    <Lon>60.812236</Lon>
    <Dis>1549.160</Dis>
    <Cta>179</Cta>
    <CodSec>30</CodSec>
  </S>
  <S>
    <Calle>PERO3</Calle>
    <Lat>32.910626</Lat>
    <Lon>60.805803</Lon>
    <Dis>1588.610</Dis>
    <Cta>241</Cta>
    <CodSec>30</CodSec>
  </S>
  <S>
    <Calle>MITR1</Calle>
    <Lat>32.913568</Lat>
    <Lon>60.798319</Lon>
    <Dis>0</Dis>
    <Cta>302</Cta>
    <CodSec>30</CodSec>
  </S>
</Sector>