<?xml version="1.0" standalone="yes"?>
<Sector>
  <xs:schema id="Sector" xmlns="" xmlns:xs="http://www.w3.org/2001/XMLSchema" xmlns:msdata="urn:schemas-microsoft-com:xml-msdata">
    <xs:element name="Sector" msdata:IsDataSet="true" msdata:Locale="">
      <xs:complexType>
        <xs:choice minOccurs="0" maxOccurs="unbounded">
          <xs:element name="S" msdata:Locale="">
            <xs:complexType>
              <xs:sequence>
                <xs:element name="Calle" type="xs:string" minOccurs="0" />
                <xs:element name="Lat" type="xs:decimal" minOccurs="0" />
                <xs:element name="Lon" type="xs:decimal" minOccurs="0" />
                <xs:element name="Dis" type="xs:decimal" minOccurs="0" />
                <xs:element name="Cta" type="xs:int" minOccurs="0" />
                <xs:element name="CodSec" type="xs:int" minOccurs="0" />
              </xs:sequence>
            </xs:complexType>
          </xs:element>
        </xs:choice>
      </xs:complexType>
    </xs:element>
  </xs:schema>
  <S>
    <Calle>PAREJ</Calle>
    <Lat>32.681814</Lat>
    <Lon>61.520982</Lon>
    <Dis>18289.370</Dis>
    <Cta>1</Cta>
    <CodSec>206</CodSec>
  </S>
  <S>
    <Calle>ARMST</Calle>
    <Lat>32.785684</Lat>
    <Lon>61.603452</Lon>
    <Dis>7137.610</Dis>
    <Cta>681</Cta>
    <CodSec>220</CodSec>
  </S>
  <S>
    <Calle>R.178</Calle>
    <Lat>32.784496</Lat>
    <Lon>61.544563</Lon>
    <Dis>11733.520</Dis>
    <Cta>949</Cta>
    <CodSec>205</CodSec>
  </S>
  <S>
    <Calle>CDAEN</Calle>
    <Lat>32.805649</Lat>
    <Lon>61.421586</Lon>
    <Dis>2751.560</Dis>
    <Cta>1385</Cta>
    <CodSec>204</CodSec>
  </S>
  <S>
    <Calle>GOMEZ</Calle>
    <Lat>32.812600</Lat>
    <Lon>61.396667</Lon>
    <Dis>0</Dis>
    <Cta>1491</Cta>
    <CodSec>204</CodSec>
  </S>
</Sector>