<?xml version="1.0" standalone="yes"?>
<Sector>
  <xs:schema id="Sector" xmlns="" xmlns:xs="http://www.w3.org/2001/XMLSchema" xmlns:msdata="urn:schemas-microsoft-com:xml-msdata">
    <xs:element name="Sector" msdata:IsDataSet="true" msdata:Locale="">
      <xs:complexType>
        <xs:choice minOccurs="0" maxOccurs="unbounded">
          <xs:element name="S" msdata:Locale="">
            <xs:complexType>
              <xs:sequence>
                <xs:element name="Calle" type="xs:string" minOccurs="0" />
                <xs:element name="Lat" type="xs:decimal" minOccurs="0" />
                <xs:element name="Lon" type="xs:decimal" minOccurs="0" />
                <xs:element name="Dis" type="xs:decimal" minOccurs="0" />
                <xs:element name="Cta" type="xs:int" minOccurs="0" />
                <xs:element name="CodSec" type="xs:int" minOccurs="0" />
              </xs:sequence>
            </xs:complexType>
          </xs:element>
        </xs:choice>
      </xs:complexType>
    </xs:element>
  </xs:schema>
  <S>
    <Calle>ROSAS</Calle>
    <Lat>32.475671</Lat>
    <Lon>61.578752</Lon>
    <Dis>9012.290</Dis>
    <Cta>1</Cta>
    <CodSec>208</CodSec>
  </S>
  <S>
    <Calle>CALIF</Calle>
    <Lat>32.543859</Lat>
    <Lon>61.550956</Lon>
    <Dis>14934.270</Dis>
    <Cta>331</Cta>
    <CodSec>207</CodSec>
  </S>
  <S>
    <Calle>L.PAR</Calle>
    <Lat>32.674970</Lat>
    <Lon>61.529172</Lon>
    <Dis>13240.520</Dis>
    <Cta>890</Cta>
    <CodSec>206</CodSec>
  </S>
  <S>
    <Calle>RUT9-</Calle>
    <Lat>32.782204</Lat>
    <Lon>61.545649</Lon>
    <Dis>12220.260</Dis>
    <Cta>1384</Cta>
    <CodSec>205</CodSec>
  </S>
  <S>
    <Calle>CDAEN</Calle>
    <Lat>32.805649</Lat>
    <Lon>61.421586</Lon>
    <Dis>2726.900</Dis>
    <Cta>1845</Cta>
    <CodSec>204</CodSec>
  </S>
  <S>
    <Calle>GOMEZ</Calle>
    <Lat>32.812315</Lat>
    <Lon>61.396611</Lon>
    <Dis>0</Dis>
    <Cta>1949</Cta>
    <CodSec>204</CodSec>
  </S>
</Sector>