<?xml version="1.0" standalone="yes"?>
<Sector>
  <xs:schema id="Sector" xmlns="" xmlns:xs="http://www.w3.org/2001/XMLSchema" xmlns:msdata="urn:schemas-microsoft-com:xml-msdata">
    <xs:element name="Sector" msdata:IsDataSet="true" msdata:Locale="">
      <xs:complexType>
        <xs:choice minOccurs="0" maxOccurs="unbounded">
          <xs:element name="S" msdata:Locale="">
            <xs:complexType>
              <xs:sequence>
                <xs:element name="Calle" type="xs:string" minOccurs="0" />
                <xs:element name="Lat" type="xs:decimal" minOccurs="0" />
                <xs:element name="Lon" type="xs:decimal" minOccurs="0" />
                <xs:element name="Dis" type="xs:decimal" minOccurs="0" />
                <xs:element name="Cta" type="xs:int" minOccurs="0" />
                <xs:element name="CodSec" type="xs:int" minOccurs="0" />
              </xs:sequence>
            </xs:complexType>
          </xs:element>
        </xs:choice>
      </xs:complexType>
    </xs:element>
  </xs:schema>
  <S>
    <Calle>L.PAR</Calle>
    <Lat>32.681765</Lat>
    <Lon>61.520514</Lon>
    <Dis>11792.400</Dis>
    <Cta>1</Cta>
    <CodSec>206</CodSec>
  </S>
  <S>
    <Calle>R.178</Calle>
    <Lat>32.782867</Lat>
    <Lon>61.545830</Lon>
    <Dis>12152.710</Dis>
    <Cta>1208</Cta>
    <CodSec>205</CodSec>
  </S>
  <S>
    <Calle>CDAEN</Calle>
    <Lat>32.805631</Lat>
    <Lon>61.421540</Lon>
    <Dis>2716.990</Dis>
    <Cta>2454</Cta>
    <CodSec>204</CodSec>
  </S>
  <S>
    <Calle>GOMEZ</Calle>
    <Lat>32.812361</Lat>
    <Lon>61.396611</Lon>
    <Dis>2858.650</Dis>
    <Cta>2733</Cta>
    <CodSec>204</CodSec>
  </S>
  <S>
    <Calle>CDASA</Calle>
    <Lat>32.814535</Lat>
    <Lon>61.369126</Lon>
    <Dis>11413.240</Dis>
    <Cta>3028</Cta>
    <CodSec>204</CodSec>
  </S>
  <S>
    <Calle>CORRE</Calle>
    <Lat>32.850876</Lat>
    <Lon>61.264743</Lon>
    <Dis>9200.170</Dis>
    <Cta>4213</Cta>
    <CodSec>203</CodSec>
  </S>
  <S>
    <Calle>CAENT</Calle>
    <Lat>32.859618</Lat>
    <Lon>61.166927</Lon>
    <Dis>3116.070</Dis>
    <Cta>5160</Cta>
    <CodSec>202</CodSec>
  </S>
  <S>
    <Calle>CASAL</Calle>
    <Lat>32.865406</Lat>
    <Lon>61.134286</Lon>
    <Dis>9805.560</Dis>
    <Cta>5480</Cta>
    <CodSec>202</CodSec>
  </S>
  <S>
    <Calle>SJENT</Calle>
    <Lat>32.883628</Lat>
    <Lon>61.031641</Lon>
    <Dis>1992.400</Dis>
    <Cta>6513</Cta>
    <CodSec>201</CodSec>
  </S>
  <S>
    <Calle>SJSAL</Calle>
    <Lat>32.885723</Lat>
    <Lon>61.019850</Lon>
    <Dis>7726.220</Dis>
    <Cta>6722</Cta>
    <CodSec>201</CodSec>
  </S>
  <S>
    <Calle>CEME2</Calle>
    <Lat>32.900126</Lat>
    <Lon>60.938904</Lon>
    <Dis>4083.790</Dis>
    <Cta>7519</Cta>
    <CodSec>32</CodSec>
  </S>
  <S>
    <Calle>A012</Calle>
    <Lat>32.907848</Lat>
    <Lon>60.896141</Lon>
    <Dis>2158.210</Dis>
    <Cta>7935</Cta>
    <CodSec>32</CodSec>
  </S>
  <S>
    <Calle>A.COR</Calle>
    <Lat>32.926492</Lat>
    <Lon>60.899931</Lon>
    <Dis>17222.860</Dis>
    <Cta>8163</Cta>
    <CodSec>32</CodSec>
  </S>
  <S>
    <Calle>CIRCU</Calle>
    <Lat>32.948995</Lat>
    <Lon>60.724897</Lon>
    <Dis>2935.220</Dis>
    <Cta>10000</Cta>
    <CodSec>30</CodSec>
  </S>
  <S>
    <Calle>FMORE</Calle>
    <Lat>32.948088</Lat>
    <Lon>60.693461</Lon>
    <Dis>2307.080</Dis>
    <Cta>10312</Cta>
    <CodSec>13</CodSec>
  </S>
  <S>
    <Calle>AVEL1</Calle>
    <Lat>32.939138</Lat>
    <Lon>60.679132</Lon>
    <Dis>776.900</Dis>
    <Cta>10555</Cta>
    <CodSec>13</CodSec>
  </S>
  <S>
    <Calle>CAFER</Calle>
    <Lat>32.940525</Lat>
    <Lon>60.671058</Lon>
    <Dis>2264.860</Dis>
    <Cta>10637</Cta>
    <CodSec>13</CodSec>
  </S>
  <S>
    <Calle>ORO?O</Calle>
    <Lat>32.948811</Lat>
    <Lon>60.654772</Lon>
    <Dis>1048.880</Dis>
    <Cta>10868</Cta>
    <CodSec>13</CodSec>
  </S>
  <S>
    <Calle>CORR1</Calle>
    <Lat>32.950745</Lat>
    <Lon>60.643769</Lon>
    <Dis>789.060</Dis>
    <Cta>10974</Cta>
    <CodSec>13</CodSec>
  </S>
  <S>
    <Calle>PELE1</Calle>
    <Lat>32.956686</Lat>
    <Lon>60.643703</Lon>
    <Dis>1762.470</Dis>
    <Cta>11056</Cta>
    <CodSec>13</CodSec>
  </S>
  <S>
    <Calle>MAIP1</Calle>
    <Lat>32.968266</Lat>
    <Lon>60.640259</Lon>
    <Dis>0</Dis>
    <Cta>11238</Cta>
    <CodSec>13</CodSec>
  </S>
</Sector>