<?xml version="1.0" standalone="yes"?>
<Sector>
  <xs:schema id="Sector" xmlns="" xmlns:xs="http://www.w3.org/2001/XMLSchema" xmlns:msdata="urn:schemas-microsoft-com:xml-msdata">
    <xs:element name="Sector" msdata:IsDataSet="true" msdata:Locale="">
      <xs:complexType>
        <xs:choice minOccurs="0" maxOccurs="unbounded">
          <xs:element name="S" msdata:Locale="">
            <xs:complexType>
              <xs:sequence>
                <xs:element name="Calle" type="xs:string" minOccurs="0" />
                <xs:element name="Lat" type="xs:decimal" minOccurs="0" />
                <xs:element name="Lon" type="xs:decimal" minOccurs="0" />
                <xs:element name="Dis" type="xs:decimal" minOccurs="0" />
                <xs:element name="Cta" type="xs:int" minOccurs="0" />
                <xs:element name="CodSec" type="xs:int" minOccurs="0" />
              </xs:sequence>
            </xs:complexType>
          </xs:element>
        </xs:choice>
      </xs:complexType>
    </xs:element>
  </xs:schema>
  <S>
    <Calle>LEMOS</Calle>
    <Lat>34.531850</Lat>
    <Lon>58.703560</Lon>
    <Dis>678.770</Dis>
    <Cta>1</Cta>
    <CodSec>18</CodSec>
  </S>
  <S>
    <Calle>SANLO</Calle>
    <Lat>34.536509</Lat>
    <Lon>58.708493</Lon>
    <Dis>1207.040</Dis>
    <Cta>72</Cta>
    <CodSec>18</CodSec>
  </S>
  <S>
    <Calle>SMIG</Calle>
    <Lat>34.544513</Lat>
    <Lon>58.714493</Lon>
    <Dis>979.490</Dis>
    <Cta>203</Cta>
    <CodSec>18</CodSec>
  </S>
  <S>
    <Calle>CAMPO</Calle>
    <Lat>34.551151</Lat>
    <Lon>58.721521</Lon>
    <Dis>2810.100</Dis>
    <Cta>305</Cta>
    <CodSec>18</CodSec>
  </S>
  <S>
    <Calle>ESPA1</Calle>
    <Lat>34.566763</Lat>
    <Lon>58.743303</Lon>
    <Dis>1595.850</Dis>
    <Cta>606</Cta>
    <CodSec>18</CodSec>
  </S>
  <S>
    <Calle>EDIS</Calle>
    <Lat>34.558735</Lat>
    <Lon>58.756200</Lon>
    <Dis>1457.970</Dis>
    <Cta>774</Cta>
    <CodSec>18</CodSec>
  </S>
  <S>
    <Calle>GUIDO</Calle>
    <Lat>34.549970</Lat>
    <Lon>58.768036</Lon>
    <Dis>3853.140</Dis>
    <Cta>928</Cta>
    <CodSec>18</CodSec>
  </S>
  <S>
    <Calle>DERQU</Calle>
    <Lat>34.537879</Lat>
    <Lon>58.794879</Lon>
    <Dis>1640.860</Dis>
    <Cta>1337</Cta>
    <CodSec>18</CodSec>
  </S>
  <S>
    <Calle>USTAR</Calle>
    <Lat>34.530553</Lat>
    <Lon>58.779420</Lon>
    <Dis>2801.460</Dis>
    <Cta>1516</Cta>
    <CodSec>18</CodSec>
  </S>
  <S>
    <Calle>JCPAZ</Calle>
    <Lat>34.519158</Lat>
    <Lon>58.752239</Lon>
    <Dis>910.320</Dis>
    <Cta>1822</Cta>
    <CodSec>18</CodSec>
  </S>
  <S>
    <Calle>MU?OZ</Calle>
    <Lat>34.515192</Lat>
    <Lon>58.743555</Lon>
    <Dis>1511.930</Dis>
    <Cta>1923</Cta>
    <CodSec>18</CodSec>
  </S>
  <S>
    <Calle>R. 8</Calle>
    <Lat>34.509221</Lat>
    <Lon>58.728738</Lon>
    <Dis>1532.190</Dis>
    <Cta>2085</Cta>
    <CodSec>18</CodSec>
  </S>
  <S>
    <Calle>CALLA</Calle>
    <Lat>34.502578</Lat>
    <Lon>58.714096</Lon>
    <Dis>1288.430</Dis>
    <Cta>2253</Cta>
    <CodSec>18</CodSec>
  </S>
  <S>
    <Calle>P.NOG</Calle>
    <Lat>34.494001</Lat>
    <Lon>58.704657</Lon>
    <Dis>1970.930</Dis>
    <Cta>2395</Cta>
    <CodSec>18</CodSec>
  </S>
  <S>
    <Calle>MORSE</Calle>
    <Lat>34.485169</Lat>
    <Lon>58.686614</Lon>
    <Dis>1404.040</Dis>
    <Cta>2632</Cta>
    <CodSec>18</CodSec>
  </S>
  <S>
    <Calle>AV.SM</Calle>
    <Lat>34.478677</Lat>
    <Lon>58.673486</Lon>
    <Dis>968.130</Dis>
    <Cta>2783</Cta>
    <CodSec>18</CodSec>
  </S>
  <S>
    <Calle>197-1</Calle>
    <Lat>34.476067</Lat>
    <Lon>58.663637</Lon>
    <Dis>618.180</Dis>
    <Cta>2894</Cta>
    <CodSec>18</CodSec>
  </S>
  <S>
    <Calle>PACHE</Calle>
    <Lat>34.476832</Lat>
    <Lon>58.662848</Lon>
    <Dis>0</Dis>
    <Cta>2961</Cta>
    <CodSec>18</CodSec>
  </S>
</Sector>