<?xml version="1.0" standalone="yes"?>
<Sector>
  <xs:schema id="Sector" xmlns="" xmlns:xs="http://www.w3.org/2001/XMLSchema" xmlns:msdata="urn:schemas-microsoft-com:xml-msdata">
    <xs:element name="Sector" msdata:IsDataSet="true" msdata:Locale="">
      <xs:complexType>
        <xs:choice minOccurs="0" maxOccurs="unbounded">
          <xs:element name="S" msdata:Locale="">
            <xs:complexType>
              <xs:sequence>
                <xs:element name="Calle" type="xs:string" minOccurs="0" />
                <xs:element name="Lat" type="xs:decimal" minOccurs="0" />
                <xs:element name="Lon" type="xs:decimal" minOccurs="0" />
                <xs:element name="Dis" type="xs:decimal" minOccurs="0" />
                <xs:element name="Cta" type="xs:int" minOccurs="0" />
                <xs:element name="CodSec" type="xs:int" minOccurs="0" />
              </xs:sequence>
            </xs:complexType>
          </xs:element>
        </xs:choice>
      </xs:complexType>
    </xs:element>
  </xs:schema>
  <S>
    <Calle>PACHE</Calle>
    <Lat>34.476845</Lat>
    <Lon>58.662840</Lon>
    <Dis>1444.170</Dis>
    <Cta>1</Cta>
    <CodSec>18</CodSec>
  </S>
  <S>
    <Calle>TALAR</Calle>
    <Lat>34.475794</Lat>
    <Lon>58.659806</Lon>
    <Dis>584.860</Dis>
    <Cta>58</Cta>
    <CodSec>18</CodSec>
  </S>
  <S>
    <Calle>TALA2</Calle>
    <Lat>34.476085</Lat>
    <Lon>58.663914</Lon>
    <Dis>918.800</Dis>
    <Cta>90</Cta>
    <CodSec>18</CodSec>
  </S>
  <S>
    <Calle>AV.SM</Calle>
    <Lat>34.478508</Lat>
    <Lon>58.673285</Lon>
    <Dis>1405.560</Dis>
    <Cta>132</Cta>
    <CodSec>18</CodSec>
  </S>
  <S>
    <Calle>MORSE</Calle>
    <Lat>34.484973</Lat>
    <Lon>58.686446</Lon>
    <Dis>1976.910</Dis>
    <Cta>190</Cta>
    <CodSec>18</CodSec>
  </S>
  <S>
    <Calle>P.NOG</Calle>
    <Lat>34.493979</Lat>
    <Lon>58.704767</Lon>
    <Dis>1234.730</Dis>
    <Cta>280</Cta>
    <CodSec>18</CodSec>
  </S>
  <S>
    <Calle>CALLA</Calle>
    <Lat>34.502223</Lat>
    <Lon>58.713789</Lon>
    <Dis>1526.610</Dis>
    <Cta>331</Cta>
    <CodSec>18</CodSec>
  </S>
  <S>
    <Calle>R. 8</Calle>
    <Lat>34.508912</Lat>
    <Lon>58.728318</Lon>
    <Dis>1524.150</Dis>
    <Cta>396</Cta>
    <CodSec>18</CodSec>
  </S>
  <S>
    <Calle>MU?OZ</Calle>
    <Lat>34.514950</Lat>
    <Lon>58.743243</Lon>
    <Dis>953.170</Dis>
    <Cta>459</Cta>
    <CodSec>18</CodSec>
  </S>
  <S>
    <Calle>JCPAZ</Calle>
    <Lat>34.519107</Lat>
    <Lon>58.752337</Lon>
    <Dis>2731.350</Dis>
    <Cta>504</Cta>
    <CodSec>18</CodSec>
  </S>
  <S>
    <Calle>USTAR</Calle>
    <Lat>34.530241</Lat>
    <Lon>58.778834</Lon>
    <Dis>1792.580</Dis>
    <Cta>624</Cta>
    <CodSec>18</CodSec>
  </S>
  <S>
    <Calle>DERQU</Calle>
    <Lat>34.537980</Lat>
    <Lon>58.795550</Lon>
    <Dis>0</Dis>
    <Cta>726</Cta>
    <CodSec>18</CodSec>
  </S>
</Sector>