<?xml version="1.0" standalone="yes"?>
<Sector>
  <xs:schema id="Sector" xmlns="" xmlns:xs="http://www.w3.org/2001/XMLSchema" xmlns:msdata="urn:schemas-microsoft-com:xml-msdata">
    <xs:element name="Sector" msdata:IsDataSet="true" msdata:Locale="">
      <xs:complexType>
        <xs:choice minOccurs="0" maxOccurs="unbounded">
          <xs:element name="S" msdata:Locale="">
            <xs:complexType>
              <xs:sequence>
                <xs:element name="Calle" type="xs:string" minOccurs="0" />
                <xs:element name="Lat" type="xs:decimal" minOccurs="0" />
                <xs:element name="Lon" type="xs:decimal" minOccurs="0" />
                <xs:element name="Dis" type="xs:decimal" minOccurs="0" />
                <xs:element name="Cta" type="xs:int" minOccurs="0" />
                <xs:element name="CodSec" type="xs:int" minOccurs="0" />
              </xs:sequence>
            </xs:complexType>
          </xs:element>
        </xs:choice>
      </xs:complexType>
    </xs:element>
  </xs:schema>
  <S>
    <Calle>PACHE</Calle>
    <Lat>34.476817</Lat>
    <Lon>58.662866</Lon>
    <Dis>1429.080</Dis>
    <Cta>1</Cta>
    <CodSec>18</CodSec>
  </S>
  <S>
    <Calle>TALAR</Calle>
    <Lat>34.475872</Lat>
    <Lon>58.659646</Lon>
    <Dis>609.470</Dis>
    <Cta>55</Cta>
    <CodSec>18</CodSec>
  </S>
  <S>
    <Calle>TALA2</Calle>
    <Lat>34.476105</Lat>
    <Lon>58.663953</Lon>
    <Dis>914.630</Dis>
    <Cta>87</Cta>
    <CodSec>18</CodSec>
  </S>
  <S>
    <Calle>AV.SM</Calle>
    <Lat>34.478508</Lat>
    <Lon>58.673285</Lon>
    <Dis>1405.560</Dis>
    <Cta>129</Cta>
    <CodSec>18</CodSec>
  </S>
  <S>
    <Calle>MORSE</Calle>
    <Lat>34.484973</Lat>
    <Lon>58.686446</Lon>
    <Dis>1976.910</Dis>
    <Cta>187</Cta>
    <CodSec>18</CodSec>
  </S>
  <S>
    <Calle>P.NOG</Calle>
    <Lat>34.493979</Lat>
    <Lon>58.704767</Lon>
    <Dis>1234.730</Dis>
    <Cta>277</Cta>
    <CodSec>18</CodSec>
  </S>
  <S>
    <Calle>CALLA</Calle>
    <Lat>34.502223</Lat>
    <Lon>58.713789</Lon>
    <Dis>1526.610</Dis>
    <Cta>328</Cta>
    <CodSec>18</CodSec>
  </S>
  <S>
    <Calle>R. 8</Calle>
    <Lat>34.508912</Lat>
    <Lon>58.728318</Lon>
    <Dis>1524.150</Dis>
    <Cta>393</Cta>
    <CodSec>18</CodSec>
  </S>
  <S>
    <Calle>MU?OZ</Calle>
    <Lat>34.514950</Lat>
    <Lon>58.743243</Lon>
    <Dis>953.170</Dis>
    <Cta>456</Cta>
    <CodSec>18</CodSec>
  </S>
  <S>
    <Calle>JCPAZ</Calle>
    <Lat>34.519107</Lat>
    <Lon>58.752337</Lon>
    <Dis>2731.350</Dis>
    <Cta>501</Cta>
    <CodSec>18</CodSec>
  </S>
  <S>
    <Calle>USTAR</Calle>
    <Lat>34.530241</Lat>
    <Lon>58.778834</Lon>
    <Dis>1732.780</Dis>
    <Cta>621</Cta>
    <CodSec>18</CodSec>
  </S>
  <S>
    <Calle>DERQU</Calle>
    <Lat>34.537545</Lat>
    <Lon>58.795368</Lon>
    <Dis>3939.660</Dis>
    <Cta>705</Cta>
    <CodSec>18</CodSec>
  </S>
  <S>
    <Calle>FERR2</Calle>
    <Lat>34.549988</Lat>
    <Lon>58.768268</Lon>
    <Dis>1455.260</Dis>
    <Cta>889</Cta>
    <CodSec>18</CodSec>
  </S>
  <S>
    <Calle>EDIS</Calle>
    <Lat>34.558543</Lat>
    <Lon>58.756456</Lon>
    <Dis>1663.890</Dis>
    <Cta>947</Cta>
    <CodSec>18</CodSec>
  </S>
  <S>
    <Calle>R.202</Calle>
    <Lat>34.568524</Lat>
    <Lon>58.742926</Lon>
    <Dis>2742.870</Dis>
    <Cta>1011</Cta>
    <CodSec>18</CodSec>
  </S>
  <S>
    <Calle>CAMPO</Calle>
    <Lat>34.551605</Lat>
    <Lon>58.721770</Lon>
    <Dis>986.990</Dis>
    <Cta>1126</Cta>
    <CodSec>18</CodSec>
  </S>
  <S>
    <Calle>SMIG</Calle>
    <Lat>34.544856</Lat>
    <Lon>58.714853</Lon>
    <Dis>1058.150</Dis>
    <Cta>1165</Cta>
    <CodSec>18</CodSec>
  </S>
  <S>
    <Calle>SLO.</Calle>
    <Lat>34.537725</Lat>
    <Lon>58.707210</Lon>
    <Dis>673.040</Dis>
    <Cta>1209</Cta>
    <CodSec>18</CodSec>
  </S>
  <S>
    <Calle>LEMOS</Calle>
    <Lat>34.533165</Lat>
    <Lon>58.702378</Lon>
    <Dis>1684.710</Dis>
    <Cta>1237</Cta>
    <CodSec>18</CodSec>
  </S>
  <S>
    <Calle>LEMO3</Calle>
    <Lat>34.529421</Lat>
    <Lon>58.689316</Lon>
    <Dis>2105.590</Dis>
    <Cta>1308</Cta>
    <CodSec>18</CodSec>
  </S>
  <S>
    <Calle>PERO4</Calle>
    <Lat>34.518317</Lat>
    <Lon>58.671426</Lon>
    <Dis>2954.630</Dis>
    <Cta>1395</Cta>
    <CodSec>18</CodSec>
  </S>
  <S>
    <Calle>TORCU</Calle>
    <Lat>34.502019</Lat>
    <Lon>58.646096</Lon>
    <Dis>745.940</Dis>
    <Cta>1513</Cta>
    <CodSec>18</CodSec>
  </S>
  <S>
    <Calle>TORC</Calle>
    <Lat>34.500563</Lat>
    <Lon>58.643236</Lon>
    <Dis>1253.760</Dis>
    <Cta>1547</Cta>
    <CodSec>18</CodSec>
  </S>
  <S>
    <Calle>ARATA</Calle>
    <Lat>34.494355</Lat>
    <Lon>58.631817</Lon>
    <Dis>2555.080</Dis>
    <Cta>1591</Cta>
    <CodSec>18</CodSec>
  </S>
  <S>
    <Calle>202-1</Calle>
    <Lat>34.483701</Lat>
    <Lon>58.611806</Lon>
    <Dis>0</Dis>
    <Cta>1693</Cta>
    <CodSec>18</CodSec>
  </S>
</Sector>