<?xml version="1.0" standalone="yes"?>
<Version>
  <xs:schema id="Version" xmlns="" xmlns:xs="http://www.w3.org/2001/XMLSchema" xmlns:msdata="urn:schemas-microsoft-com:xml-msdata">
    <xs:element name="Version" msdata:IsDataSet="true" msdata:UseCurrentLocale="true">
      <xs:complexType>
        <xs:choice minOccurs="0" maxOccurs="unbounded">
          <xs:element name="datosVersion">
            <xs:complexType>
              <xs:sequence>
                <xs:element name="nroVersion" type="xs:int" minOccurs="0" />
                <xs:element name="fechaActivacion" type="xs:dateTime" minOccurs="0" />
              </xs:sequence>
            </xs:complexType>
          </xs:element>
          <xs:element name="archivos">
            <xs:complexType>
              <xs:sequence>
                <xs:element name="archivo" type="xs:string" minOccurs="0" />
                <xs:element name="hash" type="xs:string" minOccurs="0" />
              </xs:sequence>
            </xs:complexType>
          </xs:element>
        </xs:choice>
      </xs:complexType>
    </xs:element>
  </xs:schema>
  <datosVersion>
    <nroVersion>8</nroVersion>
    <fechaActivacion>2019-09-12T00:00:00-03:00</fechaActivacion>
  </datosVersion>
  <archivos>
    <archivo>s00630354.xml</archivo>
    <hash>B91FF99CAD15B46DB9B3F0E406EEA707</hash>
  </archivos>
  <archivos>
    <archivo>s00630355.xml</archivo>
    <hash>A9237625B4EF9E30B26E5681BAF51877</hash>
  </archivos>
  <archivos>
    <archivo>s00630541.xml</archivo>
    <hash>96A4683D5DE5D9CF011A75F530059E65</hash>
  </archivos>
  <archivos>
    <archivo>s00630542.xml</archivo>
    <hash>4978CAC4FC97EAC05D04DB60DF6A45EF</hash>
  </archivos>
  <archivos>
    <archivo>r00630354.txt</archivo>
    <hash>F967DBA3EF822D69AFB1186422EAC99E</hash>
  </archivos>
  <archivos>
    <archivo>r00630355.txt</archivo>
    <hash>66CC2317D2AD5D84D550ADF4F264BAD9</hash>
  </archivos>
  <archivos>
    <archivo>r00630541.txt</archivo>
    <hash>2648C9A1251462F7D8D3130340C1F3EC</hash>
  </archivos>
  <archivos>
    <archivo>r00630542.txt</archivo>
    <hash>935ED0E7F0B4B0E2DED4E4C05276114F</hash>
  </archivos>
  <archivos>
    <archivo>sectoresTarifarios.xml</archivo>
    <hash>1CDC89B0EDFC387F4998BC762A2A9B44</hash>
  </archivos>
</Version>