<?xml version="1.0" standalone="yes"?>
<Sector>
  <xs:schema id="Sector" xmlns="" xmlns:xs="http://www.w3.org/2001/XMLSchema" xmlns:msdata="urn:schemas-microsoft-com:xml-msdata">
    <xs:element name="Sector" msdata:IsDataSet="true" msdata:Locale="">
      <xs:complexType>
        <xs:choice minOccurs="0" maxOccurs="unbounded">
          <xs:element name="S" msdata:Locale="">
            <xs:complexType>
              <xs:sequence>
                <xs:element name="Calle" type="xs:string" minOccurs="0" />
                <xs:element name="Lat" type="xs:decimal" minOccurs="0" />
                <xs:element name="Lon" type="xs:decimal" minOccurs="0" />
                <xs:element name="Dis" type="xs:decimal" minOccurs="0" />
                <xs:element name="Cta" type="xs:int" minOccurs="0" />
                <xs:element name="CodSec" type="xs:int" minOccurs="0" />
              </xs:sequence>
            </xs:complexType>
          </xs:element>
        </xs:choice>
      </xs:complexType>
    </xs:element>
  </xs:schema>
  <S>
    <Calle>ROSAR</Calle>
    <Lat>32.939440</Lat>
    <Lon>60.673503</Lon>
    <Dis>8661.486</Dis>
    <Cta>1</Cta>
    <CodSec>13</CodSec>
  </S>
  <S>
    <Calle>ArLUD</Calle>
    <Lat>32.925286</Lat>
    <Lon>60.763239</Lon>
    <Dis>9885.815</Dis>
    <Cta>482</Cta>
    <CodSec>30</CodSec>
  </S>
  <S>
    <Calle>S.SEB</Calle>
    <Lat>32.912836</Lat>
    <Lon>60.867797</Lon>
    <Dis>14060.399</Dis>
    <Cta>1001</Cta>
    <CodSec>32</CodSec>
  </S>
  <S>
    <Calle>SJER2</Calle>
    <Lat>32.886558</Lat>
    <Lon>61.014948</Lon>
    <Dis>10358.999</Dis>
    <Cta>1618</Cta>
    <CodSec>201</CodSec>
  </S>
  <S>
    <Calle>RUT26</Calle>
    <Lat>32.867258</Lat>
    <Lon>61.123272</Lon>
    <Dis>11078.325</Dis>
    <Cta>2055</Cta>
    <CodSec>202</CodSec>
  </S>
  <S>
    <Calle>CORR2</Calle>
    <Lat>32.853788</Lat>
    <Lon>61.240407</Lon>
    <Dis>13490.563</Dis>
    <Cta>2610</Cta>
    <CodSec>203</CodSec>
  </S>
  <S>
    <Calle>C.GO2</Calle>
    <Lat>32.814923</Lat>
    <Lon>61.366887</Lon>
    <Dis>3063.068</Dis>
    <Cta>3279</Cta>
    <CodSec>204</CodSec>
  </S>
  <S>
    <Calle>C.GOM</Calle>
    <Lat>32.812584</Lat>
    <Lon>61.396699</Lon>
    <Dis>2840.497</Dis>
    <Cta>3427</Cta>
    <CodSec>204</CodSec>
  </S>
  <S>
    <Calle>C.GO1</Calle>
    <Lat>32.805634</Lat>
    <Lon>61.421357</Lon>
    <Dis>10639.407</Dis>
    <Cta>3568</Cta>
    <CodSec>204</CodSec>
  </S>
  <S>
    <Calle>RU178</Calle>
    <Lat>32.786500</Lat>
    <Lon>61.532749</Lon>
    <Dis>5231.780</Dis>
    <Cta>4020</Cta>
    <CodSec>205</CodSec>
  </S>
  <S>
    <Calle>ARMS2</Calle>
    <Lat>32.777058</Lat>
    <Lon>61.587189</Lon>
    <Dis>5765.081</Dis>
    <Cta>4247</Cta>
    <CodSec>220</CodSec>
  </S>
  <S>
    <Calle>ARMS1</Calle>
    <Lat>32.771339</Lat>
    <Lon>61.621239</Lon>
    <Dis>19630.958</Dis>
    <Cta>4555</Cta>
    <CodSec>220</CodSec>
  </S>
  <S>
    <Calle>TORTU</Calle>
    <Lat>32.746323</Lat>
    <Lon>61.818198</Lon>
    <Dis>0</Dis>
    <Cta>5348</Cta>
    <CodSec>221</CodSec>
  </S>
</Sector>