<?xml version="1.0" standalone="yes"?>
<Sector>
  <xs:schema id="Sector" xmlns="" xmlns:xs="http://www.w3.org/2001/XMLSchema" xmlns:msdata="urn:schemas-microsoft-com:xml-msdata">
    <xs:element name="Sector" msdata:IsDataSet="true" msdata:Locale="">
      <xs:complexType>
        <xs:choice minOccurs="0" maxOccurs="unbounded">
          <xs:element name="S" msdata:Locale="">
            <xs:complexType>
              <xs:sequence>
                <xs:element name="Calle" type="xs:string" minOccurs="0" />
                <xs:element name="Lat" type="xs:decimal" minOccurs="0" />
                <xs:element name="Lon" type="xs:decimal" minOccurs="0" />
                <xs:element name="Dis" type="xs:decimal" minOccurs="0" />
                <xs:element name="Cta" type="xs:int" minOccurs="0" />
                <xs:element name="CodSec" type="xs:int" minOccurs="0" />
              </xs:sequence>
            </xs:complexType>
          </xs:element>
        </xs:choice>
      </xs:complexType>
    </xs:element>
  </xs:schema>
  <S>
    <Calle>M.OCA</Calle>
    <Lat>32.569656</Lat>
    <Lon>61.770158</Lon>
    <Dis>21853.777</Dis>
    <Cta>1</Cta>
    <CodSec>219</CodSec>
  </S>
  <S>
    <Calle>RUT28</Calle>
    <Lat>32.608729</Lat>
    <Lon>61.546873</Lon>
    <Dis>7728.112</Dis>
    <Cta>946</Cta>
    <CodSec>207</CodSec>
  </S>
  <S>
    <Calle>PARE1</Calle>
    <Lat>32.674977</Lat>
    <Lon>61.529244</Lon>
    <Dis>13349.308</Dis>
    <Cta>1307</Cta>
    <CodSec>206</CodSec>
  </S>
  <S>
    <Calle>RUTA9</Calle>
    <Lat>32.782208</Lat>
    <Lon>61.545657</Lon>
    <Dis>12267.289</Dis>
    <Cta>1911</Cta>
    <CodSec>205</CodSec>
  </S>
  <S>
    <Calle>C.GO1</Calle>
    <Lat>32.805648</Lat>
    <Lon>61.421241</Lon>
    <Dis>2652.550</Dis>
    <Cta>2463</Cta>
    <CodSec>204</CodSec>
  </S>
  <S>
    <Calle>C.GOM</Calle>
    <Lat>32.812459</Lat>
    <Lon>61.396859</Lon>
    <Dis>2926.397</Dis>
    <Cta>2590</Cta>
    <CodSec>204</CodSec>
  </S>
  <S>
    <Calle>C.GO2</Calle>
    <Lat>32.814540</Lat>
    <Lon>61.369066</Lon>
    <Dis>11621.155</Dis>
    <Cta>2734</Cta>
    <CodSec>204</CodSec>
  </S>
  <S>
    <Calle>CORR1</Calle>
    <Lat>32.851198</Lat>
    <Lon>61.262643</Lon>
    <Dis>8262.867</Dis>
    <Cta>3302</Cta>
    <CodSec>203</CodSec>
  </S>
  <S>
    <Calle>ArCAR</Calle>
    <Lat>32.858252</Lat>
    <Lon>61.174774</Lon>
    <Dis>13653.661</Dis>
    <Cta>3709</Cta>
    <CodSec>202</CodSec>
  </S>
  <S>
    <Calle>SJER1</Calle>
    <Lat>32.883544</Lat>
    <Lon>61.031956</Lon>
    <Dis>10475.847</Dis>
    <Cta>4327</Cta>
    <CodSec>201</CodSec>
  </S>
  <S>
    <Calle>ROLDA</Calle>
    <Lat>32.903088</Lat>
    <Lon>60.922334</Lon>
    <Dis>5206.874</Dis>
    <Cta>4748</Cta>
    <CodSec>32</CodSec>
  </S>
  <S>
    <Calle>S.SEB</Calle>
    <Lat>32.912826</Lat>
    <Lon>60.867860</Lon>
    <Dis>9892.329</Dis>
    <Cta>5033</Cta>
    <CodSec>30</CodSec>
  </S>
  <S>
    <Calle>ArLUD</Calle>
    <Lat>32.925291</Lat>
    <Lon>60.763216</Lon>
    <Dis>9055.051</Dis>
    <Cta>5554</Cta>
    <CodSec>13</CodSec>
  </S>
  <S>
    <Calle>ROSAR</Calle>
    <Lat>32.939434</Lat>
    <Lon>60.673566</Lon>
    <Dis>0</Dis>
    <Cta>6095</Cta>
    <CodSec>13</CodSec>
  </S>
</Sector>