<?xml version="1.0" standalone="yes"?>
<Sector>
  <xs:schema id="Sector" xmlns="" xmlns:xs="http://www.w3.org/2001/XMLSchema" xmlns:msdata="urn:schemas-microsoft-com:xml-msdata">
    <xs:element name="Sector" msdata:IsDataSet="true" msdata:Locale="">
      <xs:complexType>
        <xs:choice minOccurs="0" maxOccurs="unbounded">
          <xs:element name="S" msdata:Locale="">
            <xs:complexType>
              <xs:sequence>
                <xs:element name="Calle" type="xs:string" minOccurs="0" />
                <xs:element name="Lat" type="xs:decimal" minOccurs="0" />
                <xs:element name="Lon" type="xs:decimal" minOccurs="0" />
                <xs:element name="Dis" type="xs:decimal" minOccurs="0" />
                <xs:element name="Cta" type="xs:int" minOccurs="0" />
                <xs:element name="CodSec" type="xs:int" minOccurs="0" />
              </xs:sequence>
            </xs:complexType>
          </xs:element>
        </xs:choice>
      </xs:complexType>
    </xs:element>
  </xs:schema>
  <S>
    <Calle>V.TUE</Calle>
    <Lat>33.735331</Lat>
    <Lon>61.975662</Lon>
    <Dis>16370.162</Dis>
    <Cta>1</Cta>
    <CodSec>131</CodSec>
  </S>
  <S>
    <Calle>MURP1</Calle>
    <Lat>33.649808</Lat>
    <Lon>61.863544</Lon>
    <Dis>3471.374</Dis>
    <Cta>710</Cta>
    <CodSec>130</CodSec>
  </S>
  <S>
    <Calle>RAVI1</Calle>
    <Lat>33.635754</Lat>
    <Lon>61.830783</Lon>
    <Dis>12050.811</Dis>
    <Cta>912</Cta>
    <CodSec>129</CodSec>
  </S>
  <S>
    <Calle>ELORT</Calle>
    <Lat>33.577003</Lat>
    <Lon>61.721611</Lon>
    <Dis>5968.214</Dis>
    <Cta>1414</Cta>
    <CodSec>128</CodSec>
  </S>
  <S>
    <Calle>DIVIS</Calle>
    <Lat>33.547912</Lat>
    <Lon>61.667536</Lon>
    <Dis>3333.183</Dis>
    <Cta>1667</Cta>
    <CodSec>127</CodSec>
  </S>
  <S>
    <Calle>CHOVE</Calle>
    <Lat>33.531664</Lat>
    <Lon>61.637409</Lon>
    <Dis>15021.510</Dis>
    <Cta>1822</Cta>
    <CodSec>126</CodSec>
  </S>
  <S>
    <Calle>FIRM1</Calle>
    <Lat>33.456450</Lat>
    <Lon>61.503360</Lon>
    <Dis>2191.996</Dis>
    <Cta>2476</Cta>
    <CodSec>125</CodSec>
  </S>
  <S>
    <Calle>FIRMA</Calle>
    <Lat>33.455317</Lat>
    <Lon>61.485370</Lon>
    <Dis>2642.921</Dis>
    <Cta>2588</Cta>
    <CodSec>125</CodSec>
  </S>
  <S>
    <Calle>FIRM2</Calle>
    <Lat>33.436321</Lat>
    <Lon>61.483498</Lon>
    <Dis>10111.622</Dis>
    <Cta>2726</Cta>
    <CodSec>125</CodSec>
  </S>
  <S>
    <Calle>VILL1</Calle>
    <Lat>33.353361</Lat>
    <Lon>61.448020</Lon>
    <Dis>13487.051</Dis>
    <Cta>3141</Cta>
    <CodSec>124</CodSec>
  </S>
  <S>
    <Calle>CHAB1</Calle>
    <Lat>33.253894</Lat>
    <Lon>61.366254</Lon>
    <Dis>14137.996</Dis>
    <Cta>3723</Cta>
    <CodSec>123</CodSec>
  </S>
  <S>
    <Calle>SANF1</Calle>
    <Lat>33.148645</Lat>
    <Lon>61.282094</Lon>
    <Dis>14063.336</Dis>
    <Cta>4425</Cta>
    <CodSec>122</CodSec>
  </S>
  <S>
    <Calle>CASI1</Calle>
    <Lat>33.063491</Lat>
    <Lon>61.176185</Lon>
    <Dis>2073.667</Dis>
    <Cta>5071</Cta>
    <CodSec>121</CodSec>
  </S>
  <S>
    <Calle>LAGOS</Calle>
    <Lat>33.053257</Lat>
    <Lon>61.157603</Lon>
    <Dis>2084.331</Dis>
    <Cta>5169</Cta>
    <CodSec>121</CodSec>
  </S>
  <S>
    <Calle>CASI2</Calle>
    <Lat>33.042957</Lat>
    <Lon>61.139024</Lon>
    <Dis>9238.999</Dis>
    <Cta>5275</Cta>
    <CodSec>121</CodSec>
  </S>
  <S>
    <Calle>PUJA1</Calle>
    <Lat>33.016630</Lat>
    <Lon>61.049465</Lon>
    <Dis>15285.406</Dis>
    <Cta>5649</Cta>
    <CodSec>120</CodSec>
  </S>
  <S>
    <Calle>ZAVA1</Calle>
    <Lat>33.018560</Lat>
    <Lon>60.885831</Lon>
    <Dis>8198.268</Dis>
    <Cta>6311</Cta>
    <CodSec>86</CodSec>
  </S>
  <S>
    <Calle>CURVA</Calle>
    <Lat>33.010175</Lat>
    <Lon>60.799483</Lon>
    <Dis>3748.522</Dis>
    <Cta>6684</Cta>
    <CodSec>85</CodSec>
  </S>
  <S>
    <Calle>YPF</Calle>
    <Lat>32.995597</Lat>
    <Lon>60.765254</Lon>
    <Dis>3239.943</Dis>
    <Cta>6882</Cta>
    <CodSec>85</CodSec>
  </S>
  <S>
    <Calle>ESSO.</Calle>
    <Lat>32.980397</Lat>
    <Lon>60.736084</Lon>
    <Dis>8577.981</Dis>
    <Cta>7084</Cta>
    <CodSec>13</CodSec>
  </S>
  <S>
    <Calle>ROSAR</Calle>
    <Lat>32.939604</Lat>
    <Lon>60.672460</Lon>
    <Dis>0</Dis>
    <Cta>7562</Cta>
    <CodSec>13</CodSec>
  </S>
</Sector>