<?xml version="1.0" standalone="yes"?>
<Sector>
  <xs:schema id="Sector" xmlns="" xmlns:xs="http://www.w3.org/2001/XMLSchema" xmlns:msdata="urn:schemas-microsoft-com:xml-msdata">
    <xs:element name="Sector" msdata:IsDataSet="true" msdata:Locale="">
      <xs:complexType>
        <xs:choice minOccurs="0" maxOccurs="unbounded">
          <xs:element name="S" msdata:Locale="">
            <xs:complexType>
              <xs:sequence>
                <xs:element name="Calle" type="xs:string" minOccurs="0" />
                <xs:element name="Lat" type="xs:decimal" minOccurs="0" />
                <xs:element name="Lon" type="xs:decimal" minOccurs="0" />
                <xs:element name="Dis" type="xs:decimal" minOccurs="0" />
                <xs:element name="Cta" type="xs:int" minOccurs="0" />
                <xs:element name="CodSec" type="xs:int" minOccurs="0" />
              </xs:sequence>
            </xs:complexType>
          </xs:element>
        </xs:choice>
      </xs:complexType>
    </xs:element>
  </xs:schema>
  <S>
    <Calle>ROSAR</Calle>
    <Lat>32.939607</Lat>
    <Lon>60.672462</Lon>
    <Dis>8542.837</Dis>
    <Cta>1</Cta>
    <CodSec>13</CodSec>
  </S>
  <S>
    <Calle>ESSO.</Calle>
    <Lat>32.980319</Lat>
    <Lon>60.736248</Lon>
    <Dis>3129.506</Dis>
    <Cta>428</Cta>
    <CodSec>85</CodSec>
  </S>
  <S>
    <Calle>YPF</Calle>
    <Lat>32.995080</Lat>
    <Lon>60.764608</Lon>
    <Dis>3847.447</Dis>
    <Cta>616</Cta>
    <CodSec>85</CodSec>
  </S>
  <S>
    <Calle>CURVA</Calle>
    <Lat>33.010160</Lat>
    <Lon>60.799567</Lon>
    <Dis>5881.923</Dis>
    <Cta>825</Cta>
    <CodSec>86</CodSec>
  </S>
  <S>
    <Calle>ZAVA2</Calle>
    <Lat>33.018853</Lat>
    <Lon>60.861224</Lon>
    <Dis>15759.721</Dis>
    <Cta>1077</Cta>
    <CodSec>86</CodSec>
  </S>
  <S>
    <Calle>PUJA2</Calle>
    <Lat>33.016890</Lat>
    <Lon>61.029957</Lon>
    <Dis>11404.187</Dis>
    <Cta>1742</Cta>
    <CodSec>120</CodSec>
  </S>
  <S>
    <Calle>CASI2</Calle>
    <Lat>33.042953</Lat>
    <Lon>61.139018</Lon>
    <Dis>3544.942</Dis>
    <Cta>2257</Cta>
    <CodSec>121</CodSec>
  </S>
  <S>
    <Calle>CASIL</Calle>
    <Lat>33.043109</Lat>
    <Lon>61.166215</Lon>
    <Dis>3749.993</Dis>
    <Cta>2441</Cta>
    <CodSec>121</CodSec>
  </S>
  <S>
    <Calle>CAS.E</Calle>
    <Lat>33.060319</Lat>
    <Lon>61.194650</Lon>
    <Dis>12234.812</Dis>
    <Cta>2632</Cta>
    <CodSec>121</CodSec>
  </S>
  <S>
    <Calle>MOLI2</Calle>
    <Lat>33.099152</Lat>
    <Lon>61.316812</Lon>
    <Dis>13438.111</Dis>
    <Cta>3141</Cta>
    <CodSec>138</CodSec>
  </S>
  <S>
    <Calle>AREQ2</Calle>
    <Lat>33.138432</Lat>
    <Lon>61.453095</Lon>
    <Dis>13500.222</Dis>
    <Cta>3764</Cta>
    <CodSec>139</CodSec>
  </S>
  <S>
    <Calle>NOGA2</Calle>
    <Lat>33.140400</Lat>
    <Lon>61.595892</Lon>
    <Dis>10107.864</Dis>
    <Cta>4357</Cta>
    <CodSec>140</CodSec>
  </S>
  <S>
    <Calle>S.JE2</Calle>
    <Lat>33.109872</Lat>
    <Lon>61.690233</Lon>
    <Dis>9284.043</Dis>
    <Cta>4849</Cta>
    <CodSec>141</CodSec>
  </S>
  <S>
    <Calle>ARTE2</Calle>
    <Lat>33.092008</Lat>
    <Lon>61.783018</Lon>
    <Dis>9002.972</Dis>
    <Cta>5271</Cta>
    <CodSec>142</CodSec>
  </S>
  <S>
    <Calle>CRUZ2</Calle>
    <Lat>33.020755</Lat>
    <Lon>61.801901</Lon>
    <Dis>21577.971</Dis>
    <Cta>5759</Cta>
    <CodSec>149</CodSec>
  </S>
  <S>
    <Calle>SURG2</Calle>
    <Lat>32.987455</Lat>
    <Lon>61.999640</Lon>
    <Dis>21163.444</Dis>
    <Cta>6740</Cta>
    <CodSec>151</CodSec>
  </S>
  <S>
    <Calle>INRI2</Calle>
    <Lat>32.946795</Lat>
    <Lon>62.214903</Lon>
    <Dis>11112.081</Dis>
    <Cta>7684</Cta>
    <CodSec>153</CodSec>
  </S>
  <S>
    <Calle>SALA2</Calle>
    <Lat>32.931764</Lat>
    <Lon>62.332180</Lon>
    <Dis>9761.533</Dis>
    <Cta>8170</Cta>
    <CodSec>154</CodSec>
  </S>
  <S>
    <Calle>M.BU2</Calle>
    <Lat>32.921950</Lat>
    <Lon>62.435847</Lon>
    <Dis>25637.200</Dis>
    <Cta>8571</Cta>
    <CodSec>155</CodSec>
  </S>
  <S>
    <Calle>JUSTI</Calle>
    <Lat>32.878706</Lat>
    <Lon>62.684677</Lon>
    <Dis>0</Dis>
    <Cta>9678</Cta>
    <CodSec>156</CodSec>
  </S>
</Sector>