<?xml version="1.0" standalone="yes"?>
<Sector>
  <xs:schema id="Sector" xmlns="" xmlns:xs="http://www.w3.org/2001/XMLSchema" xmlns:msdata="urn:schemas-microsoft-com:xml-msdata">
    <xs:element name="Sector" msdata:IsDataSet="true" msdata:Locale="">
      <xs:complexType>
        <xs:choice minOccurs="0" maxOccurs="unbounded">
          <xs:element name="S" msdata:Locale="">
            <xs:complexType>
              <xs:sequence>
                <xs:element name="Calle" type="xs:string" minOccurs="0" />
                <xs:element name="Lat" type="xs:decimal" minOccurs="0" />
                <xs:element name="Lon" type="xs:decimal" minOccurs="0" />
                <xs:element name="Dis" type="xs:decimal" minOccurs="0" />
                <xs:element name="Cta" type="xs:int" minOccurs="0" />
                <xs:element name="CodSec" type="xs:int" minOccurs="0" />
              </xs:sequence>
            </xs:complexType>
          </xs:element>
        </xs:choice>
      </xs:complexType>
    </xs:element>
  </xs:schema>
  <S>
    <Calle>ROSAR</Calle>
    <Lat>32.939607</Lat>
    <Lon>60.672462</Lon>
    <Dis>8542.837</Dis>
    <Cta>1</Cta>
    <CodSec>13</CodSec>
  </S>
  <S>
    <Calle>ESSO.</Calle>
    <Lat>32.980319</Lat>
    <Lon>60.736248</Lon>
    <Dis>3129.506</Dis>
    <Cta>428</Cta>
    <CodSec>85</CodSec>
  </S>
  <S>
    <Calle>YPF</Calle>
    <Lat>32.995080</Lat>
    <Lon>60.764608</Lon>
    <Dis>3846.816</Dis>
    <Cta>616</Cta>
    <CodSec>85</CodSec>
  </S>
  <S>
    <Calle>CURVA</Calle>
    <Lat>33.010160</Lat>
    <Lon>60.799567</Lon>
    <Dis>5881.923</Dis>
    <Cta>824</Cta>
    <CodSec>86</CodSec>
  </S>
  <S>
    <Calle>ZAVA2</Calle>
    <Lat>33.018853</Lat>
    <Lon>60.861224</Lon>
    <Dis>15759.721</Dis>
    <Cta>1076</Cta>
    <CodSec>86</CodSec>
  </S>
  <S>
    <Calle>PUJA2</Calle>
    <Lat>33.016890</Lat>
    <Lon>61.029957</Lon>
    <Dis>11069.321</Dis>
    <Cta>1741</Cta>
    <CodSec>120</CodSec>
  </S>
  <S>
    <Calle>CASI2</Calle>
    <Lat>33.042953</Lat>
    <Lon>61.139018</Lon>
    <Dis>3586.827</Dis>
    <Cta>2228</Cta>
    <CodSec>121</CodSec>
  </S>
  <S>
    <Calle>CASIL</Calle>
    <Lat>33.042965</Lat>
    <Lon>61.165925</Lon>
    <Dis>3700.792</Dis>
    <Cta>2414</Cta>
    <CodSec>121</CodSec>
  </S>
  <S>
    <Calle>CAS.E</Calle>
    <Lat>33.060319</Lat>
    <Lon>61.194650</Lon>
    <Dis>12234.812</Dis>
    <Cta>2600</Cta>
    <CodSec>121</CodSec>
  </S>
  <S>
    <Calle>MOLI2</Calle>
    <Lat>33.099152</Lat>
    <Lon>61.316812</Lon>
    <Dis>13438.111</Dis>
    <Cta>3109</Cta>
    <CodSec>138</CodSec>
  </S>
  <S>
    <Calle>AREQ2</Calle>
    <Lat>33.138432</Lat>
    <Lon>61.453095</Lon>
    <Dis>13500.670</Dis>
    <Cta>3732</Cta>
    <CodSec>139</CodSec>
  </S>
  <S>
    <Calle>NOGA2</Calle>
    <Lat>33.140400</Lat>
    <Lon>61.595892</Lon>
    <Dis>10108.751</Dis>
    <Cta>4325</Cta>
    <CodSec>140</CodSec>
  </S>
  <S>
    <Calle>S.JE2</Calle>
    <Lat>33.109872</Lat>
    <Lon>61.690233</Lon>
    <Dis>9290.962</Dis>
    <Cta>4817</Cta>
    <CodSec>141</CodSec>
  </S>
  <S>
    <Calle>ARTE2</Calle>
    <Lat>33.092008</Lat>
    <Lon>61.783018</Lon>
    <Dis>11361.279</Dis>
    <Cta>5240</Cta>
    <CodSec>142</CodSec>
  </S>
  <S>
    <Calle>CALTA</Calle>
    <Lat>33.006954</Lat>
    <Lon>61.807283</Lon>
    <Dis>0</Dis>
    <Cta>5859</Cta>
    <CodSec>149</CodSec>
  </S>
</Sector>