<?xml version="1.0" standalone="yes"?>
<Sector>
  <xs:schema id="Sector" xmlns="" xmlns:xs="http://www.w3.org/2001/XMLSchema" xmlns:msdata="urn:schemas-microsoft-com:xml-msdata">
    <xs:element name="Sector" msdata:IsDataSet="true" msdata:Locale="">
      <xs:complexType>
        <xs:choice minOccurs="0" maxOccurs="unbounded">
          <xs:element name="S" msdata:Locale="">
            <xs:complexType>
              <xs:sequence>
                <xs:element name="Calle" type="xs:string" minOccurs="0" />
                <xs:element name="Lat" type="xs:decimal" minOccurs="0" />
                <xs:element name="Lon" type="xs:decimal" minOccurs="0" />
                <xs:element name="Dis" type="xs:decimal" minOccurs="0" />
                <xs:element name="Cta" type="xs:int" minOccurs="0" />
                <xs:element name="CodSec" type="xs:int" minOccurs="0" />
              </xs:sequence>
            </xs:complexType>
          </xs:element>
        </xs:choice>
      </xs:complexType>
    </xs:element>
  </xs:schema>
  <S>
    <Calle>C.BUS</Calle>
    <Lat>33.279676</Lat>
    <Lon>62.185822</Lon>
    <Dis>21579.347</Dis>
    <Cta>1</Cta>
    <CodSec>150</CodSec>
  </S>
  <S>
    <Calle>C.AL1</Calle>
    <Lat>33.140924</Lat>
    <Lon>62.098572</Lon>
    <Dis>20540.188</Dis>
    <Cta>973</Cta>
    <CodSec>152</CodSec>
  </S>
  <S>
    <Calle>SURG1</Calle>
    <Lat>32.982689</Lat>
    <Lon>62.038731</Lon>
    <Dis>20108.184</Dis>
    <Cta>1951</Cta>
    <CodSec>151</CodSec>
  </S>
  <S>
    <Calle>CRUZ1</Calle>
    <Lat>33.013939</Lat>
    <Lon>61.831618</Lon>
    <Dis>11867.185</Dis>
    <Cta>2854</Cta>
    <CodSec>149</CodSec>
  </S>
  <S>
    <Calle>ARTE1</Calle>
    <Lat>33.072997</Lat>
    <Lon>61.797539</Lon>
    <Dis>8839.066</Dis>
    <Cta>3468</Cta>
    <CodSec>142</CodSec>
  </S>
  <S>
    <Calle>S.JE1</Calle>
    <Lat>33.104685</Lat>
    <Lon>61.718130</Lon>
    <Dis>12142.950</Dis>
    <Cta>3895</Cta>
    <CodSec>141</CodSec>
  </S>
  <S>
    <Calle>NOGA1</Calle>
    <Lat>33.137638</Lat>
    <Lon>61.613676</Lon>
    <Dis>11419.431</Dis>
    <Cta>4489</Cta>
    <CodSec>140</CodSec>
  </S>
  <S>
    <Calle>AREQ1</Calle>
    <Lat>33.145995</Lat>
    <Lon>61.492120</Lon>
    <Dis>15467.266</Dis>
    <Cta>4975</Cta>
    <CodSec>139</CodSec>
  </S>
  <S>
    <Calle>MOLI1</Calle>
    <Lat>33.104208</Lat>
    <Lon>61.334560</Lon>
    <Dis>13777.753</Dis>
    <Cta>5693</Cta>
    <CodSec>138</CodSec>
  </S>
  <S>
    <Calle>CAS.E</Calle>
    <Lat>33.061705</Lat>
    <Lon>61.196158</Lon>
    <Dis>3989.637</Dis>
    <Cta>6287</Cta>
    <CodSec>121</CodSec>
  </S>
  <S>
    <Calle>CASIL</Calle>
    <Lat>33.043074</Lat>
    <Lon>61.166039</Lon>
    <Dis>4150.703</Dis>
    <Cta>6492</Cta>
    <CodSec>121</CodSec>
  </S>
  <S>
    <Calle>CASI2</Calle>
    <Lat>33.042975</Lat>
    <Lon>61.139053</Lon>
    <Dis>8925.548</Dis>
    <Cta>6707</Cta>
    <CodSec>121</CodSec>
  </S>
  <S>
    <Calle>PUJA1</Calle>
    <Lat>33.016578</Lat>
    <Lon>61.052861</Lon>
    <Dis>14427.168</Dis>
    <Cta>7072</Cta>
    <CodSec>120</CodSec>
  </S>
  <S>
    <Calle>ZAVA1</Calle>
    <Lat>33.018431</Lat>
    <Lon>60.898425</Lon>
    <Dis>9377.449</Dis>
    <Cta>7700</Cta>
    <CodSec>86</CodSec>
  </S>
  <S>
    <Calle>CURVA</Calle>
    <Lat>33.010151</Lat>
    <Lon>60.799473</Lon>
    <Dis>3742.767</Dis>
    <Cta>8122</Cta>
    <CodSec>85</CodSec>
  </S>
  <S>
    <Calle>YPF</Calle>
    <Lat>32.995605</Lat>
    <Lon>60.765259</Lon>
    <Dis>3235.021</Dis>
    <Cta>8320</Cta>
    <CodSec>85</CodSec>
  </S>
  <S>
    <Calle>ESSO.</Calle>
    <Lat>32.980429</Lat>
    <Lon>60.736149</Lon>
    <Dis>8582.664</Dis>
    <Cta>8522</Cta>
    <CodSec>13</CodSec>
  </S>
  <S>
    <Calle>ROSAR</Calle>
    <Lat>32.939628</Lat>
    <Lon>60.672459</Lon>
    <Dis>0</Dis>
    <Cta>9001</Cta>
    <CodSec>13</CodSec>
  </S>
</Sector>