<?xml version="1.0" standalone="yes"?>
<Sector>
  <xs:schema id="Sector" xmlns="" xmlns:xs="http://www.w3.org/2001/XMLSchema" xmlns:msdata="urn:schemas-microsoft-com:xml-msdata">
    <xs:element name="Sector" msdata:IsDataSet="true" msdata:Locale="">
      <xs:complexType>
        <xs:choice minOccurs="0" maxOccurs="unbounded">
          <xs:element name="S" msdata:Locale="">
            <xs:complexType>
              <xs:sequence>
                <xs:element name="Calle" type="xs:string" minOccurs="0" />
                <xs:element name="Lat" type="xs:decimal" minOccurs="0" />
                <xs:element name="Lon" type="xs:decimal" minOccurs="0" />
                <xs:element name="Dis" type="xs:decimal" minOccurs="0" />
                <xs:element name="Cta" type="xs:int" minOccurs="0" />
                <xs:element name="CodSec" type="xs:int" minOccurs="0" />
              </xs:sequence>
            </xs:complexType>
          </xs:element>
        </xs:choice>
      </xs:complexType>
    </xs:element>
  </xs:schema>
  <S>
    <Calle>AvFRA</Calle>
    <Lat>32.938108</Lat>
    <Lon>60.664520</Lon>
    <Dis>2507.816</Dis>
    <Cta>1</Cta>
    <CodSec>13</CodSec>
  </S>
  <S>
    <Calle>CORDO</Calle>
    <Lat>32.943879</Lat>
    <Lon>60.651924</Lon>
    <Dis>2165.219</Dis>
    <Cta>132</Cta>
    <CodSec>13</CodSec>
  </S>
  <S>
    <Calle>CORRI</Calle>
    <Lat>32.956564</Lat>
    <Lon>60.645139</Lon>
    <Dis>1633.400</Dis>
    <Cta>237</Cta>
    <CodSec>13</CodSec>
  </S>
  <S>
    <Calle>COLON</Calle>
    <Lat>32.959680</Lat>
    <Lon>60.628300</Lon>
    <Dis>1105.771</Dis>
    <Cta>318</Cta>
    <CodSec>13</CodSec>
  </S>
  <S>
    <Calle>RIOBA</Calle>
    <Lat>32.965711</Lat>
    <Lon>60.624051</Lon>
    <Dis>0</Dis>
    <Cta>374</Cta>
    <CodSec>13</CodSec>
  </S>
</Sector>