<?xml version="1.0" standalone="yes"?>
<Sector>
  <xs:schema id="Sector" xmlns="" xmlns:xs="http://www.w3.org/2001/XMLSchema" xmlns:msdata="urn:schemas-microsoft-com:xml-msdata">
    <xs:element name="Sector" msdata:IsDataSet="true" msdata:Locale="">
      <xs:complexType>
        <xs:choice minOccurs="0" maxOccurs="unbounded">
          <xs:element name="S" msdata:Locale="">
            <xs:complexType>
              <xs:sequence>
                <xs:element name="Calle" type="xs:string" minOccurs="0" />
                <xs:element name="Lat" type="xs:decimal" minOccurs="0" />
                <xs:element name="Lon" type="xs:decimal" minOccurs="0" />
                <xs:element name="Dis" type="xs:decimal" minOccurs="0" />
                <xs:element name="Cta" type="xs:int" minOccurs="0" />
                <xs:element name="CodSec" type="xs:int" minOccurs="0" />
              </xs:sequence>
            </xs:complexType>
          </xs:element>
        </xs:choice>
      </xs:complexType>
    </xs:element>
  </xs:schema>
  <S>
    <Calle>AvFRA</Calle>
    <Lat>32.938071</Lat>
    <Lon>60.664435</Lon>
    <Dis>2485.368</Dis>
    <Cta>1</Cta>
    <CodSec>13</CodSec>
  </S>
  <S>
    <Calle>CORDO</Calle>
    <Lat>32.943754</Lat>
    <Lon>60.651883</Lon>
    <Dis>2181.059</Dis>
    <Cta>133</Cta>
    <CodSec>13</CodSec>
  </S>
  <S>
    <Calle>CORRI</Calle>
    <Lat>32.956574</Lat>
    <Lon>60.645111</Lon>
    <Dis>1599.023</Dis>
    <Cta>239</Cta>
    <CodSec>13</CodSec>
  </S>
  <S>
    <Calle>COLON</Calle>
    <Lat>32.959619</Lat>
    <Lon>60.628390</Lon>
    <Dis>2766.851</Dis>
    <Cta>317</Cta>
    <CodSec>13</CodSec>
  </S>
  <S>
    <Calle>BERUT</Calle>
    <Lat>32.980054</Lat>
    <Lon>60.627860</Lon>
    <Dis>1552.758</Dis>
    <Cta>470</Cta>
    <CodSec>13</CodSec>
  </S>
  <S>
    <Calle>GRAND</Calle>
    <Lat>32.993383</Lat>
    <Lon>60.629308</Lon>
    <Dis>0</Dis>
    <Cta>563</Cta>
    <CodSec>13</CodSec>
  </S>
</Sector>