<?xml version="1.0" standalone="yes"?>
<Sector>
  <xs:schema id="Sector" xmlns="" xmlns:xs="http://www.w3.org/2001/XMLSchema" xmlns:msdata="urn:schemas-microsoft-com:xml-msdata">
    <xs:element name="Sector" msdata:IsDataSet="true" msdata:Locale="">
      <xs:complexType>
        <xs:choice minOccurs="0" maxOccurs="unbounded">
          <xs:element name="S" msdata:Locale="">
            <xs:complexType>
              <xs:sequence>
                <xs:element name="Calle" type="xs:string" minOccurs="0" />
                <xs:element name="Lat" type="xs:decimal" minOccurs="0" />
                <xs:element name="Lon" type="xs:decimal" minOccurs="0" />
                <xs:element name="Dis" type="xs:decimal" minOccurs="0" />
                <xs:element name="Cta" type="xs:int" minOccurs="0" />
                <xs:element name="CodSec" type="xs:int" minOccurs="0" />
              </xs:sequence>
            </xs:complexType>
          </xs:element>
        </xs:choice>
      </xs:complexType>
    </xs:element>
  </xs:schema>
  <S>
    <Calle>DERQU</Calle>
    <Lat>34.537817</Lat>
    <Lon>58.794818</Lon>
    <Dis>1646.704</Dis>
    <Cta>1</Cta>
    <CodSec>18</CodSec>
  </S>
  <S>
    <Calle>USTAR</Calle>
    <Lat>34.530534</Lat>
    <Lon>58.779303</Lon>
    <Dis>1365.313</Dis>
    <Cta>113</Cta>
    <CodSec>18</CodSec>
  </S>
  <S>
    <Calle>JMART</Calle>
    <Lat>34.525349</Lat>
    <Lon>58.765934</Lon>
    <Dis>1448.761</Dis>
    <Cta>198</Cta>
    <CodSec>18</CodSec>
  </S>
  <S>
    <Calle>ZU-LA</Calle>
    <Lat>34.519230</Lat>
    <Lon>58.752272</Lon>
    <Dis>1014.459</Dis>
    <Cta>300</Cta>
    <CodSec>18</CodSec>
  </S>
  <S>
    <Calle>POLON</Calle>
    <Lat>34.514797</Lat>
    <Lon>58.742701</Lon>
    <Dis>1953.304</Dis>
    <Cta>375</Cta>
    <CodSec>18</CodSec>
  </S>
  <S>
    <Calle>LLAVA</Calle>
    <Lat>34.507085</Lat>
    <Lon>58.723770</Lon>
    <Dis>1367.619</Dis>
    <Cta>506</Cta>
    <CodSec>18</CodSec>
  </S>
  <S>
    <Calle>DUAPE</Calle>
    <Lat>34.497785</Lat>
    <Lon>58.728924</Lon>
    <Dis>1894.559</Dis>
    <Cta>601</Cta>
    <CodSec>18</CodSec>
  </S>
  <S>
    <Calle>DP-BE</Calle>
    <Lat>34.485778</Lat>
    <Lon>58.725012</Lon>
    <Dis>1596.580</Dis>
    <Cta>717</Cta>
    <CodSec>18</CodSec>
  </S>
  <S>
    <Calle>DAMIC</Calle>
    <Lat>34.478997</Lat>
    <Lon>58.740115</Lon>
    <Dis>0</Dis>
    <Cta>818</Cta>
    <CodSec>18</CodSec>
  </S>
</Sector>