<?xml version="1.0" standalone="yes"?>
<Version>
  <xs:schema id="Version" xmlns="" xmlns:xs="http://www.w3.org/2001/XMLSchema" xmlns:msdata="urn:schemas-microsoft-com:xml-msdata">
    <xs:element name="Version" msdata:IsDataSet="true" msdata:UseCurrentLocale="true">
      <xs:complexType>
        <xs:choice minOccurs="0" maxOccurs="unbounded">
          <xs:element name="datosVersion">
            <xs:complexType>
              <xs:sequence>
                <xs:element name="nroVersion" type="xs:int" minOccurs="0" />
                <xs:element name="fechaActivacion" type="xs:dateTime" minOccurs="0" />
              </xs:sequence>
            </xs:complexType>
          </xs:element>
          <xs:element name="archivos">
            <xs:complexType>
              <xs:sequence>
                <xs:element name="archivo" type="xs:string" minOccurs="0" />
                <xs:element name="hash" type="xs:string" minOccurs="0" />
              </xs:sequence>
            </xs:complexType>
          </xs:element>
        </xs:choice>
      </xs:complexType>
    </xs:element>
  </xs:schema>
  <datosVersion>
    <nroVersion>21</nroVersion>
    <fechaActivacion>2022-02-04T00:00:00-03:00</fechaActivacion>
  </datosVersion>
  <archivos>
    <archivo>s01270555.xml</archivo>
    <hash>190B3F065D250D2618A195F81D52CA9E</hash>
  </archivos>
  <archivos>
    <archivo>s01270556.xml</archivo>
    <hash>11C8B45BA469B0FBD883F6DD5AD70242</hash>
  </archivos>
  <archivos>
    <archivo>s01272853.xml</archivo>
    <hash>60BA80FEEBAE85872B4E2BA3F40BAB28</hash>
  </archivos>
  <archivos>
    <archivo>r01270555.txt</archivo>
    <hash>0C6F98355F50654A02EF090DD0EDB8D8</hash>
  </archivos>
  <archivos>
    <archivo>r01270556.txt</archivo>
    <hash>373D1CAC28605C145DC0F4216C9EEAF6</hash>
  </archivos>
  <archivos>
    <archivo>r01272853.txt</archivo>
    <hash>B7A0D9152EC1806F40052BB6C78D29E1</hash>
  </archivos>
  <archivos>
    <archivo>sectoresTarifarios.xml</archivo>
    <hash>B04B3DB4757B0CC8EAE099C10636BB7A</hash>
  </archivos>
</Version>