<?xml version="1.0" standalone="yes"?>
<Sector>
  <xs:schema id="Sector" xmlns="" xmlns:xs="http://www.w3.org/2001/XMLSchema" xmlns:msdata="urn:schemas-microsoft-com:xml-msdata">
    <xs:element name="Sector" msdata:IsDataSet="true" msdata:Locale="">
      <xs:complexType>
        <xs:choice minOccurs="0" maxOccurs="unbounded">
          <xs:element name="S" msdata:Locale="">
            <xs:complexType>
              <xs:sequence>
                <xs:element name="Calle" type="xs:string" minOccurs="0" />
                <xs:element name="Lat" type="xs:decimal" minOccurs="0" />
                <xs:element name="Lon" type="xs:decimal" minOccurs="0" />
                <xs:element name="Dis" type="xs:decimal" minOccurs="0" />
                <xs:element name="Cta" type="xs:int" minOccurs="0" />
                <xs:element name="CodSec" type="xs:int" minOccurs="0" />
              </xs:sequence>
            </xs:complexType>
          </xs:element>
        </xs:choice>
      </xs:complexType>
    </xs:element>
  </xs:schema>
  <S>
    <Calle>TERRO</Calle>
    <Lat>32.939538</Lat>
    <Lon>60.672694</Lon>
    <Dis>773.900</Dis>
    <Cta>1</Cta>
    <CodSec>13</CodSec>
  </S>
  <S>
    <Calle>CODBA</Calle>
    <Lat>32.938959</Lat>
    <Lon>60.679145</Lon>
    <Dis>1230.010</Dis>
    <Cta>34</Cta>
    <CodSec>13</CodSec>
  </S>
  <S>
    <Calle>PELLE</Calle>
    <Lat>32.949778</Lat>
    <Lon>60.681892</Lon>
    <Dis>1727.640</Dis>
    <Cta>78</Cta>
    <CodSec>13</CodSec>
  </S>
  <S>
    <Calle>FMORE</Calle>
    <Lat>32.958657</Lat>
    <Lon>60.692819</Lon>
    <Dis>2012.840</Dis>
    <Cta>141</Cta>
    <CodSec>13</CodSec>
  </S>
  <S>
    <Calle>PUNID</Calle>
    <Lat>32.967926</Lat>
    <Lon>60.711340</Lon>
    <Dis>2813.990</Dis>
    <Cta>210</Cta>
    <CodSec>81</CodSec>
  </S>
  <S>
    <Calle>ES SO</Calle>
    <Lat>32.980961</Lat>
    <Lon>60.737189</Lon>
    <Dis>3010.350</Dis>
    <Cta>311</Cta>
    <CodSec>85</CodSec>
  </S>
  <S>
    <Calle>LOPEZ</Calle>
    <Lat>32.995074</Lat>
    <Lon>60.764614</Lon>
    <Dis>2495.250</Dis>
    <Cta>421</Cta>
    <CodSec>85</CodSec>
  </S>
  <S>
    <Calle>E SSO</Calle>
    <Lat>33.005604</Lat>
    <Lon>60.786729</Lon>
    <Dis>1285.530</Dis>
    <Cta>516</Cta>
    <CodSec>85</CodSec>
  </S>
  <S>
    <Calle>CURPE</Calle>
    <Lat>33.009942</Lat>
    <Lon>60.799421</Lon>
    <Dis>5900.100</Dis>
    <Cta>565</Cta>
    <CodSec>86</CodSec>
  </S>
  <S>
    <Calle>ENTZA</Calle>
    <Lat>33.018872</Lat>
    <Lon>60.861152</Lon>
    <Dis>1679.470</Dis>
    <Cta>782</Cta>
    <CodSec>86</CodSec>
  </S>
  <S>
    <Calle>VRINO</Calle>
    <Lat>33.019021</Lat>
    <Lon>60.879124</Lon>
    <Dis>2219.570</Dis>
    <Cta>842</Cta>
    <CodSec>86</CodSec>
  </S>
  <S>
    <Calle>AO12</Calle>
    <Lat>33.018403</Lat>
    <Lon>60.902857</Lon>
    <Dis>11682.800</Dis>
    <Cta>926</Cta>
    <CodSec>120</CodSec>
  </S>
  <S>
    <Calle>PJENT</Calle>
    <Lat>33.016923</Lat>
    <Lon>61.028145</Lon>
    <Dis>2237.250</Dis>
    <Cta>1345</Cta>
    <CodSec>120</CodSec>
  </S>
  <S>
    <Calle>PJSAL</Calle>
    <Lat>33.016603</Lat>
    <Lon>61.052033</Lon>
    <Dis>3950.550</Dis>
    <Cta>1431</Cta>
    <CodSec>120</CodSec>
  </S>
  <S>
    <Calle>PEAEN</Calle>
    <Lat>33.018360</Lat>
    <Lon>61.093657</Lon>
    <Dis>440.200</Dis>
    <Cta>1577</Cta>
    <CodSec>120</CodSec>
  </S>
  <S>
    <Calle>PEASA</Calle>
    <Lat>33.020524</Lat>
    <Lon>61.097610</Lon>
    <Dis>1402.690</Dis>
    <Cta>1595</Cta>
    <CodSec>121</CodSec>
  </S>
  <S>
    <Calle>RU26P</Calle>
    <Lat>33.027417</Lat>
    <Lon>61.110205</Lon>
    <Dis>4204.560</Dis>
    <Cta>1649</Cta>
    <CodSec>121</CodSec>
  </S>
  <S>
    <Calle>BV9JU</Calle>
    <Lat>33.047955</Lat>
    <Lon>61.148033</Lon>
    <Dis>1032.150</Dis>
    <Cta>1806</Cta>
    <CodSec>121</CodSec>
  </S>
  <S>
    <Calle>BVLAG</Calle>
    <Lat>33.053058</Lat>
    <Lon>61.157279</Lon>
    <Dis>1416.310</Dis>
    <Cta>1846</Cta>
    <CodSec>121</CodSec>
  </S>
  <S>
    <Calle>TECAS</Calle>
    <Lat>33.043032</Lat>
    <Lon>61.166022</Lon>
    <Dis>2327.220</Dis>
    <Cta>1900</Cta>
    <CodSec>121</CodSec>
  </S>
  <S>
    <Calle>ESPA?</Calle>
    <Lat>33.034457</Lat>
    <Lon>61.145730</Lon>
    <Dis>11100.270</Dis>
    <Cta>1984</Cta>
    <CodSec>121</CodSec>
  </S>
  <S>
    <Calle>P.11</Calle>
    <Lat>32.958584</Lat>
    <Lon>61.163859</Lon>
    <Dis>12284.070</Dis>
    <Cta>2389</Cta>
    <CodSec>119</CodSec>
  </S>
  <S>
    <Calle>RUT26</Calle>
    <Lat>32.867437</Lat>
    <Lon>61.123321</Lon>
    <Dis>2098.610</Dis>
    <Cta>2831</Cta>
    <CodSec>202</CodSec>
  </S>
  <S>
    <Calle>9DJUL</Calle>
    <Lat>32.863338</Lat>
    <Lon>61.145130</Lon>
    <Dis>0</Dis>
    <Cta>2906</Cta>
    <CodSec>202</CodSec>
  </S>
</Sector>