<?xml version="1.0" standalone="yes"?>
<Sector>
  <xs:schema id="Sector" xmlns="" xmlns:xs="http://www.w3.org/2001/XMLSchema" xmlns:msdata="urn:schemas-microsoft-com:xml-msdata">
    <xs:element name="Sector" msdata:IsDataSet="true" msdata:Locale="">
      <xs:complexType>
        <xs:choice minOccurs="0" maxOccurs="unbounded">
          <xs:element name="S" msdata:Locale="">
            <xs:complexType>
              <xs:sequence>
                <xs:element name="Calle" type="xs:string" minOccurs="0" />
                <xs:element name="Lat" type="xs:decimal" minOccurs="0" />
                <xs:element name="Lon" type="xs:decimal" minOccurs="0" />
                <xs:element name="Dis" type="xs:decimal" minOccurs="0" />
                <xs:element name="Cta" type="xs:int" minOccurs="0" />
                <xs:element name="CodSec" type="xs:int" minOccurs="0" />
              </xs:sequence>
            </xs:complexType>
          </xs:element>
        </xs:choice>
      </xs:complexType>
    </xs:element>
  </xs:schema>
  <S>
    <Calle>FRONT</Calle>
    <Lat>31.436640</Lat>
    <Lon>62.067774</Lon>
    <Dis>8122.370</Dis>
    <Cta>1</Cta>
    <CodSec>218</CodSec>
  </S>
  <S>
    <Calle>JOSEF</Calle>
    <Lat>31.433748</Lat>
    <Lon>61.999141</Lon>
    <Dis>27289.360</Dis>
    <Cta>291</Cta>
    <CodSec>217</CodSec>
  </S>
  <S>
    <Calle>R. 13</Calle>
    <Lat>31.487110</Lat>
    <Lon>61.718703</Lon>
    <Dis>3630.240</Dis>
    <Cta>1237</Cta>
    <CodSec>216</CodSec>
  </S>
  <S>
    <Calle>CLUCE</Calle>
    <Lat>31.518562</Lat>
    <Lon>61.724569</Lon>
    <Dis>16858.820</Dis>
    <Cta>1364</Cta>
    <CodSec>215</CodSec>
  </S>
  <S>
    <Calle>M.JUA</Calle>
    <Lat>31.666411</Lat>
    <Lon>61.760497</Lon>
    <Dis>13203.480</Dis>
    <Cta>1985</Cta>
    <CodSec>214</CodSec>
  </S>
  <S>
    <Calle>SASTR</Calle>
    <Lat>31.760744</Lat>
    <Lon>61.813065</Lon>
    <Dis>17701.170</Dis>
    <Cta>2470</Cta>
    <CodSec>213</CodSec>
  </S>
  <S>
    <Calle>S.JOR</Calle>
    <Lat>31.889235</Lat>
    <Lon>61.843864</Lon>
    <Dis>5039.380</Dis>
    <Cta>3113</Cta>
    <CodSec>212</CodSec>
  </S>
  <S>
    <Calle>JORGE</Calle>
    <Lat>31.908642</Lat>
    <Lon>61.848534</Lon>
    <Dis>16446.670</Dis>
    <Cta>3293</Cta>
    <CodSec>212</CodSec>
  </S>
  <S>
    <Calle>C.PEL</Calle>
    <Lat>32.039233</Lat>
    <Lon>61.799372</Lon>
    <Dis>17574.920</Dis>
    <Cta>3879</Cta>
    <CodSec>211</CodSec>
  </S>
  <S>
    <Calle>TREBO</Calle>
    <Lat>32.165554</Lat>
    <Lon>61.718630</Lon>
    <Dis>20444.710</Dis>
    <Cta>4523</Cta>
    <CodSec>210</CodSec>
  </S>
  <S>
    <Calle>CARDO</Calle>
    <Lat>32.316816</Lat>
    <Lon>61.637874</Lon>
    <Dis>16658.410</Dis>
    <Cta>5302</Cta>
    <CodSec>209</CodSec>
  </S>
  <S>
    <Calle>ENTRA</Calle>
    <Lat>32.450256</Lat>
    <Lon>61.582613</Lon>
    <Dis>4088.480</Dis>
    <Cta>5896</Cta>
    <CodSec>208</CodSec>
  </S>
  <S>
    <Calle>L.ROS</Calle>
    <Lat>32.475632</Lat>
    <Lon>61.578813</Lon>
    <Dis>3035.160</Dis>
    <Cta>6050</Cta>
    <CodSec>208</CodSec>
  </S>
  <S>
    <Calle>SALE</Calle>
    <Lat>32.492196</Lat>
    <Lon>61.564576</Lon>
    <Dis>5918.060</Dis>
    <Cta>6164</Cta>
    <CodSec>208</CodSec>
  </S>
  <S>
    <Calle>CALIF</Calle>
    <Lat>32.543457</Lat>
    <Lon>61.550958</Lon>
    <Dis>14982.400</Dis>
    <Cta>6378</Cta>
    <CodSec>207</CodSec>
  </S>
  <S>
    <Calle>L.PAR</Calle>
    <Lat>32.674978</Lat>
    <Lon>61.529244</Lon>
    <Dis>13236.030</Dis>
    <Cta>6908</Cta>
    <CodSec>206</CodSec>
  </S>
  <S>
    <Calle>RUT 9</Calle>
    <Lat>32.782205</Lat>
    <Lon>61.545656</Lon>
    <Dis>12224.740</Dis>
    <Cta>7388</Cta>
    <CodSec>205</CodSec>
  </S>
  <S>
    <Calle>CDAEN</Calle>
    <Lat>32.805609</Lat>
    <Lon>61.421575</Lon>
    <Dis>2697.590</Dis>
    <Cta>7839</Cta>
    <CodSec>204</CodSec>
  </S>
  <S>
    <Calle>C.GOM</Calle>
    <Lat>32.812580</Lat>
    <Lon>61.396720</Lon>
    <Dis>2850.080</Dis>
    <Cta>7942</Cta>
    <CodSec>204</CodSec>
  </S>
  <S>
    <Calle>CDASA</Calle>
    <Lat>32.814538</Lat>
    <Lon>61.369077</Lon>
    <Dis>11337.910</Dis>
    <Cta>8046</Cta>
    <CodSec>204</CodSec>
  </S>
  <S>
    <Calle>CORRE</Calle>
    <Lat>32.850716</Lat>
    <Lon>61.265495</Lon>
    <Dis>8709.020</Dis>
    <Cta>8460</Cta>
    <CodSec>203</CodSec>
  </S>
  <S>
    <Calle>CARCA</Calle>
    <Lat>32.858516</Lat>
    <Lon>61.172831</Lon>
    <Dis>13364.540</Dis>
    <Cta>8778</Cta>
    <CodSec>202</CodSec>
  </S>
  <S>
    <Calle>S.JER</Calle>
    <Lat>32.883367</Lat>
    <Lon>61.032931</Lon>
    <Dis>10554.590</Dis>
    <Cta>9254</Cta>
    <CodSec>201</CodSec>
  </S>
  <S>
    <Calle>ROLDA</Calle>
    <Lat>32.903082</Lat>
    <Lon>60.922364</Lon>
    <Dis>5205.560</Dis>
    <Cta>9616</Cta>
    <CodSec>32</CodSec>
  </S>
  <S>
    <Calle>FUNES</Calle>
    <Lat>32.912830</Lat>
    <Lon>60.867832</Lon>
    <Dis>9878.270</Dis>
    <Cta>9820</Cta>
    <CodSec>30</CodSec>
  </S>
  <S>
    <Calle>LUDUE</Calle>
    <Lat>32.925287</Lat>
    <Lon>60.763228</Lon>
    <Dis>8825.460</Dis>
    <Cta>10181</Cta>
    <CodSec>13</CodSec>
  </S>
  <S>
    <Calle>TERRO</Calle>
    <Lat>32.939827</Lat>
    <Lon>60.671650</Lon>
    <Dis>0</Dis>
    <Cta>10544</Cta>
    <CodSec>13</CodSec>
  </S>
</Sector>