<?xml version="1.0" standalone="yes"?>
<Sector>
  <xs:schema id="Sector" xmlns="" xmlns:xs="http://www.w3.org/2001/XMLSchema" xmlns:msdata="urn:schemas-microsoft-com:xml-msdata">
    <xs:element name="Sector" msdata:IsDataSet="true" msdata:Locale="">
      <xs:complexType>
        <xs:choice minOccurs="0" maxOccurs="unbounded">
          <xs:element name="S" msdata:Locale="">
            <xs:complexType>
              <xs:sequence>
                <xs:element name="Calle" type="xs:string" minOccurs="0" />
                <xs:element name="Lat" type="xs:decimal" minOccurs="0" />
                <xs:element name="Lon" type="xs:decimal" minOccurs="0" />
                <xs:element name="Dis" type="xs:decimal" minOccurs="0" />
                <xs:element name="Cta" type="xs:int" minOccurs="0" />
                <xs:element name="CodSec" type="xs:int" minOccurs="0" />
              </xs:sequence>
            </xs:complexType>
          </xs:element>
        </xs:choice>
      </xs:complexType>
    </xs:element>
  </xs:schema>
  <S>
    <Calle>TERRO</Calle>
    <Lat>32.939607</Lat>
    <Lon>60.672462</Lon>
    <Dis>8482.830</Dis>
    <Cta>1</Cta>
    <CodSec>13</CodSec>
  </S>
  <S>
    <Calle>ES SO</Calle>
    <Lat>32.980319</Lat>
    <Lon>60.736248</Lon>
    <Dis>3124.790</Dis>
    <Cta>324</Cta>
    <CodSec>85</CodSec>
  </S>
  <S>
    <Calle>ELOPE</Calle>
    <Lat>32.995080</Lat>
    <Lon>60.764608</Lon>
    <Dis>3840.470</Dis>
    <Cta>460</Cta>
    <CodSec>85</CodSec>
  </S>
  <S>
    <Calle>CURPE</Calle>
    <Lat>33.010160</Lat>
    <Lon>60.799567</Lon>
    <Dis>5877.140</Dis>
    <Cta>617</Cta>
    <CodSec>86</CodSec>
  </S>
  <S>
    <Calle>ZAVAL</Calle>
    <Lat>33.018853</Lat>
    <Lon>60.861224</Lon>
    <Dis>15743.800</Dis>
    <Cta>827</Cta>
    <CodSec>86</CodSec>
  </S>
  <S>
    <Calle>PJENT</Calle>
    <Lat>33.016890</Lat>
    <Lon>61.029957</Lon>
    <Dis>11321.900</Dis>
    <Cta>1378</Cta>
    <CodSec>120</CodSec>
  </S>
  <S>
    <Calle>CASEN</Calle>
    <Lat>33.042953</Lat>
    <Lon>61.139018</Lon>
    <Dis>3438.030</Dis>
    <Cta>1780</Cta>
    <CodSec>121</CodSec>
  </S>
  <S>
    <Calle>TER1</Calle>
    <Lat>33.042875</Lat>
    <Lon>61.165614</Lon>
    <Dis>3713.590</Dis>
    <Cta>1910</Cta>
    <CodSec>121</CodSec>
  </S>
  <S>
    <Calle>CASSA</Calle>
    <Lat>33.060319</Lat>
    <Lon>61.194650</Lon>
    <Dis>12224.680</Dis>
    <Cta>2053</Cta>
    <CodSec>121</CodSec>
  </S>
  <S>
    <Calle>L.MOL</Calle>
    <Lat>33.099152</Lat>
    <Lon>61.316812</Lon>
    <Dis>13424.700</Dis>
    <Cta>2472</Cta>
    <CodSec>138</CodSec>
  </S>
  <S>
    <Calle>AREQU</Calle>
    <Lat>33.138432</Lat>
    <Lon>61.453095</Lon>
    <Dis>13487.260</Dis>
    <Cta>2938</Cta>
    <CodSec>139</CodSec>
  </S>
  <S>
    <Calle>NOGAL</Calle>
    <Lat>33.140400</Lat>
    <Lon>61.595892</Lon>
    <Dis>10098.470</Dis>
    <Cta>3408</Cta>
    <CodSec>140</CodSec>
  </S>
  <S>
    <Calle>S.JOS</Calle>
    <Lat>33.109872</Lat>
    <Lon>61.690233</Lon>
    <Dis>9262.560</Dis>
    <Cta>3774</Cta>
    <CodSec>141</CodSec>
  </S>
  <S>
    <Calle>ARTEA</Calle>
    <Lat>33.092008</Lat>
    <Lon>61.783018</Lon>
    <Dis>8992.230</Dis>
    <Cta>4096</Cta>
    <CodSec>142</CodSec>
  </S>
  <S>
    <Calle>CRUZ</Calle>
    <Lat>33.020755</Lat>
    <Lon>61.801901</Lon>
    <Dis>21505.200</Dis>
    <Cta>4435</Cta>
    <CodSec>149</CodSec>
  </S>
  <S>
    <Calle>SURGE</Calle>
    <Lat>32.987455</Lat>
    <Lon>61.999640</Lon>
    <Dis>21598.570</Dis>
    <Cta>5171</Cta>
    <CodSec>151</CodSec>
  </S>
  <S>
    <Calle>C.ALD</Calle>
    <Lat>33.114222</Lat>
    <Lon>62.091465</Lon>
    <Dis>24694.580</Dis>
    <Cta>5914</Cta>
    <CodSec>152</CodSec>
  </S>
  <S>
    <Calle>CORRA</Calle>
    <Lat>33.279621</Lat>
    <Lon>62.186025</Lon>
    <Dis>0</Dis>
    <Cta>6773</Cta>
    <CodSec>150</CodSec>
  </S>
</Sector>