<?xml version="1.0" standalone="yes"?>
<Sector>
  <xs:schema id="Sector" xmlns="" xmlns:xs="http://www.w3.org/2001/XMLSchema" xmlns:msdata="urn:schemas-microsoft-com:xml-msdata">
    <xs:element name="Sector" msdata:IsDataSet="true" msdata:Locale="">
      <xs:complexType>
        <xs:choice minOccurs="0" maxOccurs="unbounded">
          <xs:element name="S" msdata:Locale="">
            <xs:complexType>
              <xs:sequence>
                <xs:element name="Calle" type="xs:string" minOccurs="0" />
                <xs:element name="Lat" type="xs:decimal" minOccurs="0" />
                <xs:element name="Lon" type="xs:decimal" minOccurs="0" />
                <xs:element name="Dis" type="xs:decimal" minOccurs="0" />
                <xs:element name="Cta" type="xs:int" minOccurs="0" />
                <xs:element name="CodSec" type="xs:int" minOccurs="0" />
              </xs:sequence>
            </xs:complexType>
          </xs:element>
        </xs:choice>
      </xs:complexType>
    </xs:element>
  </xs:schema>
  <S>
    <Calle>JPOSS</Calle>
    <Lat>32.878758</Lat>
    <Lon>62.684661</Lon>
    <Dis>20171.470</Dis>
    <Cta>1</Cta>
    <CodSec>156</CodSec>
  </S>
  <S>
    <Calle>MBUEY</Calle>
    <Lat>32.915416</Lat>
    <Lon>62.473313</Lon>
    <Dis>13216.320</Dis>
    <Cta>739</Cta>
    <CodSec>155</CodSec>
  </S>
  <S>
    <Calle>SALAD</Calle>
    <Lat>32.930195</Lat>
    <Lon>62.351115</Lon>
    <Dis>9889.490</Dis>
    <Cta>1220</Cta>
    <CodSec>154</CodSec>
  </S>
  <S>
    <Calle>INRIV</Calle>
    <Lat>32.941202</Lat>
    <Lon>62.246078</Lon>
    <Dis>20078.940</Dis>
    <Cta>1581</Cta>
    <CodSec>153</CodSec>
  </S>
  <S>
    <Calle>SURGE</Calle>
    <Lat>32.982689</Lat>
    <Lon>62.038731</Lon>
    <Dis>20085.260</Dis>
    <Cta>2306</Cta>
    <CodSec>151</CodSec>
  </S>
  <S>
    <Calle>CRUZ</Calle>
    <Lat>33.013939</Lat>
    <Lon>61.831618</Lon>
    <Dis>11823.300</Dis>
    <Cta>2997</Cta>
    <CodSec>149</CodSec>
  </S>
  <S>
    <Calle>ARTEA</Calle>
    <Lat>33.072997</Lat>
    <Lon>61.797539</Lon>
    <Dis>8823.980</Dis>
    <Cta>3417</Cta>
    <CodSec>142</CodSec>
  </S>
  <S>
    <Calle>S.JOS</Calle>
    <Lat>33.104685</Lat>
    <Lon>61.718130</Lon>
    <Dis>12069.720</Dis>
    <Cta>3724</Cta>
    <CodSec>141</CodSec>
  </S>
  <S>
    <Calle>NOGAL</Calle>
    <Lat>33.137638</Lat>
    <Lon>61.613676</Lon>
    <Dis>11407.170</Dis>
    <Cta>4166</Cta>
    <CodSec>140</CodSec>
  </S>
  <S>
    <Calle>AREQU</Calle>
    <Lat>33.145995</Lat>
    <Lon>61.492120</Lon>
    <Dis>15450.460</Dis>
    <Cta>4558</Cta>
    <CodSec>139</CodSec>
  </S>
  <S>
    <Calle>L.MOL</Calle>
    <Lat>33.104208</Lat>
    <Lon>61.334560</Lon>
    <Dis>13763.860</Dis>
    <Cta>5102</Cta>
    <CodSec>138</CodSec>
  </S>
  <S>
    <Calle>CASEN</Calle>
    <Lat>33.061705</Lat>
    <Lon>61.196158</Lon>
    <Dis>3942.470</Dis>
    <Cta>5577</Cta>
    <CodSec>121</CodSec>
  </S>
  <S>
    <Calle>TERM</Calle>
    <Lat>33.043074</Lat>
    <Lon>61.166039</Lon>
    <Dis>3478.250</Dis>
    <Cta>5724</Cta>
    <CodSec>121</CodSec>
  </S>
  <S>
    <Calle>CASSA</Calle>
    <Lat>33.042975</Lat>
    <Lon>61.139053</Lon>
    <Dis>8916.930</Dis>
    <Cta>5855</Cta>
    <CodSec>121</CodSec>
  </S>
  <S>
    <Calle>PJENT</Calle>
    <Lat>33.016578</Lat>
    <Lon>61.052861</Lon>
    <Dis>14411.970</Dis>
    <Cta>6163</Cta>
    <CodSec>120</CodSec>
  </S>
  <S>
    <Calle>ZAVAL</Calle>
    <Lat>33.018431</Lat>
    <Lon>60.898425</Lon>
    <Dis>9367.370</Dis>
    <Cta>6670</Cta>
    <CodSec>86</CodSec>
  </S>
  <S>
    <Calle>CURPE</Calle>
    <Lat>33.010151</Lat>
    <Lon>60.799473</Lon>
    <Dis>3733.950</Dis>
    <Cta>7007</Cta>
    <CodSec>85</CodSec>
  </S>
  <S>
    <Calle>ELOPE</Calle>
    <Lat>32.995605</Lat>
    <Lon>60.765259</Lon>
    <Dis>3230.530</Dis>
    <Cta>7159</Cta>
    <CodSec>85</CodSec>
  </S>
  <S>
    <Calle>ES SO</Calle>
    <Lat>32.980429</Lat>
    <Lon>60.736149</Lon>
    <Dis>8370.420</Dis>
    <Cta>7304</Cta>
    <CodSec>13</CodSec>
  </S>
  <S>
    <Calle>TERRO</Calle>
    <Lat>32.939628</Lat>
    <Lon>60.672459</Lon>
    <Dis>0</Dis>
    <Cta>7615</Cta>
    <CodSec>13</CodSec>
  </S>
</Sector>