<?xml version="1.0" standalone="yes"?>
<Sector>
  <xs:schema id="Sector" xmlns="" xmlns:xs="http://www.w3.org/2001/XMLSchema" xmlns:msdata="urn:schemas-microsoft-com:xml-msdata">
    <xs:element name="Sector" msdata:IsDataSet="true" msdata:Locale="">
      <xs:complexType>
        <xs:choice minOccurs="0" maxOccurs="unbounded">
          <xs:element name="S" msdata:Locale="">
            <xs:complexType>
              <xs:sequence>
                <xs:element name="Calle" type="xs:string" minOccurs="0" />
                <xs:element name="Lat" type="xs:decimal" minOccurs="0" />
                <xs:element name="Lon" type="xs:decimal" minOccurs="0" />
                <xs:element name="Dis" type="xs:decimal" minOccurs="0" />
                <xs:element name="Cta" type="xs:int" minOccurs="0" />
                <xs:element name="CodSec" type="xs:int" minOccurs="0" />
              </xs:sequence>
            </xs:complexType>
          </xs:element>
        </xs:choice>
      </xs:complexType>
    </xs:element>
  </xs:schema>
  <S>
    <Calle>CORRA</Calle>
    <Lat>33.279627</Lat>
    <Lon>62.186093</Lon>
    <Dis>16077.100</Dis>
    <Cta>1</Cta>
    <CodSec>150</CodSec>
  </S>
  <S>
    <Calle>CHLAD</Calle>
    <Lat>33.321556</Lat>
    <Lon>62.034876</Lon>
    <Dis>15979.670</Dis>
    <Cta>617</Cta>
    <CodSec>147</CodSec>
  </S>
  <S>
    <Calle>BERAB</Calle>
    <Lat>33.342977</Lat>
    <Lon>61.872812</Lon>
    <Dis>4045.070</Dis>
    <Cta>1172</Cta>
    <CodSec>145</CodSec>
  </S>
  <S>
    <Calle>GODEK</Calle>
    <Lat>33.344779</Lat>
    <Lon>61.830058</Lon>
    <Dis>10486.040</Dis>
    <Cta>1326</Cta>
    <CodSec>146</CodSec>
  </S>
  <S>
    <Calle>L.QUI</Calle>
    <Lat>33.375790</Lat>
    <Lon>61.724307</Lon>
    <Dis>11171.810</Dis>
    <Cta>1688</Cta>
    <CodSec>144</CodSec>
  </S>
  <S>
    <Calle>C.UCL</Calle>
    <Lat>33.409168</Lat>
    <Lon>61.614148</Lon>
    <Dis>12504.720</Dis>
    <Cta>2087</Cta>
    <CodSec>143</CodSec>
  </S>
  <S>
    <Calle>FIREN</Calle>
    <Lat>33.456514</Lat>
    <Lon>61.503483</Lon>
    <Dis>2136.410</Dis>
    <Cta>2528</Cta>
    <CodSec>125</CodSec>
  </S>
  <S>
    <Calle>TERM</Calle>
    <Lat>33.455161</Lat>
    <Lon>61.485411</Lon>
    <Dis>2676.320</Dis>
    <Cta>2605</Cta>
    <CodSec>125</CodSec>
  </S>
  <S>
    <Calle>FIRSA</Calle>
    <Lat>33.436312</Lat>
    <Lon>61.483498</Lon>
    <Dis>9867.740</Dis>
    <Cta>2709</Cta>
    <CodSec>125</CodSec>
  </S>
  <S>
    <Calle>VILLA</Calle>
    <Lat>33.355240</Lat>
    <Lon>61.449094</Lon>
    <Dis>13179.480</Dis>
    <Cta>3050</Cta>
    <CodSec>124</CodSec>
  </S>
  <S>
    <Calle>CHABA</Calle>
    <Lat>33.257281</Lat>
    <Lon>61.369837</Lon>
    <Dis>14431.930</Dis>
    <Cta>3510</Cta>
    <CodSec>123</CodSec>
  </S>
  <S>
    <Calle>SANFO</Calle>
    <Lat>33.149994</Lat>
    <Lon>61.283232</Lon>
    <Dis>12970.440</Dis>
    <Cta>4032</Cta>
    <CodSec>122</CodSec>
  </S>
  <S>
    <Calle>CASEN</Calle>
    <Lat>33.069739</Lat>
    <Lon>61.187507</Lon>
    <Dis>4775.060</Dis>
    <Cta>4498</Cta>
    <CodSec>121</CodSec>
  </S>
  <S>
    <Calle>TER1</Calle>
    <Lat>33.043104</Lat>
    <Lon>61.165980</Lon>
    <Dis>3484.460</Dis>
    <Cta>4661</Cta>
    <CodSec>121</CodSec>
  </S>
  <S>
    <Calle>CASSA</Calle>
    <Lat>33.043002</Lat>
    <Lon>61.139097</Lon>
    <Dis>8908.820</Dis>
    <Cta>4793</Cta>
    <CodSec>121</CodSec>
  </S>
  <S>
    <Calle>PJENT</Calle>
    <Lat>33.016586</Lat>
    <Lon>61.053003</Lon>
    <Dis>14423.620</Dis>
    <Cta>5100</Cta>
    <CodSec>120</CodSec>
  </S>
  <S>
    <Calle>ZAVAL</Calle>
    <Lat>33.018431</Lat>
    <Lon>60.898441</Lon>
    <Dis>9356.380</Dis>
    <Cta>5603</Cta>
    <CodSec>86</CodSec>
  </S>
  <S>
    <Calle>CURPE</Calle>
    <Lat>33.010259</Lat>
    <Lon>60.799514</Lon>
    <Dis>3752.360</Dis>
    <Cta>5938</Cta>
    <CodSec>85</CodSec>
  </S>
  <S>
    <Calle>ELOPE</Calle>
    <Lat>32.995559</Lat>
    <Lon>60.765228</Lon>
    <Dis>3222.570</Dis>
    <Cta>6092</Cta>
    <CodSec>85</CodSec>
  </S>
  <S>
    <Calle>ES SO</Calle>
    <Lat>32.980437</Lat>
    <Lon>60.736168</Lon>
    <Dis>8560.180</Dis>
    <Cta>6237</Cta>
    <CodSec>13</CodSec>
  </S>
  <S>
    <Calle>TERRO</Calle>
    <Lat>32.939574</Lat>
    <Lon>60.672498</Lon>
    <Dis>0</Dis>
    <Cta>6557</Cta>
    <CodSec>13</CodSec>
  </S>
</Sector>