<?xml version="1.0" standalone="yes"?>
<Sector>
  <xs:schema id="Sector" xmlns="" xmlns:xs="http://www.w3.org/2001/XMLSchema" xmlns:msdata="urn:schemas-microsoft-com:xml-msdata">
    <xs:element name="Sector" msdata:IsDataSet="true" msdata:Locale="">
      <xs:complexType>
        <xs:choice minOccurs="0" maxOccurs="unbounded">
          <xs:element name="S" msdata:Locale="">
            <xs:complexType>
              <xs:sequence>
                <xs:element name="Calle" type="xs:string" minOccurs="0" />
                <xs:element name="Lat" type="xs:decimal" minOccurs="0" />
                <xs:element name="Lon" type="xs:decimal" minOccurs="0" />
                <xs:element name="Dis" type="xs:decimal" minOccurs="0" />
                <xs:element name="Cta" type="xs:int" minOccurs="0" />
                <xs:element name="CodSec" type="xs:int" minOccurs="0" />
              </xs:sequence>
            </xs:complexType>
          </xs:element>
        </xs:choice>
      </xs:complexType>
    </xs:element>
  </xs:schema>
  <S>
    <Calle>TERRO</Calle>
    <Lat>32.939435</Lat>
    <Lon>60.673502</Lon>
    <Dis>5709.400</Dis>
    <Cta>1</Cta>
    <CodSec>13</CodSec>
  </S>
  <S>
    <Calle>CIRCU</Calle>
    <Lat>32.948801</Lat>
    <Lon>60.722002</Lon>
    <Dis>40561.480</Dis>
    <Cta>212</Cta>
    <CodSec>13</CodSec>
  </S>
  <S>
    <Calle>CARCA</Calle>
    <Lat>32.868092</Lat>
    <Lon>61.123525</Lon>
    <Dis>11149.360</Dis>
    <Cta>1677</Cta>
    <CodSec>202</CodSec>
  </S>
  <S>
    <Calle>CORRE</Calle>
    <Lat>32.853790</Lat>
    <Lon>61.240372</Lon>
    <Dis>13477.800</Dis>
    <Cta>2079</Cta>
    <CodSec>203</CodSec>
  </S>
  <S>
    <Calle>CDAEN</Calle>
    <Lat>32.814929</Lat>
    <Lon>61.366854</Lon>
    <Dis>3014.160</Dis>
    <Cta>2579</Cta>
    <CodSec>204</CodSec>
  </S>
  <S>
    <Calle>C.GOM</Calle>
    <Lat>32.812126</Lat>
    <Lon>61.396584</Lon>
    <Dis>2828.600</Dis>
    <Cta>2689</Cta>
    <CodSec>204</CodSec>
  </S>
  <S>
    <Calle>CDASA</Calle>
    <Lat>32.805635</Lat>
    <Lon>61.421349</Lon>
    <Dis>10629.400</Dis>
    <Cta>2797</Cta>
    <CodSec>204</CodSec>
  </S>
  <S>
    <Calle>R.178</Calle>
    <Lat>32.786498</Lat>
    <Lon>61.532761</Lon>
    <Dis>10657.370</Dis>
    <Cta>3168</Cta>
    <CodSec>205</CodSec>
  </S>
  <S>
    <Calle>L.PAR</Calle>
    <Lat>32.701026</Lat>
    <Lon>61.526106</Lon>
    <Dis>18522.800</Dis>
    <Cta>3543</Cta>
    <CodSec>206</CodSec>
  </S>
  <S>
    <Calle>CALIF</Calle>
    <Lat>32.547978</Lat>
    <Lon>61.550722</Lon>
    <Dis>9597.430</Dis>
    <Cta>4211</Cta>
    <CodSec>207</CodSec>
  </S>
  <S>
    <Calle>L.ROS</Calle>
    <Lat>32.475775</Lat>
    <Lon>61.578546</Lon>
    <Dis>0</Dis>
    <Cta>4553</Cta>
    <CodSec>208</CodSec>
  </S>
</Sector>