<?xml version="1.0" standalone="yes"?>
<Sector>
  <xs:schema id="Sector" xmlns="" xmlns:xs="http://www.w3.org/2001/XMLSchema" xmlns:msdata="urn:schemas-microsoft-com:xml-msdata">
    <xs:element name="Sector" msdata:IsDataSet="true" msdata:Locale="">
      <xs:complexType>
        <xs:choice minOccurs="0" maxOccurs="unbounded">
          <xs:element name="S" msdata:Locale="">
            <xs:complexType>
              <xs:sequence>
                <xs:element name="Calle" type="xs:string" minOccurs="0" />
                <xs:element name="Lat" type="xs:decimal" minOccurs="0" />
                <xs:element name="Lon" type="xs:decimal" minOccurs="0" />
                <xs:element name="Dis" type="xs:decimal" minOccurs="0" />
                <xs:element name="Cta" type="xs:int" minOccurs="0" />
                <xs:element name="CodSec" type="xs:int" minOccurs="0" />
              </xs:sequence>
            </xs:complexType>
          </xs:element>
        </xs:choice>
      </xs:complexType>
    </xs:element>
  </xs:schema>
  <S>
    <Calle>TERRO</Calle>
    <Lat>32.939643</Lat>
    <Lon>60.672386</Lon>
    <Dis>8487.630</Dis>
    <Cta>1</Cta>
    <CodSec>13</CodSec>
  </S>
  <S>
    <Calle>ES SO</Calle>
    <Lat>32.980282</Lat>
    <Lon>60.736182</Lon>
    <Dis>3131.560</Dis>
    <Cta>323</Cta>
    <CodSec>85</CodSec>
  </S>
  <S>
    <Calle>ELOPE</Calle>
    <Lat>32.995077</Lat>
    <Lon>60.764603</Lon>
    <Dis>3829.090</Dis>
    <Cta>458</Cta>
    <CodSec>85</CodSec>
  </S>
  <S>
    <Calle>CURPE</Calle>
    <Lat>33.010059</Lat>
    <Lon>60.799529</Lon>
    <Dis>5888.750</Dis>
    <Cta>612</Cta>
    <CodSec>86</CodSec>
  </S>
  <S>
    <Calle>ZAVAL</Calle>
    <Lat>33.018849</Lat>
    <Lon>60.861223</Lon>
    <Dis>15743.780</Dis>
    <Cta>823</Cta>
    <CodSec>86</CodSec>
  </S>
  <S>
    <Calle>PJENT</Calle>
    <Lat>33.016890</Lat>
    <Lon>61.029954</Lon>
    <Dis>11059.490</Dis>
    <Cta>1370</Cta>
    <CodSec>120</CodSec>
  </S>
  <S>
    <Calle>CASEN</Calle>
    <Lat>33.042952</Lat>
    <Lon>61.139015</Lon>
    <Dis>3441.760</Dis>
    <Cta>1760</Cta>
    <CodSec>121</CodSec>
  </S>
  <S>
    <Calle>TER1</Calle>
    <Lat>33.042837</Lat>
    <Lon>61.165610</Lon>
    <Dis>4800.680</Dis>
    <Cta>1890</Cta>
    <CodSec>121</CodSec>
  </S>
  <S>
    <Calle>CASSA</Calle>
    <Lat>33.069728</Lat>
    <Lon>61.187489</Lon>
    <Dis>11553.230</Dis>
    <Cta>2057</Cta>
    <CodSec>121</CodSec>
  </S>
  <S>
    <Calle>SANFO</Calle>
    <Lat>33.139445</Lat>
    <Lon>61.274802</Lon>
    <Dis>12410.610</Dis>
    <Cta>2464</Cta>
    <CodSec>122</CodSec>
  </S>
  <S>
    <Calle>CHABA</Calle>
    <Lat>33.232013</Lat>
    <Lon>61.349065</Lon>
    <Dis>15139.210</Dis>
    <Cta>2913</Cta>
    <CodSec>123</CodSec>
  </S>
  <S>
    <Calle>VILLA</Calle>
    <Lat>33.344235</Lat>
    <Lon>61.440235</Lon>
    <Dis>11349.940</Dis>
    <Cta>3451</Cta>
    <CodSec>124</CodSec>
  </S>
  <S>
    <Calle>FIREN</Calle>
    <Lat>33.436318</Lat>
    <Lon>61.483498</Lon>
    <Dis>2547.550</Dis>
    <Cta>3848</Cta>
    <CodSec>125</CodSec>
  </S>
  <S>
    <Calle>TERM</Calle>
    <Lat>33.455143</Lat>
    <Lon>61.484873</Lon>
    <Dis>2248.810</Dis>
    <Cta>3949</Cta>
    <CodSec>125</CodSec>
  </S>
  <S>
    <Calle>FIRSA</Calle>
    <Lat>33.456423</Lat>
    <Lon>61.503311</Lon>
    <Dis>11209.260</Dis>
    <Cta>4030</Cta>
    <CodSec>125</CodSec>
  </S>
  <S>
    <Calle>C.UCL</Calle>
    <Lat>33.413380</Lat>
    <Lon>61.601383</Lon>
    <Dis>9671.010</Dis>
    <Cta>4423</Cta>
    <CodSec>143</CodSec>
  </S>
  <S>
    <Calle>L.QUI</Calle>
    <Lat>33.383239</Lat>
    <Lon>61.698850</Lon>
    <Dis>13219.310</Dis>
    <Cta>4761</Cta>
    <CodSec>144</CodSec>
  </S>
  <S>
    <Calle>GODEK</Calle>
    <Lat>33.344859</Lat>
    <Lon>61.829614</Lon>
    <Dis>2356.240</Dis>
    <Cta>5232</Cta>
    <CodSec>146</CodSec>
  </S>
  <S>
    <Calle>BERAB</Calle>
    <Lat>33.345203</Lat>
    <Lon>61.854491</Lon>
    <Dis>17696.770</Dis>
    <Cta>5321</Cta>
    <CodSec>145</CodSec>
  </S>
  <S>
    <Calle>CHLAD</Calle>
    <Lat>33.321521</Lat>
    <Lon>62.034946</Lon>
    <Dis>16173.590</Dis>
    <Cta>5937</Cta>
    <CodSec>147</CodSec>
  </S>
  <S>
    <Calle>CORRA</Calle>
    <Lat>33.279627</Lat>
    <Lon>62.186109</Lon>
    <Dis>0</Dis>
    <Cta>6523</Cta>
    <CodSec>150</CodSec>
  </S>
</Sector>