<?xml version="1.0" standalone="yes"?>
<Sector>
  <xs:schema id="Sector" xmlns="" xmlns:xs="http://www.w3.org/2001/XMLSchema" xmlns:msdata="urn:schemas-microsoft-com:xml-msdata">
    <xs:element name="Sector" msdata:IsDataSet="true" msdata:Locale="">
      <xs:complexType>
        <xs:choice minOccurs="0" maxOccurs="unbounded">
          <xs:element name="S" msdata:Locale="">
            <xs:complexType>
              <xs:sequence>
                <xs:element name="Calle" type="xs:string" minOccurs="0" />
                <xs:element name="Lat" type="xs:decimal" minOccurs="0" />
                <xs:element name="Lon" type="xs:decimal" minOccurs="0" />
                <xs:element name="Dis" type="xs:decimal" minOccurs="0" />
                <xs:element name="Cta" type="xs:int" minOccurs="0" />
                <xs:element name="CodSec" type="xs:int" minOccurs="0" />
              </xs:sequence>
            </xs:complexType>
          </xs:element>
        </xs:choice>
      </xs:complexType>
    </xs:element>
  </xs:schema>
  <S>
    <Calle>MITR1</Calle>
    <Lat>32.913569</Lat>
    <Lon>60.798324</Lon>
    <Dis>1107.190</Dis>
    <Cta>1</Cta>
    <CodSec>30</CodSec>
  </S>
  <S>
    <Calle>PERO3</Calle>
    <Lat>32.910710</Lat>
    <Lon>60.805728</Lon>
    <Dis>1558.760</Dis>
    <Cta>46</Cta>
    <CodSec>30</CodSec>
  </S>
  <S>
    <Calle>VELE1</Calle>
    <Lat>32.910856</Lat>
    <Lon>60.812309</Lon>
    <Dis>1486.830</Dis>
    <Cta>108</Cta>
    <CodSec>30</CodSec>
  </S>
  <S>
    <Calle>R  9</Calle>
    <Lat>32.921568</Lat>
    <Lon>60.811101</Lon>
    <Dis>817.520</Dis>
    <Cta>167</Cta>
    <CodSec>30</CodSec>
  </S>
  <S>
    <Calle>YRIG2</Calle>
    <Lat>32.928836</Lat>
    <Lon>60.812152</Lon>
    <Dis>2271.420</Dis>
    <Cta>198</Cta>
    <CodSec>30</CodSec>
  </S>
  <S>
    <Calle>COLE2</Calle>
    <Lat>32.942897</Lat>
    <Lon>60.819734</Lon>
    <Dis>0</Dis>
    <Cta>284</Cta>
    <CodSec>30</CodSec>
  </S>
</Sector>