<?xml version="1.0" standalone="yes"?>
<SectorTarifarioExportacion>
  <xs:schema id="SectorTarifarioExportacion" xmlns="" xmlns:xs="http://www.w3.org/2001/XMLSchema" xmlns:msdata="urn:schemas-microsoft-com:xml-msdata">
    <xs:element name="SectorTarifarioExportacion" msdata:IsDataSet="true" msdata:Locale="">
      <xs:complexType>
        <xs:choice minOccurs="0" maxOccurs="unbounded">
          <xs:element name="S" msdata:Locale="">
            <xs:complexType>
              <xs:sequence>
                <xs:element name="Sec" type="xs:string" minOccurs="0" />
                <xs:element name="CodSec" type="xs:int" minOccurs="0" />
              </xs:sequence>
            </xs:complexType>
          </xs:element>
        </xs:choice>
      </xs:complexType>
    </xs:element>
  </xs:schema>
  <S>
    <Sec>V.G.Galvez</Sec>
    <CodSec>12</CodSec>
  </S>
  <S>
    <Sec>Rosario</Sec>
    <CodSec>13</CodSec>
  </S>
  <S>
    <Sec>Perez</Sec>
    <CodSec>85</CodSec>
  </S>
  <S>
    <Sec>Funes</Sec>
    <CodSec>30</CodSec>
  </S>
  <S>
    <Sec>Roldan</Sec>
    <CodSec>32</CodSec>
  </S>
  <S>
    <Sec>Zavalla</Sec>
    <CodSec>86</CodSec>
  </S>
  <S>
    <Sec>Casilda</Sec>
    <CodSec>121</CodSec>
  </S>
  <S>
    <Sec>SJeronimo</Sec>
    <CodSec>201</CodSec>
  </S>
  <S>
    <Sec>Carcaraña</Sec>
    <CodSec>202</CodSec>
  </S>
  <S>
    <Sec>Correa</Sec>
    <CodSec>203</CodSec>
  </S>
  <S>
    <Sec>C.de Gomez</Sec>
    <CodSec>204</CodSec>
  </S>
  <S>
    <Sec>Cruce9y178</Sec>
    <CodSec>205</CodSec>
  </S>
  <S>
    <Sec>LasParejas</Sec>
    <CodSec>206</CodSec>
  </S>
  <S>
    <Sec>Armstrong</Sec>
    <CodSec>220</CodSec>
  </S>
  <S>
    <Sec>California</Sec>
    <CodSec>207</CodSec>
  </S>
  <S>
    <Sec>Las Rosas</Sec>
    <CodSec>208</CodSec>
  </S>
  <S>
    <Sec>Limite1</Sec>
    <CodSec>81</CodSec>
  </S>
  <S>
    <Sec>Parada11</Sec>
    <CodSec>119</CodSec>
  </S>
</SectorTarifarioExportacion>