<?xml version="1.0" standalone="yes"?>
<Sector>
  <xs:schema id="Sector" xmlns="" xmlns:xs="http://www.w3.org/2001/XMLSchema" xmlns:msdata="urn:schemas-microsoft-com:xml-msdata">
    <xs:element name="Sector" msdata:IsDataSet="true" msdata:Locale="">
      <xs:complexType>
        <xs:choice minOccurs="0" maxOccurs="unbounded">
          <xs:element name="S" msdata:Locale="">
            <xs:complexType>
              <xs:sequence>
                <xs:element name="Calle" type="xs:string" minOccurs="0" />
                <xs:element name="Lat" type="xs:decimal" minOccurs="0" />
                <xs:element name="Lon" type="xs:decimal" minOccurs="0" />
                <xs:element name="Dis" type="xs:decimal" minOccurs="0" />
                <xs:element name="Cta" type="xs:int" minOccurs="0" />
                <xs:element name="CodSec" type="xs:int" minOccurs="0" />
              </xs:sequence>
            </xs:complexType>
          </xs:element>
        </xs:choice>
      </xs:complexType>
    </xs:element>
  </xs:schema>
  <S>
    <Calle>M.OCA</Calle>
    <Lat>32.569656</Lat>
    <Lon>61.770158</Lon>
    <Dis>21798.570</Dis>
    <Cta>1</Cta>
    <CodSec>219</CodSec>
  </S>
  <S>
    <Calle>CALIF</Calle>
    <Lat>32.608729</Lat>
    <Lon>61.546873</Lon>
    <Dis>7709.830</Dis>
    <Cta>764</Cta>
    <CodSec>207</CodSec>
  </S>
  <S>
    <Calle>L.PAR</Calle>
    <Lat>32.674977</Lat>
    <Lon>61.529244</Lon>
    <Dis>13272.570</Dis>
    <Cta>1042</Cta>
    <CodSec>206</CodSec>
  </S>
  <S>
    <Calle>RUT9-</Calle>
    <Lat>32.782208</Lat>
    <Lon>61.545657</Lon>
    <Dis>12256.560</Dis>
    <Cta>1511</Cta>
    <CodSec>205</CodSec>
  </S>
  <S>
    <Calle>CDAEN</Calle>
    <Lat>32.805648</Lat>
    <Lon>61.421241</Lon>
    <Dis>2669.580</Dis>
    <Cta>1963</Cta>
    <CodSec>204</CodSec>
  </S>
  <S>
    <Calle>C.GOM</Calle>
    <Lat>32.812567</Lat>
    <Lon>61.396709</Lon>
    <Dis>2851.040</Dis>
    <Cta>2063</Cta>
    <CodSec>204</CodSec>
  </S>
  <S>
    <Calle>CDASA</Calle>
    <Lat>32.814540</Lat>
    <Lon>61.369066</Lon>
    <Dis>11608.710</Dis>
    <Cta>2168</Cta>
    <CodSec>204</CodSec>
  </S>
  <S>
    <Calle>CORRE</Calle>
    <Lat>32.851198</Lat>
    <Lon>61.262643</Lon>
    <Dis>8253.270</Dis>
    <Cta>2591</Cta>
    <CodSec>203</CodSec>
  </S>
  <S>
    <Calle>CARCA</Calle>
    <Lat>32.858252</Lat>
    <Lon>61.174774</Lon>
    <Dis>13641.470</Dis>
    <Cta>2890</Cta>
    <CodSec>202</CodSec>
  </S>
  <S>
    <Calle>S.JER</Calle>
    <Lat>32.883544</Lat>
    <Lon>61.031956</Lon>
    <Dis>10463.480</Dis>
    <Cta>3374</Cta>
    <CodSec>201</CodSec>
  </S>
  <S>
    <Calle>ROLDA</Calle>
    <Lat>32.903088</Lat>
    <Lon>60.922334</Lon>
    <Dis>5200.180</Dis>
    <Cta>3733</Cta>
    <CodSec>32</CodSec>
  </S>
  <S>
    <Calle>FUNES</Calle>
    <Lat>32.912826</Lat>
    <Lon>60.867860</Lon>
    <Dis>9882.310</Dis>
    <Cta>3936</Cta>
    <CodSec>30</CodSec>
  </S>
  <S>
    <Calle>LUDUE</Calle>
    <Lat>32.925291</Lat>
    <Lon>60.763216</Lon>
    <Dis>9023.930</Dis>
    <Cta>4294</Cta>
    <CodSec>13</CodSec>
  </S>
  <S>
    <Calle>TERRO</Calle>
    <Lat>32.939434</Lat>
    <Lon>60.673566</Lon>
    <Dis>0</Dis>
    <Cta>4662</Cta>
    <CodSec>13</CodSec>
  </S>
</Sector>