<?xml version="1.0" standalone="yes"?>
<Sector>
  <xs:schema id="Sector" xmlns="" xmlns:xs="http://www.w3.org/2001/XMLSchema" xmlns:msdata="urn:schemas-microsoft-com:xml-msdata">
    <xs:element name="Sector" msdata:IsDataSet="true" msdata:Locale="">
      <xs:complexType>
        <xs:choice minOccurs="0" maxOccurs="unbounded">
          <xs:element name="S" msdata:Locale="">
            <xs:complexType>
              <xs:sequence>
                <xs:element name="Calle" type="xs:string" minOccurs="0" />
                <xs:element name="Lat" type="xs:decimal" minOccurs="0" />
                <xs:element name="Lon" type="xs:decimal" minOccurs="0" />
                <xs:element name="Dis" type="xs:decimal" minOccurs="0" />
                <xs:element name="Cta" type="xs:int" minOccurs="0" />
                <xs:element name="CodSec" type="xs:int" minOccurs="0" />
              </xs:sequence>
            </xs:complexType>
          </xs:element>
        </xs:choice>
      </xs:complexType>
    </xs:element>
  </xs:schema>
  <S>
    <Calle>TERRO</Calle>
    <Lat>32.939440</Lat>
    <Lon>60.673503</Lon>
    <Dis>8604.970</Dis>
    <Cta>1</Cta>
    <CodSec>13</CodSec>
  </S>
  <S>
    <Calle>FUNES</Calle>
    <Lat>32.925286</Lat>
    <Lon>60.763239</Lon>
    <Dis>9874.000</Dis>
    <Cta>342</Cta>
    <CodSec>30</CodSec>
  </S>
  <S>
    <Calle>ROLDA</Calle>
    <Lat>32.912836</Lat>
    <Lon>60.867797</Lon>
    <Dis>14046.790</Dis>
    <Cta>706</Cta>
    <CodSec>32</CodSec>
  </S>
  <S>
    <Calle>S.JER</Calle>
    <Lat>32.886558</Lat>
    <Lon>61.014948</Lon>
    <Dis>10349.520</Dis>
    <Cta>1206</Cta>
    <CodSec>201</CodSec>
  </S>
  <S>
    <Calle>CARCA</Calle>
    <Lat>32.867258</Lat>
    <Lon>61.123272</Lon>
    <Dis>11068.020</Dis>
    <Cta>1573</Cta>
    <CodSec>202</CodSec>
  </S>
  <S>
    <Calle>CORRE</Calle>
    <Lat>32.853788</Lat>
    <Lon>61.240407</Lon>
    <Dis>13477.870</Dis>
    <Cta>1972</Cta>
    <CodSec>203</CodSec>
  </S>
  <S>
    <Calle>CDAEN</Calle>
    <Lat>32.814923</Lat>
    <Lon>61.366887</Lon>
    <Dis>3009.350</Dis>
    <Cta>2472</Cta>
    <CodSec>204</CodSec>
  </S>
  <S>
    <Calle>C.GOM</Calle>
    <Lat>32.812124</Lat>
    <Lon>61.396581</Lon>
    <Dis>2829.800</Dis>
    <Cta>2581</Cta>
    <CodSec>204</CodSec>
  </S>
  <S>
    <Calle>CDASA</Calle>
    <Lat>32.805634</Lat>
    <Lon>61.421357</Lon>
    <Dis>10627.480</Dis>
    <Cta>2688</Cta>
    <CodSec>204</CodSec>
  </S>
  <S>
    <Calle>R.178</Calle>
    <Lat>32.786500</Lat>
    <Lon>61.532749</Lon>
    <Dis>5225.730</Dis>
    <Cta>3059</Cta>
    <CodSec>205</CodSec>
  </S>
  <S>
    <Calle>ARMEN</Calle>
    <Lat>32.777058</Lat>
    <Lon>61.587189</Lon>
    <Dis>5740.180</Dis>
    <Cta>3259</Cta>
    <CodSec>220</CodSec>
  </S>
  <S>
    <Calle>ARMSA</Calle>
    <Lat>32.771339</Lat>
    <Lon>61.621239</Lon>
    <Dis>19581.550</Dis>
    <Cta>3461</Cta>
    <CodSec>220</CodSec>
  </S>
  <S>
    <Calle>TORT1</Calle>
    <Lat>32.746323</Lat>
    <Lon>61.818048</Lon>
    <Dis>0</Dis>
    <Cta>4132</Cta>
    <CodSec>221</CodSec>
  </S>
</Sector>