<?xml version="1.0" standalone="yes"?>
<Sector>
  <xs:schema id="Sector" xmlns="" xmlns:xs="http://www.w3.org/2001/XMLSchema" xmlns:msdata="urn:schemas-microsoft-com:xml-msdata">
    <xs:element name="Sector" msdata:IsDataSet="true" msdata:Locale="">
      <xs:complexType>
        <xs:choice minOccurs="0" maxOccurs="unbounded">
          <xs:element name="S" msdata:Locale="">
            <xs:complexType>
              <xs:sequence>
                <xs:element name="Calle" type="xs:string" minOccurs="0" />
                <xs:element name="Lat" type="xs:decimal" minOccurs="0" />
                <xs:element name="Lon" type="xs:decimal" minOccurs="0" />
                <xs:element name="Dis" type="xs:decimal" minOccurs="0" />
                <xs:element name="Cta" type="xs:int" minOccurs="0" />
                <xs:element name="CodSec" type="xs:int" minOccurs="0" />
              </xs:sequence>
            </xs:complexType>
          </xs:element>
        </xs:choice>
      </xs:complexType>
    </xs:element>
  </xs:schema>
  <S>
    <Calle>TORT1</Calle>
    <Lat>32.746324</Lat>
    <Lon>61.818044</Lon>
    <Dis>20025.240</Dis>
    <Cta>1</Cta>
    <CodSec>221</CodSec>
  </S>
  <S>
    <Calle>ARMEN</Calle>
    <Lat>32.771378</Lat>
    <Lon>61.621013</Lon>
    <Dis>6470.670</Dis>
    <Cta>689</Cta>
    <CodSec>220</CodSec>
  </S>
  <S>
    <Calle>ARMSA</Calle>
    <Lat>32.777069</Lat>
    <Lon>61.587139</Lon>
    <Dis>3739.110</Dis>
    <Cta>919</Cta>
    <CodSec>220</CodSec>
  </S>
  <S>
    <Calle>R.178</Calle>
    <Lat>32.783883</Lat>
    <Lon>61.547974</Lon>
    <Dis>12089.080</Dis>
    <Cta>1047</Cta>
    <CodSec>205</CodSec>
  </S>
  <S>
    <Calle>CDAEN</Calle>
    <Lat>32.805606</Lat>
    <Lon>61.421594</Lon>
    <Dis>2703.670</Dis>
    <Cta>1483</Cta>
    <CodSec>204</CodSec>
  </S>
  <S>
    <Calle>C.GOM</Calle>
    <Lat>32.812564</Lat>
    <Lon>61.396697</Lon>
    <Dis>2846.280</Dis>
    <Cta>1586</Cta>
    <CodSec>204</CodSec>
  </S>
  <S>
    <Calle>CDASA</Calle>
    <Lat>32.814535</Lat>
    <Lon>61.369090</Lon>
    <Dis>11333.770</Dis>
    <Cta>1689</Cta>
    <CodSec>204</CodSec>
  </S>
  <S>
    <Calle>CORRE</Calle>
    <Lat>32.850707</Lat>
    <Lon>61.265551</Lon>
    <Dis>8713.100</Dis>
    <Cta>2104</Cta>
    <CodSec>203</CodSec>
  </S>
  <S>
    <Calle>CARCA</Calle>
    <Lat>32.858514</Lat>
    <Lon>61.172844</Lon>
    <Dis>13364.080</Dis>
    <Cta>2422</Cta>
    <CodSec>202</CodSec>
  </S>
  <S>
    <Calle>S.JER</Calle>
    <Lat>32.883364</Lat>
    <Lon>61.032947</Lon>
    <Dis>10562.100</Dis>
    <Cta>2899</Cta>
    <CodSec>201</CodSec>
  </S>
  <S>
    <Calle>ROLDA</Calle>
    <Lat>32.903094</Lat>
    <Lon>60.922299</Lon>
    <Dis>5197.480</Dis>
    <Cta>3262</Cta>
    <CodSec>32</CodSec>
  </S>
  <S>
    <Calle>FUNES</Calle>
    <Lat>32.912827</Lat>
    <Lon>60.867854</Lon>
    <Dis>9879.520</Dis>
    <Cta>3466</Cta>
    <CodSec>30</CodSec>
  </S>
  <S>
    <Calle>LUDUE</Calle>
    <Lat>32.925286</Lat>
    <Lon>60.763236</Lon>
    <Dis>9011.430</Dis>
    <Cta>3826</Cta>
    <CodSec>13</CodSec>
  </S>
  <S>
    <Calle>TERRO</Calle>
    <Lat>32.939429</Lat>
    <Lon>60.673542</Lon>
    <Dis>0</Dis>
    <Cta>4195</Cta>
    <CodSec>13</CodSec>
  </S>
</Sector>