<?xml version="1.0" standalone="yes"?>
<Sector>
  <xs:schema id="Sector" xmlns="" xmlns:xs="http://www.w3.org/2001/XMLSchema" xmlns:msdata="urn:schemas-microsoft-com:xml-msdata">
    <xs:element name="Sector" msdata:IsDataSet="true" msdata:Locale="">
      <xs:complexType>
        <xs:choice minOccurs="0" maxOccurs="unbounded">
          <xs:element name="S" msdata:Locale="">
            <xs:complexType>
              <xs:sequence>
                <xs:element name="Calle" type="xs:string" minOccurs="0" />
                <xs:element name="Lat" type="xs:decimal" minOccurs="0" />
                <xs:element name="Lon" type="xs:decimal" minOccurs="0" />
                <xs:element name="Dis" type="xs:decimal" minOccurs="0" />
                <xs:element name="Cta" type="xs:int" minOccurs="0" />
                <xs:element name="CodSec" type="xs:int" minOccurs="0" />
              </xs:sequence>
            </xs:complexType>
          </xs:element>
        </xs:choice>
      </xs:complexType>
    </xs:element>
  </xs:schema>
  <S>
    <Calle>TERRO</Calle>
    <Lat>32.939457</Lat>
    <Lon>60.673438</Lon>
    <Dis>8623.190</Dis>
    <Cta>1</Cta>
    <CodSec>13</CodSec>
  </S>
  <S>
    <Calle>FUNES</Calle>
    <Lat>32.925287</Lat>
    <Lon>60.763231</Lon>
    <Dis>9873.850</Dis>
    <Cta>344</Cta>
    <CodSec>30</CodSec>
  </S>
  <S>
    <Calle>ROLDA</Calle>
    <Lat>32.912836</Lat>
    <Lon>60.867788</Lon>
    <Dis>14044.720</Dis>
    <Cta>703</Cta>
    <CodSec>32</CodSec>
  </S>
  <S>
    <Calle>S.JER</Calle>
    <Lat>32.886563</Lat>
    <Lon>61.014921</Lon>
    <Dis>10350.430</Dis>
    <Cta>1203</Cta>
    <CodSec>201</CodSec>
  </S>
  <S>
    <Calle>CARCA</Calle>
    <Lat>32.867260</Lat>
    <Lon>61.123254</Lon>
    <Dis>11067.290</Dis>
    <Cta>1570</Cta>
    <CodSec>202</CodSec>
  </S>
  <S>
    <Calle>CORRE</Calle>
    <Lat>32.853789</Lat>
    <Lon>61.240381</Lon>
    <Dis>13478.870</Dis>
    <Cta>1969</Cta>
    <CodSec>203</CodSec>
  </S>
  <S>
    <Calle>CDAEN</Calle>
    <Lat>32.814925</Lat>
    <Lon>61.366873</Lon>
    <Dis>3015.230</Dis>
    <Cta>2469</Cta>
    <CodSec>204</CodSec>
  </S>
  <S>
    <Calle>C.GOM</Calle>
    <Lat>32.812098</Lat>
    <Lon>61.396606</Lon>
    <Dis>2828.810</Dis>
    <Cta>2579</Cta>
    <CodSec>204</CodSec>
  </S>
  <S>
    <Calle>CDASA</Calle>
    <Lat>32.805635</Lat>
    <Lon>61.421347</Lon>
    <Dis>10628.580</Dis>
    <Cta>2688</Cta>
    <CodSec>204</CodSec>
  </S>
  <S>
    <Calle>R.178</Calle>
    <Lat>32.786499</Lat>
    <Lon>61.532750</Lon>
    <Dis>10658.710</Dis>
    <Cta>3058</Cta>
    <CodSec>205</CodSec>
  </S>
  <S>
    <Calle>L.PAR</Calle>
    <Lat>32.701024</Lat>
    <Lon>61.526106</Lon>
    <Dis>18115.130</Dis>
    <Cta>3434</Cta>
    <CodSec>206</CodSec>
  </S>
  <S>
    <Calle>CALIF</Calle>
    <Lat>32.551667</Lat>
    <Lon>61.550199</Lon>
    <Dis>6751.580</Dis>
    <Cta>4086</Cta>
    <CodSec>207</CodSec>
  </S>
  <S>
    <Calle>ENTRA</Calle>
    <Lat>32.492833</Lat>
    <Lon>61.564109</Lon>
    <Dis>3240.420</Dis>
    <Cta>4330</Cta>
    <CodSec>208</CodSec>
  </S>
  <S>
    <Calle>L.ROS</Calle>
    <Lat>32.475992</Lat>
    <Lon>61.578917</Lon>
    <Dis>3672.900</Dis>
    <Cta>4451</Cta>
    <CodSec>208</CodSec>
  </S>
  <S>
    <Calle>SALE1</Calle>
    <Lat>32.450561</Lat>
    <Lon>61.582615</Lon>
    <Dis>13849.760</Dis>
    <Cta>4596</Cta>
    <CodSec>208</CodSec>
  </S>
  <S>
    <Calle>CARDO</Calle>
    <Lat>32.333118</Lat>
    <Lon>61.631349</Lon>
    <Dis>14956.980</Dis>
    <Cta>5079</Cta>
    <CodSec>209</CodSec>
  </S>
  <S>
    <Calle>TREBO</Calle>
    <Lat>32.216597</Lat>
    <Lon>61.687211</Lon>
    <Dis>20705.680</Dis>
    <Cta>5611</Cta>
    <CodSec>210</CodSec>
  </S>
  <S>
    <Calle>C.PE1</Calle>
    <Lat>32.066641</Lat>
    <Lon>61.778856</Lon>
    <Dis>21586.800</Dis>
    <Cta>6403</Cta>
    <CodSec>211</CodSec>
  </S>
  <S>
    <Calle>S.JOR</Calle>
    <Lat>31.909075</Lat>
    <Lon>61.848629</Lon>
    <Dis>5859.350</Dis>
    <Cta>7195</Cta>
    <CodSec>212</CodSec>
  </S>
  <S>
    <Calle>JORGE</Calle>
    <Lat>31.889299</Lat>
    <Lon>61.843880</Lon>
    <Dis>12505.820</Dis>
    <Cta>7402</Cta>
    <CodSec>212</CodSec>
  </S>
  <S>
    <Calle>SAST1</Calle>
    <Lat>31.779082</Lat>
    <Lon>61.817510</Lon>
    <Dis>15643.280</Dis>
    <Cta>7828</Cta>
    <CodSec>213</CodSec>
  </S>
  <S>
    <Calle>M.JU1</Calle>
    <Lat>31.684467</Lat>
    <Lon>61.764903</Lon>
    <Dis>18807.940</Dis>
    <Cta>8423</Cta>
    <CodSec>214</CodSec>
  </S>
  <S>
    <Calle>CLUCE</Calle>
    <Lat>31.524575</Lat>
    <Lon>61.725969</Lon>
    <Dis>4152.790</Dis>
    <Cta>9124</Cta>
    <CodSec>215</CodSec>
  </S>
  <S>
    <Calle>R. 19</Calle>
    <Lat>31.487929</Lat>
    <Lon>61.717522</Lon>
    <Dis>27656.670</Dis>
    <Cta>9267</Cta>
    <CodSec>216</CodSec>
  </S>
  <S>
    <Calle>JOSE1</Calle>
    <Lat>31.433933</Lat>
    <Lon>61.997992</Lon>
    <Dis>8241.520</Dis>
    <Cta>10240</Cta>
    <CodSec>217</CodSec>
  </S>
  <S>
    <Calle>FRONT</Calle>
    <Lat>31.436582</Lat>
    <Lon>62.067790</Lon>
    <Dis>0</Dis>
    <Cta>10532</Cta>
    <CodSec>218</CodSec>
  </S>
</Sector>