<?xml version="1.0" standalone="yes"?>
<Sector>
  <xs:schema id="Sector" xmlns="" xmlns:xs="http://www.w3.org/2001/XMLSchema" xmlns:msdata="urn:schemas-microsoft-com:xml-msdata">
    <xs:element name="Sector" msdata:IsDataSet="true" msdata:Locale="">
      <xs:complexType>
        <xs:choice minOccurs="0" maxOccurs="unbounded">
          <xs:element name="S" msdata:Locale="">
            <xs:complexType>
              <xs:sequence>
                <xs:element name="Calle" type="xs:string" minOccurs="0" />
                <xs:element name="Lat" type="xs:decimal" minOccurs="0" />
                <xs:element name="Lon" type="xs:decimal" minOccurs="0" />
                <xs:element name="Dis" type="xs:decimal" minOccurs="0" />
                <xs:element name="Cta" type="xs:int" minOccurs="0" />
                <xs:element name="CodSec" type="xs:int" minOccurs="0" />
              </xs:sequence>
            </xs:complexType>
          </xs:element>
        </xs:choice>
      </xs:complexType>
    </xs:element>
  </xs:schema>
  <S>
    <Calle>L.ROS</Calle>
    <Lat>32.475581</Lat>
    <Lon>61.578814</Lon>
    <Dis>9001.550</Dis>
    <Cta>1</Cta>
    <CodSec>208</CodSec>
  </S>
  <S>
    <Calle>CALIF</Calle>
    <Lat>32.543860</Lat>
    <Lon>61.550940</Lon>
    <Dis>14935.470</Dis>
    <Cta>928</Cta>
    <CodSec>207</CodSec>
  </S>
  <S>
    <Calle>L.PAR</Calle>
    <Lat>32.674965</Lat>
    <Lon>61.529246</Lon>
    <Dis>13261.720</Dis>
    <Cta>2450</Cta>
    <CodSec>206</CodSec>
  </S>
  <S>
    <Calle>RUT9-</Calle>
    <Lat>32.782202</Lat>
    <Lon>61.545655</Lon>
    <Dis>12226.620</Dis>
    <Cta>3805</Cta>
    <CodSec>205</CodSec>
  </S>
  <S>
    <Calle>CDAEN</Calle>
    <Lat>32.805609</Lat>
    <Lon>61.421571</Lon>
    <Dis>2701.140</Dis>
    <Cta>5061</Cta>
    <CodSec>204</CodSec>
  </S>
  <S>
    <Calle>C.GOM</Calle>
    <Lat>32.812563</Lat>
    <Lon>61.396700</Lon>
    <Dis>2849.440</Dis>
    <Cta>5346</Cta>
    <CodSec>204</CodSec>
  </S>
  <S>
    <Calle>CDASA</Calle>
    <Lat>32.814537</Lat>
    <Lon>61.369080</Lon>
    <Dis>11338.210</Dis>
    <Cta>5640</Cta>
    <CodSec>204</CodSec>
  </S>
  <S>
    <Calle>CORRE</Calle>
    <Lat>32.850717</Lat>
    <Lon>61.265491</Lon>
    <Dis>8709.560</Dis>
    <Cta>6810</Cta>
    <CodSec>203</CodSec>
  </S>
  <S>
    <Calle>CARCA</Calle>
    <Lat>32.858516</Lat>
    <Lon>61.172832</Lon>
    <Dis>13364.240</Dis>
    <Cta>7704</Cta>
    <CodSec>202</CodSec>
  </S>
  <S>
    <Calle>S.JER</Calle>
    <Lat>32.883368</Lat>
    <Lon>61.032926</Lon>
    <Dis>10549.680</Dis>
    <Cta>9072</Cta>
    <CodSec>201</CodSec>
  </S>
  <S>
    <Calle>ROLDA</Calle>
    <Lat>32.903080</Lat>
    <Lon>60.922375</Lon>
    <Dis>5207.540</Dis>
    <Cta>10135</Cta>
    <CodSec>32</CodSec>
  </S>
  <S>
    <Calle>FUNES</Calle>
    <Lat>32.912832</Lat>
    <Lon>60.867821</Lon>
    <Dis>9876.730</Dis>
    <Cta>10681</Cta>
    <CodSec>30</CodSec>
  </S>
  <S>
    <Calle>LUDUE</Calle>
    <Lat>32.925287</Lat>
    <Lon>60.763232</Lon>
    <Dis>8982.430</Dis>
    <Cta>11698</Cta>
    <CodSec>13</CodSec>
  </S>
  <S>
    <Calle>TERRO</Calle>
    <Lat>32.939537</Lat>
    <Lon>60.673154</Lon>
    <Dis>0</Dis>
    <Cta>12663</Cta>
    <CodSec>13</CodSec>
  </S>
</Sector>