<?xml version="1.0" standalone="yes"?>
<Sector>
  <xs:schema id="Sector" xmlns="" xmlns:xs="http://www.w3.org/2001/XMLSchema" xmlns:msdata="urn:schemas-microsoft-com:xml-msdata">
    <xs:element name="Sector" msdata:IsDataSet="true" msdata:Locale="">
      <xs:complexType>
        <xs:choice minOccurs="0" maxOccurs="unbounded">
          <xs:element name="S" msdata:Locale="">
            <xs:complexType>
              <xs:sequence>
                <xs:element name="Calle" type="xs:string" minOccurs="0" />
                <xs:element name="Lat" type="xs:decimal" minOccurs="0" />
                <xs:element name="Lon" type="xs:decimal" minOccurs="0" />
                <xs:element name="Dis" type="xs:decimal" minOccurs="0" />
                <xs:element name="Cta" type="xs:int" minOccurs="0" />
                <xs:element name="CodSec" type="xs:int" minOccurs="0" />
              </xs:sequence>
            </xs:complexType>
          </xs:element>
        </xs:choice>
      </xs:complexType>
    </xs:element>
  </xs:schema>
  <S>
    <Calle>TERRO</Calle>
    <Lat>32.939635</Lat>
    <Lon>60.672386</Lon>
    <Dis>8485.320</Dis>
    <Cta>1</Cta>
    <CodSec>13</CodSec>
  </S>
  <S>
    <Calle>ES SO</Calle>
    <Lat>32.980318</Lat>
    <Lon>60.736246</Lon>
    <Dis>3210.640</Dis>
    <Cta>323</Cta>
    <CodSec>85</CodSec>
  </S>
  <S>
    <Calle>ELOPE</Calle>
    <Lat>32.995602</Lat>
    <Lon>60.765258</Lon>
    <Dis>3755.600</Dis>
    <Cta>463</Cta>
    <CodSec>85</CodSec>
  </S>
  <S>
    <Calle>CURPE</Calle>
    <Lat>33.010167</Lat>
    <Lon>60.799569</Lon>
    <Dis>6293.330</Dis>
    <Cta>617</Cta>
    <CodSec>86</CodSec>
  </S>
  <S>
    <Calle>ZAVAL</Calle>
    <Lat>33.018808</Lat>
    <Lon>60.865701</Lon>
    <Dis>15494.210</Dis>
    <Cta>841</Cta>
    <CodSec>86</CodSec>
  </S>
  <S>
    <Calle>PJENT</Calle>
    <Lat>33.017170</Lat>
    <Lon>61.031717</Lon>
    <Dis>10894.090</Dis>
    <Cta>1386</Cta>
    <CodSec>120</CodSec>
  </S>
  <S>
    <Calle>CASEN</Calle>
    <Lat>33.042965</Lat>
    <Lon>61.139037</Lon>
    <Dis>2057.270</Dis>
    <Cta>1769</Cta>
    <CodSec>121</CodSec>
  </S>
  <S>
    <Calle>TECAS</Calle>
    <Lat>33.053151</Lat>
    <Lon>61.157452</Lon>
    <Dis>3135.970</Dis>
    <Cta>1849</Cta>
    <CodSec>121</CodSec>
  </S>
  <S>
    <Calle>SALE1</Calle>
    <Lat>33.068654</Lat>
    <Lon>61.185561</Lon>
    <Dis>12032.850</Dis>
    <Cta>1956</Cta>
    <CodSec>121</CodSec>
  </S>
  <S>
    <Calle>SANFO</Calle>
    <Lat>33.141580</Lat>
    <Lon>61.276021</Lon>
    <Dis>13017.070</Dis>
    <Cta>2384</Cta>
    <CodSec>122</CodSec>
  </S>
  <S>
    <Calle>CHABA</Calle>
    <Lat>33.238580</Lat>
    <Lon>61.354136</Lon>
    <Dis>14527.420</Dis>
    <Cta>2855</Cta>
    <CodSec>123</CodSec>
  </S>
  <S>
    <Calle>VILLA</Calle>
    <Lat>33.345968</Lat>
    <Lon>61.442068</Lon>
    <Dis>11453.370</Dis>
    <Cta>3372</Cta>
    <CodSec>124</CodSec>
  </S>
  <S>
    <Calle>FIREN</Calle>
    <Lat>33.439567</Lat>
    <Lon>61.483763</Lon>
    <Dis>2190.160</Dis>
    <Cta>3772</Cta>
    <CodSec>125</CodSec>
  </S>
  <S>
    <Calle>TERM</Calle>
    <Lat>33.455252</Lat>
    <Lon>61.484910</Lon>
    <Dis>2192.880</Dis>
    <Cta>3862</Cta>
    <CodSec>125</CodSec>
  </S>
  <S>
    <Calle>FIRSA</Calle>
    <Lat>33.456172</Lat>
    <Lon>61.502904</Lon>
    <Dis>15069.130</Dis>
    <Cta>3943</Cta>
    <CodSec>125</CodSec>
  </S>
  <S>
    <Calle>CHOVE</Calle>
    <Lat>33.531653</Lat>
    <Lon>61.637390</Lon>
    <Dis>3330.780</Dis>
    <Cta>4474</Cta>
    <CodSec>126</CodSec>
  </S>
  <S>
    <Calle>DIVIS</Calle>
    <Lat>33.547927</Lat>
    <Lon>61.667562</Lon>
    <Dis>5960.510</Dis>
    <Cta>4586</Cta>
    <CodSec>127</CodSec>
  </S>
  <S>
    <Calle>ELORT</Calle>
    <Lat>33.577000</Lat>
    <Lon>61.721605</Lon>
    <Dis>6043.300</Dis>
    <Cta>4792</Cta>
    <CodSec>128</CodSec>
  </S>
  <S>
    <Calle>RAVIO</Calle>
    <Lat>33.606518</Lat>
    <Lon>61.776386</Lon>
    <Dis>7627.670</Dis>
    <Cta>4994</Cta>
    <CodSec>129</CodSec>
  </S>
  <S>
    <Calle>MURPH</Calle>
    <Lat>33.643712</Lat>
    <Lon>61.845600</Lon>
    <Dis>11618.420</Dis>
    <Cta>5259</Cta>
    <CodSec>130</CodSec>
  </S>
  <S>
    <Calle>V.T E</Calle>
    <Lat>33.698140</Lat>
    <Lon>61.951916</Lon>
    <Dis>11445.210</Dis>
    <Cta>5685</Cta>
    <CodSec>131</CodSec>
  </S>
  <S>
    <Calle>VTSAL</Calle>
    <Lat>33.730733</Lat>
    <Lon>62.011993</Lon>
    <Dis>21309.030</Dis>
    <Cta>6118</Cta>
    <CodSec>131</CodSec>
  </S>
  <S>
    <Calle>S.EDU</Calle>
    <Lat>33.831239</Lat>
    <Lon>62.207263</Lon>
    <Dis>20857.780</Dis>
    <Cta>6903</Cta>
    <CodSec>132</CodSec>
  </S>
  <S>
    <Calle>SANCL</Calle>
    <Lat>34.003513</Lat>
    <Lon>62.270029</Lon>
    <Dis>5894.590</Dis>
    <Cta>7695</Cta>
    <CodSec>133</CodSec>
  </S>
  <S>
    <Calle>SANCS</Calle>
    <Lat>34.005633</Lat>
    <Lon>62.270539</Lon>
    <Dis>19400.920</Dis>
    <Cta>7924</Cta>
    <CodSec>133</CodSec>
  </S>
  <S>
    <Calle>AMEN1</Calle>
    <Lat>34.124295</Lat>
    <Lon>62.421396</Lon>
    <Dis>4379.310</Dis>
    <Cta>8638</Cta>
    <CodSec>134</CodSec>
  </S>
  <S>
    <Calle>LAZZ1</Calle>
    <Lat>34.151606</Lat>
    <Lon>62.452612</Lon>
    <Dis>8710.200</Dis>
    <Cta>8807</Cta>
    <CodSec>135</CodSec>
  </S>
  <S>
    <Calle>TARR1</Calle>
    <Lat>34.187402</Lat>
    <Lon>62.536693</Lon>
    <Dis>18563.930</Dis>
    <Cta>9131</Cta>
    <CodSec>136</CodSec>
  </S>
  <S>
    <Calle>RUFIN</Calle>
    <Lat>34.265784</Lat>
    <Lon>62.703049</Lon>
    <Dis>0</Dis>
    <Cta>9828</Cta>
    <CodSec>137</CodSec>
  </S>
</Sector>