<?xml version="1.0" standalone="yes"?>
<Version>
  <xs:schema id="Version" xmlns="" xmlns:xs="http://www.w3.org/2001/XMLSchema" xmlns:msdata="urn:schemas-microsoft-com:xml-msdata">
    <xs:element name="Version" msdata:IsDataSet="true" msdata:UseCurrentLocale="true">
      <xs:complexType>
        <xs:choice minOccurs="0" maxOccurs="unbounded">
          <xs:element name="datosVersion">
            <xs:complexType>
              <xs:sequence>
                <xs:element name="nroVersion" type="xs:int" minOccurs="0" />
                <xs:element name="fechaActivacion" type="xs:dateTime" minOccurs="0" />
              </xs:sequence>
            </xs:complexType>
          </xs:element>
          <xs:element name="archivos">
            <xs:complexType>
              <xs:sequence>
                <xs:element name="archivo" type="xs:string" minOccurs="0" />
                <xs:element name="hash" type="xs:string" minOccurs="0" />
              </xs:sequence>
            </xs:complexType>
          </xs:element>
        </xs:choice>
      </xs:complexType>
    </xs:element>
  </xs:schema>
  <datosVersion>
    <nroVersion>16</nroVersion>
    <fechaActivacion>2018-09-09T00:00:00-03:00</fechaActivacion>
  </datosVersion>
  <archivos>
    <archivo>s01010949.xml</archivo>
    <hash>BE1783B51011AEBCE22D92FDAEC8CDD1</hash>
  </archivos>
  <archivos>
    <archivo>s01010950.xml</archivo>
    <hash>5CAD5D543F0FA8AE77DD10EE544C9474</hash>
  </archivos>
  <archivos>
    <archivo>s01010951.xml</archivo>
    <hash>DBCE5E865F4D5417DA4874790B96A3D3</hash>
  </archivos>
  <archivos>
    <archivo>s01010952.xml</archivo>
    <hash>0B0B4268A73B9158E49C16D483E4E139</hash>
  </archivos>
  <archivos>
    <archivo>s01010975.xml</archivo>
    <hash>F5C1F851B0BA82722372856E1F4E848D</hash>
  </archivos>
  <archivos>
    <archivo>s01010976.xml</archivo>
    <hash>204B7DEA853E1CB3BF380DDA0B89E306</hash>
  </archivos>
  <archivos>
    <archivo>s01010977.xml</archivo>
    <hash>E708AD006CF95202B7F0C7C98C64A4A6</hash>
  </archivos>
  <archivos>
    <archivo>s01010978.xml</archivo>
    <hash>D2EB87D5FA7CA71F5E85AB982FD7AE37</hash>
  </archivos>
  <archivos>
    <archivo>s01010979.xml</archivo>
    <hash>E8807E0921BBD9A605B3D02880335D4E</hash>
  </archivos>
  <archivos>
    <archivo>s01010980.xml</archivo>
    <hash>C8161998EC10F4A6F8DC75754C5EDC04</hash>
  </archivos>
  <archivos>
    <archivo>s01010981.xml</archivo>
    <hash>818B4C5ED6C574C737E0818385EB940A</hash>
  </archivos>
  <archivos>
    <archivo>s01010982.xml</archivo>
    <hash>C7031C3C688836EECA07E6B0656A7B26</hash>
  </archivos>
  <archivos>
    <archivo>s01010983.xml</archivo>
    <hash>0704EFBB43838B0B7F1C95EB0268F4B6</hash>
  </archivos>
  <archivos>
    <archivo>s01010984.xml</archivo>
    <hash>D64CAAB0270C69BA25A6BEA9F817580B</hash>
  </archivos>
  <archivos>
    <archivo>s01010985.xml</archivo>
    <hash>C5593559CF4D1F5BC3014DB47E15C863</hash>
  </archivos>
  <archivos>
    <archivo>s01010986.xml</archivo>
    <hash>D28923A56AB0876ECB7844048E238466</hash>
  </archivos>
  <archivos>
    <archivo>s01010987.xml</archivo>
    <hash>BDA91049D11C5C2B8C64E94150E5C9C8</hash>
  </archivos>
  <archivos>
    <archivo>s01010988.xml</archivo>
    <hash>3EF1858C05D879861DD8EFAB6D42230E</hash>
  </archivos>
  <archivos>
    <archivo>s01010989.xml</archivo>
    <hash>B7EF2FCE23D4F21FF644A28213895279</hash>
  </archivos>
  <archivos>
    <archivo>s01010990.xml</archivo>
    <hash>9AE10F1817EE7FA68D96DC3DA741B924</hash>
  </archivos>
  <archivos>
    <archivo>s01010997.xml</archivo>
    <hash>78B13ECF8663BE73A789A960E6613E4A</hash>
  </archivos>
  <archivos>
    <archivo>s01011000.xml</archivo>
    <hash>EBF8BE8CE247AC572FB6D46D6FAC4D0E</hash>
  </archivos>
  <archivos>
    <archivo>s01011001.xml</archivo>
    <hash>ACE75431146421299010D94C9F0F57C3</hash>
  </archivos>
  <archivos>
    <archivo>s01011008.xml</archivo>
    <hash>A4FAE6E342D0D42C84FAEFC884D8D295</hash>
  </archivos>
  <archivos>
    <archivo>s01011009.xml</archivo>
    <hash>0FD1F2ABC6BBFB94F262F9A474A653B1</hash>
  </archivos>
  <archivos>
    <archivo>s01011010.xml</archivo>
    <hash>460946D23B46E5AE12D660D1B07C8555</hash>
  </archivos>
  <archivos>
    <archivo>s01011011.xml</archivo>
    <hash>BE50B74F912414E3668D341ED8A4984A</hash>
  </archivos>
  <archivos>
    <archivo>s01011012.xml</archivo>
    <hash>3264C7ED50A4D12014473B51A6FCB869</hash>
  </archivos>
  <archivos>
    <archivo>s01011013.xml</archivo>
    <hash>B090E7C4A8F1E4B213E42F94126CA7DF</hash>
  </archivos>
  <archivos>
    <archivo>s01011014.xml</archivo>
    <hash>40F4960248D5F1857566AE568B191C9D</hash>
  </archivos>
  <archivos>
    <archivo>s01011015.xml</archivo>
    <hash>92D85FB1CC0E76BB98EEDD885A7E1FFA</hash>
  </archivos>
  <archivos>
    <archivo>s01011016.xml</archivo>
    <hash>AB670B5C21A380E30AA361E26C343E86</hash>
  </archivos>
  <archivos>
    <archivo>s01011017.xml</archivo>
    <hash>69B3D64E78A8027C3A23B9D6DBC59A64</hash>
  </archivos>
  <archivos>
    <archivo>s01011018.xml</archivo>
    <hash>159C784AFD677F873DFB0C94733B7504</hash>
  </archivos>
  <archivos>
    <archivo>r01010949.txt</archivo>
    <hash>212DBD2775159C3E328155298EB111DE</hash>
  </archivos>
  <archivos>
    <archivo>r01010950.txt</archivo>
    <hash>0609FEDC41720F7CFD014D62D86D30D4</hash>
  </archivos>
  <archivos>
    <archivo>r01010951.txt</archivo>
    <hash>8DD4A552F25BA37B92A2EF53AAB09DE0</hash>
  </archivos>
  <archivos>
    <archivo>r01010952.txt</archivo>
    <hash>8217A1A8690D2C6533FECCA846AE1F74</hash>
  </archivos>
  <archivos>
    <archivo>r01010975.txt</archivo>
    <hash>C54B182F29B501F90685303E29ECC6A6</hash>
  </archivos>
  <archivos>
    <archivo>r01010976.txt</archivo>
    <hash>7A8D4F0F7BA00788C996CA4E51168CD6</hash>
  </archivos>
  <archivos>
    <archivo>r01010977.txt</archivo>
    <hash>17F4E1EED04AB1F646963EC15230161C</hash>
  </archivos>
  <archivos>
    <archivo>r01010978.txt</archivo>
    <hash>6E16A93B43DC24714A52C7540208AAED</hash>
  </archivos>
  <archivos>
    <archivo>r01010979.txt</archivo>
    <hash>845A03956D956CF1099FF745E5E9ACF8</hash>
  </archivos>
  <archivos>
    <archivo>r01010980.txt</archivo>
    <hash>C8007FBD969651396CD60DACFCB4274E</hash>
  </archivos>
  <archivos>
    <archivo>r01010981.txt</archivo>
    <hash>20CBC2C3EDD3F9227ED55C586B432639</hash>
  </archivos>
  <archivos>
    <archivo>r01010982.txt</archivo>
    <hash>CE90A5FD5FF08F3FFC260EFC47E9FBB8</hash>
  </archivos>
  <archivos>
    <archivo>r01010983.txt</archivo>
    <hash>FA093CB321A8B06123385B6892162FA0</hash>
  </archivos>
  <archivos>
    <archivo>r01010984.txt</archivo>
    <hash>D00369C3512628E891054386532442CD</hash>
  </archivos>
  <archivos>
    <archivo>r01010985.txt</archivo>
    <hash>0D71E68ABA4C1958913EC4539C6EF0E2</hash>
  </archivos>
  <archivos>
    <archivo>r01010986.txt</archivo>
    <hash>3E3916D04AC86DB857D1228AFD1885F4</hash>
  </archivos>
  <archivos>
    <archivo>r01010987.txt</archivo>
    <hash>1676248D54D984F282A930449D5C5FE9</hash>
  </archivos>
  <archivos>
    <archivo>r01010988.txt</archivo>
    <hash>E4B270A21AE54ACDD441C20A87754530</hash>
  </archivos>
  <archivos>
    <archivo>r01010989.txt</archivo>
    <hash>EA0A406A736974B91EAA6F3B17A1E7BF</hash>
  </archivos>
  <archivos>
    <archivo>r01010990.txt</archivo>
    <hash>BA626B08FCC57BD9B69D0456B40910DB</hash>
  </archivos>
  <archivos>
    <archivo>r01010997.txt</archivo>
    <hash>F41962F445AB1EFB3CC4DE82AB94C844</hash>
  </archivos>
  <archivos>
    <archivo>r01011000.txt</archivo>
    <hash>15E1FC83A07B2A6932435A2C7F2BBB12</hash>
  </archivos>
  <archivos>
    <archivo>r01011001.txt</archivo>
    <hash>07E889081308A8D020C6D9BAB6E90ED5</hash>
  </archivos>
  <archivos>
    <archivo>r01011008.txt</archivo>
    <hash>9F3E835B94D279F158BFB3A7B3D0DAB9</hash>
  </archivos>
  <archivos>
    <archivo>r01011009.txt</archivo>
    <hash>97A30CFFBE728338DF87F7DBB3E73F01</hash>
  </archivos>
  <archivos>
    <archivo>r01011010.txt</archivo>
    <hash>B16F18778CF7A16C2396873E9E1D82B2</hash>
  </archivos>
  <archivos>
    <archivo>r01011011.txt</archivo>
    <hash>F7380512EE600BECB7C650507068800B</hash>
  </archivos>
  <archivos>
    <archivo>r01011012.txt</archivo>
    <hash>6AF9F653E0C624752902731E857E1BC8</hash>
  </archivos>
  <archivos>
    <archivo>r01011013.txt</archivo>
    <hash>1E6E2D5F4C1CCD5A54FAFE72EFB01461</hash>
  </archivos>
  <archivos>
    <archivo>r01011014.txt</archivo>
    <hash>06177213EB2C641223792EDB8B5BC5B5</hash>
  </archivos>
  <archivos>
    <archivo>r01011015.txt</archivo>
    <hash>844E64A30DEB63AFD939D0A6ECA5D7AA</hash>
  </archivos>
  <archivos>
    <archivo>r01011016.txt</archivo>
    <hash>DB8F227AD0A7DFE411A7E50894C4A7BA</hash>
  </archivos>
  <archivos>
    <archivo>r01011017.txt</archivo>
    <hash>7AEAC048A8CDBFFD9198C55B1894EB2F</hash>
  </archivos>
  <archivos>
    <archivo>r01011018.txt</archivo>
    <hash>543B1F786495E4FB48C9B53B681EC2B9</hash>
  </archivos>
  <archivos>
    <archivo>sectoresTarifarios.xml</archivo>
    <hash>1C8B108AD075AFE04309EDC744289E84</hash>
  </archivos>
</Version>