<?xml version="1.0" standalone="yes"?>
<Sector>
  <xs:schema id="Sector" xmlns="" xmlns:xs="http://www.w3.org/2001/XMLSchema" xmlns:msdata="urn:schemas-microsoft-com:xml-msdata">
    <xs:element name="Sector" msdata:IsDataSet="true" msdata:Locale="">
      <xs:complexType>
        <xs:choice minOccurs="0" maxOccurs="unbounded">
          <xs:element name="S" msdata:Locale="">
            <xs:complexType>
              <xs:sequence>
                <xs:element name="Calle" type="xs:string" minOccurs="0" />
                <xs:element name="Lat" type="xs:decimal" minOccurs="0" />
                <xs:element name="Lon" type="xs:decimal" minOccurs="0" />
                <xs:element name="Dis" type="xs:decimal" minOccurs="0" />
                <xs:element name="Cta" type="xs:int" minOccurs="0" />
                <xs:element name="CodSec" type="xs:int" minOccurs="0" />
              </xs:sequence>
            </xs:complexType>
          </xs:element>
        </xs:choice>
      </xs:complexType>
    </xs:element>
  </xs:schema>
  <S>
    <Calle>C.GOM</Calle>
    <Lat>32.812527</Lat>
    <Lon>61.396627</Lon>
    <Dis>2810.238</Dis>
    <Cta>1</Cta>
    <CodSec>204</CodSec>
  </S>
  <S>
    <Calle>C.GO1</Calle>
    <Lat>32.805621</Lat>
    <Lon>61.421480</Lon>
    <Dis>11756.834</Dis>
    <Cta>142</Cta>
    <CodSec>204</CodSec>
  </S>
  <S>
    <Calle>RU178</Calle>
    <Lat>32.784466</Lat>
    <Lon>61.544566</Lon>
    <Dis>7180.239</Dis>
    <Cta>639</Cta>
    <CodSec>205</CodSec>
  </S>
  <S>
    <Calle>ARMST</Calle>
    <Lat>32.785735</Lat>
    <Lon>61.603289</Lon>
    <Dis>18478.408</Dis>
    <Cta>991</Cta>
    <CodSec>220</CodSec>
  </S>
  <S>
    <Calle>PAREJ</Calle>
    <Lat>32.681937</Lat>
    <Lon>61.520985</Lon>
    <Dis>16322.377</Dis>
    <Cta>1825</Cta>
    <CodSec>206</CodSec>
  </S>
  <S>
    <Calle>CALI1</Calle>
    <Lat>32.544880</Lat>
    <Lon>61.550841</Lon>
    <Dis>9330.088</Dis>
    <Cta>2602</Cta>
    <CodSec>207</CodSec>
  </S>
  <S>
    <Calle>LROSA</Calle>
    <Lat>32.475708</Lat>
    <Lon>61.578988</Lon>
    <Dis>0</Dis>
    <Cta>3092</Cta>
    <CodSec>208</CodSec>
  </S>
</Sector>