<?xml version="1.0" standalone="yes"?>
<Sector>
  <xs:schema id="Sector" xmlns="" xmlns:xs="http://www.w3.org/2001/XMLSchema" xmlns:msdata="urn:schemas-microsoft-com:xml-msdata">
    <xs:element name="Sector" msdata:IsDataSet="true" msdata:Locale="">
      <xs:complexType>
        <xs:choice minOccurs="0" maxOccurs="unbounded">
          <xs:element name="S" msdata:Locale="">
            <xs:complexType>
              <xs:sequence>
                <xs:element name="Calle" type="xs:string" minOccurs="0" />
                <xs:element name="Lat" type="xs:decimal" minOccurs="0" />
                <xs:element name="Lon" type="xs:decimal" minOccurs="0" />
                <xs:element name="Dis" type="xs:decimal" minOccurs="0" />
                <xs:element name="Cta" type="xs:int" minOccurs="0" />
                <xs:element name="CodSec" type="xs:int" minOccurs="0" />
              </xs:sequence>
            </xs:complexType>
          </xs:element>
        </xs:choice>
      </xs:complexType>
    </xs:element>
  </xs:schema>
  <S>
    <Calle>PAVON</Calle>
    <Lat>34.532330</Lat>
    <Lon>58.704040</Lon>
    <Dis>629.496</Dis>
    <Cta>1</Cta>
    <CodSec>18</CodSec>
  </S>
  <S>
    <Calle>S.LOR</Calle>
    <Lat>34.536573</Lat>
    <Lon>58.708562</Lon>
    <Dis>965.715</Dis>
    <Cta>31</Cta>
    <CodSec>18</CodSec>
  </S>
  <S>
    <Calle>RUT23</Calle>
    <Lat>34.542954</Lat>
    <Lon>58.712958</Lon>
    <Dis>1250.555</Dis>
    <Cta>76</Cta>
    <CodSec>18</CodSec>
  </S>
  <S>
    <Calle>23-TR</Calle>
    <Lat>34.544015</Lat>
    <Lon>58.714833</Lon>
    <Dis>1086.908</Dis>
    <Cta>176</Cta>
    <CodSec>18</CodSec>
  </S>
  <S>
    <Calle>GCAMP</Calle>
    <Lat>34.551284</Lat>
    <Lon>58.721648</Lon>
    <Dis>2612.053</Dis>
    <Cta>231</Cta>
    <CodSec>18</CodSec>
  </S>
  <S>
    <Calle>ALBAR</Calle>
    <Lat>34.567816</Lat>
    <Lon>58.741793</Lon>
    <Dis>2590.170</Dis>
    <Cta>369</Cta>
    <CodSec>18</CodSec>
  </S>
  <S>
    <Calle>MCANE</Calle>
    <Lat>34.553909</Lat>
    <Lon>58.762760</Lon>
    <Dis>1000.370</Dis>
    <Cta>488</Cta>
    <CodSec>18</CodSec>
  </S>
  <S>
    <Calle>PINTA</Calle>
    <Lat>34.560587</Lat>
    <Lon>58.769966</Lon>
    <Dis>1368.247</Dis>
    <Cta>540</Cta>
    <CodSec>18</CodSec>
  </S>
  <S>
    <Calle>JWATT</Calle>
    <Lat>34.569270</Lat>
    <Lon>58.766810</Lon>
    <Dis>0</Dis>
    <Cta>609</Cta>
    <CodSec>18</CodSec>
  </S>
</Sector>