<?xml version="1.0" standalone="yes"?>
<Sector>
  <xs:schema id="Sector" xmlns="" xmlns:xs="http://www.w3.org/2001/XMLSchema" xmlns:msdata="urn:schemas-microsoft-com:xml-msdata">
    <xs:element name="Sector" msdata:IsDataSet="true" msdata:Locale="">
      <xs:complexType>
        <xs:choice minOccurs="0" maxOccurs="unbounded">
          <xs:element name="S" msdata:Locale="">
            <xs:complexType>
              <xs:sequence>
                <xs:element name="Calle" type="xs:string" minOccurs="0" />
                <xs:element name="Lat" type="xs:decimal" minOccurs="0" />
                <xs:element name="Lon" type="xs:decimal" minOccurs="0" />
                <xs:element name="Dis" type="xs:decimal" minOccurs="0" />
                <xs:element name="Cta" type="xs:int" minOccurs="0" />
                <xs:element name="CodSec" type="xs:int" minOccurs="0" />
              </xs:sequence>
            </xs:complexType>
          </xs:element>
        </xs:choice>
      </xs:complexType>
    </xs:element>
  </xs:schema>
  <S>
    <Calle>CARAP</Calle>
    <Lat>34.528274</Lat>
    <Lon>58.543786</Lon>
    <Dis>686.755</Dis>
    <Cta>1</Cta>
    <CodSec>1</CodSec>
  </S>
  <S>
    <Calle>ADER</Calle>
    <Lat>34.529041</Lat>
    <Lon>58.548492</Lon>
    <Dis>1653.259</Dis>
    <Cta>46</Cta>
    <CodSec>1</CodSec>
  </S>
  <S>
    <Calle>INDEP</Calle>
    <Lat>34.535329</Lat>
    <Lon>58.535682</Lon>
    <Dis>1038.278</Dis>
    <Cta>138</Cta>
    <CodSec>1</CodSec>
  </S>
  <S>
    <Calle>BAIGO</Calle>
    <Lat>34.531224</Lat>
    <Lon>58.525736</Lon>
    <Dis>1185.949</Dis>
    <Cta>199</Cta>
    <CodSec>1</CodSec>
  </S>
  <S>
    <Calle>V.O.F</Calle>
    <Lat>34.530596</Lat>
    <Lon>58.514910</Lon>
    <Dis>498.432</Dis>
    <Cta>268</Cta>
    <CodSec>1</CodSec>
  </S>
  <S>
    <Calle>YRIGO</Calle>
    <Lat>34.532957</Lat>
    <Lon>58.510338</Lon>
    <Dis>1406.473</Dis>
    <Cta>296</Cta>
    <CodSec>1</CodSec>
  </S>
  <S>
    <Calle>LAVAL</Calle>
    <Lat>34.543946</Lat>
    <Lon>58.503401</Lon>
    <Dis>901.780</Dis>
    <Cta>381</Cta>
    <CodSec>1</CodSec>
  </S>
  <S>
    <Calle>G.PAZ</Calle>
    <Lat>34.550381</Lat>
    <Lon>58.500313</Lon>
    <Dis>2556.326</Dis>
    <Cta>450</Cta>
    <CodSec>1</CodSec>
  </S>
  <S>
    <Calle>CONGR</Calle>
    <Lat>34.566230</Lat>
    <Lon>58.483835</Lon>
    <Dis>2277.252</Dis>
    <Cta>613</Cta>
    <CodSec>1</CodSec>
  </S>
  <S>
    <Calle>CABIL</Calle>
    <Lat>34.555612</Lat>
    <Lon>58.462827</Lon>
    <Dis>800.357</Dis>
    <Cta>753</Cta>
    <CodSec>1</CodSec>
  </S>
  <S>
    <Calle>MENDO</Calle>
    <Lat>34.561087</Lat>
    <Lon>58.457581</Lon>
    <Dis>930.576</Dis>
    <Cta>809</Cta>
    <CodSec>1</CodSec>
  </S>
  <S>
    <Calle>ARREN</Calle>
    <Lat>34.567032</Lat>
    <Lon>58.450770</Lon>
    <Dis>1718.547</Dis>
    <Cta>868</Cta>
    <CodSec>1</CodSec>
  </S>
  <S>
    <Calle>VIADU</Calle>
    <Lat>34.575233</Lat>
    <Lon>58.434935</Lon>
    <Dis>1373.585</Dis>
    <Cta>974</Cta>
    <CodSec>1</CodSec>
  </S>
  <S>
    <Calle>ITALI</Calle>
    <Lat>34.581024</Lat>
    <Lon>58.421917</Lon>
    <Dis>1009.114</Dis>
    <Cta>1061</Cta>
    <CodSec>1</CodSec>
  </S>
  <S>
    <Calle>S.ORT</Calle>
    <Lat>34.581935</Lat>
    <Lon>58.411572</Lon>
    <Dis>1513.493</Dis>
    <Cta>1132</Cta>
    <CodSec>1</CodSec>
  </S>
  <S>
    <Calle>PUEYR</Calle>
    <Lat>34.587293</Lat>
    <Lon>58.397520</Lon>
    <Dis>1417.622</Dis>
    <Cta>1225</Cta>
    <CodSec>1</CodSec>
  </S>
  <S>
    <Calle>CORBA</Calle>
    <Lat>34.598169</Lat>
    <Lon>58.403700</Lon>
    <Dis>1342.688</Dis>
    <Cta>1311</Cta>
    <CodSec>1</CodSec>
  </S>
  <S>
    <Calle>RIVAD</Calle>
    <Lat>34.609925</Lat>
    <Lon>58.406022</Lon>
    <Dis>2575.260</Dis>
    <Cta>1393</Cta>
    <CodSec>1</CodSec>
  </S>
  <S>
    <Calle>BARCA</Calle>
    <Lat>34.626707</Lat>
    <Lon>58.412086</Lon>
    <Dis>0</Dis>
    <Cta>1537</Cta>
    <CodSec>1</CodSec>
  </S>
</Sector>