<?xml version="1.0" standalone="yes"?>
<Sector>
  <xs:schema id="Sector" xmlns="" xmlns:xs="http://www.w3.org/2001/XMLSchema" xmlns:msdata="urn:schemas-microsoft-com:xml-msdata">
    <xs:element name="Sector" msdata:IsDataSet="true" msdata:Locale="">
      <xs:complexType>
        <xs:choice minOccurs="0" maxOccurs="unbounded">
          <xs:element name="S" msdata:Locale="">
            <xs:complexType>
              <xs:sequence>
                <xs:element name="Calle" type="xs:string" minOccurs="0" />
                <xs:element name="Lat" type="xs:decimal" minOccurs="0" />
                <xs:element name="Lon" type="xs:decimal" minOccurs="0" />
                <xs:element name="Dis" type="xs:decimal" minOccurs="0" />
                <xs:element name="Cta" type="xs:int" minOccurs="0" />
                <xs:element name="CodSec" type="xs:int" minOccurs="0" />
              </xs:sequence>
            </xs:complexType>
          </xs:element>
        </xs:choice>
      </xs:complexType>
    </xs:element>
  </xs:schema>
  <S>
    <Calle>BARCA</Calle>
    <Lat>34.627050</Lat>
    <Lon>58.411952</Lon>
    <Dis>1358.404</Dis>
    <Cta>1</Cta>
    <CodSec>9</CodSec>
  </S>
  <S>
    <Calle>AvIND</Calle>
    <Lat>34.619858</Lat>
    <Lon>58.407752</Lon>
    <Dis>840.184</Dis>
    <Cta>76</Cta>
    <CodSec>9</CodSec>
  </S>
  <S>
    <Calle>JUJUY</Calle>
    <Lat>34.614647</Lat>
    <Lon>58.405116</Lon>
    <Dis>816.666</Dis>
    <Cta>120</Cta>
    <CodSec>9</CodSec>
  </S>
  <S>
    <Calle>PERON</Calle>
    <Lat>34.607709</Lat>
    <Lon>58.406084</Lon>
    <Dis>1124.342</Dis>
    <Cta>173</Cta>
    <CodSec>9</CodSec>
  </S>
  <S>
    <Calle>CORBA</Calle>
    <Lat>34.598584</Lat>
    <Lon>58.403784</Lon>
    <Dis>1412.373</Dis>
    <Cta>248</Cta>
    <CodSec>9</CodSec>
  </S>
  <S>
    <Calle>PUEYR</Calle>
    <Lat>34.587509</Lat>
    <Lon>58.397314</Lon>
    <Dis>1507.790</Dis>
    <Cta>334</Cta>
    <CodSec>9</CodSec>
  </S>
  <S>
    <Calle>S.ORT</Calle>
    <Lat>34.581974</Lat>
    <Lon>58.410936</Lon>
    <Dis>831.854</Dis>
    <Cta>430</Cta>
    <CodSec>9</CodSec>
  </S>
  <S>
    <Calle>ITALI</Calle>
    <Lat>34.581285</Lat>
    <Lon>58.419866</Lon>
    <Dis>1494.764</Dis>
    <Cta>475</Cta>
    <CodSec>9</CodSec>
  </S>
  <S>
    <Calle>VIADU</Calle>
    <Lat>34.575571</Lat>
    <Lon>58.434020</Lon>
    <Dis>1628.884</Dis>
    <Cta>581</Cta>
    <CodSec>9</CodSec>
  </S>
  <S>
    <Calle>ZABAL</Calle>
    <Lat>34.567796</Lat>
    <Lon>58.449030</Lon>
    <Dis>830.540</Dis>
    <Cta>680</Cta>
    <CodSec>9</CodSec>
  </S>
  <S>
    <Calle>ECHEV</Calle>
    <Lat>34.562990</Lat>
    <Lon>58.455762</Lon>
    <Dis>1010.791</Dis>
    <Cta>729</Cta>
    <CodSec>9</CodSec>
  </S>
  <S>
    <Calle>CONGR</Calle>
    <Lat>34.555678</Lat>
    <Lon>58.462214</Lon>
    <Dis>2231.659</Dis>
    <Cta>799</Cta>
    <CodSec>9</CodSec>
  </S>
  <S>
    <Calle>M.ACH</Calle>
    <Lat>34.565720</Lat>
    <Lon>58.482686</Lon>
    <Dis>2608.194</Dis>
    <Cta>936</Cta>
    <CodSec>9</CodSec>
  </S>
  <S>
    <Calle>G.PAZ</Calle>
    <Lat>34.550324</Lat>
    <Lon>58.500185</Lon>
    <Dis>867.456</Dis>
    <Cta>1103</Cta>
    <CodSec>9</CodSec>
  </S>
  <S>
    <Calle>LAVAL</Calle>
    <Lat>34.543992</Lat>
    <Lon>58.503175</Lon>
    <Dis>1392.768</Dis>
    <Cta>1170</Cta>
    <CodSec>9</CodSec>
  </S>
  <S>
    <Calle>YRIGO</Calle>
    <Lat>34.533169</Lat>
    <Lon>58.509975</Lon>
    <Dis>705.407</Dis>
    <Cta>1253</Cta>
    <CodSec>9</CodSec>
  </S>
  <S>
    <Calle>C.VIL</Calle>
    <Lat>34.529634</Lat>
    <Lon>58.516172</Lon>
    <Dis>918.066</Dis>
    <Cta>1292</Cta>
    <CodSec>9</CodSec>
  </S>
  <S>
    <Calle>VSARF</Calle>
    <Lat>34.529984</Lat>
    <Lon>58.523366</Lon>
    <Dis>1269.178</Dis>
    <Cta>1351</Cta>
    <CodSec>9</CodSec>
  </S>
  <S>
    <Calle>INDEP</Calle>
    <Lat>34.535212</Lat>
    <Lon>58.535522</Lon>
    <Dis>1494.659</Dis>
    <Cta>1428</Cta>
    <CodSec>9</CodSec>
  </S>
  <S>
    <Calle>R.OBL</Calle>
    <Lat>34.530171</Lat>
    <Lon>58.547281</Lon>
    <Dis>1118.526</Dis>
    <Cta>1511</Cta>
    <CodSec>9</CodSec>
  </S>
  <S>
    <Calle>CARAP</Calle>
    <Lat>34.528053</Lat>
    <Lon>58.543530</Lon>
    <Dis>0</Dis>
    <Cta>1568</Cta>
    <CodSec>9</CodSec>
  </S>
</Sector>