<?xml version="1.0" standalone="yes"?>
<Version>
  <xs:schema id="Version" xmlns="" xmlns:xs="http://www.w3.org/2001/XMLSchema" xmlns:msdata="urn:schemas-microsoft-com:xml-msdata">
    <xs:element name="Version" msdata:IsDataSet="true" msdata:UseCurrentLocale="true">
      <xs:complexType>
        <xs:choice minOccurs="0" maxOccurs="unbounded">
          <xs:element name="datosVersion">
            <xs:complexType>
              <xs:sequence>
                <xs:element name="nroVersion" type="xs:int" minOccurs="0" />
                <xs:element name="fechaActivacion" type="xs:dateTime" minOccurs="0" />
              </xs:sequence>
            </xs:complexType>
          </xs:element>
          <xs:element name="archivos">
            <xs:complexType>
              <xs:sequence>
                <xs:element name="archivo" type="xs:string" minOccurs="0" />
                <xs:element name="hash" type="xs:string" minOccurs="0" />
              </xs:sequence>
            </xs:complexType>
          </xs:element>
        </xs:choice>
      </xs:complexType>
    </xs:element>
  </xs:schema>
  <datosVersion>
    <nroVersion>17</nroVersion>
    <fechaActivacion>2019-12-24T00:00:00-03:00</fechaActivacion>
  </datosVersion>
  <archivos>
    <archivo>s01270555.xml</archivo>
    <hash>07C0FE4205CA5213D9E96563E73A7E12</hash>
  </archivos>
  <archivos>
    <archivo>s01270556.xml</archivo>
    <hash>62F3CCA548742E95BBE4A867CC1EAB5A</hash>
  </archivos>
  <archivos>
    <archivo>s01272853.xml</archivo>
    <hash>60BA80FEEBAE85872B4E2BA3F40BAB28</hash>
  </archivos>
  <archivos>
    <archivo>r01270555.txt</archivo>
    <hash>6431FC524E31AF5928E86DC624A07B3C</hash>
  </archivos>
  <archivos>
    <archivo>r01270556.txt</archivo>
    <hash>D0A331626A0F23A22190DE3DFA54CD11</hash>
  </archivos>
  <archivos>
    <archivo>r01272853.txt</archivo>
    <hash>B7A0D9152EC1806F40052BB6C78D29E1</hash>
  </archivos>
  <archivos>
    <archivo>sectoresTarifarios.xml</archivo>
    <hash>B04B3DB4757B0CC8EAE099C10636BB7A</hash>
  </archivos>
</Version>