<?xml version="1.0" standalone="yes"?>
<Sector>
  <xs:schema id="Sector" xmlns="" xmlns:xs="http://www.w3.org/2001/XMLSchema" xmlns:msdata="urn:schemas-microsoft-com:xml-msdata">
    <xs:element name="Sector" msdata:IsDataSet="true" msdata:Locale="">
      <xs:complexType>
        <xs:choice minOccurs="0" maxOccurs="unbounded">
          <xs:element name="S" msdata:Locale="">
            <xs:complexType>
              <xs:sequence>
                <xs:element name="Calle" type="xs:string" minOccurs="0" />
                <xs:element name="Lat" type="xs:decimal" minOccurs="0" />
                <xs:element name="Lon" type="xs:decimal" minOccurs="0" />
                <xs:element name="Dis" type="xs:decimal" minOccurs="0" />
                <xs:element name="Cta" type="xs:int" minOccurs="0" />
                <xs:element name="CodSec" type="xs:int" minOccurs="0" />
              </xs:sequence>
            </xs:complexType>
          </xs:element>
        </xs:choice>
      </xs:complexType>
    </xs:element>
  </xs:schema>
  <S>
    <Calle>TRIBU</Calle>
    <Lat>34.531780</Lat>
    <Lon>58.702330</Lon>
    <Dis>840.236</Dis>
    <Cta>1</Cta>
    <CodSec>18</CodSec>
  </S>
  <S>
    <Calle>S.LOR</Calle>
    <Lat>34.536551</Lat>
    <Lon>58.708550</Lon>
    <Dis>1230.204</Dis>
    <Cta>53</Cta>
    <CodSec>18</CodSec>
  </S>
  <S>
    <Calle>PELUF</Calle>
    <Lat>34.544513</Lat>
    <Lon>58.714493</Lon>
    <Dis>983.844</Dis>
    <Cta>126</Cta>
    <CodSec>18</CodSec>
  </S>
  <S>
    <Calle>GCAMP</Calle>
    <Lat>34.551151</Lat>
    <Lon>58.721521</Lon>
    <Dis>2839.945</Dis>
    <Cta>180</Cta>
    <CodSec>18</CodSec>
  </S>
  <S>
    <Calle>ESPA?</Calle>
    <Lat>34.566763</Lat>
    <Lon>58.743303</Lon>
    <Dis>1613.626</Dis>
    <Cta>354</Cta>
    <CodSec>18</CodSec>
  </S>
  <S>
    <Calle>EDISO</Calle>
    <Lat>34.558680</Lat>
    <Lon>58.756277</Lon>
    <Dis>1482.833</Dis>
    <Cta>438</Cta>
    <CodSec>18</CodSec>
  </S>
  <S>
    <Calle>TGUID</Calle>
    <Lat>34.549966</Lat>
    <Lon>58.768245</Lon>
    <Dis>3796.943</Dis>
    <Cta>531</Cta>
    <CodSec>18</CodSec>
  </S>
  <S>
    <Calle>RU 24</Calle>
    <Lat>34.538221</Lat>
    <Lon>58.794617</Lon>
    <Dis>0</Dis>
    <Cta>765</Cta>
    <CodSec>18</CodSec>
  </S>
</Sector>