<?xml version="1.0" standalone="yes"?>
<Sector>
  <xs:schema id="Sector" xmlns="" xmlns:xs="http://www.w3.org/2001/XMLSchema" xmlns:msdata="urn:schemas-microsoft-com:xml-msdata">
    <xs:element name="Sector" msdata:IsDataSet="true" msdata:Locale="">
      <xs:complexType>
        <xs:choice minOccurs="0" maxOccurs="unbounded">
          <xs:element name="S" msdata:Locale="">
            <xs:complexType>
              <xs:sequence>
                <xs:element name="Calle" type="xs:string" minOccurs="0" />
                <xs:element name="Lat" type="xs:decimal" minOccurs="0" />
                <xs:element name="Lon" type="xs:decimal" minOccurs="0" />
                <xs:element name="Dis" type="xs:decimal" minOccurs="0" />
                <xs:element name="Cta" type="xs:int" minOccurs="0" />
                <xs:element name="CodSec" type="xs:int" minOccurs="0" />
              </xs:sequence>
            </xs:complexType>
          </xs:element>
        </xs:choice>
      </xs:complexType>
    </xs:element>
  </xs:schema>
  <S>
    <Calle>BELGR</Calle>
    <Lat>33.054948</Lat>
    <Lon>60.618469</Lon>
    <Dis>7349.754</Dis>
    <Cta>1</Cta>
    <CodSec>11</CodSec>
  </S>
  <S>
    <Calle>RUT21</Calle>
    <Lat>33.047111</Lat>
    <Lon>60.606389</Lon>
    <Dis>2994.715</Dis>
    <Cta>417</Cta>
    <CodSec>12</CodSec>
  </S>
  <S>
    <Calle>JDPER</Calle>
    <Lat>33.025506</Lat>
    <Lon>60.624535</Lon>
    <Dis>1422.874</Dis>
    <Cta>744</Cta>
    <CodSec>12</CodSec>
  </S>
  <S>
    <Calle>CIRCU</Calle>
    <Lat>33.015981</Lat>
    <Lon>60.634381</Lon>
    <Dis>1535.873</Dis>
    <Cta>835</Cta>
    <CodSec>13</CodSec>
  </S>
  <S>
    <Calle>ARIJO</Calle>
    <Lat>33.002633</Lat>
    <Lon>60.636024</Lon>
    <Dis>1489.061</Dis>
    <Cta>940</Cta>
    <CodSec>13</CodSec>
  </S>
  <S>
    <Calle>SMART</Calle>
    <Lat>32.999862</Lat>
    <Lon>60.648448</Lon>
    <Dis>1068.999</Dis>
    <Cta>1021</Cta>
    <CodSec>13</CodSec>
  </S>
  <S>
    <Calle>URIB.</Calle>
    <Lat>32.990856</Lat>
    <Lon>60.646623</Lon>
    <Dis>1284.367</Dis>
    <Cta>1090</Cta>
    <CodSec>13</CodSec>
  </S>
  <S>
    <Calle>SEGUI</Calle>
    <Lat>32.979555</Lat>
    <Lon>60.644290</Lon>
    <Dis>1370.042</Dis>
    <Cta>1165</Cta>
    <CodSec>13</CodSec>
  </S>
  <S>
    <Calle>27FEB</Calle>
    <Lat>32.968133</Lat>
    <Lon>60.640756</Lon>
    <Dis>1862.150</Dis>
    <Cta>1251</Cta>
    <CodSec>13</CodSec>
  </S>
  <S>
    <Calle>CORRI</Calle>
    <Lat>32.956494</Lat>
    <Lon>60.644997</Lon>
    <Dis>2030.072</Dis>
    <Cta>1358</Cta>
    <CodSec>13</CodSec>
  </S>
  <S>
    <Calle>PARAG</Calle>
    <Lat>32.939649</Lat>
    <Lon>60.642168</Lon>
    <Dis>4257.694</Dis>
    <Cta>1477</Cta>
    <CodSec>13</CodSec>
  </S>
  <S>
    <Calle>AVELL</Calle>
    <Lat>32.924865</Lat>
    <Lon>60.675270</Lon>
    <Dis>976.115</Dis>
    <Cta>1757</Cta>
    <CodSec>13</CodSec>
  </S>
  <S>
    <Calle>JJPAS</Calle>
    <Lat>32.919445</Lat>
    <Lon>60.682110</Lon>
    <Dis>2946.474</Dis>
    <Cta>1817</Cta>
    <CodSec>13</CodSec>
  </S>
  <S>
    <Calle>PUCCI</Calle>
    <Lat>32.895013</Lat>
    <Lon>60.691942</Lon>
    <Dis>2792.135</Dis>
    <Cta>2004</Cta>
    <CodSec>13</CodSec>
  </S>
  <S>
    <Calle>CIUDA</Calle>
    <Lat>32.871084</Lat>
    <Lon>60.699376</Lon>
    <Dis>1663.003</Dis>
    <Cta>2180</Cta>
    <CodSec>13</CodSec>
  </S>
  <S>
    <Calle>PAGAN</Calle>
    <Lat>32.856674</Lat>
    <Lon>60.703708</Lon>
    <Dis>3436.576</Dis>
    <Cta>2284</Cta>
    <CodSec>13</CodSec>
  </S>
  <S>
    <Calle>RUT11</Calle>
    <Lat>32.830049</Lat>
    <Lon>60.712640</Lon>
    <Dis>0</Dis>
    <Cta>2484</Cta>
    <CodSec>13</CodSec>
  </S>
</Sector>