<?xml version="1.0" standalone="yes"?>
<Sector>
  <xs:schema id="Sector" xmlns="" xmlns:xs="http://www.w3.org/2001/XMLSchema" xmlns:msdata="urn:schemas-microsoft-com:xml-msdata">
    <xs:element name="Sector" msdata:IsDataSet="true" msdata:Locale="">
      <xs:complexType>
        <xs:choice minOccurs="0" maxOccurs="unbounded">
          <xs:element name="S" msdata:Locale="">
            <xs:complexType>
              <xs:sequence>
                <xs:element name="Calle" type="xs:string" minOccurs="0" />
                <xs:element name="Lat" type="xs:decimal" minOccurs="0" />
                <xs:element name="Lon" type="xs:decimal" minOccurs="0" />
                <xs:element name="Dis" type="xs:decimal" minOccurs="0" />
                <xs:element name="Cta" type="xs:int" minOccurs="0" />
                <xs:element name="CodSec" type="xs:int" minOccurs="0" />
              </xs:sequence>
            </xs:complexType>
          </xs:element>
        </xs:choice>
      </xs:complexType>
    </xs:element>
  </xs:schema>
  <S>
    <Calle>MARMO</Calle>
    <Lat>33.029168</Lat>
    <Lon>60.602184</Lon>
    <Dis>2834.833</Dis>
    <Cta>1</Cta>
    <CodSec>12</CodSec>
  </S>
  <S>
    <Calle>HERAS</Calle>
    <Lat>33.033642</Lat>
    <Lon>60.627562</Lon>
    <Dis>1497.047</Dis>
    <Cta>151</Cta>
    <CodSec>12</CodSec>
  </S>
  <S>
    <Calle>MITRE</Calle>
    <Lat>33.024343</Lat>
    <Lon>60.627652</Lon>
    <Dis>900.611</Dis>
    <Cta>251</Cta>
    <CodSec>12</CodSec>
  </S>
  <S>
    <Calle>FILIP</Calle>
    <Lat>33.024612</Lat>
    <Lon>60.637217</Lon>
    <Dis>1548.901</Dis>
    <Cta>312</Cta>
    <CodSec>12</CodSec>
  </S>
  <S>
    <Calle>CIRCU</Calle>
    <Lat>33.015934</Lat>
    <Lon>60.634533</Lon>
    <Dis>1462.949</Dis>
    <Cta>410</Cta>
    <CodSec>13</CodSec>
  </S>
  <S>
    <Calle>ARIJO</Calle>
    <Lat>33.003005</Lat>
    <Lon>60.636023</Lon>
    <Dis>1520.840</Dis>
    <Cta>510</Cta>
    <CodSec>13</CodSec>
  </S>
  <S>
    <Calle>SMART</Calle>
    <Lat>32.999848</Lat>
    <Lon>60.648373</Lon>
    <Dis>1070.982</Dis>
    <Cta>593</Cta>
    <CodSec>13</CodSec>
  </S>
  <S>
    <Calle>URIB.</Calle>
    <Lat>32.990892</Lat>
    <Lon>60.646657</Lon>
    <Dis>1270.257</Dis>
    <Cta>661</Cta>
    <CodSec>13</CodSec>
  </S>
  <S>
    <Calle>SEGUI</Calle>
    <Lat>32.979738</Lat>
    <Lon>60.644363</Lon>
    <Dis>1411.803</Dis>
    <Cta>737</Cta>
    <CodSec>13</CodSec>
  </S>
  <S>
    <Calle>27FEB</Calle>
    <Lat>32.968325</Lat>
    <Lon>60.640827</Lon>
    <Dis>1914.662</Dis>
    <Cta>826</Cta>
    <CodSec>13</CodSec>
  </S>
  <S>
    <Calle>CORRI</Calle>
    <Lat>32.956495</Lat>
    <Lon>60.644989</Lon>
    <Dis>2030.503</Dis>
    <Cta>935</Cta>
    <CodSec>13</CodSec>
  </S>
  <S>
    <Calle>PARAG</Calle>
    <Lat>32.939649</Lat>
    <Lon>60.642168</Lon>
    <Dis>4248.037</Dis>
    <Cta>1052</Cta>
    <CodSec>13</CodSec>
  </S>
  <S>
    <Calle>AVELL</Calle>
    <Lat>32.924865</Lat>
    <Lon>60.675270</Lon>
    <Dis>974.648</Dis>
    <Cta>1332</Cta>
    <CodSec>13</CodSec>
  </S>
  <S>
    <Calle>JJPAS</Calle>
    <Lat>32.919445</Lat>
    <Lon>60.682110</Lon>
    <Dis>2943.329</Dis>
    <Cta>1392</Cta>
    <CodSec>13</CodSec>
  </S>
  <S>
    <Calle>PUCCI</Calle>
    <Lat>32.895013</Lat>
    <Lon>60.691942</Lon>
    <Dis>2802.902</Dis>
    <Cta>1582</Cta>
    <CodSec>13</CodSec>
  </S>
  <S>
    <Calle>CIUDA</Calle>
    <Lat>32.870976</Lat>
    <Lon>60.699441</Lon>
    <Dis>1646.458</Dis>
    <Cta>1756</Cta>
    <CodSec>13</CodSec>
  </S>
  <S>
    <Calle>PAGAN</Calle>
    <Lat>32.856674</Lat>
    <Lon>60.703708</Lon>
    <Dis>2827.002</Dis>
    <Cta>1860</Cta>
    <CodSec>13</CodSec>
  </S>
  <S>
    <Calle>RU 11</Calle>
    <Lat>32.841031</Lat>
    <Lon>60.708324</Lon>
    <Dis>2403.566</Dis>
    <Cta>2028</Cta>
    <CodSec>13</CodSec>
  </S>
  <S>
    <Calle>RUT11</Calle>
    <Lat>32.829761</Lat>
    <Lon>60.712483</Lon>
    <Dis>0</Dis>
    <Cta>2198</Cta>
    <CodSec>13</CodSec>
  </S>
</Sector>