<?xml version="1.0" standalone="yes"?>
<Sector>
  <xs:schema id="Sector" xmlns="" xmlns:xs="http://www.w3.org/2001/XMLSchema" xmlns:msdata="urn:schemas-microsoft-com:xml-msdata">
    <xs:element name="Sector" msdata:IsDataSet="true" msdata:Locale="">
      <xs:complexType>
        <xs:choice minOccurs="0" maxOccurs="unbounded">
          <xs:element name="S" msdata:Locale="">
            <xs:complexType>
              <xs:sequence>
                <xs:element name="Calle" type="xs:string" minOccurs="0" />
                <xs:element name="Lat" type="xs:decimal" minOccurs="0" />
                <xs:element name="Lon" type="xs:decimal" minOccurs="0" />
                <xs:element name="Dis" type="xs:decimal" minOccurs="0" />
                <xs:element name="Cta" type="xs:int" minOccurs="0" />
                <xs:element name="CodSec" type="xs:int" minOccurs="0" />
              </xs:sequence>
            </xs:complexType>
          </xs:element>
        </xs:choice>
      </xs:complexType>
    </xs:element>
  </xs:schema>
  <S>
    <Calle>23-BE</Calle>
    <Lat>34.544601</Lat>
    <Lon>58.713965</Lon>
    <Dis>1077.337</Dis>
    <Cta>1</Cta>
    <CodSec>18</CodSec>
  </S>
  <S>
    <Calle>GCAMP</Calle>
    <Lat>34.551218</Lat>
    <Lon>58.721598</Lon>
    <Dis>668.409</Dis>
    <Cta>60</Cta>
    <CodSec>18</CodSec>
  </S>
  <S>
    <Calle>BIBA?</Calle>
    <Lat>34.555697</Lat>
    <Lon>58.726420</Lon>
    <Dis>1479.865</Dis>
    <Cta>99</Cta>
    <CodSec>18</CodSec>
  </S>
  <S>
    <Calle>PJUNT</Calle>
    <Lat>34.547005</Lat>
    <Lon>58.738389</Lon>
    <Dis>865.952</Dis>
    <Cta>190</Cta>
    <CodSec>18</CodSec>
  </S>
  <S>
    <Calle>ARRIC</Calle>
    <Lat>34.541740</Lat>
    <Lon>58.745570</Lon>
    <Dis>0</Dis>
    <Cta>245</Cta>
    <CodSec>18</CodSec>
  </S>
</Sector>