<?xml version="1.0" standalone="yes"?>
<Sector>
  <xs:schema id="Sector" xmlns="" xmlns:xs="http://www.w3.org/2001/XMLSchema" xmlns:msdata="urn:schemas-microsoft-com:xml-msdata">
    <xs:element name="Sector" msdata:IsDataSet="true" msdata:Locale="">
      <xs:complexType>
        <xs:choice minOccurs="0" maxOccurs="unbounded">
          <xs:element name="S" msdata:Locale="">
            <xs:complexType>
              <xs:sequence>
                <xs:element name="Calle" type="xs:string" minOccurs="0" />
                <xs:element name="Lat" type="xs:decimal" minOccurs="0" />
                <xs:element name="Lon" type="xs:decimal" minOccurs="0" />
                <xs:element name="Dis" type="xs:decimal" minOccurs="0" />
                <xs:element name="Cta" type="xs:int" minOccurs="0" />
                <xs:element name="CodSec" type="xs:int" minOccurs="0" />
              </xs:sequence>
            </xs:complexType>
          </xs:element>
        </xs:choice>
      </xs:complexType>
    </xs:element>
  </xs:schema>
  <S>
    <Calle>BELG</Calle>
    <Lat>34.533422</Lat>
    <Lon>58.702238</Lon>
    <Dis>856.227</Dis>
    <Cta>1</Cta>
    <CodSec>18</CodSec>
  </S>
  <S>
    <Calle>S.LOR</Calle>
    <Lat>34.536509</Lat>
    <Lon>58.708541</Lon>
    <Dis>1176.973</Dis>
    <Cta>51</Cta>
    <CodSec>18</CodSec>
  </S>
  <S>
    <Calle>PELUF</Calle>
    <Lat>34.544213</Lat>
    <Lon>58.714213</Lon>
    <Dis>1038.836</Dis>
    <Cta>122</Cta>
    <CodSec>18</CodSec>
  </S>
  <S>
    <Calle>GCAMP</Calle>
    <Lat>34.551182</Lat>
    <Lon>58.721608</Lon>
    <Dis>2611.210</Dis>
    <Cta>186</Cta>
    <CodSec>18</CodSec>
  </S>
  <S>
    <Calle>ALBAR</Calle>
    <Lat>34.567681</Lat>
    <Lon>58.741548</Lon>
    <Dis>2396.603</Dis>
    <Cta>346</Cta>
    <CodSec>18</CodSec>
  </S>
  <S>
    <Calle>ICATO</Calle>
    <Lat>34.580537</Lat>
    <Lon>58.738566</Lon>
    <Dis>2140.755</Dis>
    <Cta>494</Cta>
    <CodSec>18</CodSec>
  </S>
  <S>
    <Calle>CORRI</Calle>
    <Lat>34.589487</Lat>
    <Lon>58.730481</Lon>
    <Dis>1541.241</Dis>
    <Cta>637</Cta>
    <CodSec>18</CodSec>
  </S>
  <S>
    <Calle>IRUST</Calle>
    <Lat>34.598666</Lat>
    <Lon>58.720549</Lon>
    <Dis>2188.000</Dis>
    <Cta>736</Cta>
    <CodSec>18</CodSec>
  </S>
  <S>
    <Calle>CHAPE</Calle>
    <Lat>34.584808</Lat>
    <Lon>58.703990</Lon>
    <Dis>1696.206</Dis>
    <Cta>872</Cta>
    <CodSec>18</CodSec>
  </S>
  <S>
    <Calle>GCAM.</Calle>
    <Lat>34.572896</Lat>
    <Lon>58.692788</Lon>
    <Dis>1464.821</Dis>
    <Cta>976</Cta>
    <CodSec>18</CodSec>
  </S>
  <S>
    <Calle>PI?ER</Calle>
    <Lat>34.563593</Lat>
    <Lon>58.682540</Lon>
    <Dis>0</Dis>
    <Cta>1112</Cta>
    <CodSec>18</CodSec>
  </S>
</Sector>