<?xml version="1.0" standalone="yes"?>
<Sector>
  <xs:schema id="Sector" xmlns="" xmlns:xs="http://www.w3.org/2001/XMLSchema" xmlns:msdata="urn:schemas-microsoft-com:xml-msdata">
    <xs:element name="Sector" msdata:IsDataSet="true" msdata:Locale="">
      <xs:complexType>
        <xs:choice minOccurs="0" maxOccurs="unbounded">
          <xs:element name="S" msdata:Locale="">
            <xs:complexType>
              <xs:sequence>
                <xs:element name="Calle" type="xs:string" minOccurs="0" />
                <xs:element name="Lat" type="xs:decimal" minOccurs="0" />
                <xs:element name="Lon" type="xs:decimal" minOccurs="0" />
                <xs:element name="Dis" type="xs:decimal" minOccurs="0" />
                <xs:element name="Cta" type="xs:int" minOccurs="0" />
                <xs:element name="CodSec" type="xs:int" minOccurs="0" />
              </xs:sequence>
            </xs:complexType>
          </xs:element>
        </xs:choice>
      </xs:complexType>
    </xs:element>
  </xs:schema>
  <S>
    <Calle>BELG</Calle>
    <Lat>34.533559</Lat>
    <Lon>58.702088</Lon>
    <Dis>886.426</Dis>
    <Cta>1</Cta>
    <CodSec>18</CodSec>
  </S>
  <S>
    <Calle>S.LOR</Calle>
    <Lat>34.536573</Lat>
    <Lon>58.708562</Lon>
    <Dis>968.104</Dis>
    <Cta>53</Cta>
    <CodSec>18</CodSec>
  </S>
  <S>
    <Calle>RUT23</Calle>
    <Lat>34.542954</Lat>
    <Lon>58.712958</Lon>
    <Dis>1236.481</Dis>
    <Cta>106</Cta>
    <CodSec>18</CodSec>
  </S>
  <S>
    <Calle>Ru.23</Calle>
    <Lat>34.544271</Lat>
    <Lon>58.714441</Lon>
    <Dis>1040.534</Dis>
    <Cta>206</Cta>
    <CodSec>18</CodSec>
  </S>
  <S>
    <Calle>GCAMP</Calle>
    <Lat>34.551284</Lat>
    <Lon>58.721648</Lon>
    <Dis>2622.289</Dis>
    <Cta>264</Cta>
    <CodSec>18</CodSec>
  </S>
  <S>
    <Calle>ALBAR</Calle>
    <Lat>34.567816</Lat>
    <Lon>58.741793</Lon>
    <Dis>2600.248</Dis>
    <Cta>425</Cta>
    <CodSec>18</CodSec>
  </S>
  <S>
    <Calle>MCANE</Calle>
    <Lat>34.553909</Lat>
    <Lon>58.762760</Lon>
    <Dis>1004.309</Dis>
    <Cta>573</Cta>
    <CodSec>18</CodSec>
  </S>
  <S>
    <Calle>PINTA</Calle>
    <Lat>34.560587</Lat>
    <Lon>58.769966</Lon>
    <Dis>1374.669</Dis>
    <Cta>642</Cta>
    <CodSec>18</CodSec>
  </S>
  <S>
    <Calle>JWATT</Calle>
    <Lat>34.569270</Lat>
    <Lon>58.766810</Lon>
    <Dis>0</Dis>
    <Cta>726</Cta>
    <CodSec>18</CodSec>
  </S>
</Sector>