<?xml version="1.0" standalone="yes"?>
<Sector>
  <xs:schema id="Sector" xmlns="" xmlns:xs="http://www.w3.org/2001/XMLSchema" xmlns:msdata="urn:schemas-microsoft-com:xml-msdata">
    <xs:element name="Sector" msdata:IsDataSet="true" msdata:Locale="">
      <xs:complexType>
        <xs:choice minOccurs="0" maxOccurs="unbounded">
          <xs:element name="S" msdata:Locale="">
            <xs:complexType>
              <xs:sequence>
                <xs:element name="Calle" type="xs:string" minOccurs="0" />
                <xs:element name="Lat" type="xs:decimal" minOccurs="0" />
                <xs:element name="Lon" type="xs:decimal" minOccurs="0" />
                <xs:element name="Dis" type="xs:decimal" minOccurs="0" />
                <xs:element name="Cta" type="xs:int" minOccurs="0" />
                <xs:element name="CodSec" type="xs:int" minOccurs="0" />
              </xs:sequence>
            </xs:complexType>
          </xs:element>
        </xs:choice>
      </xs:complexType>
    </xs:element>
  </xs:schema>
  <S>
    <Calle>LUJAN</Calle>
    <Lat>34.559501</Lat>
    <Lon>59.120214</Lon>
    <Dis>1588.283</Dis>
    <Cta>1</Cta>
    <CodSec>35</CodSec>
  </S>
  <S>
    <Calle>HUPRI</Calle>
    <Lat>34.561082</Lat>
    <Lon>59.108449</Lon>
    <Dis>3132.477</Dis>
    <Cta>136</Cta>
    <CodSec>35</CodSec>
  </S>
  <S>
    <Calle>CRUT5</Calle>
    <Lat>34.575889</Lat>
    <Lon>59.089996</Lon>
    <Dis>5225.333</Dis>
    <Cta>303</Cta>
    <CodSec>34</CodSec>
  </S>
  <S>
    <Calle>CRUT6</Calle>
    <Lat>34.573483</Lat>
    <Lon>59.038482</Lon>
    <Dis>3104.960</Dis>
    <Cta>626</Cta>
    <CodSec>33</CodSec>
  </S>
  <S>
    <Calle>PEAJ2</Calle>
    <Lat>34.580386</Lat>
    <Lon>59.006187</Lon>
    <Dis>5267.885</Dis>
    <Cta>808</Cta>
    <CodSec>33</CodSec>
  </S>
  <S>
    <Calle>RODR1</Calle>
    <Lat>34.592242</Lat>
    <Lon>58.951807</Lon>
    <Dis>4363.582</Dis>
    <Cta>1083</Cta>
    <CodSec>32</CodSec>
  </S>
  <S>
    <Calle>CMALV</Calle>
    <Lat>34.601509</Lat>
    <Lon>58.906264</Lon>
    <Dis>4217.537</Dis>
    <Cta>1300</Cta>
    <CodSec>31</CodSec>
  </S>
  <S>
    <Calle>PTEAL</Calle>
    <Lat>34.610866</Lat>
    <Lon>58.867820</Lon>
    <Dis>2546.308</Dis>
    <Cta>1591</Cta>
    <CodSec>30</CodSec>
  </S>
  <S>
    <Calle>LREJA</Calle>
    <Lat>34.618466</Lat>
    <Lon>58.841651</Lon>
    <Dis>4656.308</Dis>
    <Cta>1743</Cta>
    <CodSec>30</CodSec>
  </S>
  <S>
    <Calle>VICTO</Calle>
    <Lat>34.633048</Lat>
    <Lon>58.794744</Lon>
    <Dis>3032.017</Dis>
    <Cta>1977</Cta>
    <CodSec>30</CodSec>
  </S>
  <S>
    <Calle>MOREN</Calle>
    <Lat>34.649972</Lat>
    <Lon>58.790087</Lon>
    <Dis>2810.845</Dis>
    <Cta>2175</Cta>
    <CodSec>23</CodSec>
  </S>
  <S>
    <Calle>P.GAO</Calle>
    <Lat>34.627699</Lat>
    <Lon>58.778885</Lon>
    <Dis>2825.537</Dis>
    <Cta>2337</Cta>
    <CodSec>22</CodSec>
  </S>
  <S>
    <Calle>PFIZR</Calle>
    <Lat>34.605245</Lat>
    <Lon>58.765235</Lon>
    <Dis>2659.910</Dis>
    <Cta>2514</Cta>
    <CodSec>21</CodSec>
  </S>
  <S>
    <Calle>CCAST</Calle>
    <Lat>34.585793</Lat>
    <Lon>58.749821</Lon>
    <Dis>1867.473</Dis>
    <Cta>2687</Cta>
    <CodSec>20</CodSec>
  </S>
  <S>
    <Calle>SBRIG</Calle>
    <Lat>34.570730</Lat>
    <Lon>58.743158</Lon>
    <Dis>3838.907</Dis>
    <Cta>2806</Cta>
    <CodSec>19</CodSec>
  </S>
  <S>
    <Calle>FARIA</Calle>
    <Lat>34.545477</Lat>
    <Lon>58.715537</Lon>
    <Dis>1686.453</Dis>
    <Cta>3039</Cta>
    <CodSec>18</CodSec>
  </S>
  <S>
    <Calle>PAVON</Calle>
    <Lat>34.534172</Lat>
    <Lon>58.703455</Lon>
    <Dis>2911.524</Dis>
    <Cta>3137</Cta>
    <CodSec>17</CodSec>
  </S>
  <S>
    <Calle>LOREN</Calle>
    <Lat>34.524236</Lat>
    <Lon>58.680365</Lon>
    <Dis>3764.262</Dis>
    <Cta>3312</Cta>
    <CodSec>16</CodSec>
  </S>
  <S>
    <Calle>DTORC</Calle>
    <Lat>34.503059</Lat>
    <Lon>58.648625</Lon>
    <Dis>3557.638</Dis>
    <Cta>3508</Cta>
    <CodSec>15</CodSec>
  </S>
  <S>
    <Calle>PANAM</Calle>
    <Lat>34.488379</Lat>
    <Lon>58.620684</Lon>
    <Dis>1246.665</Dis>
    <Cta>3720</Cta>
    <CodSec>14</CodSec>
  </S>
  <S>
    <Calle>R2022</Calle>
    <Lat>34.486519</Lat>
    <Lon>58.608181</Lon>
    <Dis>2089.208</Dis>
    <Cta>3798</Cta>
    <CodSec>14</CodSec>
  </S>
  <S>
    <Calle>BLGNE</Calle>
    <Lat>34.488122</Lat>
    <Lon>58.585568</Lon>
    <Dis>1901.853</Dis>
    <Cta>3905</Cta>
    <CodSec>14</CodSec>
  </S>
  <S>
    <Calle>JSMAR</Calle>
    <Lat>34.491481</Lat>
    <Lon>58.565791</Lon>
    <Dis>935.045</Dis>
    <Cta>4033</Cta>
    <CodSec>14</CodSec>
  </S>
  <S>
    <Calle>MARQ1</Calle>
    <Lat>34.495440</Lat>
    <Lon>58.557036</Lon>
    <Dis>1495.212</Dis>
    <Cta>4085</Cta>
    <CodSec>13</CodSec>
  </S>
  <S>
    <Calle>THAME</Calle>
    <Lat>34.502074</Lat>
    <Lon>58.543514</Lon>
    <Dis>990.416</Dis>
    <Cta>4174</Cta>
    <CodSec>13</CodSec>
  </S>
  <S>
    <Calle>EDISO</Calle>
    <Lat>34.506581</Lat>
    <Lon>58.534230</Lon>
    <Dis>4103.735</Dis>
    <Cta>4231</Cta>
    <CodSec>12</CodSec>
  </S>
  <S>
    <Calle>SMART</Calle>
    <Lat>34.533044</Lat>
    <Lon>58.504605</Lon>
    <Dis>3239.997</Dis>
    <Cta>4491</Cta>
    <CodSec>11</CodSec>
  </S>
  <S>
    <Calle>ZAPIO</Calle>
    <Lat>34.542267</Lat>
    <Lon>58.482190</Lon>
    <Dis>893.887</Dis>
    <Cta>4726</Cta>
    <CodSec>11</CodSec>
  </S>
  <S>
    <Calle>SAAVE</Calle>
    <Lat>34.537953</Lat>
    <Lon>58.475456</Lon>
    <Dis>0</Dis>
    <Cta>4785</Cta>
    <CodSec>1</CodSec>
  </S>
</Sector>