<?xml version="1.0" standalone="yes"?>
<Sector>
  <xs:schema id="Sector" xmlns="" xmlns:xs="http://www.w3.org/2001/XMLSchema" xmlns:msdata="urn:schemas-microsoft-com:xml-msdata">
    <xs:element name="Sector" msdata:IsDataSet="true" msdata:Locale="">
      <xs:complexType>
        <xs:choice minOccurs="0" maxOccurs="unbounded">
          <xs:element name="S" msdata:Locale="">
            <xs:complexType>
              <xs:sequence>
                <xs:element name="Calle" type="xs:string" minOccurs="0" />
                <xs:element name="Lat" type="xs:decimal" minOccurs="0" />
                <xs:element name="Lon" type="xs:decimal" minOccurs="0" />
                <xs:element name="Dis" type="xs:decimal" minOccurs="0" />
                <xs:element name="Cta" type="xs:int" minOccurs="0" />
                <xs:element name="CodSec" type="xs:int" minOccurs="0" />
              </xs:sequence>
            </xs:complexType>
          </xs:element>
        </xs:choice>
      </xs:complexType>
    </xs:element>
  </xs:schema>
  <S>
    <Calle>VGG</Calle>
    <Lat>33.038729</Lat>
    <Lon>60.661815</Lon>
    <Dis>2720.260</Dis>
    <Cta>1</Cta>
    <CodSec>12</CodSec>
  </S>
  <S>
    <Calle>CIRCU</Calle>
    <Lat>33.025363</Lat>
    <Lon>60.654232</Lon>
    <Dis>2512.630</Dis>
    <Cta>101</Cta>
    <CodSec>13</CodSec>
  </S>
  <S>
    <Calle>ARIJO</Calle>
    <Lat>33.003275</Lat>
    <Lon>60.649373</Lon>
    <Dis>2666.880</Dis>
    <Cta>187</Cta>
    <CodSec>13</CodSec>
  </S>
  <S>
    <Calle>SEGUI</Calle>
    <Lat>32.979660</Lat>
    <Lon>60.644371</Lon>
    <Dis>1871.420</Dis>
    <Cta>278</Cta>
    <CodSec>13</CodSec>
  </S>
  <S>
    <Calle>CORR1</Calle>
    <Lat>32.966812</Lat>
    <Lon>60.647578</Lon>
    <Dis>1154.250</Dis>
    <Cta>343</Cta>
    <CodSec>13</CodSec>
  </S>
  <S>
    <Calle>PELE2</Calle>
    <Lat>32.956733</Lat>
    <Lon>60.645108</Lon>
    <Dis>818.440</Dis>
    <Cta>383</Cta>
    <CodSec>13</CodSec>
  </S>
  <S>
    <Calle>SJUA1</Calle>
    <Lat>32.949531</Lat>
    <Lon>60.643297</Lon>
    <Dis>1610.570</Dis>
    <Cta>413</Cta>
    <CodSec>13</CodSec>
  </S>
  <S>
    <Calle>ORO?O</Calle>
    <Lat>32.942352</Lat>
    <Lon>60.652737</Lon>
    <Dis>1694.870</Dis>
    <Cta>476</Cta>
    <CodSec>13</CodSec>
  </S>
  <S>
    <Calle>CAFER</Calle>
    <Lat>32.939226</Lat>
    <Lon>60.670513</Lon>
    <Dis>773.880</Dis>
    <Cta>536</Cta>
    <CodSec>13</CodSec>
  </S>
  <S>
    <Calle>AVEL1</Calle>
    <Lat>32.937766</Lat>
    <Lon>60.678621</Lon>
    <Dis>2017.130</Dis>
    <Cta>564</Cta>
    <CodSec>13</CodSec>
  </S>
  <S>
    <Calle>T.AGN</Calle>
    <Lat>32.935327</Lat>
    <Lon>60.699902</Lon>
    <Dis>1227.860</Dis>
    <Cta>642</Cta>
    <CodSec>13</CodSec>
  </S>
  <S>
    <Calle>PUNI1</Calle>
    <Lat>32.933007</Lat>
    <Lon>60.712765</Lon>
    <Dis>1383.680</Dis>
    <Cta>690</Cta>
    <CodSec>13</CodSec>
  </S>
  <S>
    <Calle>DONAD</Calle>
    <Lat>32.930408</Lat>
    <Lon>60.727258</Lon>
    <Dis>1090.700</Dis>
    <Cta>745</Cta>
    <CodSec>13</CodSec>
  </S>
  <S>
    <Calle>WILDE</Calle>
    <Lat>32.928332</Lat>
    <Lon>60.738679</Lon>
    <Dis>2336.680</Dis>
    <Cta>788</Cta>
    <CodSec>81</CodSec>
  </S>
  <S>
    <Calle>LUDUE</Calle>
    <Lat>32.925302</Lat>
    <Lon>60.763241</Lon>
    <Dis>3886.990</Dis>
    <Cta>886</Cta>
    <CodSec>30</CodSec>
  </S>
  <S>
    <Calle>CATAM</Calle>
    <Lat>32.922635</Lat>
    <Lon>60.804760</Lon>
    <Dis>943.220</Dis>
    <Cta>1041</Cta>
    <CodSec>30</CodSec>
  </S>
  <S>
    <Calle>ELORZ</Calle>
    <Lat>32.920890</Lat>
    <Lon>60.814649</Lon>
    <Dis>2733.110</Dis>
    <Cta>1080</Cta>
    <CodSec>30</CodSec>
  </S>
  <S>
    <Calle>JHER1</Calle>
    <Lat>32.916415</Lat>
    <Lon>60.843433</Lon>
    <Dis>2308.230</Dis>
    <Cta>1186</Cta>
    <CodSec>30</CodSec>
  </S>
  <S>
    <Calle>SBAST</Calle>
    <Lat>32.912853</Lat>
    <Lon>60.867793</Lon>
    <Dis>3766.400</Dis>
    <Cta>1273</Cta>
    <CodSec>32</CodSec>
  </S>
  <S>
    <Calle>BELG</Calle>
    <Lat>32.905802</Lat>
    <Lon>60.907255</Lon>
    <Dis>2990.110</Dis>
    <Cta>1432</Cta>
    <CodSec>32</CodSec>
  </S>
  <S>
    <Calle>CEME2</Calle>
    <Lat>32.900191</Lat>
    <Lon>60.938578</Lon>
    <Dis>7755.820</Dis>
    <Cta>1554</Cta>
    <CodSec>201</CodSec>
  </S>
  <S>
    <Calle>SJENT</Calle>
    <Lat>32.885699</Lat>
    <Lon>61.019830</Lon>
    <Dis>1985.400</Dis>
    <Cta>1859</Cta>
    <CodSec>201</CodSec>
  </S>
  <S>
    <Calle>SJSAL</Calle>
    <Lat>32.883577</Lat>
    <Lon>61.031626</Lon>
    <Dis>8745.600</Dis>
    <Cta>1937</Cta>
    <CodSec>201</CodSec>
  </S>
  <S>
    <Calle>RUT26</Calle>
    <Lat>32.867304</Lat>
    <Lon>61.123159</Lon>
    <Dis>2090.710</Dis>
    <Cta>2267</Cta>
    <CodSec>202</CodSec>
  </S>
  <S>
    <Calle>9DJUL</Calle>
    <Lat>32.863403</Lat>
    <Lon>61.145054</Lon>
    <Dis>2417.240</Dis>
    <Cta>2343</Cta>
    <CodSec>202</CodSec>
  </S>
  <S>
    <Calle>IMALV</Calle>
    <Lat>32.860469</Lat>
    <Lon>61.161451</Lon>
    <Dis>1626.580</Dis>
    <Cta>2430</Cta>
    <CodSec>202</CodSec>
  </S>
  <S>
    <Calle>A.CAR</Calle>
    <Lat>32.857842</Lat>
    <Lon>61.178543</Lon>
    <Dis>5788.400</Dis>
    <Cta>2493</Cta>
    <CodSec>203</CodSec>
  </S>
  <S>
    <Calle>E.CO1</Calle>
    <Lat>32.853826</Lat>
    <Lon>61.240317</Lon>
    <Dis>3639.400</Dis>
    <Cta>2697</Cta>
    <CodSec>203</CodSec>
  </S>
  <S>
    <Calle>CORRE</Calle>
    <Lat>32.850281</Lat>
    <Lon>61.265502</Lon>
    <Dis>0</Dis>
    <Cta>2834</Cta>
    <CodSec>203</CodSec>
  </S>
</Sector>