<?xml version="1.0" standalone="yes"?>
<Sector>
  <xs:schema id="Sector" xmlns="" xmlns:xs="http://www.w3.org/2001/XMLSchema" xmlns:msdata="urn:schemas-microsoft-com:xml-msdata">
    <xs:element name="Sector" msdata:IsDataSet="true" msdata:Locale="">
      <xs:complexType>
        <xs:choice minOccurs="0" maxOccurs="unbounded">
          <xs:element name="S" msdata:Locale="">
            <xs:complexType>
              <xs:sequence>
                <xs:element name="Calle" type="xs:string" minOccurs="0" />
                <xs:element name="Lat" type="xs:decimal" minOccurs="0" />
                <xs:element name="Lon" type="xs:decimal" minOccurs="0" />
                <xs:element name="Dis" type="xs:decimal" minOccurs="0" />
                <xs:element name="Cta" type="xs:int" minOccurs="0" />
                <xs:element name="CodSec" type="xs:int" minOccurs="0" />
              </xs:sequence>
            </xs:complexType>
          </xs:element>
        </xs:choice>
      </xs:complexType>
    </xs:element>
  </xs:schema>
  <S>
    <Calle>BROWN</Calle>
    <Lat>32.898901</Lat>
    <Lon>60.907292</Lon>
    <Dis>3007.250</Dis>
    <Cta>1</Cta>
    <CodSec>32</CodSec>
  </S>
  <S>
    <Calle>BS.AS</Calle>
    <Lat>32.905483</Lat>
    <Lon>60.908715</Lon>
    <Dis>3899.880</Dis>
    <Cta>132</Cta>
    <CodSec>32</CodSec>
  </S>
  <S>
    <Calle>SBAST</Calle>
    <Lat>32.912854</Lat>
    <Lon>60.867930</Lon>
    <Dis>2306.510</Dis>
    <Cta>292</Cta>
    <CodSec>30</CodSec>
  </S>
  <S>
    <Calle>JHER1</Calle>
    <Lat>32.916412</Lat>
    <Lon>60.843587</Lon>
    <Dis>2739.450</Dis>
    <Cta>384</Cta>
    <CodSec>30</CodSec>
  </S>
  <S>
    <Calle>ELORZ</Calle>
    <Lat>32.920894</Lat>
    <Lon>60.814733</Lon>
    <Dis>934.820</Dis>
    <Cta>499</Cta>
    <CodSec>30</CodSec>
  </S>
  <S>
    <Calle>CATAM</Calle>
    <Lat>32.922638</Lat>
    <Lon>60.804936</Lon>
    <Dis>3901.000</Dis>
    <Cta>534</Cta>
    <CodSec>30</CodSec>
  </S>
  <S>
    <Calle>LUDUE</Calle>
    <Lat>32.925339</Lat>
    <Lon>60.763271</Lon>
    <Dis>2273.340</Dis>
    <Cta>724</Cta>
    <CodSec>13</CodSec>
  </S>
  <S>
    <Calle>WILDE</Calle>
    <Lat>32.928343</Lat>
    <Lon>60.739346</Lon>
    <Dis>1136.640</Dis>
    <Cta>820</Cta>
    <CodSec>13</CodSec>
  </S>
  <S>
    <Calle>DONAD</Calle>
    <Lat>32.930420</Lat>
    <Lon>60.727511</Lon>
    <Dis>1366.770</Dis>
    <Cta>865</Cta>
    <CodSec>13</CodSec>
  </S>
  <S>
    <Calle>PUNI1</Calle>
    <Lat>32.932997</Lat>
    <Lon>60.713191</Lon>
    <Dis>1255.660</Dis>
    <Cta>916</Cta>
    <CodSec>13</CodSec>
  </S>
  <S>
    <Calle>T.AGN</Calle>
    <Lat>32.935374</Lat>
    <Lon>60.700039</Lon>
    <Dis>1975.420</Dis>
    <Cta>963</Cta>
    <CodSec>13</CodSec>
  </S>
  <S>
    <Calle>AVEL1</Calle>
    <Lat>32.939050</Lat>
    <Lon>60.679330</Lon>
    <Dis>788.460</Dis>
    <Cta>1038</Cta>
    <CodSec>13</CodSec>
  </S>
  <S>
    <Calle>CAFER</Calle>
    <Lat>32.940538</Lat>
    <Lon>60.671069</Lon>
    <Dis>2259.570</Dis>
    <Cta>1066</Cta>
    <CodSec>13</CodSec>
  </S>
  <S>
    <Calle>ORO?O</Calle>
    <Lat>32.948823</Lat>
    <Lon>60.654769</Lon>
    <Dis>1189.640</Dis>
    <Cta>1148</Cta>
    <CodSec>13</CodSec>
  </S>
  <S>
    <Calle>SJUA1</Calle>
    <Lat>32.949581</Lat>
    <Lon>60.643330</Lon>
    <Dis>0</Dis>
    <Cta>1190</Cta>
    <CodSec>81</CodSec>
  </S>
</Sector>