<?xml version="1.0" standalone="yes"?>
<Sector>
  <xs:schema id="Sector" xmlns="" xmlns:xs="http://www.w3.org/2001/XMLSchema" xmlns:msdata="urn:schemas-microsoft-com:xml-msdata">
    <xs:element name="Sector" msdata:IsDataSet="true" msdata:Locale="">
      <xs:complexType>
        <xs:choice minOccurs="0" maxOccurs="unbounded">
          <xs:element name="S" msdata:Locale="">
            <xs:complexType>
              <xs:sequence>
                <xs:element name="Calle" type="xs:string" minOccurs="0" />
                <xs:element name="Lat" type="xs:decimal" minOccurs="0" />
                <xs:element name="Lon" type="xs:decimal" minOccurs="0" />
                <xs:element name="Dis" type="xs:decimal" minOccurs="0" />
                <xs:element name="Cta" type="xs:int" minOccurs="0" />
                <xs:element name="CodSec" type="xs:int" minOccurs="0" />
              </xs:sequence>
            </xs:complexType>
          </xs:element>
        </xs:choice>
      </xs:complexType>
    </xs:element>
  </xs:schema>
  <S>
    <Calle>TUCU</Calle>
    <Lat>32.898589</Lat>
    <Lon>60.805387</Lon>
    <Dis>1670.150</Dis>
    <Cta>1</Cta>
    <CodSec>30</CodSec>
  </S>
  <S>
    <Calle>BS.AS</Calle>
    <Lat>32.913332</Lat>
    <Lon>60.805135</Lon>
    <Dis>2031.970</Dis>
    <Cta>63</Cta>
    <CodSec>30</CodSec>
  </S>
  <S>
    <Calle>R  9</Calle>
    <Lat>32.921462</Lat>
    <Lon>60.810986</Lon>
    <Dis>882.470</Dis>
    <Cta>141</Cta>
    <CodSec>30</CodSec>
  </S>
  <S>
    <Calle>YRIG2</Calle>
    <Lat>32.929271</Lat>
    <Lon>60.812343</Lon>
    <Dis>3217.190</Dis>
    <Cta>176</Cta>
    <CodSec>30</CodSec>
  </S>
  <S>
    <Calle>CRUC2</Calle>
    <Lat>32.927945</Lat>
    <Lon>60.777976</Lon>
    <Dis>1952.100</Dis>
    <Cta>310</Cta>
    <CodSec>30</CodSec>
  </S>
  <S>
    <Calle>PEATO</Calle>
    <Lat>32.936193</Lat>
    <Lon>60.762720</Lon>
    <Dis>747.640</Dis>
    <Cta>391</Cta>
    <CodSec>13</CodSec>
  </S>
  <S>
    <Calle>C1635</Calle>
    <Lat>32.940879</Lat>
    <Lon>60.760009</Lon>
    <Dis>1986.850</Dis>
    <Cta>423</Cta>
    <CodSec>13</CodSec>
  </S>
  <S>
    <Calle>WIL</Calle>
    <Lat>32.940329</Lat>
    <Lon>60.738729</Lon>
    <Dis>1109.220</Dis>
    <Cta>499</Cta>
    <CodSec>13</CodSec>
  </S>
  <S>
    <Calle>DONAD</Calle>
    <Lat>32.940706</Lat>
    <Lon>60.727073</Lon>
    <Dis>1317.160</Dis>
    <Cta>544</Cta>
    <CodSec>13</CodSec>
  </S>
  <S>
    <Calle>PUNI1</Calle>
    <Lat>32.940367</Lat>
    <Lon>60.712989</Lon>
    <Dis>1243.000</Dis>
    <Cta>590</Cta>
    <CodSec>13</CodSec>
  </S>
  <S>
    <Calle>T.AGN</Calle>
    <Lat>32.940741</Lat>
    <Lon>60.699917</Lon>
    <Dis>1838.510</Dis>
    <Cta>635</Cta>
    <CodSec>13</CodSec>
  </S>
  <S>
    <Calle>AVEL1</Calle>
    <Lat>32.944164</Lat>
    <Lon>60.680643</Lon>
    <Dis>1298.660</Dis>
    <Cta>698</Cta>
    <CodSec>13</CodSec>
  </S>
  <S>
    <Calle>FCIA.</Calle>
    <Lat>32.946630</Lat>
    <Lon>60.667039</Lon>
    <Dis>1164.300</Dis>
    <Cta>746</Cta>
    <CodSec>13</CodSec>
  </S>
  <S>
    <Calle>ORO?O</Calle>
    <Lat>32.948789</Lat>
    <Lon>60.654830</Lon>
    <Dis>1201.170</Dis>
    <Cta>789</Cta>
    <CodSec>13</CodSec>
  </S>
  <S>
    <Calle>SJUA1</Calle>
    <Lat>32.949565</Lat>
    <Lon>60.643314</Lon>
    <Dis>0</Dis>
    <Cta>836</Cta>
    <CodSec>81</CodSec>
  </S>
</Sector>