<?xml version="1.0" standalone="yes"?>
<Version>
  <xs:schema id="Version" xmlns="" xmlns:xs="http://www.w3.org/2001/XMLSchema" xmlns:msdata="urn:schemas-microsoft-com:xml-msdata">
    <xs:element name="Version" msdata:IsDataSet="true" msdata:UseCurrentLocale="true">
      <xs:complexType>
        <xs:choice minOccurs="0" maxOccurs="unbounded">
          <xs:element name="datosVersion">
            <xs:complexType>
              <xs:sequence>
                <xs:element name="nroVersion" type="xs:int" minOccurs="0" />
                <xs:element name="fechaActivacion" type="xs:dateTime" minOccurs="0" />
              </xs:sequence>
            </xs:complexType>
          </xs:element>
          <xs:element name="archivos">
            <xs:complexType>
              <xs:sequence>
                <xs:element name="archivo" type="xs:string" minOccurs="0" />
                <xs:element name="hash" type="xs:string" minOccurs="0" />
              </xs:sequence>
            </xs:complexType>
          </xs:element>
        </xs:choice>
      </xs:complexType>
    </xs:element>
  </xs:schema>
  <datosVersion>
    <nroVersion>25</nroVersion>
    <fechaActivacion>2019-03-27T00:00:00-03:00</fechaActivacion>
  </datosVersion>
  <archivos>
    <archivo>s01000953.xml</archivo>
    <hash>BF11D5974BACBB6EC868EFC6E63EB286</hash>
  </archivos>
  <archivos>
    <archivo>s01000954.xml</archivo>
    <hash>B5BC61DCB9791CFC802BCEA70CF4BBAC</hash>
  </archivos>
  <archivos>
    <archivo>s01000957.xml</archivo>
    <hash>39B1AB10F0430AAE79271089B4611619</hash>
  </archivos>
  <archivos>
    <archivo>s01000958.xml</archivo>
    <hash>9080567C63CA2E28030C2832DBF7CB5E</hash>
  </archivos>
  <archivos>
    <archivo>s01000961.xml</archivo>
    <hash>28D6233CDCA2216E5AA12108DC0153FF</hash>
  </archivos>
  <archivos>
    <archivo>s01000962.xml</archivo>
    <hash>2FD27C65A18AFE297E418A42542604E4</hash>
  </archivos>
  <archivos>
    <archivo>s01000963.xml</archivo>
    <hash>7FE4A1DFB1642BA58834B1F0F80F488D</hash>
  </archivos>
  <archivos>
    <archivo>s01000964.xml</archivo>
    <hash>176EC523E462D9F1E0F4A15851B94F7A</hash>
  </archivos>
  <archivos>
    <archivo>s01000965.xml</archivo>
    <hash>4054F8A9020ABEE36F6D88DAA3A8684A</hash>
  </archivos>
  <archivos>
    <archivo>s01000966.xml</archivo>
    <hash>CCBA777B830E9DBB76AD900506267988</hash>
  </archivos>
  <archivos>
    <archivo>s01000971.xml</archivo>
    <hash>A4F6FDAD607218F6E142CB0E8D53D853</hash>
  </archivos>
  <archivos>
    <archivo>s01000972.xml</archivo>
    <hash>95278B6D8D484DB37C62F39213C795D3</hash>
  </archivos>
  <archivos>
    <archivo>s01000991.xml</archivo>
    <hash>553B4D02D9DE5EAD0C676A92405D0ACC</hash>
  </archivos>
  <archivos>
    <archivo>s01000992.xml</archivo>
    <hash>5A468D932315F6EC03C855DC942ED1CE</hash>
  </archivos>
  <archivos>
    <archivo>s01000993.xml</archivo>
    <hash>C4D3909F7948FB9E153D5ACE94D19786</hash>
  </archivos>
  <archivos>
    <archivo>s01000994.xml</archivo>
    <hash>FC4296C88F3307CD1AFE0FAEF42320B4</hash>
  </archivos>
  <archivos>
    <archivo>s01000995.xml</archivo>
    <hash>8217A121F59627CE6B9954B827AF50DF</hash>
  </archivos>
  <archivos>
    <archivo>s01000996.xml</archivo>
    <hash>94516C90B456CC55ACBBF3F8ED66CAA7</hash>
  </archivos>
  <archivos>
    <archivo>s01000998.xml</archivo>
    <hash>78B13ECF8663BE73A789A960E6613E4A</hash>
  </archivos>
  <archivos>
    <archivo>s01000999.xml</archivo>
    <hash>29BE0B52381AC7B316A247797CABA4D6</hash>
  </archivos>
  <archivos>
    <archivo>s01001003.xml</archivo>
    <hash>B29AD873E53970CD70E73657452C7344</hash>
  </archivos>
  <archivos>
    <archivo>s01001004.xml</archivo>
    <hash>C6EFF1514DE767D85C0ADA6340F24D29</hash>
  </archivos>
  <archivos>
    <archivo>s01001006.xml</archivo>
    <hash>3AAF82DC83985156E363223829E83662</hash>
  </archivos>
  <archivos>
    <archivo>s01001007.xml</archivo>
    <hash>122A9BB65C3F98C63D36A78CF6A9A3A1</hash>
  </archivos>
  <archivos>
    <archivo>s01001019.xml</archivo>
    <hash>7D236A8AFC46BDE2F3F6FB3CAE8672A2</hash>
  </archivos>
  <archivos>
    <archivo>s01001020.xml</archivo>
    <hash>C6FC0E891CBCE872E3EA8A44DAE85134</hash>
  </archivos>
  <archivos>
    <archivo>s01001021.xml</archivo>
    <hash>262B3A62AF7AFFBC4F98B1F211F7A370</hash>
  </archivos>
  <archivos>
    <archivo>s01003051.xml</archivo>
    <hash>912B1B6BEF5C4F93F75B201B1F80E4B0</hash>
  </archivos>
  <archivos>
    <archivo>s01003052.xml</archivo>
    <hash>9AA539EAD51831A7ED3C7E09172A3C7B</hash>
  </archivos>
  <archivos>
    <archivo>s01003054.xml</archivo>
    <hash>ED511C102801EDE69214C0F81BD80D6A</hash>
  </archivos>
  <archivos>
    <archivo>s01003055.xml</archivo>
    <hash>59735F40BE63B48469AD84933AF7A033</hash>
  </archivos>
  <archivos>
    <archivo>s01003056.xml</archivo>
    <hash>5F8629290BF6A36D8E7623C97C669342</hash>
  </archivos>
  <archivos>
    <archivo>s01003057.xml</archivo>
    <hash>BCBFB77D31DB003157B7CF2736A7E06A</hash>
  </archivos>
  <archivos>
    <archivo>s01003058.xml</archivo>
    <hash>8B2B98D6B310116EAB8A89D6B3730184</hash>
  </archivos>
  <archivos>
    <archivo>s01003059.xml</archivo>
    <hash>3164B0F7738ECA677B26EC65EA571AF6</hash>
  </archivos>
  <archivos>
    <archivo>s01003060.xml</archivo>
    <hash>E88F7C8E86E18E7EAE55ABFE26447B75</hash>
  </archivos>
  <archivos>
    <archivo>s01003061.xml</archivo>
    <hash>7786A6FDE0A25371E8D368F829E879B7</hash>
  </archivos>
  <archivos>
    <archivo>s01003062.xml</archivo>
    <hash>B3E61F014CCBEC8616579F33AA2F3A97</hash>
  </archivos>
  <archivos>
    <archivo>s01003063.xml</archivo>
    <hash>20561E35B03C94F3EE65729C73E6A3D6</hash>
  </archivos>
  <archivos>
    <archivo>s01003064.xml</archivo>
    <hash>B38075CF6055D54B9FF886F168771034</hash>
  </archivos>
  <archivos>
    <archivo>s01003065.xml</archivo>
    <hash>435FA5A8C98780F5547B2DF479699042</hash>
  </archivos>
  <archivos>
    <archivo>s01003066.xml</archivo>
    <hash>02326A408F76DF43D0C699887C576E6D</hash>
  </archivos>
  <archivos>
    <archivo>s01003067.xml</archivo>
    <hash>CFD0AA077449BA004E748ABC43152ACA</hash>
  </archivos>
  <archivos>
    <archivo>s01003068.xml</archivo>
    <hash>DF1830E4FC45522CDF07B1704F7C590D</hash>
  </archivos>
  <archivos>
    <archivo>s01003069.xml</archivo>
    <hash>2C2A6BC1B9830D7824174BA5B3CC7B4B</hash>
  </archivos>
  <archivos>
    <archivo>r01000953.txt</archivo>
    <hash>DB14FE9F642B31BCD7790C8571B14ECB</hash>
  </archivos>
  <archivos>
    <archivo>r01000954.txt</archivo>
    <hash>D1A0A7FAC96261C34A8598DA02908C11</hash>
  </archivos>
  <archivos>
    <archivo>r01000957.txt</archivo>
    <hash>F9F9FE1FA03AA2DA7369C523584F0CCC</hash>
  </archivos>
  <archivos>
    <archivo>r01000958.txt</archivo>
    <hash>DA16DAD3F0671E085EDE907BA5B6AC73</hash>
  </archivos>
  <archivos>
    <archivo>r01000961.txt</archivo>
    <hash>E9617BFA17616A3B5520210287BD3D77</hash>
  </archivos>
  <archivos>
    <archivo>r01000962.txt</archivo>
    <hash>E57B1674E73C8F4C5367AF5C40911315</hash>
  </archivos>
  <archivos>
    <archivo>r01000963.txt</archivo>
    <hash>B9B7CFAAF8BDAF1DACAC448E77C35300</hash>
  </archivos>
  <archivos>
    <archivo>r01000964.txt</archivo>
    <hash>4A661FE254A31FDAFD9CBF54B7FCA59D</hash>
  </archivos>
  <archivos>
    <archivo>r01000965.txt</archivo>
    <hash>AF2C76A7AC61B6049C9D1A3C145425C0</hash>
  </archivos>
  <archivos>
    <archivo>r01000966.txt</archivo>
    <hash>8532ADBD4D3826604F6303EF4E1714C3</hash>
  </archivos>
  <archivos>
    <archivo>r01000971.txt</archivo>
    <hash>997021714A19EACDBC00D803791B8F30</hash>
  </archivos>
  <archivos>
    <archivo>r01000972.txt</archivo>
    <hash>E17C94B8F8253322F2F746560F0DC2EF</hash>
  </archivos>
  <archivos>
    <archivo>r01000991.txt</archivo>
    <hash>DCAC32C7D84889B1092DC227EE15B23B</hash>
  </archivos>
  <archivos>
    <archivo>r01000992.txt</archivo>
    <hash>79249922BD6D9543A4693D3D02857F9D</hash>
  </archivos>
  <archivos>
    <archivo>r01000993.txt</archivo>
    <hash>E4CC9E0F61B450A208EBF0035A7CE77A</hash>
  </archivos>
  <archivos>
    <archivo>r01000994.txt</archivo>
    <hash>1F714671C3912302933CDF32689DE237</hash>
  </archivos>
  <archivos>
    <archivo>r01000995.txt</archivo>
    <hash>6497A60C16EA923515EF8D9B0B219B22</hash>
  </archivos>
  <archivos>
    <archivo>r01000996.txt</archivo>
    <hash>FF5228F2BC9321E09E4E108A8A7A56AE</hash>
  </archivos>
  <archivos>
    <archivo>r01000998.txt</archivo>
    <hash>F41962F445AB1EFB3CC4DE82AB94C844</hash>
  </archivos>
  <archivos>
    <archivo>r01000999.txt</archivo>
    <hash>90A444D919BC11D4EAAE7725FC0657AC</hash>
  </archivos>
  <archivos>
    <archivo>r01001003.txt</archivo>
    <hash>57C7064D9E3EB93D9499E177991ABB1F</hash>
  </archivos>
  <archivos>
    <archivo>r01001004.txt</archivo>
    <hash>C11CE20AFDBDDDB8853B54978C1264BA</hash>
  </archivos>
  <archivos>
    <archivo>r01001006.txt</archivo>
    <hash>CC41F02F33B734683B3C778AF93F2043</hash>
  </archivos>
  <archivos>
    <archivo>r01001007.txt</archivo>
    <hash>DCA0FB25EDB27C764A16B2A2082CAA8D</hash>
  </archivos>
  <archivos>
    <archivo>r01001019.txt</archivo>
    <hash>D44E0E96428EF71AC4837D5839CD15D2</hash>
  </archivos>
  <archivos>
    <archivo>r01001020.txt</archivo>
    <hash>0A695AE797B79D6E6E9B8AB6931079FA</hash>
  </archivos>
  <archivos>
    <archivo>r01001021.txt</archivo>
    <hash>AE3724D5E05D1F81E50C590C770D0688</hash>
  </archivos>
  <archivos>
    <archivo>r01003051.txt</archivo>
    <hash>63F9F1E085363AE82F132E5E03375242</hash>
  </archivos>
  <archivos>
    <archivo>r01003052.txt</archivo>
    <hash>4CD60CFE0C3D0679192D794974421B7D</hash>
  </archivos>
  <archivos>
    <archivo>r01003054.txt</archivo>
    <hash>B5A44E3CBD05FF471EA4BDF4EDE9648F</hash>
  </archivos>
  <archivos>
    <archivo>r01003055.txt</archivo>
    <hash>E1C4E1FA26A939D8D99FC809E9B44388</hash>
  </archivos>
  <archivos>
    <archivo>r01003056.txt</archivo>
    <hash>ACFD97F2B0F376679BBF7F74E8EB2072</hash>
  </archivos>
  <archivos>
    <archivo>r01003057.txt</archivo>
    <hash>562C8FDF3B0E514590BEFF08F6FFAF81</hash>
  </archivos>
  <archivos>
    <archivo>r01003058.txt</archivo>
    <hash>9C78313BD77C1D615DBEC455D7BD71C4</hash>
  </archivos>
  <archivos>
    <archivo>r01003059.txt</archivo>
    <hash>38EDD5678B384EC972B7A9B3CE23C5C0</hash>
  </archivos>
  <archivos>
    <archivo>r01003060.txt</archivo>
    <hash>8F22D4FDF7F4DABE8871E4991F6297A3</hash>
  </archivos>
  <archivos>
    <archivo>r01003061.txt</archivo>
    <hash>447658614AF6B7FCCAC002C77BC7B545</hash>
  </archivos>
  <archivos>
    <archivo>r01003062.txt</archivo>
    <hash>9050E375D9B696E42115D63CEC796FDF</hash>
  </archivos>
  <archivos>
    <archivo>r01003063.txt</archivo>
    <hash>3C159882DF33F72C8EFA27E5DB96CCEF</hash>
  </archivos>
  <archivos>
    <archivo>r01003064.txt</archivo>
    <hash>8A97CE32CC6877D3D6CA57D75DBE974C</hash>
  </archivos>
  <archivos>
    <archivo>r01003065.txt</archivo>
    <hash>3D26C869A5E82CC3926869A1F1CEA53A</hash>
  </archivos>
  <archivos>
    <archivo>r01003066.txt</archivo>
    <hash>FF5BD87BB9BE46BC940A42B43355F8D0</hash>
  </archivos>
  <archivos>
    <archivo>r01003067.txt</archivo>
    <hash>D08770EE95FAF60673CE06C1F4A7ED91</hash>
  </archivos>
  <archivos>
    <archivo>r01003068.txt</archivo>
    <hash>76934A8650685F0DD8CBACC45C9E4A19</hash>
  </archivos>
  <archivos>
    <archivo>r01003069.txt</archivo>
    <hash>E345D67BECF835D5D8DE5C34D413AE79</hash>
  </archivos>
  <archivos>
    <archivo>sectoresTarifarios.xml</archivo>
    <hash>6EB42882217415A39445890DF7AA874B</hash>
  </archivos>
</Version>