<?xml version="1.0" standalone="yes"?>
<Sector>
  <xs:schema id="Sector" xmlns="" xmlns:xs="http://www.w3.org/2001/XMLSchema" xmlns:msdata="urn:schemas-microsoft-com:xml-msdata">
    <xs:element name="Sector" msdata:IsDataSet="true" msdata:Locale="">
      <xs:complexType>
        <xs:choice minOccurs="0" maxOccurs="unbounded">
          <xs:element name="S" msdata:Locale="">
            <xs:complexType>
              <xs:sequence>
                <xs:element name="Calle" type="xs:string" minOccurs="0" />
                <xs:element name="Lat" type="xs:decimal" minOccurs="0" />
                <xs:element name="Lon" type="xs:decimal" minOccurs="0" />
                <xs:element name="Dis" type="xs:decimal" minOccurs="0" />
                <xs:element name="Cta" type="xs:int" minOccurs="0" />
                <xs:element name="CodSec" type="xs:int" minOccurs="0" />
              </xs:sequence>
            </xs:complexType>
          </xs:element>
        </xs:choice>
      </xs:complexType>
    </xs:element>
  </xs:schema>
  <S>
    <Calle>JWATT</Calle>
    <Lat>34.569137</Lat>
    <Lon>58.766872</Lon>
    <Dis>1374.981</Dis>
    <Cta>1</Cta>
    <CodSec>18</CodSec>
  </S>
  <S>
    <Calle>PINTA</Calle>
    <Lat>34.560627</Lat>
    <Lon>58.769993</Lon>
    <Dis>1003.128</Dis>
    <Cta>86</Cta>
    <CodSec>18</CodSec>
  </S>
  <S>
    <Calle>FERRE</Calle>
    <Lat>34.553973</Lat>
    <Lon>58.762768</Lon>
    <Dis>2514.684</Dis>
    <Cta>155</Cta>
    <CodSec>18</CodSec>
  </S>
  <S>
    <Calle>RUT23</Calle>
    <Lat>34.568669</Lat>
    <Lon>58.742597</Lon>
    <Dis>2702.497</Dis>
    <Cta>313</Cta>
    <CodSec>18</CodSec>
  </S>
  <S>
    <Calle>GCAMP</Calle>
    <Lat>34.551662</Lat>
    <Lon>58.721922</Lon>
    <Dis>1070.629</Dis>
    <Cta>482</Cta>
    <CodSec>18</CodSec>
  </S>
  <S>
    <Calle>PELUF</Calle>
    <Lat>34.544513</Lat>
    <Lon>58.714409</Lon>
    <Dis>1018.985</Dis>
    <Cta>542</Cta>
    <CodSec>18</CodSec>
  </S>
  <S>
    <Calle>SANLO</Calle>
    <Lat>34.537657</Lat>
    <Lon>58.707249</Lon>
    <Dis>732.740</Dis>
    <Cta>600</Cta>
    <CodSec>18</CodSec>
  </S>
  <S>
    <Calle>RU.P8</Calle>
    <Lat>34.532870</Lat>
    <Lon>58.701910</Lon>
    <Dis>0</Dis>
    <Cta>641</Cta>
    <CodSec>18</CodSec>
  </S>
</Sector>