<?xml version="1.0" standalone="yes"?>
<Sector>
  <xs:schema id="Sector" xmlns="" xmlns:xs="http://www.w3.org/2001/XMLSchema" xmlns:msdata="urn:schemas-microsoft-com:xml-msdata">
    <xs:element name="Sector" msdata:IsDataSet="true" msdata:Locale="">
      <xs:complexType>
        <xs:choice minOccurs="0" maxOccurs="unbounded">
          <xs:element name="S" msdata:Locale="">
            <xs:complexType>
              <xs:sequence>
                <xs:element name="Calle" type="xs:string" minOccurs="0" />
                <xs:element name="Lat" type="xs:decimal" minOccurs="0" />
                <xs:element name="Lon" type="xs:decimal" minOccurs="0" />
                <xs:element name="Dis" type="xs:decimal" minOccurs="0" />
                <xs:element name="Cta" type="xs:int" minOccurs="0" />
                <xs:element name="CodSec" type="xs:int" minOccurs="0" />
              </xs:sequence>
            </xs:complexType>
          </xs:element>
        </xs:choice>
      </xs:complexType>
    </xs:element>
  </xs:schema>
  <S>
    <Calle>SORES</Calle>
    <Lat>33.029299</Lat>
    <Lon>60.620206</Lon>
    <Dis>642.887</Dis>
    <Cta>1</Cta>
    <CodSec>12</CodSec>
  </S>
  <S>
    <Calle>JDPER</Calle>
    <Lat>33.025380</Lat>
    <Lon>60.624769</Lon>
    <Dis>1436.093</Dis>
    <Cta>81</Cta>
    <CodSec>12</CodSec>
  </S>
  <S>
    <Calle>CIRCU</Calle>
    <Lat>33.015647</Lat>
    <Lon>60.634730</Lon>
    <Dis>1423.967</Dis>
    <Cta>172</Cta>
    <CodSec>13</CodSec>
  </S>
  <S>
    <Calle>ARIJO</Calle>
    <Lat>33.003005</Lat>
    <Lon>60.636023</Lon>
    <Dis>1520.840</Dis>
    <Cta>270</Cta>
    <CodSec>13</CodSec>
  </S>
  <S>
    <Calle>SMART</Calle>
    <Lat>32.999848</Lat>
    <Lon>60.648373</Lon>
    <Dis>1070.982</Dis>
    <Cta>353</Cta>
    <CodSec>13</CodSec>
  </S>
  <S>
    <Calle>URIB.</Calle>
    <Lat>32.990892</Lat>
    <Lon>60.646657</Lon>
    <Dis>1270.257</Dis>
    <Cta>421</Cta>
    <CodSec>13</CodSec>
  </S>
  <S>
    <Calle>SEGUI</Calle>
    <Lat>32.979738</Lat>
    <Lon>60.644363</Lon>
    <Dis>1411.803</Dis>
    <Cta>497</Cta>
    <CodSec>13</CodSec>
  </S>
  <S>
    <Calle>27FEB</Calle>
    <Lat>32.968325</Lat>
    <Lon>60.640827</Lon>
    <Dis>1913.732</Dis>
    <Cta>586</Cta>
    <CodSec>13</CodSec>
  </S>
  <S>
    <Calle>CORRI</Calle>
    <Lat>32.956494</Lat>
    <Lon>60.644997</Lon>
    <Dis>2030.072</Dis>
    <Cta>690</Cta>
    <CodSec>13</CodSec>
  </S>
  <S>
    <Calle>PARAG</Calle>
    <Lat>32.939649</Lat>
    <Lon>60.642168</Lon>
    <Dis>4257.694</Dis>
    <Cta>809</Cta>
    <CodSec>13</CodSec>
  </S>
  <S>
    <Calle>AVELL</Calle>
    <Lat>32.924865</Lat>
    <Lon>60.675270</Lon>
    <Dis>976.115</Dis>
    <Cta>1089</Cta>
    <CodSec>13</CodSec>
  </S>
  <S>
    <Calle>JJPAS</Calle>
    <Lat>32.919445</Lat>
    <Lon>60.682110</Lon>
    <Dis>2946.474</Dis>
    <Cta>1149</Cta>
    <CodSec>13</CodSec>
  </S>
  <S>
    <Calle>PUCCI</Calle>
    <Lat>32.895013</Lat>
    <Lon>60.691942</Lon>
    <Dis>2792.135</Dis>
    <Cta>1336</Cta>
    <CodSec>13</CodSec>
  </S>
  <S>
    <Calle>CIUDA</Calle>
    <Lat>32.871084</Lat>
    <Lon>60.699376</Lon>
    <Dis>1663.003</Dis>
    <Cta>1512</Cta>
    <CodSec>13</CodSec>
  </S>
  <S>
    <Calle>PAGAN</Calle>
    <Lat>32.856674</Lat>
    <Lon>60.703708</Lon>
    <Dis>3436.576</Dis>
    <Cta>1616</Cta>
    <CodSec>13</CodSec>
  </S>
  <S>
    <Calle>RUT11</Calle>
    <Lat>32.830049</Lat>
    <Lon>60.712640</Lon>
    <Dis>0</Dis>
    <Cta>1816</Cta>
    <CodSec>13</CodSec>
  </S>
</Sector>