<?xml version="1.0" standalone="yes"?>
<Sector>
  <xs:schema id="Sector" xmlns="" xmlns:xs="http://www.w3.org/2001/XMLSchema" xmlns:msdata="urn:schemas-microsoft-com:xml-msdata">
    <xs:element name="Sector" msdata:IsDataSet="true" msdata:Locale="">
      <xs:complexType>
        <xs:choice minOccurs="0" maxOccurs="unbounded">
          <xs:element name="S" msdata:Locale="">
            <xs:complexType>
              <xs:sequence>
                <xs:element name="Calle" type="xs:string" minOccurs="0" />
                <xs:element name="Lat" type="xs:decimal" minOccurs="0" />
                <xs:element name="Lon" type="xs:decimal" minOccurs="0" />
                <xs:element name="Dis" type="xs:decimal" minOccurs="0" />
                <xs:element name="Cta" type="xs:int" minOccurs="0" />
                <xs:element name="CodSec" type="xs:int" minOccurs="0" />
              </xs:sequence>
            </xs:complexType>
          </xs:element>
        </xs:choice>
      </xs:complexType>
    </xs:element>
  </xs:schema>
  <S>
    <Calle>SORES</Calle>
    <Lat>33.029299</Lat>
    <Lon>60.620206</Lon>
    <Dis>642.887</Dis>
    <Cta>1</Cta>
    <CodSec>12</CodSec>
  </S>
  <S>
    <Calle>JDPER</Calle>
    <Lat>33.025380</Lat>
    <Lon>60.624769</Lon>
    <Dis>1436.093</Dis>
    <Cta>81</Cta>
    <CodSec>12</CodSec>
  </S>
  <S>
    <Calle>CIRCU</Calle>
    <Lat>33.015647</Lat>
    <Lon>60.634730</Lon>
    <Dis>1423.967</Dis>
    <Cta>172</Cta>
    <CodSec>13</CodSec>
  </S>
  <S>
    <Calle>ARIJO</Calle>
    <Lat>33.003005</Lat>
    <Lon>60.636023</Lon>
    <Dis>1520.840</Dis>
    <Cta>270</Cta>
    <CodSec>13</CodSec>
  </S>
  <S>
    <Calle>SMART</Calle>
    <Lat>32.999848</Lat>
    <Lon>60.648373</Lon>
    <Dis>1070.982</Dis>
    <Cta>353</Cta>
    <CodSec>13</CodSec>
  </S>
  <S>
    <Calle>URIB.</Calle>
    <Lat>32.990892</Lat>
    <Lon>60.646657</Lon>
    <Dis>1270.257</Dis>
    <Cta>421</Cta>
    <CodSec>13</CodSec>
  </S>
  <S>
    <Calle>SEGUI</Calle>
    <Lat>32.979738</Lat>
    <Lon>60.644363</Lon>
    <Dis>1411.803</Dis>
    <Cta>497</Cta>
    <CodSec>13</CodSec>
  </S>
  <S>
    <Calle>27FEB</Calle>
    <Lat>32.968325</Lat>
    <Lon>60.640827</Lon>
    <Dis>1930.913</Dis>
    <Cta>586</Cta>
    <CodSec>13</CodSec>
  </S>
  <S>
    <Calle>CORRI</Calle>
    <Lat>32.956354</Lat>
    <Lon>60.645016</Lon>
    <Dis>2010.020</Dis>
    <Cta>691</Cta>
    <CodSec>13</CodSec>
  </S>
  <S>
    <Calle>PARAG</Calle>
    <Lat>32.939648</Lat>
    <Lon>60.642181</Lon>
    <Dis>4206.685</Dis>
    <Cta>812</Cta>
    <CodSec>13</CodSec>
  </S>
  <S>
    <Calle>AVELL</Calle>
    <Lat>32.924872</Lat>
    <Lon>60.675323</Lon>
    <Dis>973.564</Dis>
    <Cta>1078</Cta>
    <CodSec>13</CodSec>
  </S>
  <S>
    <Calle>JJPAS</Calle>
    <Lat>32.919458</Lat>
    <Lon>60.682181</Lon>
    <Dis>2946.324</Dis>
    <Cta>1138</Cta>
    <CodSec>13</CodSec>
  </S>
  <S>
    <Calle>PUCCI</Calle>
    <Lat>32.895053</Lat>
    <Lon>60.692033</Lon>
    <Dis>2755.149</Dis>
    <Cta>1328</Cta>
    <CodSec>13</CodSec>
  </S>
  <S>
    <Calle>CIUDA</Calle>
    <Lat>32.871289</Lat>
    <Lon>60.699286</Lon>
    <Dis>1726.305</Dis>
    <Cta>1504</Cta>
    <CodSec>13</CodSec>
  </S>
  <S>
    <Calle>PAGAN</Calle>
    <Lat>32.856442</Lat>
    <Lon>60.703819</Lon>
    <Dis>2578.931</Dis>
    <Cta>1610</Cta>
    <CodSec>13</CodSec>
  </S>
  <S>
    <Calle>CELUL</Calle>
    <Lat>32.834119</Lat>
    <Lon>60.710818</Lon>
    <Dis>3891.237</Dis>
    <Cta>1755</Cta>
    <CodSec>13</CodSec>
  </S>
  <S>
    <Calle>MALVI</Calle>
    <Lat>32.800361</Lat>
    <Lon>60.721009</Lon>
    <Dis>2607.402</Dis>
    <Cta>2006</Cta>
    <CodSec>13</CodSec>
  </S>
  <S>
    <Calle>M.MOR</Calle>
    <Lat>32.777854</Lat>
    <Lon>60.727894</Lon>
    <Dis>4854.548</Dis>
    <Cta>2173</Cta>
    <CodSec>13</CodSec>
  </S>
  <S>
    <Calle>VICEN</Calle>
    <Lat>32.763175</Lat>
    <Lon>60.770089</Lon>
    <Dis>3649.722</Dis>
    <Cta>2484</Cta>
    <CodSec>13</CodSec>
  </S>
  <S>
    <Calle>S.EST</Calle>
    <Lat>32.775629</Lat>
    <Lon>60.797468</Lon>
    <Dis>0</Dis>
    <Cta>2676</Cta>
    <CodSec>13</CodSec>
  </S>
</Sector>