<?xml version="1.0" standalone="yes"?>
<Sector>
  <xs:schema id="Sector" xmlns="" xmlns:xs="http://www.w3.org/2001/XMLSchema" xmlns:msdata="urn:schemas-microsoft-com:xml-msdata">
    <xs:element name="Sector" msdata:IsDataSet="true" msdata:Locale="">
      <xs:complexType>
        <xs:choice minOccurs="0" maxOccurs="unbounded">
          <xs:element name="S" msdata:Locale="">
            <xs:complexType>
              <xs:sequence>
                <xs:element name="Calle" type="xs:string" minOccurs="0" />
                <xs:element name="Lat" type="xs:decimal" minOccurs="0" />
                <xs:element name="Lon" type="xs:decimal" minOccurs="0" />
                <xs:element name="Dis" type="xs:decimal" minOccurs="0" />
                <xs:element name="Cta" type="xs:int" minOccurs="0" />
                <xs:element name="CodSec" type="xs:int" minOccurs="0" />
              </xs:sequence>
            </xs:complexType>
          </xs:element>
        </xs:choice>
      </xs:complexType>
    </xs:element>
  </xs:schema>
  <S>
    <Calle>RUT11</Calle>
    <Lat>32.829800</Lat>
    <Lon>60.712354</Lon>
    <Dis>2281.867</Dis>
    <Cta>1</Cta>
    <CodSec>15</CodSec>
  </S>
  <S>
    <Calle>RU 11</Calle>
    <Lat>32.841059</Lat>
    <Lon>60.708774</Lon>
    <Dis>2873.728</Dis>
    <Cta>181</Cta>
    <CodSec>15</CodSec>
  </S>
  <S>
    <Calle>PAGAN</Calle>
    <Lat>32.856727</Lat>
    <Lon>60.703960</Lon>
    <Dis>1667.724</Dis>
    <Cta>347</Cta>
    <CodSec>15</CodSec>
  </S>
  <S>
    <Calle>CIUDA</Calle>
    <Lat>32.870959</Lat>
    <Lon>60.699622</Lon>
    <Dis>2772.226</Dis>
    <Cta>442</Cta>
    <CodSec>15</CodSec>
  </S>
  <S>
    <Calle>PUCCI</Calle>
    <Lat>32.894796</Lat>
    <Lon>60.692463</Lon>
    <Dis>2941.611</Dis>
    <Cta>625</Cta>
    <CodSec>15</CodSec>
  </S>
  <S>
    <Calle>JJPAS</Calle>
    <Lat>32.919261</Lat>
    <Lon>60.682427</Lon>
    <Dis>1108.082</Dis>
    <Cta>804</Cta>
    <CodSec>15</CodSec>
  </S>
  <S>
    <Calle>ALBER</Calle>
    <Lat>32.926627</Lat>
    <Lon>60.676708</Lon>
    <Dis>3773.689</Dis>
    <Cta>869</Cta>
    <CodSec>15</CodSec>
  </S>
  <S>
    <Calle>MOREN</Calle>
    <Lat>32.937249</Lat>
    <Lon>60.648747</Lon>
    <Dis>2006.337</Dis>
    <Cta>1118</Cta>
    <CodSec>15</CodSec>
  </S>
  <S>
    <Calle>SLUIS</Calle>
    <Lat>32.948510</Lat>
    <Lon>60.641547</Lon>
    <Dis>1286.101</Dis>
    <Cta>1241</Cta>
    <CodSec>15</CodSec>
  </S>
  <S>
    <Calle>SARMI</Calle>
    <Lat>32.957359</Lat>
    <Lon>60.640862</Lon>
    <Dis>1218.526</Dis>
    <Cta>1316</Cta>
    <CodSec>15</CodSec>
  </S>
  <S>
    <Calle>27FEB</Calle>
    <Lat>32.967383</Lat>
    <Lon>60.643437</Lon>
    <Dis>1468.657</Dis>
    <Cta>1389</Cta>
    <CodSec>15</CodSec>
  </S>
  <S>
    <Calle>SEGUI</Calle>
    <Lat>32.979162</Lat>
    <Lon>60.644245</Lon>
    <Dis>1279.804</Dis>
    <Cta>1483</Cta>
    <CodSec>15</CodSec>
  </S>
  <S>
    <Calle>URIB.</Calle>
    <Lat>32.990364</Lat>
    <Lon>60.646664</Lon>
    <Dis>1089.340</Dis>
    <Cta>1561</Cta>
    <CodSec>15</CodSec>
  </S>
  <S>
    <Calle>AvROS</Calle>
    <Lat>32.999752</Lat>
    <Lon>60.648713</Lon>
    <Dis>1650.466</Dis>
    <Cta>1635</Cta>
    <CodSec>15</CodSec>
  </S>
  <S>
    <Calle>AYACU</Calle>
    <Lat>33.002649</Lat>
    <Lon>60.636311</Lon>
    <Dis>1506.040</Dis>
    <Cta>1723</Cta>
    <CodSec>15</CodSec>
  </S>
  <S>
    <Calle>CIRCU</Calle>
    <Lat>33.015785</Lat>
    <Lon>60.634834</Lon>
    <Dis>1425.536</Dis>
    <Cta>1821</Cta>
    <CodSec>12</CodSec>
  </S>
  <S>
    <Calle>JDPER</Calle>
    <Lat>33.025392</Lat>
    <Lon>60.624897</Lon>
    <Dis>856.858</Dis>
    <Cta>1914</Cta>
    <CodSec>12</CodSec>
  </S>
  <S>
    <Calle>SORES</Calle>
    <Lat>33.029196</Lat>
    <Lon>60.619786</Lon>
    <Dis>0</Dis>
    <Cta>2019</Cta>
    <CodSec>12</CodSec>
  </S>
</Sector>