<?xml version="1.0" standalone="yes"?>
<Sector>
  <xs:schema id="Sector" xmlns="" xmlns:xs="http://www.w3.org/2001/XMLSchema" xmlns:msdata="urn:schemas-microsoft-com:xml-msdata">
    <xs:element name="Sector" msdata:IsDataSet="true" msdata:Locale="">
      <xs:complexType>
        <xs:choice minOccurs="0" maxOccurs="unbounded">
          <xs:element name="S" msdata:Locale="">
            <xs:complexType>
              <xs:sequence>
                <xs:element name="Calle" type="xs:string" minOccurs="0" />
                <xs:element name="Lat" type="xs:decimal" minOccurs="0" />
                <xs:element name="Lon" type="xs:decimal" minOccurs="0" />
                <xs:element name="Dis" type="xs:decimal" minOccurs="0" />
                <xs:element name="Cta" type="xs:int" minOccurs="0" />
                <xs:element name="CodSec" type="xs:int" minOccurs="0" />
              </xs:sequence>
            </xs:complexType>
          </xs:element>
        </xs:choice>
      </xs:complexType>
    </xs:element>
  </xs:schema>
  <S>
    <Calle>RU 23</Calle>
    <Lat>34.483597</Lat>
    <Lon>58.611936</Lon>
    <Dis>2191.869</Dis>
    <Cta>1</Cta>
    <CodSec>18</CodSec>
  </S>
  <S>
    <Calle>ARATA</Calle>
    <Lat>34.494291</Lat>
    <Lon>58.631795</Lon>
    <Dis>1275.180</Dis>
    <Cta>115</Cta>
    <CodSec>18</CodSec>
  </S>
  <S>
    <Calle>TORCU</Calle>
    <Lat>34.500553</Lat>
    <Lon>58.643394</Lon>
    <Dis>3258.284</Dis>
    <Cta>175</Cta>
    <CodSec>18</CodSec>
  </S>
  <S>
    <Calle>PERON</Calle>
    <Lat>34.518321</Lat>
    <Lon>58.671433</Lon>
    <Dis>2015.915</Dis>
    <Cta>339</Cta>
    <CodSec>18</CodSec>
  </S>
  <S>
    <Calle>SUARE</Calle>
    <Lat>34.529771</Lat>
    <Lon>58.688411</Lon>
    <Dis>1731.846</Dis>
    <Cta>435</Cta>
    <CodSec>18</CodSec>
  </S>
  <S>
    <Calle>TRIBU</Calle>
    <Lat>34.531786</Lat>
    <Lon>58.701950</Lon>
    <Dis>881.474</Dis>
    <Cta>551</Cta>
    <CodSec>18</CodSec>
  </S>
  <S>
    <Calle>S.LOR</Calle>
    <Lat>34.536572</Lat>
    <Lon>58.708573</Lon>
    <Dis>1214.171</Dis>
    <Cta>599</Cta>
    <CodSec>18</CodSec>
  </S>
  <S>
    <Calle>PELUF</Calle>
    <Lat>34.544513</Lat>
    <Lon>58.714493</Lon>
    <Dis>982.673</Dis>
    <Cta>662</Cta>
    <CodSec>18</CodSec>
  </S>
  <S>
    <Calle>GCAMP</Calle>
    <Lat>34.551151</Lat>
    <Lon>58.721521</Lon>
    <Dis>2823.993</Dis>
    <Cta>710</Cta>
    <CodSec>18</CodSec>
  </S>
  <S>
    <Calle>ESPA?</Calle>
    <Lat>34.566763</Lat>
    <Lon>58.743303</Lon>
    <Dis>1629.813</Dis>
    <Cta>860</Cta>
    <CodSec>18</CodSec>
  </S>
  <S>
    <Calle>EDISO</Calle>
    <Lat>34.558715</Lat>
    <Lon>58.756431</Lon>
    <Dis>1438.979</Dis>
    <Cta>930</Cta>
    <CodSec>18</CodSec>
  </S>
  <S>
    <Calle>TGUID</Calle>
    <Lat>34.550073</Lat>
    <Lon>58.767917</Lon>
    <Dis>3853.853</Dis>
    <Cta>1005</Cta>
    <CodSec>18</CodSec>
  </S>
  <S>
    <Calle>RU 24</Calle>
    <Lat>34.538217</Lat>
    <Lon>58.794368</Lon>
    <Dis>1769.013</Dis>
    <Cta>1202</Cta>
    <CodSec>18</CodSec>
  </S>
  <S>
    <Calle>USTAR</Calle>
    <Lat>34.530409</Lat>
    <Lon>58.778941</Lon>
    <Dis>2816.885</Dis>
    <Cta>1304</Cta>
    <CodSec>18</CodSec>
  </S>
  <S>
    <Calle>ZUVIR</Calle>
    <Lat>34.518974</Lat>
    <Lon>58.751668</Lon>
    <Dis>0</Dis>
    <Cta>1461</Cta>
    <CodSec>18</CodSec>
  </S>
</Sector>