<?xml version="1.0" standalone="yes"?>
<Sector>
  <xs:schema id="Sector" xmlns="" xmlns:xs="http://www.w3.org/2001/XMLSchema" xmlns:msdata="urn:schemas-microsoft-com:xml-msdata">
    <xs:element name="Sector" msdata:IsDataSet="true" msdata:Locale="">
      <xs:complexType>
        <xs:choice minOccurs="0" maxOccurs="unbounded">
          <xs:element name="S" msdata:Locale="">
            <xs:complexType>
              <xs:sequence>
                <xs:element name="Calle" type="xs:string" minOccurs="0" />
                <xs:element name="Lat" type="xs:decimal" minOccurs="0" />
                <xs:element name="Lon" type="xs:decimal" minOccurs="0" />
                <xs:element name="Dis" type="xs:decimal" minOccurs="0" />
                <xs:element name="Cta" type="xs:int" minOccurs="0" />
                <xs:element name="CodSec" type="xs:int" minOccurs="0" />
              </xs:sequence>
            </xs:complexType>
          </xs:element>
        </xs:choice>
      </xs:complexType>
    </xs:element>
  </xs:schema>
  <S>
    <Calle>PACHE</Calle>
    <Lat>34.476841</Lat>
    <Lon>58.663234</Lon>
    <Dis>1432.362</Dis>
    <Cta>1</Cta>
    <CodSec>18</CodSec>
  </S>
  <S>
    <Calle>ENTRA</Calle>
    <Lat>34.475830</Lat>
    <Lon>58.659828</Lon>
    <Dis>359.818</Dis>
    <Cta>75</Cta>
    <CodSec>18</CodSec>
  </S>
  <S>
    <Calle>RUT24</Calle>
    <Lat>34.475780</Lat>
    <Lon>58.663308</Lon>
    <Dis>1021.873</Dis>
    <Cta>99</Cta>
    <CodSec>18</CodSec>
  </S>
  <S>
    <Calle>SANMA</Calle>
    <Lat>34.478650</Lat>
    <Lon>58.673639</Lon>
    <Dis>1372.857</Dis>
    <Cta>162</Cta>
    <CodSec>18</CodSec>
  </S>
  <S>
    <Calle>MORSE</Calle>
    <Lat>34.484973</Lat>
    <Lon>58.686446</Lon>
    <Dis>1980.962</Dis>
    <Cta>233</Cta>
    <CodSec>18</CodSec>
  </S>
  <S>
    <Calle>SEGUI</Calle>
    <Lat>34.493979</Lat>
    <Lon>58.704767</Lon>
    <Dis>1260.867</Dis>
    <Cta>348</Cta>
    <CodSec>18</CodSec>
  </S>
  <S>
    <Calle>CALLA</Calle>
    <Lat>34.502360</Lat>
    <Lon>58.713998</Lon>
    <Dis>1509.378</Dis>
    <Cta>423</Cta>
    <CodSec>18</CodSec>
  </S>
  <S>
    <Calle>RUTP8</Calle>
    <Lat>34.508912</Lat>
    <Lon>58.728318</Lon>
    <Dis>1508.176</Dis>
    <Cta>510</Cta>
    <CodSec>18</CodSec>
  </S>
  <S>
    <Calle>MU?OZ</Calle>
    <Lat>34.514857</Lat>
    <Lon>58.742981</Lon>
    <Dis>986.922</Dis>
    <Cta>595</Cta>
    <CodSec>18</CodSec>
  </S>
  <S>
    <Calle>ZUVIR</Calle>
    <Lat>34.519107</Lat>
    <Lon>58.752337</Lon>
    <Dis>2779.648</Dis>
    <Cta>660</Cta>
    <CodSec>18</CodSec>
  </S>
  <S>
    <Calle>USTAR</Calle>
    <Lat>34.530391</Lat>
    <Lon>58.779262</Lon>
    <Dis>1604.127</Dis>
    <Cta>825</Cta>
    <CodSec>18</CodSec>
  </S>
  <S>
    <Calle>DERQU</Calle>
    <Lat>34.537400</Lat>
    <Lon>58.794526</Lon>
    <Dis>4076.354</Dis>
    <Cta>918</Cta>
    <CodSec>18</CodSec>
  </S>
  <S>
    <Calle>FERRE</Calle>
    <Lat>34.549939</Lat>
    <Lon>58.768039</Lon>
    <Dis>1470.010</Dis>
    <Cta>1164</Cta>
    <CodSec>18</CodSec>
  </S>
  <S>
    <Calle>EDISO</Calle>
    <Lat>34.558729</Lat>
    <Lon>58.756166</Lon>
    <Dis>1675.638</Dis>
    <Cta>1239</Cta>
    <CodSec>18</CodSec>
  </S>
  <S>
    <Calle>RUT23</Calle>
    <Lat>34.568758</Lat>
    <Lon>58.742634</Lon>
    <Dis>2709.516</Dis>
    <Cta>1323</Cta>
    <CodSec>18</CodSec>
  </S>
  <S>
    <Calle>GCAMP</Calle>
    <Lat>34.551605</Lat>
    <Lon>58.721770</Lon>
    <Dis>988.002</Dis>
    <Cta>1468</Cta>
    <CodSec>18</CodSec>
  </S>
  <S>
    <Calle>PELUF</Calle>
    <Lat>34.544856</Lat>
    <Lon>58.714853</Lon>
    <Dis>1070.276</Dis>
    <Cta>1518</Cta>
    <CodSec>18</CodSec>
  </S>
  <S>
    <Calle>SANLO</Calle>
    <Lat>34.537656</Lat>
    <Lon>58.707143</Lon>
    <Dis>754.208</Dis>
    <Cta>1575</Cta>
    <CodSec>18</CodSec>
  </S>
  <S>
    <Calle>RU.P8</Calle>
    <Lat>34.532680</Lat>
    <Lon>58.701600</Lon>
    <Dis>0</Dis>
    <Cta>1616</Cta>
    <CodSec>18</CodSec>
  </S>
</Sector>