<?xml version="1.0" standalone="yes"?>
<Sector>
  <xs:schema id="Sector" xmlns="" xmlns:xs="http://www.w3.org/2001/XMLSchema" xmlns:msdata="urn:schemas-microsoft-com:xml-msdata">
    <xs:element name="Sector" msdata:IsDataSet="true" msdata:Locale="">
      <xs:complexType>
        <xs:choice minOccurs="0" maxOccurs="unbounded">
          <xs:element name="S" msdata:Locale="">
            <xs:complexType>
              <xs:sequence>
                <xs:element name="Calle" type="xs:string" minOccurs="0" />
                <xs:element name="Lat" type="xs:decimal" minOccurs="0" />
                <xs:element name="Lon" type="xs:decimal" minOccurs="0" />
                <xs:element name="Dis" type="xs:decimal" minOccurs="0" />
                <xs:element name="Cta" type="xs:int" minOccurs="0" />
                <xs:element name="CodSec" type="xs:int" minOccurs="0" />
              </xs:sequence>
            </xs:complexType>
          </xs:element>
        </xs:choice>
      </xs:complexType>
    </xs:element>
  </xs:schema>
  <S>
    <Calle>ZUVIR</Calle>
    <Lat>34.519340</Lat>
    <Lon>58.752890</Lon>
    <Dis>2711.812</Dis>
    <Cta>1</Cta>
    <CodSec>18</CodSec>
  </S>
  <S>
    <Calle>USTAR</Calle>
    <Lat>34.530385</Lat>
    <Lon>58.779154</Lon>
    <Dis>1717.571</Dis>
    <Cta>158</Cta>
    <CodSec>18</CodSec>
  </S>
  <S>
    <Calle>DERQU</Calle>
    <Lat>34.537634</Lat>
    <Lon>58.795487</Lon>
    <Dis>3925.342</Dis>
    <Cta>271</Cta>
    <CodSec>18</CodSec>
  </S>
  <S>
    <Calle>FERRE</Calle>
    <Lat>34.550209</Lat>
    <Lon>58.768207</Lon>
    <Dis>1535.412</Dis>
    <Cta>499</Cta>
    <CodSec>18</CodSec>
  </S>
  <S>
    <Calle>EDISO</Calle>
    <Lat>34.558664</Lat>
    <Lon>58.756253</Lon>
    <Dis>1686.382</Dis>
    <Cta>578</Cta>
    <CodSec>18</CodSec>
  </S>
  <S>
    <Calle>RUT23</Calle>
    <Lat>34.568758</Lat>
    <Lon>58.742634</Lon>
    <Dis>2709.516</Dis>
    <Cta>662</Cta>
    <CodSec>18</CodSec>
  </S>
  <S>
    <Calle>GCAMP</Calle>
    <Lat>34.551605</Lat>
    <Lon>58.721770</Lon>
    <Dis>988.002</Dis>
    <Cta>807</Cta>
    <CodSec>18</CodSec>
  </S>
  <S>
    <Calle>PELUF</Calle>
    <Lat>34.544856</Lat>
    <Lon>58.714853</Lon>
    <Dis>1070.276</Dis>
    <Cta>857</Cta>
    <CodSec>18</CodSec>
  </S>
  <S>
    <Calle>SANLO</Calle>
    <Lat>34.537648</Lat>
    <Lon>58.707136</Lon>
    <Dis>666.813</Dis>
    <Cta>914</Cta>
    <CodSec>18</CodSec>
  </S>
  <S>
    <Calle>RU.P8</Calle>
    <Lat>34.533165</Lat>
    <Lon>58.702378</Lon>
    <Dis>1719.061</Dis>
    <Cta>949</Cta>
    <CodSec>18</CodSec>
  </S>
  <S>
    <Calle>GLEMO</Calle>
    <Lat>34.529647</Lat>
    <Lon>58.689110</Lon>
    <Dis>2101.061</Dis>
    <Cta>1042</Cta>
    <CodSec>18</CodSec>
  </S>
  <S>
    <Calle>PERON</Calle>
    <Lat>34.518219</Lat>
    <Lon>58.671275</Lon>
    <Dis>2950.506</Dis>
    <Cta>1147</Cta>
    <CodSec>18</CodSec>
  </S>
  <S>
    <Calle>DTORC</Calle>
    <Lat>34.501994</Lat>
    <Lon>58.646009</Lon>
    <Dis>770.091</Dis>
    <Cta>1293</Cta>
    <CodSec>18</CodSec>
  </S>
  <S>
    <Calle>TORCU</Calle>
    <Lat>34.500563</Lat>
    <Lon>58.643236</Lon>
    <Dis>1262.117</Dis>
    <Cta>1336</Cta>
    <CodSec>18</CodSec>
  </S>
  <S>
    <Calle>ARATA</Calle>
    <Lat>34.494352</Lat>
    <Lon>58.631759</Lon>
    <Dis>2605.738</Dis>
    <Cta>1393</Cta>
    <CodSec>18</CodSec>
  </S>
  <S>
    <Calle>RU 23</Calle>
    <Lat>34.483708</Lat>
    <Lon>58.611932</Lon>
    <Dis>0</Dis>
    <Cta>1533</Cta>
    <CodSec>18</CodSec>
  </S>
</Sector>