<?xml version="1.0" standalone="yes"?>
<Sector>
  <xs:schema id="Sector" xmlns="" xmlns:xs="http://www.w3.org/2001/XMLSchema" xmlns:msdata="urn:schemas-microsoft-com:xml-msdata">
    <xs:element name="Sector" msdata:IsDataSet="true" msdata:Locale="">
      <xs:complexType>
        <xs:choice minOccurs="0" maxOccurs="unbounded">
          <xs:element name="S" msdata:Locale="">
            <xs:complexType>
              <xs:sequence>
                <xs:element name="Calle" type="xs:string" minOccurs="0" />
                <xs:element name="Lat" type="xs:decimal" minOccurs="0" />
                <xs:element name="Lon" type="xs:decimal" minOccurs="0" />
                <xs:element name="Dis" type="xs:decimal" minOccurs="0" />
                <xs:element name="Cta" type="xs:int" minOccurs="0" />
                <xs:element name="CodSec" type="xs:int" minOccurs="0" />
              </xs:sequence>
            </xs:complexType>
          </xs:element>
        </xs:choice>
      </xs:complexType>
    </xs:element>
  </xs:schema>
  <S>
    <Calle>RU 24</Calle>
    <Lat>34.538112</Lat>
    <Lon>58.794623</Lon>
    <Dis>1682.727</Dis>
    <Cta>1</Cta>
    <CodSec>18</CodSec>
  </S>
  <S>
    <Calle>USTAR</Calle>
    <Lat>34.530553</Lat>
    <Lon>58.779420</Lon>
    <Dis>2808.607</Dis>
    <Cta>99</Cta>
    <CodSec>18</CodSec>
  </S>
  <S>
    <Calle>ZUVIR</Calle>
    <Lat>34.519158</Lat>
    <Lon>58.752239</Lon>
    <Dis>911.458</Dis>
    <Cta>251</Cta>
    <CodSec>18</CodSec>
  </S>
  <S>
    <Calle>MU?OZ</Calle>
    <Lat>34.515192</Lat>
    <Lon>58.743555</Lon>
    <Dis>1515.188</Dis>
    <Cta>310</Cta>
    <CodSec>18</CodSec>
  </S>
  <S>
    <Calle>RUTP8</Calle>
    <Lat>34.509221</Lat>
    <Lon>58.728738</Lon>
    <Dis>1538.563</Dis>
    <Cta>396</Cta>
    <CodSec>18</CodSec>
  </S>
  <S>
    <Calle>CALLA</Calle>
    <Lat>34.502578</Lat>
    <Lon>58.714096</Lon>
    <Dis>1291.689</Dis>
    <Cta>482</Cta>
    <CodSec>18</CodSec>
  </S>
  <S>
    <Calle>SEGUI</Calle>
    <Lat>34.494001</Lat>
    <Lon>58.704657</Lon>
    <Dis>1973.699</Dis>
    <Cta>556</Cta>
    <CodSec>18</CodSec>
  </S>
  <S>
    <Calle>MORSE</Calle>
    <Lat>34.485169</Lat>
    <Lon>58.686614</Lon>
    <Dis>1405.184</Dis>
    <Cta>690</Cta>
    <CodSec>18</CodSec>
  </S>
  <S>
    <Calle>SANMA</Calle>
    <Lat>34.478677</Lat>
    <Lon>58.673486</Lon>
    <Dis>970.493</Dis>
    <Cta>769</Cta>
    <CodSec>18</CodSec>
  </S>
  <S>
    <Calle>RUT24</Calle>
    <Lat>34.476067</Lat>
    <Lon>58.663637</Lon>
    <Dis>620.927</Dis>
    <Cta>833</Cta>
    <CodSec>18</CodSec>
  </S>
  <S>
    <Calle>PACHE</Calle>
    <Lat>34.476810</Lat>
    <Lon>58.663042</Lon>
    <Dis>0</Dis>
    <Cta>870</Cta>
    <CodSec>18</CodSec>
  </S>
</Sector>