<?xml version="1.0" standalone="yes"?>
<Sector>
  <xs:schema id="Sector" xmlns="" xmlns:xs="http://www.w3.org/2001/XMLSchema" xmlns:msdata="urn:schemas-microsoft-com:xml-msdata">
    <xs:element name="Sector" msdata:IsDataSet="true" msdata:Locale="">
      <xs:complexType>
        <xs:choice minOccurs="0" maxOccurs="unbounded">
          <xs:element name="S" msdata:Locale="">
            <xs:complexType>
              <xs:sequence>
                <xs:element name="Calle" type="xs:string" minOccurs="0" />
                <xs:element name="Lat" type="xs:decimal" minOccurs="0" />
                <xs:element name="Lon" type="xs:decimal" minOccurs="0" />
                <xs:element name="Dis" type="xs:decimal" minOccurs="0" />
                <xs:element name="Cta" type="xs:int" minOccurs="0" />
                <xs:element name="CodSec" type="xs:int" minOccurs="0" />
              </xs:sequence>
            </xs:complexType>
          </xs:element>
        </xs:choice>
      </xs:complexType>
    </xs:element>
  </xs:schema>
  <S>
    <Calle>TUCUM</Calle>
    <Lat>32.898589</Lat>
    <Lon>60.805387</Lon>
    <Dis>1702.318</Dis>
    <Cta>1</Cta>
    <CodSec>30</CodSec>
  </S>
  <S>
    <Calle>BSAS.</Calle>
    <Lat>32.913332</Lat>
    <Lon>60.805135</Lon>
    <Dis>2098.584</Dis>
    <Cta>112</Cta>
    <CodSec>30</CodSec>
  </S>
  <S>
    <Calle>RUTA9</Calle>
    <Lat>32.921462</Lat>
    <Lon>60.810986</Lon>
    <Dis>889.463</Dis>
    <Cta>235</Cta>
    <CodSec>30</CodSec>
  </S>
  <S>
    <Calle>ILLIA</Calle>
    <Lat>32.929271</Lat>
    <Lon>60.812343</Lon>
    <Dis>3236.181</Dis>
    <Cta>320</Cta>
    <CodSec>30</CodSec>
  </S>
  <S>
    <Calle>MENDO</Calle>
    <Lat>32.927945</Lat>
    <Lon>60.777976</Lon>
    <Dis>1972.221</Dis>
    <Cta>524</Cta>
    <CodSec>30</CodSec>
  </S>
  <S>
    <Calle>AvBER</Calle>
    <Lat>32.936193</Lat>
    <Lon>60.762720</Lon>
    <Dis>764.615</Dis>
    <Cta>646</Cta>
    <CodSec>13</CodSec>
  </S>
  <S>
    <Calle>URIBU</Calle>
    <Lat>32.940879</Lat>
    <Lon>60.760009</Lon>
    <Dis>2002.415</Dis>
    <Cta>714</Cta>
    <CodSec>13</CodSec>
  </S>
  <S>
    <Calle>WILD.</Calle>
    <Lat>32.940329</Lat>
    <Lon>60.738729</Lon>
    <Dis>1129.910</Dis>
    <Cta>823</Cta>
    <CodSec>13</CodSec>
  </S>
  <S>
    <Calle>DNADO</Calle>
    <Lat>32.940706</Lat>
    <Lon>60.727073</Lon>
    <Dis>1327.297</Dis>
    <Cta>930</Cta>
    <CodSec>13</CodSec>
  </S>
  <S>
    <Calle>PUNID</Calle>
    <Lat>32.940367</Lat>
    <Lon>60.712989</Lon>
    <Dis>1260.203</Dis>
    <Cta>1020</Cta>
    <CodSec>13</CodSec>
  </S>
  <S>
    <Calle>AGNET</Calle>
    <Lat>32.940741</Lat>
    <Lon>60.699917</Lon>
    <Dis>1863.009</Dis>
    <Cta>1131</Cta>
    <CodSec>13</CodSec>
  </S>
  <S>
    <Calle>AVELL</Calle>
    <Lat>32.944164</Lat>
    <Lon>60.680643</Lon>
    <Dis>1303.849</Dis>
    <Cta>1256</Cta>
    <CodSec>13</CodSec>
  </S>
  <S>
    <Calle>AvFRA</Calle>
    <Lat>32.946630</Lat>
    <Lon>60.667039</Lon>
    <Dis>1170.632</Dis>
    <Cta>1324</Cta>
    <CodSec>13</CodSec>
  </S>
  <S>
    <Calle>ORO?O</Calle>
    <Lat>32.948789</Lat>
    <Lon>60.654830</Lon>
    <Dis>1215.990</Dis>
    <Cta>1387</Cta>
    <CodSec>13</CodSec>
  </S>
  <S>
    <Calle>SJUAN</Calle>
    <Lat>32.949565</Lat>
    <Lon>60.643314</Lon>
    <Dis>0</Dis>
    <Cta>1454</Cta>
    <CodSec>81</CodSec>
  </S>
</Sector>