<?xml version="1.0" standalone="yes"?>
<Sector>
  <xs:schema id="Sector" xmlns="" xmlns:xs="http://www.w3.org/2001/XMLSchema" xmlns:msdata="urn:schemas-microsoft-com:xml-msdata">
    <xs:element name="Sector" msdata:IsDataSet="true" msdata:Locale="">
      <xs:complexType>
        <xs:choice minOccurs="0" maxOccurs="unbounded">
          <xs:element name="S" msdata:Locale="">
            <xs:complexType>
              <xs:sequence>
                <xs:element name="Calle" type="xs:string" minOccurs="0" />
                <xs:element name="Lat" type="xs:decimal" minOccurs="0" />
                <xs:element name="Lon" type="xs:decimal" minOccurs="0" />
                <xs:element name="Dis" type="xs:decimal" minOccurs="0" />
                <xs:element name="Cta" type="xs:int" minOccurs="0" />
                <xs:element name="CodSec" type="xs:int" minOccurs="0" />
              </xs:sequence>
            </xs:complexType>
          </xs:element>
        </xs:choice>
      </xs:complexType>
    </xs:element>
  </xs:schema>
  <S>
    <Calle>SJUAN</Calle>
    <Lat>32.949561</Lat>
    <Lon>60.643311</Lon>
    <Dis>1577.837</Dis>
    <Cta>1</Cta>
    <CodSec>13</CodSec>
  </S>
  <S>
    <Calle>ORO?O</Calle>
    <Lat>32.947465</Lat>
    <Lon>60.654004</Lon>
    <Dis>1173.069</Dis>
    <Cta>97</Cta>
    <CodSec>13</CodSec>
  </S>
  <S>
    <Calle>AvFRA</Calle>
    <Lat>32.945336</Lat>
    <Lon>60.666239</Lon>
    <Dis>1328.954</Dis>
    <Cta>161</Cta>
    <CodSec>13</CodSec>
  </S>
  <S>
    <Calle>AVELL</Calle>
    <Lat>32.942798</Lat>
    <Lon>60.680091</Lon>
    <Dis>1874.114</Dis>
    <Cta>230</Cta>
    <CodSec>13</CodSec>
  </S>
  <S>
    <Calle>AGNET</Calle>
    <Lat>32.940773</Lat>
    <Lon>60.699734</Lon>
    <Dis>1224.408</Dis>
    <Cta>352</Cta>
    <CodSec>13</CodSec>
  </S>
  <S>
    <Calle>PUNID</Calle>
    <Lat>32.939994</Lat>
    <Lon>60.712499</Lon>
    <Dis>1368.371</Dis>
    <Cta>445</Cta>
    <CodSec>13</CodSec>
  </S>
  <S>
    <Calle>DNADO</Calle>
    <Lat>32.940602</Lat>
    <Lon>60.726822</Lon>
    <Dis>1091.080</Dis>
    <Cta>544</Cta>
    <CodSec>13</CodSec>
  </S>
  <S>
    <Calle>WILD.</Calle>
    <Lat>32.940261</Lat>
    <Lon>60.738274</Lon>
    <Dis>2028.989</Dis>
    <Cta>616</Cta>
    <CodSec>13</CodSec>
  </S>
  <S>
    <Calle>URIBU</Calle>
    <Lat>32.940824</Lat>
    <Lon>60.759686</Lon>
    <Dis>655.535</Dis>
    <Cta>770</Cta>
    <CodSec>81</CodSec>
  </S>
  <S>
    <Calle>AvBER</Calle>
    <Lat>32.936504</Lat>
    <Lon>60.762394</Lon>
    <Dis>2010.208</Dis>
    <Cta>816</Cta>
    <CodSec>30</CodSec>
  </S>
  <S>
    <Calle>MENDO</Calle>
    <Lat>32.927891</Lat>
    <Lon>60.777477</Lon>
    <Dis>3232.607</Dis>
    <Cta>962</Cta>
    <CodSec>30</CodSec>
  </S>
  <S>
    <Calle>PELLE</Calle>
    <Lat>32.929088</Lat>
    <Lon>60.811912</Lon>
    <Dis>844.078</Dis>
    <Cta>1148</Cta>
    <CodSec>30</CodSec>
  </S>
  <S>
    <Calle>RUTA9</Calle>
    <Lat>32.921677</Lat>
    <Lon>60.811004</Lon>
    <Dis>1387.307</Dis>
    <Cta>1217</Cta>
    <CodSec>30</CodSec>
  </S>
  <S>
    <Calle>TUCU.</Calle>
    <Lat>32.913396</Lat>
    <Lon>60.805277</Lon>
    <Dis>1731.953</Dis>
    <Cta>1302</Cta>
    <CodSec>30</CodSec>
  </S>
  <S>
    <Calle>TUCUM</Calle>
    <Lat>32.898587</Lat>
    <Lon>60.805399</Lon>
    <Dis>0</Dis>
    <Cta>1413</Cta>
    <CodSec>30</CodSec>
  </S>
</Sector>