<?xml version="1.0" standalone="yes"?>
<Version>
  <xs:schema id="Version" xmlns="" xmlns:xs="http://www.w3.org/2001/XMLSchema" xmlns:msdata="urn:schemas-microsoft-com:xml-msdata">
    <xs:element name="Version" msdata:IsDataSet="true" msdata:UseCurrentLocale="true">
      <xs:complexType>
        <xs:choice minOccurs="0" maxOccurs="unbounded">
          <xs:element name="datosVersion">
            <xs:complexType>
              <xs:sequence>
                <xs:element name="nroVersion" type="xs:int" minOccurs="0" />
                <xs:element name="fechaActivacion" type="xs:dateTime" minOccurs="0" />
              </xs:sequence>
            </xs:complexType>
          </xs:element>
          <xs:element name="archivos">
            <xs:complexType>
              <xs:sequence>
                <xs:element name="archivo" type="xs:string" minOccurs="0" />
                <xs:element name="hash" type="xs:string" minOccurs="0" />
              </xs:sequence>
            </xs:complexType>
          </xs:element>
        </xs:choice>
      </xs:complexType>
    </xs:element>
  </xs:schema>
  <datosVersion>
    <nroVersion>36</nroVersion>
    <fechaActivacion>2019-12-24T00:00:00-03:00</fechaActivacion>
  </datosVersion>
  <archivos>
    <archivo>s01000953.xml</archivo>
    <hash>9451D11A4CD1F049FC96F9A9B3C66EE8</hash>
  </archivos>
  <archivos>
    <archivo>s01000954.xml</archivo>
    <hash>CD4F362312C16F0963D25230666E4C71</hash>
  </archivos>
  <archivos>
    <archivo>s01000957.xml</archivo>
    <hash>664AEEE9F54E5FD64D8CB9D5169E5FB8</hash>
  </archivos>
  <archivos>
    <archivo>s01000958.xml</archivo>
    <hash>758139A73499AAA2707AF13E2E5D2C90</hash>
  </archivos>
  <archivos>
    <archivo>s01000961.xml</archivo>
    <hash>7ED7D9361DCEE399135BEABA813F2818</hash>
  </archivos>
  <archivos>
    <archivo>s01000963.xml</archivo>
    <hash>680B284F5B64697D1C393C1B7D16648E</hash>
  </archivos>
  <archivos>
    <archivo>s01000964.xml</archivo>
    <hash>4A70D9935E743A7D217854374031C86F</hash>
  </archivos>
  <archivos>
    <archivo>s01000965.xml</archivo>
    <hash>63BFE1CBEE915C3C1ACB5F7A82995717</hash>
  </archivos>
  <archivos>
    <archivo>s01000971.xml</archivo>
    <hash>8A31761F002E8FE8E975E8C54237F88D</hash>
  </archivos>
  <archivos>
    <archivo>s01000993.xml</archivo>
    <hash>984E131DD64D8A1738636A0EA987132A</hash>
  </archivos>
  <archivos>
    <archivo>s01000994.xml</archivo>
    <hash>B7F7318F408B11E33039B4163318025D</hash>
  </archivos>
  <archivos>
    <archivo>s01000995.xml</archivo>
    <hash>C13204269106BA73E5D7C63823CC8BA0</hash>
  </archivos>
  <archivos>
    <archivo>s01000996.xml</archivo>
    <hash>DE200F8E80E286ADCC4DAB2D66689532</hash>
  </archivos>
  <archivos>
    <archivo>s01000998.xml</archivo>
    <hash>F625A6FE3C513F347D9E10042C7C704B</hash>
  </archivos>
  <archivos>
    <archivo>s01000999.xml</archivo>
    <hash>F144AC05548EFAF7806C88F3990DD764</hash>
  </archivos>
  <archivos>
    <archivo>s01001006.xml</archivo>
    <hash>C3E730A034F16BBF763CC950A89625DA</hash>
  </archivos>
  <archivos>
    <archivo>s01001007.xml</archivo>
    <hash>EBA13F849B6275B6F6C8685A41425234</hash>
  </archivos>
  <archivos>
    <archivo>s01001019.xml</archivo>
    <hash>F7C2C5584EFBA01FC61813D3AD80E178</hash>
  </archivos>
  <archivos>
    <archivo>s01001020.xml</archivo>
    <hash>0A290F7572BACC9236131FC1A6FEB242</hash>
  </archivos>
  <archivos>
    <archivo>s01001021.xml</archivo>
    <hash>6B89EFD3B55C11B2DDB5231B3FB4E3E5</hash>
  </archivos>
  <archivos>
    <archivo>s01003054.xml</archivo>
    <hash>BC569811E588D1B9F194263FE05EA0AE</hash>
  </archivos>
  <archivos>
    <archivo>s01003055.xml</archivo>
    <hash>C9ECDBDE55C7D9DCE22F02606FEE2835</hash>
  </archivos>
  <archivos>
    <archivo>s01003056.xml</archivo>
    <hash>828C0FD73272155660245F613B8C4276</hash>
  </archivos>
  <archivos>
    <archivo>s01003057.xml</archivo>
    <hash>B972108923C7A24EFDC371BA03408BDA</hash>
  </archivos>
  <archivos>
    <archivo>s01003058.xml</archivo>
    <hash>1CDBE1320AAFFADAEB369D0CB195E737</hash>
  </archivos>
  <archivos>
    <archivo>s01003060.xml</archivo>
    <hash>D84A29E1CFCF849D1704C65B02AA5ACF</hash>
  </archivos>
  <archivos>
    <archivo>s01003064.xml</archivo>
    <hash>98BEC696EC08FBA1A637D05AB5FC09E4</hash>
  </archivos>
  <archivos>
    <archivo>s01003067.xml</archivo>
    <hash>83ADD4D55F7502AC798B94052B4BF4C9</hash>
  </archivos>
  <archivos>
    <archivo>s01003070.xml</archivo>
    <hash>0B6C207C61F1D1B9246CFEAFC707FB2B</hash>
  </archivos>
  <archivos>
    <archivo>s01003071.xml</archivo>
    <hash>9668497D81B8B31FAB2A459F35A23E7C</hash>
  </archivos>
  <archivos>
    <archivo>r01000953.txt</archivo>
    <hash>8ACD6CACCFCE15C5A6F482DB7FD41B34</hash>
  </archivos>
  <archivos>
    <archivo>r01000954.txt</archivo>
    <hash>E597A5DA54FBC133765106D95F25109B</hash>
  </archivos>
  <archivos>
    <archivo>r01000957.txt</archivo>
    <hash>97308A3B3A57F01EBFD153BFCE420EEC</hash>
  </archivos>
  <archivos>
    <archivo>r01000958.txt</archivo>
    <hash>21A742655274ECC117ADC93E11797034</hash>
  </archivos>
  <archivos>
    <archivo>r01000961.txt</archivo>
    <hash>3C09C6A94807A3EE7BA11622FD7065C5</hash>
  </archivos>
  <archivos>
    <archivo>r01000963.txt</archivo>
    <hash>975DD68DAFDCFB733A55947124647EFF</hash>
  </archivos>
  <archivos>
    <archivo>r01000964.txt</archivo>
    <hash>CC3EE30B5D961B85DC9BB93C3FE1DEBA</hash>
  </archivos>
  <archivos>
    <archivo>r01000965.txt</archivo>
    <hash>742E5246B38B39A40779902304006869</hash>
  </archivos>
  <archivos>
    <archivo>r01000971.txt</archivo>
    <hash>1FAF515AFF4D682864C10A7C07667176</hash>
  </archivos>
  <archivos>
    <archivo>r01000993.txt</archivo>
    <hash>B62D61866D655BAD5E6E20790C28ED07</hash>
  </archivos>
  <archivos>
    <archivo>r01000994.txt</archivo>
    <hash>D3AF61C1CFEA233945E6B27459AC705F</hash>
  </archivos>
  <archivos>
    <archivo>r01000995.txt</archivo>
    <hash>AD8F46B84A65CEF91F9C1836AC5D3DCE</hash>
  </archivos>
  <archivos>
    <archivo>r01000996.txt</archivo>
    <hash>84CD51C20932F84E7465B7CEDD81E888</hash>
  </archivos>
  <archivos>
    <archivo>r01000998.txt</archivo>
    <hash>83584A4066875B403503DCB05F756A2E</hash>
  </archivos>
  <archivos>
    <archivo>r01000999.txt</archivo>
    <hash>0D86FCD518BAA692626C7D42E5AD9DEC</hash>
  </archivos>
  <archivos>
    <archivo>r01001006.txt</archivo>
    <hash>A84AA2A881A34AC7A63A335BB8BD1222</hash>
  </archivos>
  <archivos>
    <archivo>r01001007.txt</archivo>
    <hash>243899A33F62AAEEF38F2DEE0595C120</hash>
  </archivos>
  <archivos>
    <archivo>r01001019.txt</archivo>
    <hash>CA98F0592CACA4E9898941FA28C25790</hash>
  </archivos>
  <archivos>
    <archivo>r01001020.txt</archivo>
    <hash>74A36CF1FBBADB02B53F053F37A6759D</hash>
  </archivos>
  <archivos>
    <archivo>r01001021.txt</archivo>
    <hash>4B3F17EBE75E273A842C5BEBBFE177AA</hash>
  </archivos>
  <archivos>
    <archivo>r01003054.txt</archivo>
    <hash>143D1E4CF4BC636D4A3E86BD7B0D393E</hash>
  </archivos>
  <archivos>
    <archivo>r01003055.txt</archivo>
    <hash>D490E1B833DF3D62979CC2336159B734</hash>
  </archivos>
  <archivos>
    <archivo>r01003056.txt</archivo>
    <hash>639831602769ADB584EC2846F56E68D0</hash>
  </archivos>
  <archivos>
    <archivo>r01003057.txt</archivo>
    <hash>9881DC544504E69D4A89D9BA1731A2BD</hash>
  </archivos>
  <archivos>
    <archivo>r01003058.txt</archivo>
    <hash>0AC51F7362FD94363FF6050D4D0B46DB</hash>
  </archivos>
  <archivos>
    <archivo>r01003060.txt</archivo>
    <hash>80AD6C058B07728B811D52EB3712C043</hash>
  </archivos>
  <archivos>
    <archivo>r01003064.txt</archivo>
    <hash>F7E7958E3CE7D64F985AFC9ABAE6F18B</hash>
  </archivos>
  <archivos>
    <archivo>r01003067.txt</archivo>
    <hash>662F77FDEA3E8EABB12B7A85455340AB</hash>
  </archivos>
  <archivos>
    <archivo>r01003070.txt</archivo>
    <hash>7FF2B26A91CDB66E29C67DEB04544786</hash>
  </archivos>
  <archivos>
    <archivo>r01003071.txt</archivo>
    <hash>7AB7271DC1ECFA1CD602402D034F8EFF</hash>
  </archivos>
  <archivos>
    <archivo>sectoresTarifarios.xml</archivo>
    <hash>976F13DEE2FD971F7B3E1AA1FA18F0D5</hash>
  </archivos>
</Version>