<?xml version="1.0" standalone="yes"?>
<Sector>
  <xs:schema id="Sector" xmlns="" xmlns:xs="http://www.w3.org/2001/XMLSchema" xmlns:msdata="urn:schemas-microsoft-com:xml-msdata">
    <xs:element name="Sector" msdata:IsDataSet="true" msdata:Locale="">
      <xs:complexType>
        <xs:choice minOccurs="0" maxOccurs="unbounded">
          <xs:element name="S" msdata:Locale="">
            <xs:complexType>
              <xs:sequence>
                <xs:element name="Calle" type="xs:string" minOccurs="0" />
                <xs:element name="Lat" type="xs:decimal" minOccurs="0" />
                <xs:element name="Lon" type="xs:decimal" minOccurs="0" />
                <xs:element name="Dis" type="xs:decimal" minOccurs="0" />
                <xs:element name="Cta" type="xs:int" minOccurs="0" />
                <xs:element name="CodSec" type="xs:int" minOccurs="0" />
              </xs:sequence>
            </xs:complexType>
          </xs:element>
        </xs:choice>
      </xs:complexType>
    </xs:element>
  </xs:schema>
  <S>
    <Calle>RUT11</Calle>
    <Lat>32.829800</Lat>
    <Lon>60.712354</Lon>
    <Dis>2281.867</Dis>
    <Cta>1</Cta>
    <CodSec>15</CodSec>
  </S>
  <S>
    <Calle>RU 11</Calle>
    <Lat>32.841059</Lat>
    <Lon>60.708774</Lon>
    <Dis>2873.728</Dis>
    <Cta>181</Cta>
    <CodSec>15</CodSec>
  </S>
  <S>
    <Calle>PAGAN</Calle>
    <Lat>32.856727</Lat>
    <Lon>60.703960</Lon>
    <Dis>1667.724</Dis>
    <Cta>347</Cta>
    <CodSec>15</CodSec>
  </S>
  <S>
    <Calle>CIUDA</Calle>
    <Lat>32.870959</Lat>
    <Lon>60.699622</Lon>
    <Dis>2772.226</Dis>
    <Cta>442</Cta>
    <CodSec>15</CodSec>
  </S>
  <S>
    <Calle>PUCCI</Calle>
    <Lat>32.894796</Lat>
    <Lon>60.692463</Lon>
    <Dis>2941.611</Dis>
    <Cta>625</Cta>
    <CodSec>15</CodSec>
  </S>
  <S>
    <Calle>JJPAS</Calle>
    <Lat>32.919261</Lat>
    <Lon>60.682427</Lon>
    <Dis>1108.082</Dis>
    <Cta>804</Cta>
    <CodSec>15</CodSec>
  </S>
  <S>
    <Calle>ALBER</Calle>
    <Lat>32.926627</Lat>
    <Lon>60.676708</Lon>
    <Dis>3773.689</Dis>
    <Cta>869</Cta>
    <CodSec>15</CodSec>
  </S>
  <S>
    <Calle>MOREN</Calle>
    <Lat>32.937249</Lat>
    <Lon>60.648747</Lon>
    <Dis>2006.337</Dis>
    <Cta>1118</Cta>
    <CodSec>15</CodSec>
  </S>
  <S>
    <Calle>SLUIS</Calle>
    <Lat>32.948510</Lat>
    <Lon>60.641547</Lon>
    <Dis>1286.101</Dis>
    <Cta>1241</Cta>
    <CodSec>15</CodSec>
  </S>
  <S>
    <Calle>SARMI</Calle>
    <Lat>32.957359</Lat>
    <Lon>60.640862</Lon>
    <Dis>1214.135</Dis>
    <Cta>1316</Cta>
    <CodSec>15</CodSec>
  </S>
  <S>
    <Calle>27FEB</Calle>
    <Lat>32.967658</Lat>
    <Lon>60.643463</Lon>
    <Dis>1468.268</Dis>
    <Cta>1387</Cta>
    <CodSec>15</CodSec>
  </S>
  <S>
    <Calle>SEGUI</Calle>
    <Lat>32.979421</Lat>
    <Lon>60.644353</Lon>
    <Dis>1278.739</Dis>
    <Cta>1482</Cta>
    <CodSec>15</CodSec>
  </S>
  <S>
    <Calle>URIB.</Calle>
    <Lat>32.990582</Lat>
    <Lon>60.646660</Lon>
    <Dis>1082.183</Dis>
    <Cta>1558</Cta>
    <CodSec>15</CodSec>
  </S>
  <S>
    <Calle>AvROS</Calle>
    <Lat>32.999839</Lat>
    <Lon>60.648729</Lon>
    <Dis>1630.911</Dis>
    <Cta>1631</Cta>
    <CodSec>15</CodSec>
  </S>
  <S>
    <Calle>AYACU</Calle>
    <Lat>33.002608</Lat>
    <Lon>60.635999</Lon>
    <Dis>1497.213</Dis>
    <Cta>1716</Cta>
    <CodSec>15</CodSec>
  </S>
  <S>
    <Calle>CIRCU</Calle>
    <Lat>33.015855</Lat>
    <Lon>60.634726</Lon>
    <Dis>1438.599</Dis>
    <Cta>1815</Cta>
    <CodSec>12</CodSec>
  </S>
  <S>
    <Calle>JDPER</Calle>
    <Lat>33.025551</Lat>
    <Lon>60.624738</Lon>
    <Dis>2985.127</Dis>
    <Cta>1907</Cta>
    <CodSec>12</CodSec>
  </S>
  <S>
    <Calle>ESPER</Calle>
    <Lat>33.047104</Lat>
    <Lon>60.606341</Lon>
    <Dis>2233.316</Dis>
    <Cta>2210</Cta>
    <CodSec>11</CodSec>
  </S>
  <S>
    <Calle>15MAY</Calle>
    <Lat>33.056927</Lat>
    <Lon>60.614188</Lon>
    <Dis>3239.565</Dis>
    <Cta>2320</Cta>
    <CodSec>11</CodSec>
  </S>
  <S>
    <Calle>BELGR</Calle>
    <Lat>33.054999</Lat>
    <Lon>60.618285</Lon>
    <Dis>0</Dis>
    <Cta>2526</Cta>
    <CodSec>11</CodSec>
  </S>
</Sector>