<?xml version="1.0" standalone="yes"?>
<Sector>
  <xs:schema id="Sector" xmlns="" xmlns:xs="http://www.w3.org/2001/XMLSchema" xmlns:msdata="urn:schemas-microsoft-com:xml-msdata">
    <xs:element name="Sector" msdata:IsDataSet="true" msdata:Locale="">
      <xs:complexType>
        <xs:choice minOccurs="0" maxOccurs="unbounded">
          <xs:element name="S" msdata:Locale="">
            <xs:complexType>
              <xs:sequence>
                <xs:element name="Calle" type="xs:string" minOccurs="0" />
                <xs:element name="Lat" type="xs:decimal" minOccurs="0" />
                <xs:element name="Lon" type="xs:decimal" minOccurs="0" />
                <xs:element name="Dis" type="xs:decimal" minOccurs="0" />
                <xs:element name="Cta" type="xs:int" minOccurs="0" />
                <xs:element name="CodSec" type="xs:int" minOccurs="0" />
              </xs:sequence>
            </xs:complexType>
          </xs:element>
        </xs:choice>
      </xs:complexType>
    </xs:element>
  </xs:schema>
  <S>
    <Calle>JDPER</Calle>
    <Lat>33.018769</Lat>
    <Lon>60.618141</Lon>
    <Dis>4326.477</Dis>
    <Cta>1</Cta>
    <CodSec>12</CodSec>
  </S>
  <S>
    <Calle>S MAR</Calle>
    <Lat>33.027476</Lat>
    <Lon>60.621821</Lon>
    <Dis>2335.025</Dis>
    <Cta>258</Cta>
    <CodSec>12</CodSec>
  </S>
  <S>
    <Calle>S.DIE</Calle>
    <Lat>33.019494</Lat>
    <Lon>60.636491</Lon>
    <Dis>985.729</Dis>
    <Cta>424</Cta>
    <CodSec>12</CodSec>
  </S>
  <S>
    <Calle>AYACU</Calle>
    <Lat>33.015792</Lat>
    <Lon>60.634674</Lon>
    <Dis>1492.251</Dis>
    <Cta>482</Cta>
    <CodSec>13</CodSec>
  </S>
  <S>
    <Calle>ARIJO</Calle>
    <Lat>33.002573</Lat>
    <Lon>60.636082</Lon>
    <Dis>1487.541</Dis>
    <Cta>586</Cta>
    <CodSec>13</CodSec>
  </S>
  <S>
    <Calle>SMART</Calle>
    <Lat>32.999882</Lat>
    <Lon>60.648439</Lon>
    <Dis>1077.612</Dis>
    <Cta>668</Cta>
    <CodSec>13</CodSec>
  </S>
  <S>
    <Calle>URIB.</Calle>
    <Lat>32.990844</Lat>
    <Lon>60.646537</Lon>
    <Dis>1304.543</Dis>
    <Cta>737</Cta>
    <CodSec>13</CodSec>
  </S>
  <S>
    <Calle>SEGUI</Calle>
    <Lat>32.979503</Lat>
    <Lon>60.644272</Lon>
    <Dis>1342.560</Dis>
    <Cta>815</Cta>
    <CodSec>13</CodSec>
  </S>
  <S>
    <Calle>27FEB</Calle>
    <Lat>32.968367</Lat>
    <Lon>60.640851</Lon>
    <Dis>1912.840</Dis>
    <Cta>899</Cta>
    <CodSec>13</CodSec>
  </S>
  <S>
    <Calle>CORRI</Calle>
    <Lat>32.956354</Lat>
    <Lon>60.645016</Lon>
    <Dis>2010.020</Dis>
    <Cta>1007</Cta>
    <CodSec>13</CodSec>
  </S>
  <S>
    <Calle>PARAG</Calle>
    <Lat>32.939648</Lat>
    <Lon>60.642181</Lon>
    <Dis>4206.685</Dis>
    <Cta>1128</Cta>
    <CodSec>13</CodSec>
  </S>
  <S>
    <Calle>AVELL</Calle>
    <Lat>32.924872</Lat>
    <Lon>60.675323</Lon>
    <Dis>973.564</Dis>
    <Cta>1394</Cta>
    <CodSec>13</CodSec>
  </S>
  <S>
    <Calle>JJPAS</Calle>
    <Lat>32.919458</Lat>
    <Lon>60.682181</Lon>
    <Dis>2946.324</Dis>
    <Cta>1454</Cta>
    <CodSec>13</CodSec>
  </S>
  <S>
    <Calle>PUCCI</Calle>
    <Lat>32.895053</Lat>
    <Lon>60.692033</Lon>
    <Dis>2755.149</Dis>
    <Cta>1644</Cta>
    <CodSec>13</CodSec>
  </S>
  <S>
    <Calle>CIUDA</Calle>
    <Lat>32.871289</Lat>
    <Lon>60.699286</Lon>
    <Dis>1726.305</Dis>
    <Cta>1820</Cta>
    <CodSec>13</CodSec>
  </S>
  <S>
    <Calle>PAGAN</Calle>
    <Lat>32.856442</Lat>
    <Lon>60.703819</Lon>
    <Dis>2578.931</Dis>
    <Cta>1926</Cta>
    <CodSec>13</CodSec>
  </S>
  <S>
    <Calle>CELUL</Calle>
    <Lat>32.834119</Lat>
    <Lon>60.710818</Lon>
    <Dis>3891.237</Dis>
    <Cta>2071</Cta>
    <CodSec>13</CodSec>
  </S>
  <S>
    <Calle>MALVI</Calle>
    <Lat>32.800361</Lat>
    <Lon>60.721009</Lon>
    <Dis>2607.402</Dis>
    <Cta>2322</Cta>
    <CodSec>13</CodSec>
  </S>
  <S>
    <Calle>M.MOR</Calle>
    <Lat>32.777854</Lat>
    <Lon>60.727894</Lon>
    <Dis>4854.548</Dis>
    <Cta>2489</Cta>
    <CodSec>13</CodSec>
  </S>
  <S>
    <Calle>VICEN</Calle>
    <Lat>32.763175</Lat>
    <Lon>60.770089</Lon>
    <Dis>3649.722</Dis>
    <Cta>2800</Cta>
    <CodSec>13</CodSec>
  </S>
  <S>
    <Calle>S.EST</Calle>
    <Lat>32.775629</Lat>
    <Lon>60.797468</Lon>
    <Dis>0</Dis>
    <Cta>2992</Cta>
    <CodSec>13</CodSec>
  </S>
</Sector>