<?xml version="1.0" standalone="yes"?>
<Sector>
  <xs:schema id="Sector" xmlns="" xmlns:xs="http://www.w3.org/2001/XMLSchema" xmlns:msdata="urn:schemas-microsoft-com:xml-msdata">
    <xs:element name="Sector" msdata:IsDataSet="true" msdata:Locale="">
      <xs:complexType>
        <xs:choice minOccurs="0" maxOccurs="unbounded">
          <xs:element name="S" msdata:Locale="">
            <xs:complexType>
              <xs:sequence>
                <xs:element name="Calle" type="xs:string" minOccurs="0" />
                <xs:element name="Lat" type="xs:decimal" minOccurs="0" />
                <xs:element name="Lon" type="xs:decimal" minOccurs="0" />
                <xs:element name="Dis" type="xs:decimal" minOccurs="0" />
                <xs:element name="Cta" type="xs:int" minOccurs="0" />
                <xs:element name="CodSec" type="xs:int" minOccurs="0" />
              </xs:sequence>
            </xs:complexType>
          </xs:element>
        </xs:choice>
      </xs:complexType>
    </xs:element>
  </xs:schema>
  <S>
    <Calle>TIMBU</Calle>
    <Lat>32.660520</Lat>
    <Lon>60.797454</Lon>
    <Dis>4127.676</Dis>
    <Cta>1</Cta>
    <CodSec>19</CodSec>
  </S>
  <S>
    <Calle>VIAS.</Calle>
    <Lat>32.691481</Lat>
    <Lon>60.773883</Lon>
    <Dis>5991.116</Dis>
    <Cta>211</Cta>
    <CodSec>18</CodSec>
  </S>
  <S>
    <Calle>P.PSM</Calle>
    <Lat>32.720607</Lat>
    <Lon>60.731847</Lon>
    <Dis>1983.202</Dis>
    <Cta>628</Cta>
    <CodSec>17</CodSec>
  </S>
  <S>
    <Calle>FALUC</Calle>
    <Lat>32.737905</Lat>
    <Lon>60.733951</Lon>
    <Dis>2013.616</Dis>
    <Cta>763</Cta>
    <CodSec>17</CodSec>
  </S>
  <S>
    <Calle>BORGH</Calle>
    <Lat>32.755892</Lat>
    <Lon>60.734397</Lon>
    <Dis>1352.773</Dis>
    <Cta>890</Cta>
    <CodSec>17</CodSec>
  </S>
  <S>
    <Calle>A012</Calle>
    <Lat>32.767443</Lat>
    <Lon>60.731714</Lon>
    <Dis>2079.641</Dis>
    <Cta>1000</Cta>
    <CodSec>17</CodSec>
  </S>
  <S>
    <Calle>AuSFE</Calle>
    <Lat>32.768834</Lat>
    <Lon>60.750575</Lon>
    <Dis>13819.007</Dis>
    <Cta>1139</Cta>
    <CodSec>17</CodSec>
  </S>
  <S>
    <Calle>MAKRO</Calle>
    <Lat>32.881012</Lat>
    <Lon>60.712473</Lon>
    <Dis>1538.319</Dis>
    <Cta>1817</Cta>
    <CodSec>13</CodSec>
  </S>
  <S>
    <Calle>BAIGO</Calle>
    <Lat>32.893741</Lat>
    <Lon>60.706493</Lon>
    <Dis>1960.967</Dis>
    <Cta>1908</Cta>
    <CodSec>13</CodSec>
  </S>
  <S>
    <Calle>SORRE</Calle>
    <Lat>32.907128</Lat>
    <Lon>60.696013</Lon>
    <Dis>3250.049</Dis>
    <Cta>2021</Cta>
    <CodSec>13</CodSec>
  </S>
  <S>
    <Calle>AVELL</Calle>
    <Lat>32.928829</Lat>
    <Lon>60.676693</Lon>
    <Dis>899.121</Dis>
    <Cta>2224</Cta>
    <CodSec>13</CodSec>
  </S>
  <S>
    <Calle>SLORE</Calle>
    <Lat>32.936640</Lat>
    <Lon>60.678534</Lon>
    <Dis>1617.244</Dis>
    <Cta>2282</Cta>
    <CodSec>13</CodSec>
  </S>
  <S>
    <Calle>AvFRA</Calle>
    <Lat>32.936852</Lat>
    <Lon>60.664530</Lon>
    <Dis>1448.482</Dis>
    <Cta>2389</Cta>
    <CodSec>13</CodSec>
  </S>
  <S>
    <Calle>ORO?O</Calle>
    <Lat>32.941390</Lat>
    <Lon>60.652970</Lon>
    <Dis>2494.686</Dis>
    <Cta>2473</Cta>
    <CodSec>13</CodSec>
  </S>
  <S>
    <Calle>PELLE</Calle>
    <Lat>32.956360</Lat>
    <Lon>60.646327</Lon>
    <Dis>885.934</Dis>
    <Cta>2618</Cta>
    <CodSec>13</CodSec>
  </S>
  <S>
    <Calle>LAPRI</Calle>
    <Lat>32.958064</Lat>
    <Lon>60.637107</Lon>
    <Dis>845.336</Dis>
    <Cta>2671</Cta>
    <CodSec>13</CodSec>
  </S>
  <S>
    <Calle>COLON</Calle>
    <Lat>32.959615</Lat>
    <Lon>60.628396</Lon>
    <Dis>1312.042</Dis>
    <Cta>2716</Cta>
    <CodSec>13</CodSec>
  </S>
  <S>
    <Calle>ESMER</Calle>
    <Lat>32.965987</Lat>
    <Lon>60.625605</Lon>
    <Dis>0</Dis>
    <Cta>2788</Cta>
    <CodSec>13</CodSec>
  </S>
</Sector>