<?xml version="1.0" standalone="yes"?>
<Version>
  <xs:schema id="Version" xmlns="" xmlns:xs="http://www.w3.org/2001/XMLSchema" xmlns:msdata="urn:schemas-microsoft-com:xml-msdata">
    <xs:element name="Version" msdata:IsDataSet="true" msdata:UseCurrentLocale="true">
      <xs:complexType>
        <xs:choice minOccurs="0" maxOccurs="unbounded">
          <xs:element name="datosVersion">
            <xs:complexType>
              <xs:sequence>
                <xs:element name="nroVersion" type="xs:int" minOccurs="0" />
                <xs:element name="fechaActivacion" type="xs:dateTime" minOccurs="0" />
              </xs:sequence>
            </xs:complexType>
          </xs:element>
          <xs:element name="archivos">
            <xs:complexType>
              <xs:sequence>
                <xs:element name="archivo" type="xs:string" minOccurs="0" />
                <xs:element name="hash" type="xs:string" minOccurs="0" />
              </xs:sequence>
            </xs:complexType>
          </xs:element>
        </xs:choice>
      </xs:complexType>
    </xs:element>
  </xs:schema>
  <datosVersion>
    <nroVersion>31</nroVersion>
    <fechaActivacion>2020-10-23T11:30:00-03:00</fechaActivacion>
  </datosVersion>
  <archivos>
    <archivo>s01030183.xml</archivo>
    <hash>9BF6682A54E293EFF6FF6B58C56A175E</hash>
  </archivos>
  <archivos>
    <archivo>s01030214.xml</archivo>
    <hash>2C7EAEF7B2D8A9A2D99DB05112F05F6E</hash>
  </archivos>
  <archivos>
    <archivo>s01030215.xml</archivo>
    <hash>F801898D55B136D951B92BA1C5F17DA4</hash>
  </archivos>
  <archivos>
    <archivo>s01030221.xml</archivo>
    <hash>C107B673642942247C41941CED9D4FD8</hash>
  </archivos>
  <archivos>
    <archivo>s01030222.xml</archivo>
    <hash>4D33C4BED9E2022471010A075C516F7C</hash>
  </archivos>
  <archivos>
    <archivo>s01030255.xml</archivo>
    <hash>FD82F8095969C3A96552D6177A510A0B</hash>
  </archivos>
  <archivos>
    <archivo>s01030256.xml</archivo>
    <hash>BEAFE1CDCA338F994D44D2D37A6EEC91</hash>
  </archivos>
  <archivos>
    <archivo>s01030343.xml</archivo>
    <hash>D31BCF89B3595DF79639CBC7032D55E7</hash>
  </archivos>
  <archivos>
    <archivo>s01030344.xml</archivo>
    <hash>B8D4D37B92C97CD94C4B1086036F7A30</hash>
  </archivos>
  <archivos>
    <archivo>s01030484.xml</archivo>
    <hash>CC7C238E718C8305F2B203917061AFA2</hash>
  </archivos>
  <archivos>
    <archivo>s01030757.xml</archivo>
    <hash>7EBC7BC0A171FB17ADE3AF5589D2FD1B</hash>
  </archivos>
  <archivos>
    <archivo>s01030758.xml</archivo>
    <hash>6A07778155C6BA9ABE58AAD248E7DE10</hash>
  </archivos>
  <archivos>
    <archivo>s01030823.xml</archivo>
    <hash>4F6CAAC221C8A232D7FA7BEA1089D34D</hash>
  </archivos>
  <archivos>
    <archivo>s01030824.xml</archivo>
    <hash>4B4274828D9F9DF84C145A8CC10DBE30</hash>
  </archivos>
  <archivos>
    <archivo>s01030825.xml</archivo>
    <hash>22DB15BD5B89B090867CBE73F9DACE55</hash>
  </archivos>
  <archivos>
    <archivo>s01030826.xml</archivo>
    <hash>E80F30DC1647D6D9511BFC286F4B6070</hash>
  </archivos>
  <archivos>
    <archivo>s01030879.xml</archivo>
    <hash>7923E74AF0DF5B26475443A42283116A</hash>
  </archivos>
  <archivos>
    <archivo>s01033256.xml</archivo>
    <hash>7ADDCFCB46642EFE82565BA3EA0C551D</hash>
  </archivos>
  <archivos>
    <archivo>s01033257.xml</archivo>
    <hash>95C3E665740396C8E24C0A192187E361</hash>
  </archivos>
  <archivos>
    <archivo>s01033258.xml</archivo>
    <hash>8CC2B4A0E2235E7DB302FF2F03817AB6</hash>
  </archivos>
  <archivos>
    <archivo>s01033259.xml</archivo>
    <hash>75F52322FB9F01C74276145DAAAF1FDD</hash>
  </archivos>
  <archivos>
    <archivo>r01030183.txt</archivo>
    <hash>D4FC4DE980BA692A892BA5BB88807F94</hash>
  </archivos>
  <archivos>
    <archivo>r01030214.txt</archivo>
    <hash>73030AE8F5231ECEA8A5C6E97C513432</hash>
  </archivos>
  <archivos>
    <archivo>r01030215.txt</archivo>
    <hash>CC63D37CF4C0A0B63A887C34EE1701E4</hash>
  </archivos>
  <archivos>
    <archivo>r01030221.txt</archivo>
    <hash>E5B73D5D8A47D59582D0C29984041904</hash>
  </archivos>
  <archivos>
    <archivo>r01030222.txt</archivo>
    <hash>66E621FFA40B478ED297718F68BA8004</hash>
  </archivos>
  <archivos>
    <archivo>r01030255.txt</archivo>
    <hash>3DDF540D1D4881DDD913B29FE6CF9177</hash>
  </archivos>
  <archivos>
    <archivo>r01030256.txt</archivo>
    <hash>17E477D4B4C17F18AC1BCF63856BA12A</hash>
  </archivos>
  <archivos>
    <archivo>r01030343.txt</archivo>
    <hash>2C1DE985F87CA4912DF5D0FEEFD4AEB5</hash>
  </archivos>
  <archivos>
    <archivo>r01030344.txt</archivo>
    <hash>7020D63B2D5DEF01AF1476D6D6AB7A76</hash>
  </archivos>
  <archivos>
    <archivo>r01030484.txt</archivo>
    <hash>943898B9700C6616C3E19ABC3107743A</hash>
  </archivos>
  <archivos>
    <archivo>r01030757.txt</archivo>
    <hash>2C39801BCF2ABB3CFB53771F45941CB7</hash>
  </archivos>
  <archivos>
    <archivo>r01030758.txt</archivo>
    <hash>616E4BFDF32E9F733BD962B6E217C113</hash>
  </archivos>
  <archivos>
    <archivo>r01030823.txt</archivo>
    <hash>AA9594707631656063749F268DF737F1</hash>
  </archivos>
  <archivos>
    <archivo>r01030824.txt</archivo>
    <hash>83921A74A8CFA73A92ACEDB7FD9807D8</hash>
  </archivos>
  <archivos>
    <archivo>r01030825.txt</archivo>
    <hash>C73FDD4C3CEB663D48E23B51839EE6A4</hash>
  </archivos>
  <archivos>
    <archivo>r01030826.txt</archivo>
    <hash>D03A1CC92EAB31B35B9C08A1806B46BC</hash>
  </archivos>
  <archivos>
    <archivo>r01030879.txt</archivo>
    <hash>6651E58E65396AB1C6CE68B06C951307</hash>
  </archivos>
  <archivos>
    <archivo>r01033256.txt</archivo>
    <hash>2310F68D8FD7812F3E2B3DF6528F36BE</hash>
  </archivos>
  <archivos>
    <archivo>r01033257.txt</archivo>
    <hash>461FBCC2367C4DEF6BF29B89A68E3004</hash>
  </archivos>
  <archivos>
    <archivo>r01033258.txt</archivo>
    <hash>1CA2551E8AB6C39B88E70484E204BDE4</hash>
  </archivos>
  <archivos>
    <archivo>r01033259.txt</archivo>
    <hash>B1D295CC028198A09225E8FCA8DC7F9D</hash>
  </archivos>
  <archivos>
    <archivo>sectoresTarifarios.xml</archivo>
    <hash>48593DEB21DD0A601BE769880414F35C</hash>
  </archivos>
</Version>