<?xml version="1.0" standalone="yes"?>
<Sector>
  <xs:schema id="Sector" xmlns="" xmlns:xs="http://www.w3.org/2001/XMLSchema" xmlns:msdata="urn:schemas-microsoft-com:xml-msdata">
    <xs:element name="Sector" msdata:IsDataSet="true" msdata:Locale="">
      <xs:complexType>
        <xs:choice minOccurs="0" maxOccurs="unbounded">
          <xs:element name="S" msdata:Locale="">
            <xs:complexType>
              <xs:sequence>
                <xs:element name="Calle" type="xs:string" minOccurs="0" />
                <xs:element name="Lat" type="xs:decimal" minOccurs="0" />
                <xs:element name="Lon" type="xs:decimal" minOccurs="0" />
                <xs:element name="Dis" type="xs:decimal" minOccurs="0" />
                <xs:element name="Cta" type="xs:int" minOccurs="0" />
                <xs:element name="CodSec" type="xs:int" minOccurs="0" />
              </xs:sequence>
            </xs:complexType>
          </xs:element>
        </xs:choice>
      </xs:complexType>
    </xs:element>
  </xs:schema>
  <S>
    <Calle>PAVON</Calle>
    <Lat>34.532079</Lat>
    <Lon>58.703790</Lon>
    <Dis>646.450</Dis>
    <Cta>1</Cta>
    <CodSec>18</CodSec>
  </S>
  <S>
    <Calle>SANLO</Calle>
    <Lat>34.536499</Lat>
    <Lon>58.708527</Lon>
    <Dis>1093.460</Dis>
    <Cta>74</Cta>
    <CodSec>18</CodSec>
  </S>
  <S>
    <Calle>ALEM</Calle>
    <Lat>34.543801</Lat>
    <Lon>58.713798</Lon>
    <Dis>1086.090</Dis>
    <Cta>194</Cta>
    <CodSec>18</CodSec>
  </S>
  <S>
    <Calle>CAMPO</Calle>
    <Lat>34.551157</Lat>
    <Lon>58.721598</Lon>
    <Dis>2739.290</Dis>
    <Cta>304</Cta>
    <CodSec>18</CodSec>
  </S>
  <S>
    <Calle>FERR.</Calle>
    <Lat>34.568606</Lat>
    <Lon>58.742640</Lon>
    <Dis>1468.320</Dis>
    <Cta>584</Cta>
    <CodSec>18</CodSec>
  </S>
  <S>
    <Calle>RU.23</Calle>
    <Lat>34.581505</Lat>
    <Lon>58.745425</Lon>
    <Dis>1956.900</Dis>
    <Cta>742</Cta>
    <CodSec>18</CodSec>
  </S>
  <S>
    <Calle>SASTR</Calle>
    <Lat>34.569751</Lat>
    <Lon>58.757433</Lon>
    <Dis>2049.940</Dis>
    <Cta>947</Cta>
    <CodSec>18</CodSec>
  </S>
  <S>
    <Calle>PICHI</Calle>
    <Lat>34.556866</Lat>
    <Lon>58.742553</Lon>
    <Dis>1866.440</Dis>
    <Cta>1160</Cta>
    <CodSec>18</CodSec>
  </S>
  <S>
    <Calle>G.CAM</Calle>
    <Lat>34.545325</Lat>
    <Lon>58.730239</Lon>
    <Dis>888.350</Dis>
    <Cta>1357</Cta>
    <CodSec>18</CodSec>
  </S>
  <S>
    <Calle>BLOIS</Calle>
    <Lat>34.539341</Lat>
    <Lon>58.723815</Lon>
    <Dis>1356.100</Dis>
    <Cta>1447</Cta>
    <CodSec>18</CodSec>
  </S>
  <S>
    <Calle>BALBI</Calle>
    <Lat>34.542873</Lat>
    <Lon>58.713084</Lon>
    <Dis>813.350</Dis>
    <Cta>1588</Cta>
    <CodSec>18</CodSec>
  </S>
  <S>
    <Calle>SLO.</Calle>
    <Lat>34.537701</Lat>
    <Lon>58.707165</Lon>
    <Dis>738.890</Dis>
    <Cta>1674</Cta>
    <CodSec>18</CodSec>
  </S>
  <S>
    <Calle>ILLI</Calle>
    <Lat>34.532799</Lat>
    <Lon>58.701743</Lon>
    <Dis>0</Dis>
    <Cta>1752</Cta>
    <CodSec>18</CodSec>
  </S>
</Sector>