<?xml version="1.0" standalone="yes"?>
<Sector>
  <xs:schema id="Sector" xmlns="" xmlns:xs="http://www.w3.org/2001/XMLSchema" xmlns:msdata="urn:schemas-microsoft-com:xml-msdata">
    <xs:element name="Sector" msdata:IsDataSet="true" msdata:Locale="">
      <xs:complexType>
        <xs:choice minOccurs="0" maxOccurs="unbounded">
          <xs:element name="S" msdata:Locale="">
            <xs:complexType>
              <xs:sequence>
                <xs:element name="Calle" type="xs:string" minOccurs="0" />
                <xs:element name="Lat" type="xs:decimal" minOccurs="0" />
                <xs:element name="Lon" type="xs:decimal" minOccurs="0" />
                <xs:element name="Dis" type="xs:decimal" minOccurs="0" />
                <xs:element name="Cta" type="xs:int" minOccurs="0" />
                <xs:element name="CodSec" type="xs:int" minOccurs="0" />
              </xs:sequence>
            </xs:complexType>
          </xs:element>
        </xs:choice>
      </xs:complexType>
    </xs:element>
  </xs:schema>
  <S>
    <Calle>PAVON</Calle>
    <Lat>34.532079</Lat>
    <Lon>58.703789</Lon>
    <Dis>655.450</Dis>
    <Cta>1</Cta>
    <CodSec>18</CodSec>
  </S>
  <S>
    <Calle>SANLO</Calle>
    <Lat>34.536497</Lat>
    <Lon>58.708530</Lon>
    <Dis>881.430</Dis>
    <Cta>77</Cta>
    <CodSec>18</CodSec>
  </S>
  <S>
    <Calle>ALEM3</Calle>
    <Lat>34.542454</Lat>
    <Lon>58.714877</Lon>
    <Dis>1232.710</Dis>
    <Cta>170</Cta>
    <CodSec>18</CodSec>
  </S>
  <S>
    <Calle>IRIG.</Calle>
    <Lat>34.537551</Lat>
    <Lon>58.721771</Lon>
    <Dis>1039.170</Dis>
    <Cta>304</Cta>
    <CodSec>18</CodSec>
  </S>
  <S>
    <Calle>G.CAM</Calle>
    <Lat>34.543251</Lat>
    <Lon>58.729334</Lon>
    <Dis>1231.980</Dis>
    <Cta>412</Cta>
    <CodSec>18</CodSec>
  </S>
  <S>
    <Calle>CEMEN</Calle>
    <Lat>34.538623</Lat>
    <Lon>58.739124</Lon>
    <Dis>2182.810</Dis>
    <Cta>538</Cta>
    <CodSec>18</CodSec>
  </S>
  <S>
    <Calle>PINTO</Calle>
    <Lat>34.544505</Lat>
    <Lon>58.755092</Lon>
    <Dis>1469.770</Dis>
    <Cta>763</Cta>
    <CodSec>18</CodSec>
  </S>
  <S>
    <Calle>MENDO</Calle>
    <Lat>34.551321</Lat>
    <Lon>58.766121</Lon>
    <Dis>1328.660</Dis>
    <Cta>919</Cta>
    <CodSec>18</CodSec>
  </S>
  <S>
    <Calle>MARCH</Calle>
    <Lat>34.557105</Lat>
    <Lon>58.775984</Lon>
    <Dis>0</Dis>
    <Cta>1056</Cta>
    <CodSec>18</CodSec>
  </S>
</Sector>