<?xml version="1.0" standalone="yes"?>
<Sector>
  <xs:schema id="Sector" xmlns="" xmlns:xs="http://www.w3.org/2001/XMLSchema" xmlns:msdata="urn:schemas-microsoft-com:xml-msdata">
    <xs:element name="Sector" msdata:IsDataSet="true" msdata:Locale="">
      <xs:complexType>
        <xs:choice minOccurs="0" maxOccurs="unbounded">
          <xs:element name="S" msdata:Locale="">
            <xs:complexType>
              <xs:sequence>
                <xs:element name="Calle" type="xs:string" minOccurs="0" />
                <xs:element name="Lat" type="xs:decimal" minOccurs="0" />
                <xs:element name="Lon" type="xs:decimal" minOccurs="0" />
                <xs:element name="Dis" type="xs:decimal" minOccurs="0" />
                <xs:element name="Cta" type="xs:int" minOccurs="0" />
                <xs:element name="CodSec" type="xs:int" minOccurs="0" />
              </xs:sequence>
            </xs:complexType>
          </xs:element>
        </xs:choice>
      </xs:complexType>
    </xs:element>
  </xs:schema>
  <S>
    <Calle>DERQU</Calle>
    <Lat>34.537817</Lat>
    <Lon>58.794818</Lon>
    <Dis>1628.540</Dis>
    <Cta>1</Cta>
    <CodSec>18</CodSec>
  </S>
  <S>
    <Calle>USTAR</Calle>
    <Lat>34.530534</Lat>
    <Lon>58.779303</Lon>
    <Dis>1354.850</Dis>
    <Cta>167</Cta>
    <CodSec>18</CodSec>
  </S>
  <S>
    <Calle>MARTE</Calle>
    <Lat>34.525349</Lat>
    <Lon>58.765934</Lon>
    <Dis>1426.430</Dis>
    <Cta>311</Cta>
    <CodSec>18</CodSec>
  </S>
  <S>
    <Calle>ZUVIR</Calle>
    <Lat>34.519248</Lat>
    <Lon>58.752283</Lon>
    <Dis>1008.210</Dis>
    <Cta>463</Cta>
    <CodSec>18</CodSec>
  </S>
  <S>
    <Calle>POLO</Calle>
    <Lat>34.514797</Lat>
    <Lon>58.742701</Lon>
    <Dis>1932.170</Dis>
    <Cta>572</Cta>
    <CodSec>18</CodSec>
  </S>
  <S>
    <Calle>LLAVA</Calle>
    <Lat>34.507014</Lat>
    <Lon>58.723856</Lon>
    <Dis>1348.230</Dis>
    <Cta>768</Cta>
    <CodSec>18</CodSec>
  </S>
  <S>
    <Calle>D.PE1</Calle>
    <Lat>34.497785</Lat>
    <Lon>58.728924</Lon>
    <Dis>1531.240</Dis>
    <Cta>908</Cta>
    <CodSec>18</CodSec>
  </S>
  <S>
    <Calle>G.BOU</Calle>
    <Lat>34.486362</Lat>
    <Lon>58.724669</Lon>
    <Dis>1705.420</Dis>
    <Cta>1065</Cta>
    <CodSec>18</CodSec>
  </S>
  <S>
    <Calle>DARMI</Calle>
    <Lat>34.478997</Lat>
    <Lon>58.740115</Lon>
    <Dis>0</Dis>
    <Cta>1237</Cta>
    <CodSec>18</CodSec>
  </S>
</Sector>