<?xml version="1.0" standalone="yes"?>
<Sector>
  <xs:schema id="Sector" xmlns="" xmlns:xs="http://www.w3.org/2001/XMLSchema" xmlns:msdata="urn:schemas-microsoft-com:xml-msdata">
    <xs:element name="Sector" msdata:IsDataSet="true" msdata:Locale="">
      <xs:complexType>
        <xs:choice minOccurs="0" maxOccurs="unbounded">
          <xs:element name="S" msdata:Locale="">
            <xs:complexType>
              <xs:sequence>
                <xs:element name="Calle" type="xs:string" minOccurs="0" />
                <xs:element name="Lat" type="xs:decimal" minOccurs="0" />
                <xs:element name="Lon" type="xs:decimal" minOccurs="0" />
                <xs:element name="Dis" type="xs:decimal" minOccurs="0" />
                <xs:element name="Cta" type="xs:int" minOccurs="0" />
                <xs:element name="CodSec" type="xs:int" minOccurs="0" />
              </xs:sequence>
            </xs:complexType>
          </xs:element>
        </xs:choice>
      </xs:complexType>
    </xs:element>
  </xs:schema>
  <S>
    <Calle>MARCH</Calle>
    <Lat>34.557103</Lat>
    <Lon>58.775990</Lon>
    <Dis>1292.410</Dis>
    <Cta>1</Cta>
    <CodSec>18</CodSec>
  </S>
  <S>
    <Calle>MENDO</Calle>
    <Lat>34.551339</Lat>
    <Lon>58.766227</Lon>
    <Dis>1447.050</Dis>
    <Cta>47</Cta>
    <CodSec>18</CodSec>
  </S>
  <S>
    <Calle>GONZ1</Calle>
    <Lat>34.544591</Lat>
    <Lon>58.755392</Lon>
    <Dis>2174.270</Dis>
    <Cta>106</Cta>
    <CodSec>18</CodSec>
  </S>
  <S>
    <Calle>CEMEN</Calle>
    <Lat>34.538397</Lat>
    <Lon>58.739494</Lon>
    <Dis>1298.190</Dis>
    <Cta>189</Cta>
    <CodSec>18</CodSec>
  </S>
  <S>
    <Calle>IRIG</Calle>
    <Lat>34.546312</Lat>
    <Lon>58.731399</Lon>
    <Dis>1390.740</Dis>
    <Cta>234</Cta>
    <CodSec>18</CodSec>
  </S>
  <S>
    <Calle>SARMI</Calle>
    <Lat>34.537022</Lat>
    <Lon>58.721322</Lon>
    <Dis>1018.790</Dis>
    <Cta>285</Cta>
    <CodSec>18</CodSec>
  </S>
  <S>
    <Calle>BALB.</Calle>
    <Lat>34.542919</Lat>
    <Lon>58.713020</Lon>
    <Dis>798.270</Dis>
    <Cta>325</Cta>
    <CodSec>18</CodSec>
  </S>
  <S>
    <Calle>SLO.</Calle>
    <Lat>34.537745</Lat>
    <Lon>58.707225</Lon>
    <Dis>746.270</Dis>
    <Cta>357</Cta>
    <CodSec>18</CodSec>
  </S>
  <S>
    <Calle>ILLI</Calle>
    <Lat>34.532799</Lat>
    <Lon>58.701743</Lon>
    <Dis>0</Dis>
    <Cta>385</Cta>
    <CodSec>18</CodSec>
  </S>
</Sector>