<?xml version="1.0" standalone="yes"?>
<Sector>
  <xs:schema id="Sector" xmlns="" xmlns:xs="http://www.w3.org/2001/XMLSchema" xmlns:msdata="urn:schemas-microsoft-com:xml-msdata">
    <xs:element name="Sector" msdata:IsDataSet="true" msdata:Locale="">
      <xs:complexType>
        <xs:choice minOccurs="0" maxOccurs="unbounded">
          <xs:element name="S" msdata:Locale="">
            <xs:complexType>
              <xs:sequence>
                <xs:element name="Calle" type="xs:string" minOccurs="0" />
                <xs:element name="Lat" type="xs:decimal" minOccurs="0" />
                <xs:element name="Lon" type="xs:decimal" minOccurs="0" />
                <xs:element name="Dis" type="xs:decimal" minOccurs="0" />
                <xs:element name="Cta" type="xs:int" minOccurs="0" />
                <xs:element name="CodSec" type="xs:int" minOccurs="0" />
              </xs:sequence>
            </xs:complexType>
          </xs:element>
        </xs:choice>
      </xs:complexType>
    </xs:element>
  </xs:schema>
  <S>
    <Calle>PAVON</Calle>
    <Lat>34.532079</Lat>
    <Lon>58.703790</Lon>
    <Dis>648.460</Dis>
    <Cta>1</Cta>
    <CodSec>18</CodSec>
  </S>
  <S>
    <Calle>SANLO</Calle>
    <Lat>34.536500</Lat>
    <Lon>58.708526</Lon>
    <Dis>1045.560</Dis>
    <Cta>70</Cta>
    <CodSec>18</CodSec>
  </S>
  <S>
    <Calle>BALB.</Calle>
    <Lat>34.543481</Lat>
    <Lon>58.713657</Lon>
    <Dis>1543.140</Dis>
    <Cta>180</Cta>
    <CodSec>18</CodSec>
  </S>
  <S>
    <Calle>IRIG</Calle>
    <Lat>34.541144</Lat>
    <Lon>58.725568</Lon>
    <Dis>1443.670</Dis>
    <Cta>342</Cta>
    <CodSec>18</CodSec>
  </S>
  <S>
    <Calle>ARRIC</Calle>
    <Lat>34.532308</Lat>
    <Lon>58.735250</Lon>
    <Dis>1243.120</Dis>
    <Cta>501</Cta>
    <CodSec>18</CodSec>
  </S>
  <S>
    <Calle>GONZA</Calle>
    <Lat>34.534551</Lat>
    <Lon>58.744751</Lon>
    <Dis>1559.090</Dis>
    <Cta>630</Cta>
    <CodSec>18</CodSec>
  </S>
  <S>
    <Calle>PUEYR</Calle>
    <Lat>34.525870</Lat>
    <Lon>58.747370</Lon>
    <Dis>1088.050</Dis>
    <Cta>799</Cta>
    <CodSec>18</CodSec>
  </S>
  <S>
    <Calle>LACRO</Calle>
    <Lat>34.520480</Lat>
    <Lon>58.754702</Lon>
    <Dis>503.020</Dis>
    <Cta>916</Cta>
    <CodSec>18</CodSec>
  </S>
  <S>
    <Calle>ALTUB</Calle>
    <Lat>34.521049</Lat>
    <Lon>58.749871</Lon>
    <Dis>1328.620</Dis>
    <Cta>971</Cta>
    <CodSec>18</CodSec>
  </S>
  <S>
    <Calle>CAPDE</Calle>
    <Lat>34.522620</Lat>
    <Lon>58.760753</Lon>
    <Dis>1877.450</Dis>
    <Cta>1108</Cta>
    <CodSec>18</CodSec>
  </S>
  <S>
    <Calle>CROAC</Calle>
    <Lat>34.530277</Lat>
    <Lon>58.778948</Lon>
    <Dis>864.210</Dis>
    <Cta>1304</Cta>
    <CodSec>18</CodSec>
  </S>
  <S>
    <Calle>CORON</Calle>
    <Lat>34.530382</Lat>
    <Lon>58.787505</Lon>
    <Dis>743.060</Dis>
    <Cta>1393</Cta>
    <CodSec>18</CodSec>
  </S>
  <S>
    <Calle>SALVA</Calle>
    <Lat>34.525916</Lat>
    <Lon>58.792892</Lon>
    <Dis>957.670</Dis>
    <Cta>1472</Cta>
    <CodSec>18</CodSec>
  </S>
  <S>
    <Calle>DERQU</Calle>
    <Lat>34.531175</Lat>
    <Lon>58.801018</Lon>
    <Dis>1020.040</Dis>
    <Cta>1571</Cta>
    <CodSec>18</CodSec>
  </S>
  <S>
    <Calle>SOMEL</Calle>
    <Lat>34.524221</Lat>
    <Lon>58.808025</Lon>
    <Dis>1090.850</Dis>
    <Cta>1678</Cta>
    <CodSec>18</CodSec>
  </S>
  <S>
    <Calle>ACEVE</Calle>
    <Lat>34.530260</Lat>
    <Lon>58.815451</Lon>
    <Dis>0</Dis>
    <Cta>1791</Cta>
    <CodSec>18</CodSec>
  </S>
</Sector>