<?xml version="1.0" standalone="yes"?>
<Sector>
  <xs:schema id="Sector" xmlns="" xmlns:xs="http://www.w3.org/2001/XMLSchema" xmlns:msdata="urn:schemas-microsoft-com:xml-msdata">
    <xs:element name="Sector" msdata:IsDataSet="true" msdata:Locale="">
      <xs:complexType>
        <xs:choice minOccurs="0" maxOccurs="unbounded">
          <xs:element name="S" msdata:Locale="">
            <xs:complexType>
              <xs:sequence>
                <xs:element name="Calle" type="xs:string" minOccurs="0" />
                <xs:element name="Lat" type="xs:decimal" minOccurs="0" />
                <xs:element name="Lon" type="xs:decimal" minOccurs="0" />
                <xs:element name="Dis" type="xs:decimal" minOccurs="0" />
                <xs:element name="Cta" type="xs:int" minOccurs="0" />
                <xs:element name="CodSec" type="xs:int" minOccurs="0" />
              </xs:sequence>
            </xs:complexType>
          </xs:element>
        </xs:choice>
      </xs:complexType>
    </xs:element>
  </xs:schema>
  <S>
    <Calle>PAVON</Calle>
    <Lat>34.532080</Lat>
    <Lon>58.703790</Lon>
    <Dis>649.860</Dis>
    <Cta>1</Cta>
    <CodSec>18</CodSec>
  </S>
  <S>
    <Calle>SANLO</Calle>
    <Lat>34.536501</Lat>
    <Lon>58.708524</Lon>
    <Dis>878.580</Dis>
    <Cta>72</Cta>
    <CodSec>18</CodSec>
  </S>
  <S>
    <Calle>ALEM3</Calle>
    <Lat>34.542447</Lat>
    <Lon>58.714838</Lon>
    <Dis>1244.730</Dis>
    <Cta>161</Cta>
    <CodSec>18</CodSec>
  </S>
  <S>
    <Calle>IRIG.</Calle>
    <Lat>34.537505</Lat>
    <Lon>58.721795</Lon>
    <Dis>1134.120</Dis>
    <Cta>293</Cta>
    <CodSec>18</CodSec>
  </S>
  <S>
    <Calle>G.CAM</Calle>
    <Lat>34.545076</Lat>
    <Lon>58.730031</Lon>
    <Dis>1872.520</Dis>
    <Cta>410</Cta>
    <CodSec>18</CodSec>
  </S>
  <S>
    <Calle>IRIG</Calle>
    <Lat>34.556663</Lat>
    <Lon>58.742527</Lon>
    <Dis>2413.630</Dis>
    <Cta>606</Cta>
    <CodSec>18</CodSec>
  </S>
  <S>
    <Calle>LPINT</Calle>
    <Lat>34.569761</Lat>
    <Lon>58.757507</Lon>
    <Dis>1941.500</Dis>
    <Cta>858</Cta>
    <CodSec>18</CodSec>
  </S>
  <S>
    <Calle>MGARC</Calle>
    <Lat>34.581627</Lat>
    <Lon>58.745610</Lon>
    <Dis>1468.110</Dis>
    <Cta>1059</Cta>
    <CodSec>18</CodSec>
  </S>
  <S>
    <Calle>FERR.</Calle>
    <Lat>34.568905</Lat>
    <Lon>58.742705</Lon>
    <Dis>2714.270</Dis>
    <Cta>1215</Cta>
    <CodSec>18</CodSec>
  </S>
  <S>
    <Calle>CAMPO</Calle>
    <Lat>34.551634</Lat>
    <Lon>58.721832</Lon>
    <Dis>1057.370</Dis>
    <Cta>1496</Cta>
    <CodSec>18</CodSec>
  </S>
  <S>
    <Calle>FRAGA</Calle>
    <Lat>34.544425</Lat>
    <Lon>58.714333</Lon>
    <Dis>992.450</Dis>
    <Cta>1606</Cta>
    <CodSec>18</CodSec>
  </S>
  <S>
    <Calle>SLO.</Calle>
    <Lat>34.537720</Lat>
    <Lon>58.707184</Lon>
    <Dis>742.060</Dis>
    <Cta>1707</Cta>
    <CodSec>18</CodSec>
  </S>
  <S>
    <Calle>ILLI</Calle>
    <Lat>34.532800</Lat>
    <Lon>58.701740</Lon>
    <Dis>0</Dis>
    <Cta>1785</Cta>
    <CodSec>18</CodSec>
  </S>
</Sector>