<?xml version="1.0" standalone="yes"?>
<Sector>
  <xs:schema id="Sector" xmlns="" xmlns:xs="http://www.w3.org/2001/XMLSchema" xmlns:msdata="urn:schemas-microsoft-com:xml-msdata">
    <xs:element name="Sector" msdata:IsDataSet="true" msdata:Locale="">
      <xs:complexType>
        <xs:choice minOccurs="0" maxOccurs="unbounded">
          <xs:element name="S" msdata:Locale="">
            <xs:complexType>
              <xs:sequence>
                <xs:element name="Calle" type="xs:string" minOccurs="0" />
                <xs:element name="Lat" type="xs:decimal" minOccurs="0" />
                <xs:element name="Lon" type="xs:decimal" minOccurs="0" />
                <xs:element name="Dis" type="xs:decimal" minOccurs="0" />
                <xs:element name="Cta" type="xs:int" minOccurs="0" />
                <xs:element name="CodSec" type="xs:int" minOccurs="0" />
              </xs:sequence>
            </xs:complexType>
          </xs:element>
        </xs:choice>
      </xs:complexType>
    </xs:element>
  </xs:schema>
  <S>
    <Calle>DARMI</Calle>
    <Lat>34.479000</Lat>
    <Lon>58.740170</Lon>
    <Dis>1528.530</Dis>
    <Cta>1</Cta>
    <CodSec>18</CodSec>
  </S>
  <S>
    <Calle>BEIRO</Calle>
    <Lat>34.488452</Lat>
    <Lon>58.728742</Lon>
    <Dis>450.000</Dis>
    <Cta>157</Cta>
    <CodSec>18</CodSec>
  </S>
  <S>
    <Calle>G.BOU</Calle>
    <Lat>34.486379</Lat>
    <Lon>58.724656</Lon>
    <Dis>1616.960</Dis>
    <Cta>203</Cta>
    <CodSec>18</CodSec>
  </S>
  <S>
    <Calle>P.PAT</Calle>
    <Lat>34.497700</Lat>
    <Lon>58.728845</Lon>
    <Dis>1408.600</Dis>
    <Cta>369</Cta>
    <CodSec>18</CodSec>
  </S>
  <S>
    <Calle>SESQU</Calle>
    <Lat>34.506850</Lat>
    <Lon>58.723802</Lon>
    <Dis>1946.570</Dis>
    <Cta>516</Cta>
    <CodSec>18</CodSec>
  </S>
  <S>
    <Calle>POLO</Calle>
    <Lat>34.514768</Lat>
    <Lon>58.742410</Lon>
    <Dis>1052.770</Dis>
    <Cta>713</Cta>
    <CodSec>18</CodSec>
  </S>
  <S>
    <Calle>ZUVIR</Calle>
    <Lat>34.519195</Lat>
    <Lon>58.752569</Lon>
    <Dis>1377.880</Dis>
    <Cta>820</Cta>
    <CodSec>18</CodSec>
  </S>
  <S>
    <Calle>MARTE</Calle>
    <Lat>34.525186</Lat>
    <Lon>58.765693</Lon>
    <Dis>1350.530</Dis>
    <Cta>959</Cta>
    <CodSec>18</CodSec>
  </S>
  <S>
    <Calle>USTAR</Calle>
    <Lat>34.530377</Lat>
    <Lon>58.779015</Lon>
    <Dis>1661.790</Dis>
    <Cta>1097</Cta>
    <CodSec>18</CodSec>
  </S>
  <S>
    <Calle>DERQU</Calle>
    <Lat>34.537616</Lat>
    <Lon>58.794865</Lon>
    <Dis>0</Dis>
    <Cta>1265</Cta>
    <CodSec>18</CodSec>
  </S>
</Sector>