<?xml version="1.0" standalone="yes"?>
<Sector>
  <xs:schema id="Sector" xmlns="" xmlns:xs="http://www.w3.org/2001/XMLSchema" xmlns:msdata="urn:schemas-microsoft-com:xml-msdata">
    <xs:element name="Sector" msdata:IsDataSet="true" msdata:Locale="">
      <xs:complexType>
        <xs:choice minOccurs="0" maxOccurs="unbounded">
          <xs:element name="S" msdata:Locale="">
            <xs:complexType>
              <xs:sequence>
                <xs:element name="Calle" type="xs:string" minOccurs="0" />
                <xs:element name="Lat" type="xs:decimal" minOccurs="0" />
                <xs:element name="Lon" type="xs:decimal" minOccurs="0" />
                <xs:element name="Dis" type="xs:decimal" minOccurs="0" />
                <xs:element name="Cta" type="xs:int" minOccurs="0" />
                <xs:element name="CodSec" type="xs:int" minOccurs="0" />
              </xs:sequence>
            </xs:complexType>
          </xs:element>
        </xs:choice>
      </xs:complexType>
    </xs:element>
  </xs:schema>
  <S>
    <Calle>PAVON</Calle>
    <Lat>34.532079</Lat>
    <Lon>58.703789</Lon>
    <Dis>652.470</Dis>
    <Cta>1</Cta>
    <CodSec>18</CodSec>
  </S>
  <S>
    <Calle>SANLO</Calle>
    <Lat>34.536499</Lat>
    <Lon>58.708527</Lon>
    <Dis>1165.210</Dis>
    <Cta>79</Cta>
    <CodSec>18</CodSec>
  </S>
  <S>
    <Calle>PELUF</Calle>
    <Lat>34.544256</Lat>
    <Lon>58.714284</Lon>
    <Dis>1024.360</Dis>
    <Cta>201</Cta>
    <CodSec>18</CodSec>
  </S>
  <S>
    <Calle>CAMPO</Calle>
    <Lat>34.551188</Lat>
    <Lon>58.721649</Lon>
    <Dis>2353.020</Dis>
    <Cta>305</Cta>
    <CodSec>18</CodSec>
  </S>
  <S>
    <Calle>SARMI</Calle>
    <Lat>34.566141</Lat>
    <Lon>58.739787</Lon>
    <Dis>1322.530</Dis>
    <Cta>545</Cta>
    <CodSec>18</CodSec>
  </S>
  <S>
    <Calle>1JUNT</Calle>
    <Lat>34.558300</Lat>
    <Lon>58.750508</Lon>
    <Dis>1582.610</Dis>
    <Cta>680</Cta>
    <CodSec>18</CodSec>
  </S>
  <S>
    <Calle>MENDO</Calle>
    <Lat>34.548806</Lat>
    <Lon>58.763384</Lon>
    <Dis>1592.170</Dis>
    <Cta>842</Cta>
    <CodSec>18</CodSec>
  </S>
  <S>
    <Calle>ARIAS</Calle>
    <Lat>34.537661</Lat>
    <Lon>58.774294</Lon>
    <Dis>965.480</Dis>
    <Cta>1003</Cta>
    <CodSec>18</CodSec>
  </S>
  <S>
    <Calle>USTAR</Calle>
    <Lat>34.530908</Lat>
    <Lon>58.779949</Lon>
    <Dis>1433.860</Dis>
    <Cta>1104</Cta>
    <CodSec>18</CodSec>
  </S>
  <S>
    <Calle>MARTE</Calle>
    <Lat>34.525350</Lat>
    <Lon>58.765934</Lon>
    <Dis>1490.360</Dis>
    <Cta>1252</Cta>
    <CodSec>18</CodSec>
  </S>
  <S>
    <Calle>JCPAZ</Calle>
    <Lat>34.520571</Lat>
    <Lon>58.751512</Lon>
    <Dis>0</Dis>
    <Cta>1406</Cta>
    <CodSec>18</CodSec>
  </S>
</Sector>