<?xml version="1.0" standalone="yes"?>
<Sector>
  <xs:schema id="Sector" xmlns="" xmlns:xs="http://www.w3.org/2001/XMLSchema" xmlns:msdata="urn:schemas-microsoft-com:xml-msdata">
    <xs:element name="Sector" msdata:IsDataSet="true" msdata:Locale="">
      <xs:complexType>
        <xs:choice minOccurs="0" maxOccurs="unbounded">
          <xs:element name="S" msdata:Locale="">
            <xs:complexType>
              <xs:sequence>
                <xs:element name="Calle" type="xs:string" minOccurs="0" />
                <xs:element name="Lat" type="xs:decimal" minOccurs="0" />
                <xs:element name="Lon" type="xs:decimal" minOccurs="0" />
                <xs:element name="Dis" type="xs:decimal" minOccurs="0" />
                <xs:element name="Cta" type="xs:int" minOccurs="0" />
                <xs:element name="CodSec" type="xs:int" minOccurs="0" />
              </xs:sequence>
            </xs:complexType>
          </xs:element>
        </xs:choice>
      </xs:complexType>
    </xs:element>
  </xs:schema>
  <S>
    <Calle>TRIBU</Calle>
    <Lat>34.542617</Lat>
    <Lon>58.714859</Lon>
    <Dis>1250.460</Dis>
    <Cta>1</Cta>
    <CodSec>18</CodSec>
  </S>
  <S>
    <Calle>SLO.</Calle>
    <Lat>34.537725</Lat>
    <Lon>58.707205</Lon>
    <Dis>743.160</Dis>
    <Cta>138</Cta>
    <CodSec>18</CodSec>
  </S>
  <S>
    <Calle>ILLI</Calle>
    <Lat>34.532798</Lat>
    <Lon>58.701743</Lon>
    <Dis>1620.940</Dis>
    <Cta>218</Cta>
    <CodSec>18</CodSec>
  </S>
  <S>
    <Calle>LEMO</Calle>
    <Lat>34.529494</Lat>
    <Lon>58.689269</Lon>
    <Dis>2094.960</Dis>
    <Cta>395</Cta>
    <CodSec>18</CodSec>
  </S>
  <S>
    <Calle>PERON</Calle>
    <Lat>34.518350</Lat>
    <Lon>58.671460</Lon>
    <Dis>2802.720</Dis>
    <Cta>616</Cta>
    <CodSec>18</CodSec>
  </S>
  <S>
    <Calle>RIVD4</Calle>
    <Lat>34.500317</Lat>
    <Lon>58.692473</Lon>
    <Dis>1302.570</Dis>
    <Cta>910</Cta>
    <CodSec>18</CodSec>
  </S>
  <S>
    <Calle>LOREN</Calle>
    <Lat>34.503510</Lat>
    <Lon>58.703160</Lon>
    <Dis>1222.300</Dis>
    <Cta>1053</Cta>
    <CodSec>18</CodSec>
  </S>
  <S>
    <Calle>SESQ</Calle>
    <Lat>34.495206</Lat>
    <Lon>58.705500</Lon>
    <Dis>1147.320</Dis>
    <Cta>1204</Cta>
    <CodSec>18</CodSec>
  </S>
  <S>
    <Calle>CALLA</Calle>
    <Lat>34.502279</Lat>
    <Lon>58.713888</Lon>
    <Dis>1168.560</Dis>
    <Cta>1326</Cta>
    <CodSec>18</CodSec>
  </S>
  <S>
    <Calle>PASO</Calle>
    <Lat>34.493625</Lat>
    <Lon>58.720845</Lon>
    <Dis>1018.580</Dis>
    <Cta>1447</Cta>
    <CodSec>18</CodSec>
  </S>
  <S>
    <Calle>G.BOU</Calle>
    <Lat>34.486312</Lat>
    <Lon>58.724564</Lon>
    <Dis>1584.490</Dis>
    <Cta>1560</Cta>
    <CodSec>18</CodSec>
  </S>
  <S>
    <Calle>PASCO</Calle>
    <Lat>34.497699</Lat>
    <Lon>58.728867</Lon>
    <Dis>1138.330</Dis>
    <Cta>1737</Cta>
    <CodSec>18</CodSec>
  </S>
  <S>
    <Calle>HERNA</Calle>
    <Lat>34.499585</Lat>
    <Lon>58.738383</Lon>
    <Dis>1827.020</Dis>
    <Cta>1866</Cta>
    <CodSec>18</CodSec>
  </S>
  <S>
    <Calle>SESQU</Calle>
    <Lat>34.508961</Lat>
    <Lon>58.728680</Lon>
    <Dis>1056.310</Dis>
    <Cta>2072</Cta>
    <CodSec>18</CodSec>
  </S>
  <S>
    <Calle>CHILE</Calle>
    <Lat>34.516916</Lat>
    <Lon>58.722435</Lon>
    <Dis>1145.920</Dis>
    <Cta>2183</Cta>
    <CodSec>18</CodSec>
  </S>
  <S>
    <Calle>MU?OZ</Calle>
    <Lat>34.524433</Lat>
    <Lon>58.730449</Lon>
    <Dis>1695.830</Dis>
    <Cta>2310</Cta>
    <CodSec>18</CodSec>
  </S>
  <S>
    <Calle>IRIG</Calle>
    <Lat>34.534716</Lat>
    <Lon>58.719234</Lon>
    <Dis>1250.780</Dis>
    <Cta>2491</Cta>
    <CodSec>18</CodSec>
  </S>
  <S>
    <Calle>ALEM.</Calle>
    <Lat>34.542588</Lat>
    <Lon>58.714884</Lon>
    <Dis>0</Dis>
    <Cta>2630</Cta>
    <CodSec>18</CodSec>
  </S>
</Sector>