<?xml version="1.0" standalone="yes"?>
<Sector>
  <xs:schema id="Sector" xmlns="" xmlns:xs="http://www.w3.org/2001/XMLSchema" xmlns:msdata="urn:schemas-microsoft-com:xml-msdata">
    <xs:element name="Sector" msdata:IsDataSet="true" msdata:Locale="">
      <xs:complexType>
        <xs:choice minOccurs="0" maxOccurs="unbounded">
          <xs:element name="S" msdata:Locale="">
            <xs:complexType>
              <xs:sequence>
                <xs:element name="Calle" type="xs:string" minOccurs="0" />
                <xs:element name="Lat" type="xs:decimal" minOccurs="0" />
                <xs:element name="Lon" type="xs:decimal" minOccurs="0" />
                <xs:element name="Dis" type="xs:decimal" minOccurs="0" />
                <xs:element name="Cta" type="xs:int" minOccurs="0" />
                <xs:element name="CodSec" type="xs:int" minOccurs="0" />
              </xs:sequence>
            </xs:complexType>
          </xs:element>
        </xs:choice>
      </xs:complexType>
    </xs:element>
  </xs:schema>
  <S>
    <Calle>MAZZA</Calle>
    <Lat>34.521748</Lat>
    <Lon>58.701290</Lon>
    <Dis>879.730</Dis>
    <Cta>1</Cta>
    <CodSec>18</CodSec>
  </S>
  <S>
    <Calle>ILLI.</Calle>
    <Lat>34.527759</Lat>
    <Lon>58.707695</Lon>
    <Dis>877.490</Dis>
    <Cta>91</Cta>
    <CodSec>18</CodSec>
  </S>
  <S>
    <Calle>BELG5</Calle>
    <Lat>34.533066</Lat>
    <Lon>58.701091</Lon>
    <Dis>1009.180</Dis>
    <Cta>184</Cta>
    <CodSec>18</CodSec>
  </S>
  <S>
    <Calle>SANLO</Calle>
    <Lat>34.536499</Lat>
    <Lon>58.708527</Lon>
    <Dis>1095.570</Dis>
    <Cta>349</Cta>
    <CodSec>18</CodSec>
  </S>
  <S>
    <Calle>ALEM</Calle>
    <Lat>34.543801</Lat>
    <Lon>58.713798</Lon>
    <Dis>1086.090</Dis>
    <Cta>475</Cta>
    <CodSec>18</CodSec>
  </S>
  <S>
    <Calle>CAMPO</Calle>
    <Lat>34.551157</Lat>
    <Lon>58.721598</Lon>
    <Dis>2739.290</Dis>
    <Cta>585</Cta>
    <CodSec>18</CodSec>
  </S>
  <S>
    <Calle>FERR.</Calle>
    <Lat>34.568606</Lat>
    <Lon>58.742640</Lon>
    <Dis>1468.320</Dis>
    <Cta>865</Cta>
    <CodSec>18</CodSec>
  </S>
  <S>
    <Calle>RU.23</Calle>
    <Lat>34.581505</Lat>
    <Lon>58.745425</Lon>
    <Dis>1958.970</Dis>
    <Cta>1023</Cta>
    <CodSec>18</CodSec>
  </S>
  <S>
    <Calle>SASTR</Calle>
    <Lat>34.569738</Lat>
    <Lon>58.757450</Lon>
    <Dis>0</Dis>
    <Cta>1228</Cta>
    <CodSec>18</CodSec>
  </S>
</Sector>