<?xml version="1.0" standalone="yes"?>
<Sector>
  <xs:schema id="Sector" xmlns="" xmlns:xs="http://www.w3.org/2001/XMLSchema" xmlns:msdata="urn:schemas-microsoft-com:xml-msdata">
    <xs:element name="Sector" msdata:IsDataSet="true" msdata:Locale="">
      <xs:complexType>
        <xs:choice minOccurs="0" maxOccurs="unbounded">
          <xs:element name="S" msdata:Locale="">
            <xs:complexType>
              <xs:sequence>
                <xs:element name="Calle" type="xs:string" minOccurs="0" />
                <xs:element name="Lat" type="xs:decimal" minOccurs="0" />
                <xs:element name="Lon" type="xs:decimal" minOccurs="0" />
                <xs:element name="Dis" type="xs:decimal" minOccurs="0" />
                <xs:element name="Cta" type="xs:int" minOccurs="0" />
                <xs:element name="CodSec" type="xs:int" minOccurs="0" />
              </xs:sequence>
            </xs:complexType>
          </xs:element>
        </xs:choice>
      </xs:complexType>
    </xs:element>
  </xs:schema>
  <S>
    <Calle>AvFRA</Calle>
    <Lat>32.938071</Lat>
    <Lon>60.664435</Lon>
    <Dis>2497.284</Dis>
    <Cta>1</Cta>
    <CodSec>13</CodSec>
  </S>
  <S>
    <Calle>CORDO</Calle>
    <Lat>32.943754</Lat>
    <Lon>60.651883</Lon>
    <Dis>2188.736</Dis>
    <Cta>159</Cta>
    <CodSec>13</CodSec>
  </S>
  <S>
    <Calle>CORRI</Calle>
    <Lat>32.956574</Lat>
    <Lon>60.645111</Lon>
    <Dis>1602.428</Dis>
    <Cta>284</Cta>
    <CodSec>13</CodSec>
  </S>
  <S>
    <Calle>COLON</Calle>
    <Lat>32.959619</Lat>
    <Lon>60.628390</Lon>
    <Dis>2761.419</Dis>
    <Cta>375</Cta>
    <CodSec>13</CodSec>
  </S>
  <S>
    <Calle>BERUT</Calle>
    <Lat>32.979991</Lat>
    <Lon>60.627828</Lon>
    <Dis>1568.901</Dis>
    <Cta>553</Cta>
    <CodSec>13</CodSec>
  </S>
  <S>
    <Calle>GRAND</Calle>
    <Lat>32.993383</Lat>
    <Lon>60.629308</Lon>
    <Dis>0</Dis>
    <Cta>668</Cta>
    <CodSec>13</CodSec>
  </S>
</Sector>