<?xml version="1.0" standalone="yes"?>
<Version>
  <xs:schema id="Version" xmlns="" xmlns:xs="http://www.w3.org/2001/XMLSchema" xmlns:msdata="urn:schemas-microsoft-com:xml-msdata">
    <xs:element name="Version" msdata:IsDataSet="true" msdata:UseCurrentLocale="true">
      <xs:complexType>
        <xs:choice minOccurs="0" maxOccurs="unbounded">
          <xs:element name="datosVersion">
            <xs:complexType>
              <xs:sequence>
                <xs:element name="nroVersion" type="xs:int" minOccurs="0" />
                <xs:element name="fechaActivacion" type="xs:dateTime" minOccurs="0" />
              </xs:sequence>
            </xs:complexType>
          </xs:element>
          <xs:element name="archivos">
            <xs:complexType>
              <xs:sequence>
                <xs:element name="archivo" type="xs:string" minOccurs="0" />
                <xs:element name="hash" type="xs:string" minOccurs="0" />
              </xs:sequence>
            </xs:complexType>
          </xs:element>
        </xs:choice>
      </xs:complexType>
    </xs:element>
  </xs:schema>
  <datosVersion>
    <nroVersion>11</nroVersion>
    <fechaActivacion>2019-10-31T10:00:00-03:00</fechaActivacion>
  </datosVersion>
  <archivos>
    <archivo>s00630354.xml</archivo>
    <hash>1CF5F2CC2A7D74B7DBEA37E2073F11E9</hash>
  </archivos>
  <archivos>
    <archivo>s00630355.xml</archivo>
    <hash>EE745A461B1C7752129294742F78DB98</hash>
  </archivos>
  <archivos>
    <archivo>s00630541.xml</archivo>
    <hash>730F5C4B2B8A83597624DBF6A7600A00</hash>
  </archivos>
  <archivos>
    <archivo>s00630542.xml</archivo>
    <hash>E518065F5120295E55BBA3836FAAA0D3</hash>
  </archivos>
  <archivos>
    <archivo>r00630354.txt</archivo>
    <hash>5960923C300261A4FF1114470BFD0064</hash>
  </archivos>
  <archivos>
    <archivo>r00630355.txt</archivo>
    <hash>45EF31707975CB7291C600D893A636C9</hash>
  </archivos>
  <archivos>
    <archivo>r00630541.txt</archivo>
    <hash>942D8366E80624704774DBA5FBCBA63B</hash>
  </archivos>
  <archivos>
    <archivo>r00630542.txt</archivo>
    <hash>BA3BECE95B56F95249691216AF9AC77E</hash>
  </archivos>
  <archivos>
    <archivo>sectoresTarifarios.xml</archivo>
    <hash>1CDC89B0EDFC387F4998BC762A2A9B44</hash>
  </archivos>
</Version>