<?xml version="1.0" standalone="yes"?>
<Sector>
  <xs:schema id="Sector" xmlns="" xmlns:xs="http://www.w3.org/2001/XMLSchema" xmlns:msdata="urn:schemas-microsoft-com:xml-msdata">
    <xs:element name="Sector" msdata:IsDataSet="true" msdata:Locale="">
      <xs:complexType>
        <xs:choice minOccurs="0" maxOccurs="unbounded">
          <xs:element name="S" msdata:Locale="">
            <xs:complexType>
              <xs:sequence>
                <xs:element name="Calle" type="xs:string" minOccurs="0" />
                <xs:element name="Lat" type="xs:decimal" minOccurs="0" />
                <xs:element name="Lon" type="xs:decimal" minOccurs="0" />
                <xs:element name="Dis" type="xs:decimal" minOccurs="0" />
                <xs:element name="Cta" type="xs:int" minOccurs="0" />
                <xs:element name="CodSec" type="xs:int" minOccurs="0" />
              </xs:sequence>
            </xs:complexType>
          </xs:element>
        </xs:choice>
      </xs:complexType>
    </xs:element>
  </xs:schema>
  <S>
    <Calle>ECUAD</Calle>
    <Lat>33.027611</Lat>
    <Lon>60.755907</Lon>
    <Dis>4795.326</Dis>
    <Cta>1</Cta>
    <CodSec>83</CodSec>
  </S>
  <S>
    <Calle>RUT33</Calle>
    <Lat>32.989641</Lat>
    <Lon>60.752714</Lon>
    <Dis>1684.257</Dis>
    <Cta>272</Cta>
    <CodSec>85</CodSec>
  </S>
  <S>
    <Calle>ESSO</Calle>
    <Lat>32.981403</Lat>
    <Lon>60.737942</Lon>
    <Dis>2928.805</Dis>
    <Cta>382</Cta>
    <CodSec>13</CodSec>
  </S>
  <S>
    <Calle>PUNI</Calle>
    <Lat>32.967994</Lat>
    <Lon>60.711312</Lon>
    <Dis>2016.267</Dis>
    <Cta>536</Cta>
    <CodSec>13</CodSec>
  </S>
  <S>
    <Calle>FMOR</Calle>
    <Lat>32.958720</Lat>
    <Lon>60.692777</Lon>
    <Dis>2425.783</Dis>
    <Cta>640</Cta>
    <CodSec>13</CodSec>
  </S>
  <S>
    <Calle>AvFRA</Calle>
    <Lat>32.962700</Lat>
    <Lon>60.671111</Lon>
    <Dis>1978.611</Dis>
    <Cta>769</Cta>
    <CodSec>13</CodSec>
  </S>
  <S>
    <Calle>P.ROC</Calle>
    <Lat>32.966454</Lat>
    <Lon>60.650422</Lon>
    <Dis>1671.468</Dis>
    <Cta>873</Cta>
    <CodSec>13</CodSec>
  </S>
  <S>
    <Calle>PELLE</Calle>
    <Lat>32.956206</Lat>
    <Lon>60.647870</Lon>
    <Dis>1361.408</Dis>
    <Cta>957</Cta>
    <CodSec>13</CodSec>
  </S>
  <S>
    <Calle>ERIOS</Calle>
    <Lat>32.948589</Lat>
    <Lon>60.641568</Lon>
    <Dis>1214.180</Dis>
    <Cta>1029</Cta>
    <CodSec>13</CodSec>
  </S>
  <S>
    <Calle>SARMI</Calle>
    <Lat>32.957338</Lat>
    <Lon>60.640922</Lon>
    <Dis>1193.942</Dis>
    <Cta>1094</Cta>
    <CodSec>13</CodSec>
  </S>
  <S>
    <Calle>27FEB</Calle>
    <Lat>32.967694</Lat>
    <Lon>60.643399</Lon>
    <Dis>1445.716</Dis>
    <Cta>1156</Cta>
    <CodSec>13</CodSec>
  </S>
  <S>
    <Calle>SEGUI</Calle>
    <Lat>32.979277</Lat>
    <Lon>60.644374</Lon>
    <Dis>1278.333</Dis>
    <Cta>1234</Cta>
    <CodSec>13</CodSec>
  </S>
  <S>
    <Calle>URIB.</Calle>
    <Lat>32.990582</Lat>
    <Lon>60.646660</Lon>
    <Dis>1047.460</Dis>
    <Cta>1302</Cta>
    <CodSec>13</CodSec>
  </S>
  <S>
    <Calle>AvROS</Calle>
    <Lat>32.999776</Lat>
    <Lon>60.648686</Lon>
    <Dis>1887.288</Dis>
    <Cta>1362</Cta>
    <CodSec>13</CodSec>
  </S>
  <S>
    <Calle>CIRCU</Calle>
    <Lat>33.016392</Lat>
    <Lon>60.652301</Lon>
    <Dis>1119.243</Dis>
    <Cta>1485</Cta>
    <CodSec>13</CodSec>
  </S>
  <S>
    <Calle>ArSAL</Calle>
    <Lat>33.026223</Lat>
    <Lon>60.654421</Lon>
    <Dis>2216.284</Dis>
    <Cta>1542</Cta>
    <CodSec>12</CodSec>
  </S>
  <S>
    <Calle>FILIP</Calle>
    <Lat>33.029323</Lat>
    <Lon>60.637275</Lon>
    <Dis>1855.757</Dis>
    <Cta>1667</Cta>
    <CodSec>12</CodSec>
  </S>
  <S>
    <Calle>S.RAF</Calle>
    <Lat>33.033609</Lat>
    <Lon>60.620893</Lon>
    <Dis>0</Dis>
    <Cta>1766</Cta>
    <CodSec>12</CodSec>
  </S>
</Sector>