<?xml version="1.0" standalone="yes"?>
<Sector>
  <xs:schema id="Sector" xmlns="" xmlns:xs="http://www.w3.org/2001/XMLSchema" xmlns:msdata="urn:schemas-microsoft-com:xml-msdata">
    <xs:element name="Sector" msdata:IsDataSet="true" msdata:Locale="">
      <xs:complexType>
        <xs:choice minOccurs="0" maxOccurs="unbounded">
          <xs:element name="S" msdata:Locale="">
            <xs:complexType>
              <xs:sequence>
                <xs:element name="Calle" type="xs:string" minOccurs="0" />
                <xs:element name="Lat" type="xs:decimal" minOccurs="0" />
                <xs:element name="Lon" type="xs:decimal" minOccurs="0" />
                <xs:element name="Dis" type="xs:decimal" minOccurs="0" />
                <xs:element name="Cta" type="xs:int" minOccurs="0" />
                <xs:element name="CodSec" type="xs:int" minOccurs="0" />
              </xs:sequence>
            </xs:complexType>
          </xs:element>
        </xs:choice>
      </xs:complexType>
    </xs:element>
  </xs:schema>
  <S>
    <Calle>SORES</Calle>
    <Lat>33.029299</Lat>
    <Lon>60.620206</Lon>
    <Dis>642.585</Dis>
    <Cta>1</Cta>
    <CodSec>12</CodSec>
  </S>
  <S>
    <Calle>JDPER</Calle>
    <Lat>33.025380</Lat>
    <Lon>60.624769</Lon>
    <Dis>1431.471</Dis>
    <Cta>78</Cta>
    <CodSec>12</CodSec>
  </S>
  <S>
    <Calle>CIRCU</Calle>
    <Lat>33.015647</Lat>
    <Lon>60.634730</Lon>
    <Dis>1448.957</Dis>
    <Cta>155</Cta>
    <CodSec>13</CodSec>
  </S>
  <S>
    <Calle>ARIJO</Calle>
    <Lat>33.003005</Lat>
    <Lon>60.636023</Lon>
    <Dis>1498.049</Dis>
    <Cta>245</Cta>
    <CodSec>13</CodSec>
  </S>
  <S>
    <Calle>SMART</Calle>
    <Lat>32.999632</Lat>
    <Lon>60.648180</Lon>
    <Dis>1124.502</Dis>
    <Cta>319</Cta>
    <CodSec>13</CodSec>
  </S>
  <S>
    <Calle>URIB.</Calle>
    <Lat>32.990892</Lat>
    <Lon>60.646657</Lon>
    <Dis>1290.331</Dis>
    <Cta>382</Cta>
    <CodSec>13</CodSec>
  </S>
  <S>
    <Calle>SEGUI</Calle>
    <Lat>32.979738</Lat>
    <Lon>60.644363</Lon>
    <Dis>1390.208</Dis>
    <Cta>452</Cta>
    <CodSec>13</CodSec>
  </S>
  <S>
    <Calle>27FEB</Calle>
    <Lat>32.968325</Lat>
    <Lon>60.640827</Lon>
    <Dis>1193.374</Dis>
    <Cta>530</Cta>
    <CodSec>13</CodSec>
  </S>
  <S>
    <Calle>PELL.</Calle>
    <Lat>32.958116</Lat>
    <Lon>60.638115</Lon>
    <Dis>1366.929</Dis>
    <Cta>590</Cta>
    <CodSec>13</CodSec>
  </S>
  <S>
    <Calle>ERIOS</Calle>
    <Lat>32.949750</Lat>
    <Lon>60.641565</Lon>
    <Dis>1214.628</Dis>
    <Cta>659</Cta>
    <CodSec>13</CodSec>
  </S>
  <S>
    <Calle>ORO?O</Calle>
    <Lat>32.947424</Lat>
    <Lon>60.654113</Lon>
    <Dis>842.719</Dis>
    <Cta>731</Cta>
    <CodSec>13</CodSec>
  </S>
  <S>
    <Calle>OvLAG</Calle>
    <Lat>32.946009</Lat>
    <Lon>60.662445</Lon>
    <Dis>1222.700</Dis>
    <Cta>775</Cta>
    <CodSec>13</CodSec>
  </S>
  <S>
    <Calle>PELL</Calle>
    <Lat>32.952495</Lat>
    <Lon>60.668370</Lon>
    <Dis>2616.870</Dis>
    <Cta>843</Cta>
    <CodSec>13</CodSec>
  </S>
  <S>
    <Calle>FMOR</Calle>
    <Lat>32.958640</Lat>
    <Lon>60.692885</Lon>
    <Dis>2017.011</Dis>
    <Cta>981</Cta>
    <CodSec>13</CodSec>
  </S>
  <S>
    <Calle>PUNI</Calle>
    <Lat>32.967906</Lat>
    <Lon>60.711407</Lon>
    <Dis>2315.252</Dis>
    <Cta>1082</Cta>
    <CodSec>13</CodSec>
  </S>
  <S>
    <Calle>ESSL</Calle>
    <Lat>32.978575</Lat>
    <Lon>60.732672</Lon>
    <Dis>152.914</Dis>
    <Cta>1194</Cta>
    <CodSec>84</CodSec>
  </S>
  <S>
    <Calle>ESSO</Calle>
    <Lat>32.979261</Lat>
    <Lon>60.734074</Lon>
    <Dis>3452.072</Dis>
    <Cta>1205</Cta>
    <CodSec>85</CodSec>
  </S>
  <S>
    <Calle>LOPEZ</Calle>
    <Lat>32.995643</Lat>
    <Lon>60.765267</Lon>
    <Dis>2942.894</Dis>
    <Cta>1414</Cta>
    <CodSec>85</CodSec>
  </S>
  <S>
    <Calle>RUT33</Calle>
    <Lat>33.005558</Lat>
    <Lon>60.786750</Lon>
    <Dis>0</Dis>
    <Cta>1578</Cta>
    <CodSec>85</CodSec>
  </S>
</Sector>