<?xml version="1.0" standalone="yes"?>
<Sector>
  <xs:schema id="Sector" xmlns="" xmlns:xs="http://www.w3.org/2001/XMLSchema" xmlns:msdata="urn:schemas-microsoft-com:xml-msdata">
    <xs:element name="Sector" msdata:IsDataSet="true" msdata:Locale="">
      <xs:complexType>
        <xs:choice minOccurs="0" maxOccurs="unbounded">
          <xs:element name="S" msdata:Locale="">
            <xs:complexType>
              <xs:sequence>
                <xs:element name="Calle" type="xs:string" minOccurs="0" />
                <xs:element name="Lat" type="xs:decimal" minOccurs="0" />
                <xs:element name="Lon" type="xs:decimal" minOccurs="0" />
                <xs:element name="Dis" type="xs:decimal" minOccurs="0" />
                <xs:element name="Cta" type="xs:int" minOccurs="0" />
                <xs:element name="CodSec" type="xs:int" minOccurs="0" />
              </xs:sequence>
            </xs:complexType>
          </xs:element>
        </xs:choice>
      </xs:complexType>
    </xs:element>
  </xs:schema>
  <S>
    <Calle>BELGR</Calle>
    <Lat>33.054966</Lat>
    <Lon>60.618662</Lon>
    <Dis>2960.627</Dis>
    <Cta>1</Cta>
    <CodSec>11</CodSec>
  </S>
  <S>
    <Calle>ALVEA</Calle>
    <Lat>33.057078</Lat>
    <Lon>60.613894</Lon>
    <Dis>2285.669</Dis>
    <Cta>161</Cta>
    <CodSec>11</CodSec>
  </S>
  <S>
    <Calle>ESPER</Calle>
    <Lat>33.047057</Lat>
    <Lon>60.606260</Lon>
    <Dis>3011.986</Dis>
    <Cta>259</Cta>
    <CodSec>12</CodSec>
  </S>
  <S>
    <Calle>JDPER</Calle>
    <Lat>33.025506</Lat>
    <Lon>60.624535</Lon>
    <Dis>1418.878</Dis>
    <Cta>573</Cta>
    <CodSec>12</CodSec>
  </S>
  <S>
    <Calle>CIRCU</Calle>
    <Lat>33.015981</Lat>
    <Lon>60.634381</Lon>
    <Dis>1515.592</Dis>
    <Cta>650</Cta>
    <CodSec>13</CodSec>
  </S>
  <S>
    <Calle>ARIJO</Calle>
    <Lat>33.002786</Lat>
    <Lon>60.635852</Lon>
    <Dis>1531.704</Dis>
    <Cta>741</Cta>
    <CodSec>13</CodSec>
  </S>
  <S>
    <Calle>SMART</Calle>
    <Lat>32.999826</Lat>
    <Lon>60.648448</Lon>
    <Dis>1044.513</Dis>
    <Cta>814</Cta>
    <CodSec>13</CodSec>
  </S>
  <S>
    <Calle>URIB.</Calle>
    <Lat>32.990856</Lat>
    <Lon>60.646623</Lon>
    <Dis>1270.020</Dis>
    <Cta>871</Cta>
    <CodSec>13</CodSec>
  </S>
  <S>
    <Calle>SEGUI</Calle>
    <Lat>32.979654</Lat>
    <Lon>60.644236</Lon>
    <Dis>1370.607</Dis>
    <Cta>938</Cta>
    <CodSec>13</CodSec>
  </S>
  <S>
    <Calle>27FEB</Calle>
    <Lat>32.968367</Lat>
    <Lon>60.640681</Lon>
    <Dis>1213.318</Dis>
    <Cta>1013</Cta>
    <CodSec>13</CodSec>
  </S>
  <S>
    <Calle>PELL.</Calle>
    <Lat>32.957936</Lat>
    <Lon>60.638116</Lon>
    <Dis>1349.890</Dis>
    <Cta>1071</Cta>
    <CodSec>13</CodSec>
  </S>
  <S>
    <Calle>ERIOS</Calle>
    <Lat>32.949684</Lat>
    <Lon>60.641746</Lon>
    <Dis>1339.406</Dis>
    <Cta>1138</Cta>
    <CodSec>13</CodSec>
  </S>
  <S>
    <Calle>PELL</Calle>
    <Lat>32.955617</Lat>
    <Lon>60.649163</Lon>
    <Dis>1179.362</Dis>
    <Cta>1217</Cta>
    <CodSec>13</CodSec>
  </S>
  <S>
    <Calle>27FBR</Calle>
    <Lat>32.965955</Lat>
    <Lon>60.651783</Lon>
    <Dis>1812.036</Dis>
    <Cta>1284</Cta>
    <CodSec>13</CodSec>
  </S>
  <S>
    <Calle>AvFRA</Calle>
    <Lat>32.962696</Lat>
    <Lon>60.670614</Lon>
    <Dis>2491.856</Dis>
    <Cta>1374</Cta>
    <CodSec>13</CodSec>
  </S>
  <S>
    <Calle>FMORE</Calle>
    <Lat>32.958657</Lat>
    <Lon>60.692819</Lon>
    <Dis>2023.449</Dis>
    <Cta>1506</Cta>
    <CodSec>13</CodSec>
  </S>
  <S>
    <Calle>PUNID</Calle>
    <Lat>32.967926</Lat>
    <Lon>60.711340</Lon>
    <Dis>2336.403</Dis>
    <Cta>1607</Cta>
    <CodSec>13</CodSec>
  </S>
  <S>
    <Calle>ESSO.</Calle>
    <Lat>32.978532</Lat>
    <Lon>60.732782</Lon>
    <Dis>181.678</Dis>
    <Cta>1721</Cta>
    <CodSec>84</CodSec>
  </S>
  <S>
    <Calle>ESSO2</Calle>
    <Lat>32.979289</Lat>
    <Lon>60.734327</Lon>
    <Dis>2168.096</Dis>
    <Cta>1732</Cta>
    <CodSec>85</CodSec>
  </S>
  <S>
    <Calle>AcSOL</Calle>
    <Lat>32.989750</Lat>
    <Lon>60.752911</Lon>
    <Dis>4510.121</Dis>
    <Cta>1874</Cta>
    <CodSec>83</CodSec>
  </S>
  <S>
    <Calle>ECUAD</Calle>
    <Lat>33.027610</Lat>
    <Lon>60.755906</Lon>
    <Dis>0</Dis>
    <Cta>2128</Cta>
    <CodSec>83</CodSec>
  </S>
</Sector>