<?xml version="1.0" standalone="yes"?>
<Sector>
  <xs:schema id="Sector" xmlns="" xmlns:xs="http://www.w3.org/2001/XMLSchema" xmlns:msdata="urn:schemas-microsoft-com:xml-msdata">
    <xs:element name="Sector" msdata:IsDataSet="true" msdata:Locale="">
      <xs:complexType>
        <xs:choice minOccurs="0" maxOccurs="unbounded">
          <xs:element name="S" msdata:Locale="">
            <xs:complexType>
              <xs:sequence>
                <xs:element name="Calle" type="xs:string" minOccurs="0" />
                <xs:element name="Lat" type="xs:decimal" minOccurs="0" />
                <xs:element name="Lon" type="xs:decimal" minOccurs="0" />
                <xs:element name="Dis" type="xs:decimal" minOccurs="0" />
                <xs:element name="Cta" type="xs:int" minOccurs="0" />
                <xs:element name="CodSec" type="xs:int" minOccurs="0" />
              </xs:sequence>
            </xs:complexType>
          </xs:element>
        </xs:choice>
      </xs:complexType>
    </xs:element>
  </xs:schema>
  <S>
    <Calle>S.RAF</Calle>
    <Lat>33.033612</Lat>
    <Lon>60.620892</Lon>
    <Dis>1875.574</Dis>
    <Cta>1</Cta>
    <CodSec>12</CodSec>
  </S>
  <S>
    <Calle>AGUIR</Calle>
    <Lat>33.029263</Lat>
    <Lon>60.637205</Lon>
    <Dis>2215.668</Dis>
    <Cta>100</Cta>
    <CodSec>12</CodSec>
  </S>
  <S>
    <Calle>ArSAL</Calle>
    <Lat>33.026222</Lat>
    <Lon>60.654387</Lon>
    <Dis>1119.845</Dis>
    <Cta>222</Cta>
    <CodSec>13</CodSec>
  </S>
  <S>
    <Calle>CIRCU</Calle>
    <Lat>33.016387</Lat>
    <Lon>60.652160</Lon>
    <Dis>1895.774</Dis>
    <Cta>280</Cta>
    <CodSec>13</CodSec>
  </S>
  <S>
    <Calle>AvROS</Calle>
    <Lat>32.999848</Lat>
    <Lon>60.648616</Lon>
    <Dis>1037.907</Dis>
    <Cta>417</Cta>
    <CodSec>13</CodSec>
  </S>
  <S>
    <Calle>URIB.</Calle>
    <Lat>32.990694</Lat>
    <Lon>60.646580</Lon>
    <Dis>1257.496</Dis>
    <Cta>476</Cta>
    <CodSec>13</CodSec>
  </S>
  <S>
    <Calle>SEGUI</Calle>
    <Lat>32.979618</Lat>
    <Lon>60.644279</Lon>
    <Dis>1375.084</Dis>
    <Cta>542</Cta>
    <CodSec>13</CodSec>
  </S>
  <S>
    <Calle>27FEB</Calle>
    <Lat>32.968178</Lat>
    <Lon>60.640756</Lon>
    <Dis>1245.561</Dis>
    <Cta>618</Cta>
    <CodSec>13</CodSec>
  </S>
  <S>
    <Calle>PELL.</Calle>
    <Lat>32.957693</Lat>
    <Lon>60.638192</Lon>
    <Dis>1348.950</Dis>
    <Cta>682</Cta>
    <CodSec>13</CodSec>
  </S>
  <S>
    <Calle>ERIOS</Calle>
    <Lat>32.949684</Lat>
    <Lon>60.641811</Lon>
    <Dis>1170.691</Dis>
    <Cta>748</Cta>
    <CodSec>13</CodSec>
  </S>
  <S>
    <Calle>ORO?O</Calle>
    <Lat>32.947516</Lat>
    <Lon>60.654031</Lon>
    <Dis>808.888</Dis>
    <Cta>817</Cta>
    <CodSec>13</CodSec>
  </S>
  <S>
    <Calle>OvLAG</Calle>
    <Lat>32.946004</Lat>
    <Lon>60.662405</Lon>
    <Dis>1212.405</Dis>
    <Cta>859</Cta>
    <CodSec>13</CodSec>
  </S>
  <S>
    <Calle>PELL</Calle>
    <Lat>32.952441</Lat>
    <Lon>60.668344</Lon>
    <Dis>2641.442</Dis>
    <Cta>923</Cta>
    <CodSec>13</CodSec>
  </S>
  <S>
    <Calle>FMOR</Calle>
    <Lat>32.958657</Lat>
    <Lon>60.693022</Lon>
    <Dis>2000.024</Dis>
    <Cta>1061</Cta>
    <CodSec>13</CodSec>
  </S>
  <S>
    <Calle>PUNI</Calle>
    <Lat>32.967926</Lat>
    <Lon>60.711340</Lon>
    <Dis>2340.750</Dis>
    <Cta>1160</Cta>
    <CodSec>13</CodSec>
  </S>
  <S>
    <Calle>ESSL</Calle>
    <Lat>32.978612</Lat>
    <Lon>60.732780</Lon>
    <Dis>151.033</Dis>
    <Cta>1274</Cta>
    <CodSec>84</CodSec>
  </S>
  <S>
    <Calle>ESSO</Calle>
    <Lat>32.979307</Lat>
    <Lon>60.734166</Lon>
    <Dis>3347.535</Dis>
    <Cta>1285</Cta>
    <CodSec>85</CodSec>
  </S>
  <S>
    <Calle>LOPEZ</Calle>
    <Lat>32.995038</Lat>
    <Lon>60.764571</Lon>
    <Dis>3072.425</Dis>
    <Cta>1484</Cta>
    <CodSec>85</CodSec>
  </S>
  <S>
    <Calle>RUT33</Calle>
    <Lat>33.005264</Lat>
    <Lon>60.787085</Lon>
    <Dis>0</Dis>
    <Cta>1661</Cta>
    <CodSec>85</CodSec>
  </S>
</Sector>