<?xml version="1.0" standalone="yes"?>
<Sector>
  <xs:schema id="Sector" xmlns="" xmlns:xs="http://www.w3.org/2001/XMLSchema" xmlns:msdata="urn:schemas-microsoft-com:xml-msdata">
    <xs:element name="Sector" msdata:IsDataSet="true" msdata:Locale="">
      <xs:complexType>
        <xs:choice minOccurs="0" maxOccurs="unbounded">
          <xs:element name="S" msdata:Locale="">
            <xs:complexType>
              <xs:sequence>
                <xs:element name="Calle" type="xs:string" minOccurs="0" />
                <xs:element name="Lat" type="xs:decimal" minOccurs="0" />
                <xs:element name="Lon" type="xs:decimal" minOccurs="0" />
                <xs:element name="Dis" type="xs:decimal" minOccurs="0" />
                <xs:element name="Cta" type="xs:int" minOccurs="0" />
                <xs:element name="CodSec" type="xs:int" minOccurs="0" />
              </xs:sequence>
            </xs:complexType>
          </xs:element>
        </xs:choice>
      </xs:complexType>
    </xs:element>
  </xs:schema>
  <S>
    <Calle>RUT33</Calle>
    <Lat>33.005453</Lat>
    <Lon>60.786911</Lon>
    <Dis>2352.213</Dis>
    <Cta>1</Cta>
    <CodSec>85</CodSec>
  </S>
  <S>
    <Calle>VIAS.</Calle>
    <Lat>32.999346</Lat>
    <Lon>60.773218</Lon>
    <Dis>2113.064</Dis>
    <Cta>127</Cta>
    <CodSec>85</CodSec>
  </S>
  <S>
    <Calle>LOPEZ</Calle>
    <Lat>32.995087</Lat>
    <Lon>60.764573</Lon>
    <Dis>2948.252</Dis>
    <Cta>250</Cta>
    <CodSec>85</CodSec>
  </S>
  <S>
    <Calle>ESSL</Calle>
    <Lat>32.981397</Lat>
    <Lon>60.737943</Lon>
    <Dis>2934.364</Dis>
    <Cta>432</Cta>
    <CodSec>13</CodSec>
  </S>
  <S>
    <Calle>PUNI</Calle>
    <Lat>32.967879</Lat>
    <Lon>60.711445</Lon>
    <Dis>2269.647</Dis>
    <Cta>587</Cta>
    <CodSec>13</CodSec>
  </S>
  <S>
    <Calle>MONTE</Calle>
    <Lat>32.947508</Lat>
    <Lon>60.712255</Lon>
    <Dis>1644.937</Dis>
    <Cta>709</Cta>
    <CodSec>13</CodSec>
  </S>
  <S>
    <Calle>EVAPE</Calle>
    <Lat>32.933096</Lat>
    <Lon>60.712854</Lon>
    <Dis>995.362</Dis>
    <Cta>825</Cta>
    <CodSec>13</CodSec>
  </S>
  <S>
    <Calle>ROUIL</Calle>
    <Lat>32.934926</Lat>
    <Lon>60.702515</Lon>
    <Dis>2228.433</Dis>
    <Cta>879</Cta>
    <CodSec>13</CodSec>
  </S>
  <S>
    <Calle>AVELL</Calle>
    <Lat>32.939080</Lat>
    <Lon>60.679184</Lon>
    <Dis>795.323</Dis>
    <Cta>999</Cta>
    <CodSec>13</CodSec>
  </S>
  <S>
    <Calle>CAFFE</Calle>
    <Lat>32.940584</Lat>
    <Lon>60.670894</Lon>
    <Dis>2010.023</Dis>
    <Cta>1047</Cta>
    <CodSec>13</CodSec>
  </S>
  <S>
    <Calle>ORO?O</Calle>
    <Lat>32.946398</Lat>
    <Lon>60.654032</Lon>
    <Dis>1202.055</Dis>
    <Cta>1160</Cta>
    <CodSec>13</CodSec>
  </S>
  <S>
    <Calle>ERIOS</Calle>
    <Lat>32.948577</Lat>
    <Lon>60.641604</Lon>
    <Dis>1217.155</Dis>
    <Cta>1219</Cta>
    <CodSec>13</CodSec>
  </S>
  <S>
    <Calle>SARMI</Calle>
    <Lat>32.957387</Lat>
    <Lon>60.640884</Lon>
    <Dis>1179.504</Dis>
    <Cta>1285</Cta>
    <CodSec>13</CodSec>
  </S>
  <S>
    <Calle>27FEB</Calle>
    <Lat>32.967695</Lat>
    <Lon>60.643390</Lon>
    <Dis>1454.985</Dis>
    <Cta>1345</Cta>
    <CodSec>13</CodSec>
  </S>
  <S>
    <Calle>SEGUI</Calle>
    <Lat>32.979277</Lat>
    <Lon>60.644309</Lon>
    <Dis>1351.022</Dis>
    <Cta>1423</Cta>
    <CodSec>13</CodSec>
  </S>
  <S>
    <Calle>URIB.</Calle>
    <Lat>32.990962</Lat>
    <Lon>60.646714</Lon>
    <Dis>1018.557</Dis>
    <Cta>1503</Cta>
    <CodSec>13</CodSec>
  </S>
  <S>
    <Calle>AvROS</Calle>
    <Lat>32.999841</Lat>
    <Lon>60.648691</Lon>
    <Dis>1615.771</Dis>
    <Cta>1559</Cta>
    <CodSec>13</CodSec>
  </S>
  <S>
    <Calle>AYACU</Calle>
    <Lat>33.002671</Lat>
    <Lon>60.636050</Lon>
    <Dis>1478.061</Dis>
    <Cta>1633</Cta>
    <CodSec>13</CodSec>
  </S>
  <S>
    <Calle>CIRCU</Calle>
    <Lat>33.015798</Lat>
    <Lon>60.634793</Lon>
    <Dis>969.596</Dis>
    <Cta>1720</Cta>
    <CodSec>12</CodSec>
  </S>
  <S>
    <Calle>S.DIE</Calle>
    <Lat>33.019495</Lat>
    <Lon>60.636390</Lon>
    <Dis>2206.687</Dis>
    <Cta>1775</Cta>
    <CodSec>12</CodSec>
  </S>
  <S>
    <Calle>SMART</Calle>
    <Lat>33.026919</Lat>
    <Lon>60.623054</Lon>
    <Dis>4092.039</Dis>
    <Cta>1905</Cta>
    <CodSec>12</CodSec>
  </S>
  <S>
    <Calle>JDPER</Calle>
    <Lat>33.018935</Lat>
    <Lon>60.618408</Lon>
    <Dis>0</Dis>
    <Cta>2133</Cta>
    <CodSec>12</CodSec>
  </S>
</Sector>