<?xml version="1.0" standalone="yes"?>
<Sector>
  <xs:schema id="Sector" xmlns="" xmlns:xs="http://www.w3.org/2001/XMLSchema" xmlns:msdata="urn:schemas-microsoft-com:xml-msdata">
    <xs:element name="Sector" msdata:IsDataSet="true" msdata:Locale="">
      <xs:complexType>
        <xs:choice minOccurs="0" maxOccurs="unbounded">
          <xs:element name="S" msdata:Locale="">
            <xs:complexType>
              <xs:sequence>
                <xs:element name="Calle" type="xs:string" minOccurs="0" />
                <xs:element name="Lat" type="xs:decimal" minOccurs="0" />
                <xs:element name="Lon" type="xs:decimal" minOccurs="0" />
                <xs:element name="Dis" type="xs:decimal" minOccurs="0" />
                <xs:element name="Cta" type="xs:int" minOccurs="0" />
                <xs:element name="CodSec" type="xs:int" minOccurs="0" />
              </xs:sequence>
            </xs:complexType>
          </xs:element>
        </xs:choice>
      </xs:complexType>
    </xs:element>
  </xs:schema>
  <S>
    <Calle>LROSA</Calle>
    <Lat>32.475739</Lat>
    <Lon>61.578916</Lon>
    <Dis>9086.260</Dis>
    <Cta>1</Cta>
    <CodSec>208</CodSec>
  </S>
  <S>
    <Calle>CALI1</Calle>
    <Lat>32.544181</Lat>
    <Lon>61.550961</Lon>
    <Dis>14932.483</Dis>
    <Cta>454</Cta>
    <CodSec>207</CodSec>
  </S>
  <S>
    <Calle>PARE1</Calle>
    <Lat>32.675092</Lat>
    <Lon>61.529229</Lon>
    <Dis>13341.789</Dis>
    <Cta>1133</Cta>
    <CodSec>206</CodSec>
  </S>
  <S>
    <Calle>RUTA9</Calle>
    <Lat>32.783811</Lat>
    <Lon>61.546268</Lon>
    <Dis>12088.500</Dis>
    <Cta>1715</Cta>
    <CodSec>205</CodSec>
  </S>
  <S>
    <Calle>C.GO1</Calle>
    <Lat>32.805646</Lat>
    <Lon>61.421353</Lon>
    <Dis>2709.740</Dis>
    <Cta>2255</Cta>
    <CodSec>204</CodSec>
  </S>
  <S>
    <Calle>C.GOM</Calle>
    <Lat>32.812086</Lat>
    <Lon>61.396585</Lon>
    <Dis>0</Dis>
    <Cta>2385</Cta>
    <CodSec>204</CodSec>
  </S>
</Sector>