<?xml version="1.0" standalone="yes"?>
<Sector>
  <xs:schema id="Sector" xmlns="" xmlns:xs="http://www.w3.org/2001/XMLSchema" xmlns:msdata="urn:schemas-microsoft-com:xml-msdata">
    <xs:element name="Sector" msdata:IsDataSet="true" msdata:Locale="">
      <xs:complexType>
        <xs:choice minOccurs="0" maxOccurs="unbounded">
          <xs:element name="S" msdata:Locale="">
            <xs:complexType>
              <xs:sequence>
                <xs:element name="Calle" type="xs:string" minOccurs="0" />
                <xs:element name="Lat" type="xs:decimal" minOccurs="0" />
                <xs:element name="Lon" type="xs:decimal" minOccurs="0" />
                <xs:element name="Dis" type="xs:decimal" minOccurs="0" />
                <xs:element name="Cta" type="xs:int" minOccurs="0" />
                <xs:element name="CodSec" type="xs:int" minOccurs="0" />
              </xs:sequence>
            </xs:complexType>
          </xs:element>
        </xs:choice>
      </xs:complexType>
    </xs:element>
  </xs:schema>
  <S>
    <Calle>CORRE</Calle>
    <Lat>32.850287</Lat>
    <Lon>61.265518</Lon>
    <Dis>3682.380</Dis>
    <Cta>1</Cta>
    <CodSec>203</CodSec>
  </S>
  <S>
    <Calle>CORR2</Calle>
    <Lat>32.853856</Lat>
    <Lon>61.240344</Lon>
    <Dis>5810.505</Dis>
    <Cta>201</Cta>
    <CodSec>203</CodSec>
  </S>
  <S>
    <Calle>ArCAR</Calle>
    <Lat>32.857855</Lat>
    <Lon>61.178545</Lon>
    <Dis>1635.982</Dis>
    <Cta>470</Cta>
    <CodSec>202</CodSec>
  </S>
  <S>
    <Calle>MALVI</Calle>
    <Lat>32.860530</Lat>
    <Lon>61.161491</Lon>
    <Dis>2124.256</Dis>
    <Cta>564</Cta>
    <CodSec>202</CodSec>
  </S>
  <S>
    <Calle>RUTA9</Calle>
    <Lat>32.862761</Lat>
    <Lon>61.148384</Lon>
    <Dis>2270.907</Dis>
    <Cta>677</Cta>
    <CodSec>202</CodSec>
  </S>
  <S>
    <Calle>RUT26</Calle>
    <Lat>32.867094</Lat>
    <Lon>61.124827</Lon>
    <Dis>8916.165</Dis>
    <Cta>797</Cta>
    <CodSec>202</CodSec>
  </S>
  <S>
    <Calle>SJER1</Calle>
    <Lat>32.883628</Lat>
    <Lon>61.031641</Lon>
    <Dis>2098.351</Dis>
    <Cta>1159</Cta>
    <CodSec>201</CodSec>
  </S>
  <S>
    <Calle>SJER2</Calle>
    <Lat>32.885723</Lat>
    <Lon>61.019850</Lon>
    <Dis>7737.476</Dis>
    <Cta>1276</Cta>
    <CodSec>201</CodSec>
  </S>
  <S>
    <Calle>CEM.R</Calle>
    <Lat>32.900126</Lat>
    <Lon>60.938904</Lon>
    <Dis>4091.087</Dis>
    <Cta>1561</Cta>
    <CodSec>32</CodSec>
  </S>
  <S>
    <Calle>A012.</Calle>
    <Lat>32.907848</Lat>
    <Lon>60.896141</Lon>
    <Dis>2165.995</Dis>
    <Cta>1754</Cta>
    <CodSec>32</CodSec>
  </S>
  <S>
    <Calle>AuCOR</Calle>
    <Lat>32.926492</Lat>
    <Lon>60.899931</Lon>
    <Dis>17246.167</Dis>
    <Cta>1885</Cta>
    <CodSec>30</CodSec>
  </S>
  <S>
    <Calle>CIRCU</Calle>
    <Lat>32.948995</Lat>
    <Lon>60.724897</Lon>
    <Dis>2927.919</Dis>
    <Cta>2805</Cta>
    <CodSec>30</CodSec>
  </S>
  <S>
    <Calle>FMORE</Calle>
    <Lat>32.948160</Lat>
    <Lon>60.693633</Lon>
    <Dis>2394.992</Dis>
    <Cta>2963</Cta>
    <CodSec>13</CodSec>
  </S>
  <S>
    <Calle>CORDO</Calle>
    <Lat>32.939138</Lat>
    <Lon>60.679132</Lon>
    <Dis>780.400</Dis>
    <Cta>3097</Cta>
    <CodSec>13</CodSec>
  </S>
  <S>
    <Calle>CAFFE</Calle>
    <Lat>32.940525</Lat>
    <Lon>60.671058</Lon>
    <Dis>2280.735</Dis>
    <Cta>3144</Cta>
    <CodSec>13</CodSec>
  </S>
  <S>
    <Calle>ORO?O</Calle>
    <Lat>32.948811</Lat>
    <Lon>60.654772</Lon>
    <Dis>1055.123</Dis>
    <Cta>3262</Cta>
    <CodSec>13</CodSec>
  </S>
  <S>
    <Calle>CORRI</Calle>
    <Lat>32.950745</Lat>
    <Lon>60.643769</Lon>
    <Dis>780.368</Dis>
    <Cta>3314</Cta>
    <CodSec>13</CodSec>
  </S>
  <S>
    <Calle>PELLE</Calle>
    <Lat>32.956578</Lat>
    <Lon>60.643531</Lon>
    <Dis>1852.829</Dis>
    <Cta>3358</Cta>
    <CodSec>13</CodSec>
  </S>
  <S>
    <Calle>MAIPU</Calle>
    <Lat>32.968230</Lat>
    <Lon>60.640259</Lon>
    <Dis>0</Dis>
    <Cta>3449</Cta>
    <CodSec>81</CodSec>
  </S>
</Sector>