<?xml version="1.0" standalone="yes"?>
<Sector>
  <xs:schema id="Sector" xmlns="" xmlns:xs="http://www.w3.org/2001/XMLSchema" xmlns:msdata="urn:schemas-microsoft-com:xml-msdata">
    <xs:element name="Sector" msdata:IsDataSet="true" msdata:Locale="">
      <xs:complexType>
        <xs:choice minOccurs="0" maxOccurs="unbounded">
          <xs:element name="S" msdata:Locale="">
            <xs:complexType>
              <xs:sequence>
                <xs:element name="Calle" type="xs:string" minOccurs="0" />
                <xs:element name="Lat" type="xs:decimal" minOccurs="0" />
                <xs:element name="Lon" type="xs:decimal" minOccurs="0" />
                <xs:element name="Dis" type="xs:decimal" minOccurs="0" />
                <xs:element name="Cta" type="xs:int" minOccurs="0" />
                <xs:element name="CodSec" type="xs:int" minOccurs="0" />
              </xs:sequence>
            </xs:complexType>
          </xs:element>
        </xs:choice>
      </xs:complexType>
    </xs:element>
  </xs:schema>
  <S>
    <Calle>C.GOM</Calle>
    <Lat>32.812501</Lat>
    <Lon>61.396607</Lon>
    <Dis>2763.843</Dis>
    <Cta>1</Cta>
    <CodSec>204</CodSec>
  </S>
  <S>
    <Calle>C.GO1</Calle>
    <Lat>32.805614</Lat>
    <Lon>61.421525</Lon>
    <Dis>11932.699</Dis>
    <Cta>139</Cta>
    <CodSec>204</CodSec>
  </S>
  <S>
    <Calle>RUTA9</Calle>
    <Lat>32.783435</Lat>
    <Lon>61.545836</Lon>
    <Dis>11815.070</Dis>
    <Cta>647</Cta>
    <CodSec>205</CodSec>
  </S>
  <S>
    <Calle>PAREJ</Calle>
    <Lat>32.681926</Lat>
    <Lon>61.520977</Lon>
    <Dis>16359.667</Dis>
    <Cta>1145</Cta>
    <CodSec>206</CodSec>
  </S>
  <S>
    <Calle>CALI1</Calle>
    <Lat>32.544460</Lat>
    <Lon>61.551083</Lon>
    <Dis>9247.968</Dis>
    <Cta>1899</Cta>
    <CodSec>207</CodSec>
  </S>
  <S>
    <Calle>LROSA</Calle>
    <Lat>32.475592</Lat>
    <Lon>61.578826</Lon>
    <Dis>0</Dis>
    <Cta>2375</Cta>
    <CodSec>208</CodSec>
  </S>
</Sector>