<?xml version="1.0" standalone="yes"?>
<Sector>
  <xs:schema id="Sector" xmlns="" xmlns:xs="http://www.w3.org/2001/XMLSchema" xmlns:msdata="urn:schemas-microsoft-com:xml-msdata">
    <xs:element name="Sector" msdata:IsDataSet="true" msdata:Locale="">
      <xs:complexType>
        <xs:choice minOccurs="0" maxOccurs="unbounded">
          <xs:element name="S" msdata:Locale="">
            <xs:complexType>
              <xs:sequence>
                <xs:element name="Calle" type="xs:string" minOccurs="0" />
                <xs:element name="Lat" type="xs:decimal" minOccurs="0" />
                <xs:element name="Lon" type="xs:decimal" minOccurs="0" />
                <xs:element name="Dis" type="xs:decimal" minOccurs="0" />
                <xs:element name="Cta" type="xs:int" minOccurs="0" />
                <xs:element name="CodSec" type="xs:int" minOccurs="0" />
              </xs:sequence>
            </xs:complexType>
          </xs:element>
        </xs:choice>
      </xs:complexType>
    </xs:element>
  </xs:schema>
  <S>
    <Calle>CARCA</Calle>
    <Lat>32.862518</Lat>
    <Lon>61.150294</Lon>
    <Dis>3229.455</Dis>
    <Cta>1</Cta>
    <CodSec>202</CodSec>
  </S>
  <S>
    <Calle>RUTA9</Calle>
    <Lat>32.862941</Lat>
    <Lon>61.148234</Lon>
    <Dis>2242.037</Dis>
    <Cta>179</Cta>
    <CodSec>202</CodSec>
  </S>
  <S>
    <Calle>RUT26</Calle>
    <Lat>32.867094</Lat>
    <Lon>61.124827</Lon>
    <Dis>8916.165</Dis>
    <Cta>297</Cta>
    <CodSec>202</CodSec>
  </S>
  <S>
    <Calle>SJER1</Calle>
    <Lat>32.883628</Lat>
    <Lon>61.031641</Lon>
    <Dis>2022.536</Dis>
    <Cta>659</Cta>
    <CodSec>201</CodSec>
  </S>
  <S>
    <Calle>SJER2</Calle>
    <Lat>32.885749</Lat>
    <Lon>61.019846</Lon>
    <Dis>7741.507</Dis>
    <Cta>771</Cta>
    <CodSec>201</CodSec>
  </S>
  <S>
    <Calle>CEM.R</Calle>
    <Lat>32.900158</Lat>
    <Lon>60.938922</Lon>
    <Dis>2898.517</Dis>
    <Cta>1056</Cta>
    <CodSec>32</CodSec>
  </S>
  <S>
    <Calle>URQUI</Calle>
    <Lat>32.905534</Lat>
    <Lon>60.908692</Lon>
    <Dis>3896.629</Dis>
    <Cta>1185</Cta>
    <CodSec>32</CodSec>
  </S>
  <S>
    <Calle>S.SEB</Calle>
    <Lat>32.912854</Lat>
    <Lon>60.867930</Lon>
    <Dis>2318.451</Dis>
    <Cta>1407</Cta>
    <CodSec>30</CodSec>
  </S>
  <S>
    <Calle>J.PAB</Calle>
    <Lat>32.916412</Lat>
    <Lon>60.843587</Lon>
    <Dis>2759.611</Dis>
    <Cta>1527</Cta>
    <CodSec>30</CodSec>
  </S>
  <S>
    <Calle>ELORZ</Calle>
    <Lat>32.920898</Lat>
    <Lon>60.814733</Lon>
    <Dis>942.482</Dis>
    <Cta>1672</Cta>
    <CodSec>30</CodSec>
  </S>
  <S>
    <Calle>CATAM</Calle>
    <Lat>32.922638</Lat>
    <Lon>60.804936</Lon>
    <Dis>3911.990</Dis>
    <Cta>1727</Cta>
    <CodSec>30</CodSec>
  </S>
  <S>
    <Calle>ArLUD</Calle>
    <Lat>32.925339</Lat>
    <Lon>60.763271</Lon>
    <Dis>2283.305</Dis>
    <Cta>1939</Cta>
    <CodSec>13</CodSec>
  </S>
  <S>
    <Calle>WILDE</Calle>
    <Lat>32.928343</Lat>
    <Lon>60.739346</Lon>
    <Dis>1149.699</Dis>
    <Cta>2070</Cta>
    <CodSec>13</CodSec>
  </S>
  <S>
    <Calle>DONAD</Calle>
    <Lat>32.930420</Lat>
    <Lon>60.727511</Lon>
    <Dis>1368.168</Dis>
    <Cta>2157</Cta>
    <CodSec>13</CodSec>
  </S>
  <S>
    <Calle>PUNID</Calle>
    <Lat>32.932997</Lat>
    <Lon>60.713191</Lon>
    <Dis>1258.886</Dis>
    <Cta>2233</Cta>
    <CodSec>13</CodSec>
  </S>
  <S>
    <Calle>AGNET</Calle>
    <Lat>32.935374</Lat>
    <Lon>60.700039</Lon>
    <Dis>1980.047</Dis>
    <Cta>2302</Cta>
    <CodSec>13</CodSec>
  </S>
  <S>
    <Calle>AVELL</Calle>
    <Lat>32.939050</Lat>
    <Lon>60.679330</Lon>
    <Dis>792.327</Dis>
    <Cta>2407</Cta>
    <CodSec>13</CodSec>
  </S>
  <S>
    <Calle>CAFFE</Calle>
    <Lat>32.940524</Lat>
    <Lon>60.671058</Lon>
    <Dis>2288.562</Dis>
    <Cta>2455</Cta>
    <CodSec>13</CodSec>
  </S>
  <S>
    <Calle>ORO?O</Calle>
    <Lat>32.948811</Lat>
    <Lon>60.654770</Lon>
    <Dis>1048.236</Dis>
    <Cta>2574</Cta>
    <CodSec>13</CodSec>
  </S>
  <S>
    <Calle>CORRI</Calle>
    <Lat>32.950712</Lat>
    <Lon>60.643821</Lon>
    <Dis>798.283</Dis>
    <Cta>2626</Cta>
    <CodSec>13</CodSec>
  </S>
  <S>
    <Calle>PELLE</Calle>
    <Lat>32.956624</Lat>
    <Lon>60.643636</Lon>
    <Dis>1708.612</Dis>
    <Cta>2670</Cta>
    <CodSec>13</CodSec>
  </S>
  <S>
    <Calle>MAIPU</Calle>
    <Lat>32.968073</Lat>
    <Lon>60.641008</Lon>
    <Dis>0</Dis>
    <Cta>2754</Cta>
    <CodSec>81</CodSec>
  </S>
</Sector>