<?xml version="1.0" standalone="yes"?>
<Sector>
  <xs:schema id="Sector" xmlns="" xmlns:xs="http://www.w3.org/2001/XMLSchema" xmlns:msdata="urn:schemas-microsoft-com:xml-msdata">
    <xs:element name="Sector" msdata:IsDataSet="true" msdata:Locale="">
      <xs:complexType>
        <xs:choice minOccurs="0" maxOccurs="unbounded">
          <xs:element name="S" msdata:Locale="">
            <xs:complexType>
              <xs:sequence>
                <xs:element name="Calle" type="xs:string" minOccurs="0" />
                <xs:element name="Lat" type="xs:decimal" minOccurs="0" />
                <xs:element name="Lon" type="xs:decimal" minOccurs="0" />
                <xs:element name="Dis" type="xs:decimal" minOccurs="0" />
                <xs:element name="Cta" type="xs:int" minOccurs="0" />
                <xs:element name="CodSec" type="xs:int" minOccurs="0" />
              </xs:sequence>
            </xs:complexType>
          </xs:element>
        </xs:choice>
      </xs:complexType>
    </xs:element>
  </xs:schema>
  <S>
    <Calle>INDEP</Calle>
    <Lat>32.898919</Lat>
    <Lon>60.907249</Lon>
    <Dis>3114.050</Dis>
    <Cta>1</Cta>
    <CodSec>32</CodSec>
  </S>
  <S>
    <Calle>RUTA9</Calle>
    <Lat>32.905483</Lat>
    <Lon>60.908715</Lon>
    <Dis>3905.141</Dis>
    <Cta>197</Cta>
    <CodSec>32</CodSec>
  </S>
  <S>
    <Calle>S.SEB</Calle>
    <Lat>32.912854</Lat>
    <Lon>60.867930</Lon>
    <Dis>2318.451</Dis>
    <Cta>419</Cta>
    <CodSec>30</CodSec>
  </S>
  <S>
    <Calle>J.PAB</Calle>
    <Lat>32.916412</Lat>
    <Lon>60.843587</Lon>
    <Dis>2759.611</Dis>
    <Cta>539</Cta>
    <CodSec>30</CodSec>
  </S>
  <S>
    <Calle>ELORZ</Calle>
    <Lat>32.920894</Lat>
    <Lon>60.814733</Lon>
    <Dis>943.214</Dis>
    <Cta>684</Cta>
    <CodSec>30</CodSec>
  </S>
  <S>
    <Calle>CATAM</Calle>
    <Lat>32.922638</Lat>
    <Lon>60.804936</Lon>
    <Dis>3911.990</Dis>
    <Cta>739</Cta>
    <CodSec>30</CodSec>
  </S>
  <S>
    <Calle>ArLUD</Calle>
    <Lat>32.925339</Lat>
    <Lon>60.763271</Lon>
    <Dis>2283.305</Dis>
    <Cta>951</Cta>
    <CodSec>13</CodSec>
  </S>
  <S>
    <Calle>WILDE</Calle>
    <Lat>32.928343</Lat>
    <Lon>60.739346</Lon>
    <Dis>1149.699</Dis>
    <Cta>1082</Cta>
    <CodSec>13</CodSec>
  </S>
  <S>
    <Calle>DONAD</Calle>
    <Lat>32.930420</Lat>
    <Lon>60.727511</Lon>
    <Dis>1368.168</Dis>
    <Cta>1169</Cta>
    <CodSec>13</CodSec>
  </S>
  <S>
    <Calle>PUNID</Calle>
    <Lat>32.932997</Lat>
    <Lon>60.713191</Lon>
    <Dis>1258.886</Dis>
    <Cta>1245</Cta>
    <CodSec>13</CodSec>
  </S>
  <S>
    <Calle>AGNET</Calle>
    <Lat>32.935374</Lat>
    <Lon>60.700039</Lon>
    <Dis>1980.047</Dis>
    <Cta>1314</Cta>
    <CodSec>13</CodSec>
  </S>
  <S>
    <Calle>AVELL</Calle>
    <Lat>32.939050</Lat>
    <Lon>60.679330</Lon>
    <Dis>791.414</Dis>
    <Cta>1419</Cta>
    <CodSec>13</CodSec>
  </S>
  <S>
    <Calle>CAFFE</Calle>
    <Lat>32.940538</Lat>
    <Lon>60.671069</Lon>
    <Dis>2276.352</Dis>
    <Cta>1467</Cta>
    <CodSec>13</CodSec>
  </S>
  <S>
    <Calle>ORO?O</Calle>
    <Lat>32.948823</Lat>
    <Lon>60.654769</Lon>
    <Dis>1201.399</Dis>
    <Cta>1586</Cta>
    <CodSec>13</CodSec>
  </S>
  <S>
    <Calle>SJUAN</Calle>
    <Lat>32.949581</Lat>
    <Lon>60.643330</Lon>
    <Dis>0</Dis>
    <Cta>1648</Cta>
    <CodSec>81</CodSec>
  </S>
</Sector>