<?xml version="1.0" standalone="yes"?>
<Sector>
  <xs:schema id="Sector" xmlns="" xmlns:xs="http://www.w3.org/2001/XMLSchema" xmlns:msdata="urn:schemas-microsoft-com:xml-msdata">
    <xs:element name="Sector" msdata:IsDataSet="true" msdata:Locale="">
      <xs:complexType>
        <xs:choice minOccurs="0" maxOccurs="unbounded">
          <xs:element name="S" msdata:Locale="">
            <xs:complexType>
              <xs:sequence>
                <xs:element name="Calle" type="xs:string" minOccurs="0" />
                <xs:element name="Lat" type="xs:decimal" minOccurs="0" />
                <xs:element name="Lon" type="xs:decimal" minOccurs="0" />
                <xs:element name="Dis" type="xs:decimal" minOccurs="0" />
                <xs:element name="Cta" type="xs:int" minOccurs="0" />
                <xs:element name="CodSec" type="xs:int" minOccurs="0" />
              </xs:sequence>
            </xs:complexType>
          </xs:element>
        </xs:choice>
      </xs:complexType>
    </xs:element>
  </xs:schema>
  <S>
    <Calle>C.GOM</Calle>
    <Lat>32.812517</Lat>
    <Lon>61.396620</Lon>
    <Dis>2786.563</Dis>
    <Cta>1</Cta>
    <CodSec>204</CodSec>
  </S>
  <S>
    <Calle>C.GO1</Calle>
    <Lat>32.805598</Lat>
    <Lon>61.421703</Lon>
    <Dis>11740.190</Dis>
    <Cta>139</Cta>
    <CodSec>204</CodSec>
  </S>
  <S>
    <Calle>RU178</Calle>
    <Lat>32.784487</Lat>
    <Lon>61.544572</Lon>
    <Dis>7235.783</Dis>
    <Cta>636</Cta>
    <CodSec>205</CodSec>
  </S>
  <S>
    <Calle>ARMST</Calle>
    <Lat>32.785710</Lat>
    <Lon>61.603325</Lon>
    <Dis>18603.295</Dis>
    <Cta>987</Cta>
    <CodSec>220</CodSec>
  </S>
  <S>
    <Calle>PAREJ</Calle>
    <Lat>32.682062</Lat>
    <Lon>61.521001</Lon>
    <Dis>0</Dis>
    <Cta>1809</Cta>
    <CodSec>206</CodSec>
  </S>
</Sector>