<?xml version="1.0" standalone="yes"?>
<Sector>
  <xs:schema id="Sector" xmlns="" xmlns:xs="http://www.w3.org/2001/XMLSchema" xmlns:msdata="urn:schemas-microsoft-com:xml-msdata">
    <xs:element name="Sector" msdata:IsDataSet="true" msdata:Locale="">
      <xs:complexType>
        <xs:choice minOccurs="0" maxOccurs="unbounded">
          <xs:element name="S" msdata:Locale="">
            <xs:complexType>
              <xs:sequence>
                <xs:element name="Calle" type="xs:string" minOccurs="0" />
                <xs:element name="Lat" type="xs:decimal" minOccurs="0" />
                <xs:element name="Lon" type="xs:decimal" minOccurs="0" />
                <xs:element name="Dis" type="xs:decimal" minOccurs="0" />
                <xs:element name="Cta" type="xs:int" minOccurs="0" />
                <xs:element name="CodSec" type="xs:int" minOccurs="0" />
              </xs:sequence>
            </xs:complexType>
          </xs:element>
        </xs:choice>
      </xs:complexType>
    </xs:element>
  </xs:schema>
  <S>
    <Calle>MAIPU</Calle>
    <Lat>32.968263</Lat>
    <Lon>60.640272</Lon>
    <Dis>2320.465</Dis>
    <Cta>1</Cta>
    <CodSec>13</CodSec>
  </S>
  <S>
    <Calle>PELLE</Calle>
    <Lat>32.956672</Lat>
    <Lon>60.645093</Lon>
    <Dis>814.971</Dis>
    <Cta>123</Cta>
    <CodSec>13</CodSec>
  </S>
  <S>
    <Calle>SJUAN</Calle>
    <Lat>32.949501</Lat>
    <Lon>60.643296</Lon>
    <Dis>1634.373</Dis>
    <Cta>163</Cta>
    <CodSec>13</CodSec>
  </S>
  <S>
    <Calle>ORO?O</Calle>
    <Lat>32.942352</Lat>
    <Lon>60.652737</Lon>
    <Dis>1710.041</Dis>
    <Cta>248</Cta>
    <CodSec>13</CodSec>
  </S>
  <S>
    <Calle>CAFFE</Calle>
    <Lat>32.939226</Lat>
    <Lon>60.670513</Lon>
    <Dis>778.391</Dis>
    <Cta>338</Cta>
    <CodSec>13</CodSec>
  </S>
  <S>
    <Calle>AVELL</Calle>
    <Lat>32.937765</Lat>
    <Lon>60.678621</Lon>
    <Dis>2532.392</Dis>
    <Cta>382</Cta>
    <CodSec>13</CodSec>
  </S>
  <S>
    <Calle>FMORE</Calle>
    <Lat>32.948027</Lat>
    <Lon>60.693436</Lon>
    <Dis>2491.624</Dis>
    <Cta>518</Cta>
    <CodSec>13</CodSec>
  </S>
  <S>
    <Calle>CIRCU</Calle>
    <Lat>32.948738</Lat>
    <Lon>60.720069</Lon>
    <Dis>16867.048</Dis>
    <Cta>652</Cta>
    <CodSec>81</CodSec>
  </S>
  <S>
    <Calle>A012.</Calle>
    <Lat>32.927249</Lat>
    <Lon>60.895687</Lon>
    <Dis>2382.583</Dis>
    <Cta>1559</Cta>
    <CodSec>32</CodSec>
  </S>
  <S>
    <Calle>RUT 9</Calle>
    <Lat>32.908134</Lat>
    <Lon>60.894898</Lon>
    <Dis>4189.760</Dis>
    <Cta>1708</Cta>
    <CodSec>32</CodSec>
  </S>
  <S>
    <Calle>CEM.R</Calle>
    <Lat>32.900178</Lat>
    <Lon>60.938563</Lon>
    <Dis>7765.444</Dis>
    <Cta>1907</Cta>
    <CodSec>201</CodSec>
  </S>
  <S>
    <Calle>SJER2</Calle>
    <Lat>32.885718</Lat>
    <Lon>61.019837</Lon>
    <Dis>2022.223</Dis>
    <Cta>2194</Cta>
    <CodSec>201</CodSec>
  </S>
  <S>
    <Calle>SJER1</Calle>
    <Lat>32.883577</Lat>
    <Lon>61.031626</Lon>
    <Dis>8758.600</Dis>
    <Cta>2307</Cta>
    <CodSec>201</CodSec>
  </S>
  <S>
    <Calle>RUT26</Calle>
    <Lat>32.867304</Lat>
    <Lon>61.123159</Lon>
    <Dis>2116.247</Dis>
    <Cta>2663</Cta>
    <CodSec>202</CodSec>
  </S>
  <S>
    <Calle>9 JUL</Calle>
    <Lat>32.863403</Lat>
    <Lon>61.145054</Lon>
    <Dis>2458.198</Dis>
    <Cta>2776</Cta>
    <CodSec>202</CodSec>
  </S>
  <S>
    <Calle>RUTA9</Calle>
    <Lat>32.860472</Lat>
    <Lon>61.161453</Lon>
    <Dis>1629.948</Dis>
    <Cta>2903</Cta>
    <CodSec>202</CodSec>
  </S>
  <S>
    <Calle>ArCAR</Calle>
    <Lat>32.857842</Lat>
    <Lon>61.178537</Lon>
    <Dis>5801.318</Dis>
    <Cta>2996</Cta>
    <CodSec>203</CodSec>
  </S>
  <S>
    <Calle>CORR2</Calle>
    <Lat>32.853826</Lat>
    <Lon>61.240311</Lon>
    <Dis>3692.527</Dis>
    <Cta>3265</Cta>
    <CodSec>203</CodSec>
  </S>
  <S>
    <Calle>CORR1</Calle>
    <Lat>32.850579</Lat>
    <Lon>61.265577</Lon>
    <Dis>0</Dis>
    <Cta>3466</Cta>
    <CodSec>203</CodSec>
  </S>
</Sector>