<?xml version="1.0" standalone="yes"?>
<Sector>
  <xs:schema id="Sector" xmlns="" xmlns:xs="http://www.w3.org/2001/XMLSchema" xmlns:msdata="urn:schemas-microsoft-com:xml-msdata">
    <xs:element name="Sector" msdata:IsDataSet="true" msdata:Locale="">
      <xs:complexType>
        <xs:choice minOccurs="0" maxOccurs="unbounded">
          <xs:element name="S" msdata:Locale="">
            <xs:complexType>
              <xs:sequence>
                <xs:element name="Calle" type="xs:string" minOccurs="0" />
                <xs:element name="Lat" type="xs:decimal" minOccurs="0" />
                <xs:element name="Lon" type="xs:decimal" minOccurs="0" />
                <xs:element name="Dis" type="xs:decimal" minOccurs="0" />
                <xs:element name="Cta" type="xs:int" minOccurs="0" />
                <xs:element name="CodSec" type="xs:int" minOccurs="0" />
              </xs:sequence>
            </xs:complexType>
          </xs:element>
        </xs:choice>
      </xs:complexType>
    </xs:element>
  </xs:schema>
  <S>
    <Calle>PAREJ</Calle>
    <Lat>32.681775</Lat>
    <Lon>61.520509</Lon>
    <Dis>18537.164</Dis>
    <Cta>1</Cta>
    <CodSec>206</CodSec>
  </S>
  <S>
    <Calle>ARMST</Calle>
    <Lat>32.785704</Lat>
    <Lon>61.603353</Lon>
    <Dis>7223.108</Dis>
    <Cta>818</Cta>
    <CodSec>220</CodSec>
  </S>
  <S>
    <Calle>RU178</Calle>
    <Lat>32.784541</Lat>
    <Lon>61.544242</Lon>
    <Dis>11826.919</Dis>
    <Cta>1172</Cta>
    <CodSec>205</CodSec>
  </S>
  <S>
    <Calle>C.GO1</Calle>
    <Lat>32.805600</Lat>
    <Lon>61.421471</Lon>
    <Dis>2815.480</Dis>
    <Cta>1681</Cta>
    <CodSec>204</CodSec>
  </S>
  <S>
    <Calle>C.GOM</Calle>
    <Lat>32.812568</Lat>
    <Lon>61.396699</Lon>
    <Dis>0</Dis>
    <Cta>1818</Cta>
    <CodSec>204</CodSec>
  </S>
</Sector>