<?xml version="1.0" standalone="yes"?>
<Sector>
  <xs:schema id="Sector" xmlns="" xmlns:xs="http://www.w3.org/2001/XMLSchema" xmlns:msdata="urn:schemas-microsoft-com:xml-msdata">
    <xs:element name="Sector" msdata:IsDataSet="true" msdata:Locale="">
      <xs:complexType>
        <xs:choice minOccurs="0" maxOccurs="unbounded">
          <xs:element name="S" msdata:Locale="">
            <xs:complexType>
              <xs:sequence>
                <xs:element name="Calle" type="xs:string" minOccurs="0" />
                <xs:element name="Lat" type="xs:decimal" minOccurs="0" />
                <xs:element name="Lon" type="xs:decimal" minOccurs="0" />
                <xs:element name="Dis" type="xs:decimal" minOccurs="0" />
                <xs:element name="Cta" type="xs:int" minOccurs="0" />
                <xs:element name="CodSec" type="xs:int" minOccurs="0" />
              </xs:sequence>
            </xs:complexType>
          </xs:element>
        </xs:choice>
      </xs:complexType>
    </xs:element>
  </xs:schema>
  <S>
    <Calle>23-TR</Calle>
    <Lat>34.543865</Lat>
    <Lon>58.715024</Lon>
    <Dis>1311.931</Dis>
    <Cta>1</Cta>
    <CodSec>18</CodSec>
  </S>
  <S>
    <Calle>GCAMP</Calle>
    <Lat>34.550147</Lat>
    <Lon>58.723115</Lon>
    <Dis>862.479</Dis>
    <Cta>70</Cta>
    <CodSec>18</CodSec>
  </S>
  <S>
    <Calle>IRIGO</Calle>
    <Lat>34.545203</Lat>
    <Lon>58.730087</Lon>
    <Dis>2168.851</Dis>
    <Cta>115</Cta>
    <CodSec>18</CodSec>
  </S>
  <S>
    <Calle>JBJUS</Calle>
    <Lat>34.532338</Lat>
    <Lon>58.747754</Lon>
    <Dis>1133.921</Dis>
    <Cta>232</Cta>
    <CodSec>18</CodSec>
  </S>
  <S>
    <Calle>ALTUB</Calle>
    <Lat>34.524162</Lat>
    <Lon>58.754945</Lon>
    <Dis>864.523</Dis>
    <Cta>296</Cta>
    <CodSec>18</CodSec>
  </S>
  <S>
    <Calle>ZU-LA</Calle>
    <Lat>34.519246</Lat>
    <Lon>58.752284</Lon>
    <Dis>2459.674</Dis>
    <Cta>344</Cta>
    <CodSec>18</CodSec>
  </S>
  <S>
    <Calle>RUTP8</Calle>
    <Lat>34.509142</Lat>
    <Lon>58.728509</Lon>
    <Dis>1354.824</Dis>
    <Cta>493</Cta>
    <CodSec>18</CodSec>
  </S>
  <S>
    <Calle>SNIGN</Calle>
    <Lat>34.503290</Lat>
    <Lon>58.715592</Lon>
    <Dis>968.619</Dis>
    <Cta>569</Cta>
    <CodSec>18</CodSec>
  </S>
  <S>
    <Calle>BARON</Calle>
    <Lat>34.507580</Lat>
    <Lon>58.708841</Lon>
    <Dis>1422.911</Dis>
    <Cta>626</Cta>
    <CodSec>18</CodSec>
  </S>
  <S>
    <Calle>GRLSA</Calle>
    <Lat>34.499007</Lat>
    <Lon>58.697455</Lon>
    <Dis>1474.452</Dis>
    <Cta>695</Cta>
    <CodSec>18</CodSec>
  </S>
  <S>
    <Calle>GANDH</Calle>
    <Lat>34.508160</Lat>
    <Lon>58.704526</Lon>
    <Dis>1078.402</Dis>
    <Cta>780</Cta>
    <CodSec>18</CodSec>
  </S>
  <S>
    <Calle>MOREN</Calle>
    <Lat>34.514383</Lat>
    <Lon>58.707079</Lon>
    <Dis>1146.612</Dis>
    <Cta>836</Cta>
    <CodSec>18</CodSec>
  </S>
  <S>
    <Calle>MAZZA</Calle>
    <Lat>34.521730</Lat>
    <Lon>58.701299</Lon>
    <Dis>909.572</Dis>
    <Cta>898</Cta>
    <CodSec>18</CodSec>
  </S>
  <S>
    <Calle>RU P8</Calle>
    <Lat>34.527929</Lat>
    <Lon>58.707725</Lon>
    <Dis>871.978</Dis>
    <Cta>946</Cta>
    <CodSec>18</CodSec>
  </S>
  <S>
    <Calle>BELGR</Calle>
    <Lat>34.533067</Lat>
    <Lon>58.701092</Lon>
    <Dis>1048.805</Dis>
    <Cta>996</Cta>
    <CodSec>18</CodSec>
  </S>
  <S>
    <Calle>S.LOR</Calle>
    <Lat>34.536497</Lat>
    <Lon>58.708528</Lon>
    <Dis>894.585</Dis>
    <Cta>1051</Cta>
    <CodSec>18</CodSec>
  </S>
  <S>
    <Calle>ALEM.</Calle>
    <Lat>34.542499</Lat>
    <Lon>58.714912</Lon>
    <Dis>1411.651</Dis>
    <Cta>1094</Cta>
    <CodSec>18</CodSec>
  </S>
  <S>
    <Calle>FRAGA</Calle>
    <Lat>34.538465</Lat>
    <Lon>58.722934</Lon>
    <Dis>877.506</Dis>
    <Cta>1186</Cta>
    <CodSec>18</CodSec>
  </S>
  <S>
    <Calle>M.SAS</Calle>
    <Lat>34.543237</Lat>
    <Lon>58.729234</Lon>
    <Dis>2405.266</Dis>
    <Cta>1230</Cta>
    <CodSec>18</CodSec>
  </S>
  <S>
    <Calle>BALCA</Calle>
    <Lat>34.537660</Lat>
    <Lon>58.747522</Lon>
    <Dis>1053.475</Dis>
    <Cta>1356</Cta>
    <CodSec>18</CodSec>
  </S>
  <S>
    <Calle>GPINT</Calle>
    <Lat>34.544586</Lat>
    <Lon>58.755202</Lon>
    <Dis>1464.151</Dis>
    <Cta>1415</Cta>
    <CodSec>18</CodSec>
  </S>
  <S>
    <Calle>FERR.</Calle>
    <Lat>34.551324</Lat>
    <Lon>58.766122</Lon>
    <Dis>1425.903</Dis>
    <Cta>1491</Cta>
    <CodSec>18</CodSec>
  </S>
  <S>
    <Calle>PINTA</Calle>
    <Lat>34.560541</Lat>
    <Lon>58.769977</Lon>
    <Dis>1379.659</Dis>
    <Cta>1564</Cta>
    <CodSec>18</CodSec>
  </S>
  <S>
    <Calle>JWATT</Calle>
    <Lat>34.569194</Lat>
    <Lon>58.766889</Lon>
    <Dis>0</Dis>
    <Cta>1635</Cta>
    <CodSec>18</CodSec>
  </S>
</Sector>