<?xml version="1.0" standalone="yes"?>
<Sector>
  <xs:schema id="Sector" xmlns="" xmlns:xs="http://www.w3.org/2001/XMLSchema" xmlns:msdata="urn:schemas-microsoft-com:xml-msdata">
    <xs:element name="Sector" msdata:IsDataSet="true" msdata:Locale="">
      <xs:complexType>
        <xs:choice minOccurs="0" maxOccurs="unbounded">
          <xs:element name="S" msdata:Locale="">
            <xs:complexType>
              <xs:sequence>
                <xs:element name="Calle" type="xs:string" minOccurs="0" />
                <xs:element name="Lat" type="xs:decimal" minOccurs="0" />
                <xs:element name="Lon" type="xs:decimal" minOccurs="0" />
                <xs:element name="Dis" type="xs:decimal" minOccurs="0" />
                <xs:element name="Cta" type="xs:int" minOccurs="0" />
                <xs:element name="CodSec" type="xs:int" minOccurs="0" />
              </xs:sequence>
            </xs:complexType>
          </xs:element>
        </xs:choice>
      </xs:complexType>
    </xs:element>
  </xs:schema>
  <S>
    <Calle>PAVON</Calle>
    <Lat>34.532274</Lat>
    <Lon>58.703790</Lon>
    <Dis>665.679</Dis>
    <Cta>1</Cta>
    <CodSec>18</CodSec>
  </S>
  <S>
    <Calle>S.LOR</Calle>
    <Lat>34.536501</Lat>
    <Lon>58.708524</Lon>
    <Dis>884.793</Dis>
    <Cta>33</Cta>
    <CodSec>18</CodSec>
  </S>
  <S>
    <Calle>ALEM.</Calle>
    <Lat>34.542447</Lat>
    <Lon>58.714838</Lon>
    <Dis>1269.483</Dis>
    <Cta>76</Cta>
    <CodSec>18</CodSec>
  </S>
  <S>
    <Calle>IRIGO</Calle>
    <Lat>34.537505</Lat>
    <Lon>58.721795</Lon>
    <Dis>1135.730</Dis>
    <Cta>157</Cta>
    <CodSec>18</CodSec>
  </S>
  <S>
    <Calle>GCAM.</Calle>
    <Lat>34.545076</Lat>
    <Lon>58.730031</Lon>
    <Dis>1907.240</Dis>
    <Cta>215</Cta>
    <CodSec>18</CodSec>
  </S>
  <S>
    <Calle>IRIG.</Calle>
    <Lat>34.556663</Lat>
    <Lon>58.742527</Lon>
    <Dis>2440.015</Dis>
    <Cta>324</Cta>
    <CodSec>18</CodSec>
  </S>
  <S>
    <Calle>PINTA</Calle>
    <Lat>34.569761</Lat>
    <Lon>58.757507</Lon>
    <Dis>1983.339</Dis>
    <Cta>451</Cta>
    <CodSec>18</CodSec>
  </S>
  <S>
    <Calle>MGARC</Calle>
    <Lat>34.581627</Lat>
    <Lon>58.745610</Lon>
    <Dis>1490.037</Dis>
    <Cta>554</Cta>
    <CodSec>18</CodSec>
  </S>
  <S>
    <Calle>FERRE</Calle>
    <Lat>34.568905</Lat>
    <Lon>58.742705</Lon>
    <Dis>2792.509</Dis>
    <Cta>641</Cta>
    <CodSec>18</CodSec>
  </S>
  <S>
    <Calle>GCAMP</Calle>
    <Lat>34.551121</Lat>
    <Lon>58.721403</Lon>
    <Dis>1001.471</Dis>
    <Cta>793</Cta>
    <CodSec>18</CodSec>
  </S>
  <S>
    <Calle>PELUF</Calle>
    <Lat>34.544425</Lat>
    <Lon>58.714333</Lon>
    <Dis>1002.110</Dis>
    <Cta>843</Cta>
    <CodSec>18</CodSec>
  </S>
  <S>
    <Calle>SANLO</Calle>
    <Lat>34.537720</Lat>
    <Lon>58.707184</Lon>
    <Dis>728.986</Dis>
    <Cta>896</Cta>
    <CodSec>18</CodSec>
  </S>
  <S>
    <Calle>RU.P8</Calle>
    <Lat>34.532941</Lat>
    <Lon>58.701869</Lon>
    <Dis>0</Dis>
    <Cta>935</Cta>
    <CodSec>18</CodSec>
  </S>
</Sector>