<?xml version="1.0" standalone="yes"?>
<Version>
  <xs:schema id="Version" xmlns="" xmlns:xs="http://www.w3.org/2001/XMLSchema" xmlns:msdata="urn:schemas-microsoft-com:xml-msdata">
    <xs:element name="Version" msdata:IsDataSet="true" msdata:UseCurrentLocale="true">
      <xs:complexType>
        <xs:choice minOccurs="0" maxOccurs="unbounded">
          <xs:element name="datosVersion">
            <xs:complexType>
              <xs:sequence>
                <xs:element name="nroVersion" type="xs:int" minOccurs="0" />
                <xs:element name="fechaActivacion" type="xs:dateTime" minOccurs="0" />
              </xs:sequence>
            </xs:complexType>
          </xs:element>
          <xs:element name="archivos">
            <xs:complexType>
              <xs:sequence>
                <xs:element name="archivo" type="xs:string" minOccurs="0" />
                <xs:element name="hash" type="xs:string" minOccurs="0" />
              </xs:sequence>
            </xs:complexType>
          </xs:element>
        </xs:choice>
      </xs:complexType>
    </xs:element>
  </xs:schema>
  <datosVersion>
    <nroVersion>37</nroVersion>
    <fechaActivacion>2019-11-02T00:00:00-03:00</fechaActivacion>
  </datosVersion>
  <archivos>
    <archivo>s01660896.xml</archivo>
    <hash>6E9AA5BA7DC6C450F605E232BE6239CA</hash>
  </archivos>
  <archivos>
    <archivo>s01661075.xml</archivo>
    <hash>378D8082713F8294CFB0117539264F54</hash>
  </archivos>
  <archivos>
    <archivo>s01661076.xml</archivo>
    <hash>76BCC6C6F79B07296CD44ADF199D5D84</hash>
  </archivos>
  <archivos>
    <archivo>s01661077.xml</archivo>
    <hash>6DEFFDB558248404BAAE1C5E5C1739D7</hash>
  </archivos>
  <archivos>
    <archivo>s01661078.xml</archivo>
    <hash>B6B3BC2B0FAA4F8C38B52F3F123F8704</hash>
  </archivos>
  <archivos>
    <archivo>s01661080.xml</archivo>
    <hash>21A35A04C3611D603EE1A13A7002452A</hash>
  </archivos>
  <archivos>
    <archivo>s01661081.xml</archivo>
    <hash>53C35475C54DB239E5E6ACA659E8DF55</hash>
  </archivos>
  <archivos>
    <archivo>s01661082.xml</archivo>
    <hash>9ECFD26E65013DFF9493CF77DA62D3E6</hash>
  </archivos>
  <archivos>
    <archivo>s01661083.xml</archivo>
    <hash>4E3F3DDFA27C00173A330CC281955FAE</hash>
  </archivos>
  <archivos>
    <archivo>s01661084.xml</archivo>
    <hash>ADC5575D31F65F30D1E8FF578EF56AB7</hash>
  </archivos>
  <archivos>
    <archivo>s01661085.xml</archivo>
    <hash>1A4F5C0B9555876F3B2A6C544BECD456</hash>
  </archivos>
  <archivos>
    <archivo>s01661087.xml</archivo>
    <hash>FCAA817DDF692A2F9A4216AEEE34FED0</hash>
  </archivos>
  <archivos>
    <archivo>s01662784.xml</archivo>
    <hash>F221543E6251E7DB9498A5C4D0A2DDE8</hash>
  </archivos>
  <archivos>
    <archivo>s01662785.xml</archivo>
    <hash>DDB8005349BCC8067DC683688C4E849B</hash>
  </archivos>
  <archivos>
    <archivo>s01662786.xml</archivo>
    <hash>E0EC8741523EA9E382F52ED713C0E8A7</hash>
  </archivos>
  <archivos>
    <archivo>s01662787.xml</archivo>
    <hash>8455D60707442687A051E947F009C61E</hash>
  </archivos>
  <archivos>
    <archivo>s01662788.xml</archivo>
    <hash>FDB2C2B3F96F01938CD952A65D6CB27C</hash>
  </archivos>
  <archivos>
    <archivo>s01662789.xml</archivo>
    <hash>DEE94EE55E10E4AAA862096DF8F38152</hash>
  </archivos>
  <archivos>
    <archivo>s01662790.xml</archivo>
    <hash>A1A35E3F9DD66675AEA90CD5A4A1A722</hash>
  </archivos>
  <archivos>
    <archivo>s01662791.xml</archivo>
    <hash>A1433DD6C11009FE1FCBE7A79D88E5ED</hash>
  </archivos>
  <archivos>
    <archivo>s01662792.xml</archivo>
    <hash>3F7B0550B65F2403F359BDD5FC3F0308</hash>
  </archivos>
  <archivos>
    <archivo>s01662798.xml</archivo>
    <hash>124DF02DB53C2E540583607D0982E4B7</hash>
  </archivos>
  <archivos>
    <archivo>s01662800.xml</archivo>
    <hash>C40A509FC013D10605C9C081A4CA6C9D</hash>
  </archivos>
  <archivos>
    <archivo>s01662801.xml</archivo>
    <hash>67FDCF124F1595CB7C947785EC91BD26</hash>
  </archivos>
  <archivos>
    <archivo>s01662802.xml</archivo>
    <hash>FFFA1B0ABE8933A5AEB65ADF25FA94F5</hash>
  </archivos>
  <archivos>
    <archivo>s01662828.xml</archivo>
    <hash>709524B118CFB345851CF3A0BE7355BD</hash>
  </archivos>
  <archivos>
    <archivo>s01662829.xml</archivo>
    <hash>5BDE4F1129672BD1587EA6A506190607</hash>
  </archivos>
  <archivos>
    <archivo>s01662830.xml</archivo>
    <hash>CD41AAAE68E1767BF1ECCB40E3A8A254</hash>
  </archivos>
  <archivos>
    <archivo>s01662832.xml</archivo>
    <hash>6100A9FD6229D8EBDFB52B6B71FC491C</hash>
  </archivos>
  <archivos>
    <archivo>s01662834.xml</archivo>
    <hash>E42519DBA0B8E3F4AE12399429FB13D8</hash>
  </archivos>
  <archivos>
    <archivo>s01662836.xml</archivo>
    <hash>DA4315AA80BD4F549F5FE5F5308B9A60</hash>
  </archivos>
  <archivos>
    <archivo>s01662849.xml</archivo>
    <hash>A52361C7A1EBF0B9ED357EDA1F4CEE02</hash>
  </archivos>
  <archivos>
    <archivo>s01662850.xml</archivo>
    <hash>1F01BBB021BDBF847AE8C001D2C477A9</hash>
  </archivos>
  <archivos>
    <archivo>s01662853.xml</archivo>
    <hash>60BA80FEEBAE85872B4E2BA3F40BAB28</hash>
  </archivos>
  <archivos>
    <archivo>s01662897.xml</archivo>
    <hash>F1BF2A4708DDBA01BBED2F8D86741747</hash>
  </archivos>
  <archivos>
    <archivo>s01662985.xml</archivo>
    <hash>1FE0C09015E3031353C766C3B123FC77</hash>
  </archivos>
  <archivos>
    <archivo>s01662986.xml</archivo>
    <hash>7D0C643A67258D723EE82DAB2CF09591</hash>
  </archivos>
  <archivos>
    <archivo>s01663047.xml</archivo>
    <hash>223A508DFC609588953CB42B9E2E7BA6</hash>
  </archivos>
  <archivos>
    <archivo>s01663048.xml</archivo>
    <hash>757A9FE4F9141A6CD92F091DDA642FD1</hash>
  </archivos>
  <archivos>
    <archivo>s01663087.xml</archivo>
    <hash>864A2A6ABE2C7D9C575C3F269BB3E82C</hash>
  </archivos>
  <archivos>
    <archivo>s01663088.xml</archivo>
    <hash>24E30D67B704C44F81C4527838854EF3</hash>
  </archivos>
  <archivos>
    <archivo>s01663090.xml</archivo>
    <hash>377345A098BD4533F143674222DCF67A</hash>
  </archivos>
  <archivos>
    <archivo>s01663093.xml</archivo>
    <hash>16F00F82EBAEC7E28ABD2056029DB031</hash>
  </archivos>
  <archivos>
    <archivo>s01663102.xml</archivo>
    <hash>9C5DAAE56AAD45D3AE9DFD14F7420E7B</hash>
  </archivos>
  <archivos>
    <archivo>s01663103.xml</archivo>
    <hash>FE2B861F605DC4EC1F36BE757C16BAB0</hash>
  </archivos>
  <archivos>
    <archivo>s01663106.xml</archivo>
    <hash>C1EAE5CD0DA6422028D6707A123EC95E</hash>
  </archivos>
  <archivos>
    <archivo>s01663109.xml</archivo>
    <hash>4A909C9D60D5DB8FFF904F818C359488</hash>
  </archivos>
  <archivos>
    <archivo>s01663116.xml</archivo>
    <hash>929162B62C7885228D979941A85D34DF</hash>
  </archivos>
  <archivos>
    <archivo>s01663117.xml</archivo>
    <hash>1E54CE5907D605243457111648896907</hash>
  </archivos>
  <archivos>
    <archivo>s01663119.xml</archivo>
    <hash>EBDCE8B076530C136813C50ECCF82B55</hash>
  </archivos>
  <archivos>
    <archivo>s01663143.xml</archivo>
    <hash>D46F2FCD636D5D5C7ED6E29ECDDA70EB</hash>
  </archivos>
  <archivos>
    <archivo>s01663144.xml</archivo>
    <hash>0F3F97DF6817C2D9C7EBE26F509D6337</hash>
  </archivos>
  <archivos>
    <archivo>s01663149.xml</archivo>
    <hash>BFF46919C88B2531B5FE9AE14F71A50D</hash>
  </archivos>
  <archivos>
    <archivo>s01663152.xml</archivo>
    <hash>B6F0096D2EFEB9A9D0506206A7C3AE4B</hash>
  </archivos>
  <archivos>
    <archivo>s01663153.xml</archivo>
    <hash>ACD6C6C2169C08FD89DBF9414CC53885</hash>
  </archivos>
  <archivos>
    <archivo>s01663158.xml</archivo>
    <hash>A23CC87CF0573B275A3351E7A66742BB</hash>
  </archivos>
  <archivos>
    <archivo>s01663162.xml</archivo>
    <hash>3A750DB176685DF54C43AF3E82E46390</hash>
  </archivos>
  <archivos>
    <archivo>s01663164.xml</archivo>
    <hash>6482B10986ED519DEE45E062B7DEB062</hash>
  </archivos>
  <archivos>
    <archivo>s01663168.xml</archivo>
    <hash>6B65884AC5C6F7010C4B337686B37C01</hash>
  </archivos>
  <archivos>
    <archivo>s01663171.xml</archivo>
    <hash>EC60AFA97AC71088752790C95EF640E1</hash>
  </archivos>
  <archivos>
    <archivo>s01663173.xml</archivo>
    <hash>C4574A71942ED59F0E2CCF0FAEF4A096</hash>
  </archivos>
  <archivos>
    <archivo>s01663174.xml</archivo>
    <hash>FCEB060ECC86AA969E4241CFEF93BC63</hash>
  </archivos>
  <archivos>
    <archivo>s01663175.xml</archivo>
    <hash>1D8A8777AD28BAE4C5767169629F4C71</hash>
  </archivos>
  <archivos>
    <archivo>s01663178.xml</archivo>
    <hash>93D5E0DC0C20632A66D33E67C3EFCAB8</hash>
  </archivos>
  <archivos>
    <archivo>s01663179.xml</archivo>
    <hash>9E212B8EF46B026C7AABEB79EFFA86F8</hash>
  </archivos>
  <archivos>
    <archivo>s01663180.xml</archivo>
    <hash>53CC2265399727B9D16E0A93E11F574B</hash>
  </archivos>
  <archivos>
    <archivo>s01663184.xml</archivo>
    <hash>43D1344E5631B5ADC7081E78F5498BB2</hash>
  </archivos>
  <archivos>
    <archivo>s01663185.xml</archivo>
    <hash>FBA7D64C7AA987E8E5DBEA0ABE2AD830</hash>
  </archivos>
  <archivos>
    <archivo>s01663186.xml</archivo>
    <hash>8F25215934F1BCD49532FE4836A362B4</hash>
  </archivos>
  <archivos>
    <archivo>s01663187.xml</archivo>
    <hash>9E45BFA26756F2486F23B0306FC660C4</hash>
  </archivos>
  <archivos>
    <archivo>s01663190.xml</archivo>
    <hash>D792A11A2E8B21F6D67B4F82C0BFCBF8</hash>
  </archivos>
  <archivos>
    <archivo>s01663191.xml</archivo>
    <hash>EC2A1E105419A4F6FB7D36F7FD531961</hash>
  </archivos>
  <archivos>
    <archivo>s01663195.xml</archivo>
    <hash>8A58418D2FE4C8A4DE0204851AA72970</hash>
  </archivos>
  <archivos>
    <archivo>s01663196.xml</archivo>
    <hash>2BD042B71814C941751DA7D116208E66</hash>
  </archivos>
  <archivos>
    <archivo>s01663197.xml</archivo>
    <hash>8B0977C4E31DF2D78601C145E9D07C1E</hash>
  </archivos>
  <archivos>
    <archivo>s01663202.xml</archivo>
    <hash>CB9FC88383CFCDD15B9C1C854C0DF153</hash>
  </archivos>
  <archivos>
    <archivo>s01663203.xml</archivo>
    <hash>549CC2AAD75EC764449461FCC468DB46</hash>
  </archivos>
  <archivos>
    <archivo>s01663206.xml</archivo>
    <hash>8A4CE3D8E1726B19C6E0598DBB8F64EB</hash>
  </archivos>
  <archivos>
    <archivo>s01663208.xml</archivo>
    <hash>B1F949C153B5FD44B72546592934BEC8</hash>
  </archivos>
  <archivos>
    <archivo>s01663211.xml</archivo>
    <hash>37289B61350AD6AAC3F51D1F066434D7</hash>
  </archivos>
  <archivos>
    <archivo>s01663214.xml</archivo>
    <hash>9F79DA9EF02C6447BE920A2022E6533B</hash>
  </archivos>
  <archivos>
    <archivo>s01663215.xml</archivo>
    <hash>1FC3DE094D7B47E213EB24AF656495E2</hash>
  </archivos>
  <archivos>
    <archivo>s01663217.xml</archivo>
    <hash>C279A07C6FA451F36A4D2748999DBCD4</hash>
  </archivos>
  <archivos>
    <archivo>s01663218.xml</archivo>
    <hash>E6C0D9008FB60E77C304D3B874CC362C</hash>
  </archivos>
  <archivos>
    <archivo>s01663220.xml</archivo>
    <hash>C0AAF721F6D6424B7F81C3877B966C21</hash>
  </archivos>
  <archivos>
    <archivo>s01663221.xml</archivo>
    <hash>13A7030B5CDB1B811A24BCB79AE33925</hash>
  </archivos>
  <archivos>
    <archivo>s01663222.xml</archivo>
    <hash>90CA32305158E925F9DC04D810B94A5F</hash>
  </archivos>
  <archivos>
    <archivo>s01663224.xml</archivo>
    <hash>962E61CE50F6D527C6C08EEE60785916</hash>
  </archivos>
  <archivos>
    <archivo>s01663235.xml</archivo>
    <hash>32119C9BCC1A30E56028A9B72EF26C4D</hash>
  </archivos>
  <archivos>
    <archivo>s01663269.xml</archivo>
    <hash>9A607D7C6A54A16C419CE3526BEBAFF1</hash>
  </archivos>
  <archivos>
    <archivo>r01660896.txt</archivo>
    <hash>4D9F9B5B1B2DB1CED161CA5072938F9A</hash>
  </archivos>
  <archivos>
    <archivo>r01661075.txt</archivo>
    <hash>25EF3EBFB4A446EA4633CB3A66ADAD2F</hash>
  </archivos>
  <archivos>
    <archivo>r01661076.txt</archivo>
    <hash>526487B2EFB516BB6BD366800D09EA53</hash>
  </archivos>
  <archivos>
    <archivo>r01661077.txt</archivo>
    <hash>1375BC86D49EE6C62421B20DB33C6BD9</hash>
  </archivos>
  <archivos>
    <archivo>r01661078.txt</archivo>
    <hash>90FA03CA240BC11F5F6B9CECA9F7858B</hash>
  </archivos>
  <archivos>
    <archivo>r01661080.txt</archivo>
    <hash>9415E897A7BD5B5038085846B7C1B604</hash>
  </archivos>
  <archivos>
    <archivo>r01661081.txt</archivo>
    <hash>B117B968268F0A59036751443C012EBA</hash>
  </archivos>
  <archivos>
    <archivo>r01661082.txt</archivo>
    <hash>9671893D47E46395A6E92711F85FC668</hash>
  </archivos>
  <archivos>
    <archivo>r01661083.txt</archivo>
    <hash>83ACCEFCBF35329C35CACAF810C5ECF3</hash>
  </archivos>
  <archivos>
    <archivo>r01661084.txt</archivo>
    <hash>B791AC14E02603CF4456C101B6E3BAAF</hash>
  </archivos>
  <archivos>
    <archivo>r01661085.txt</archivo>
    <hash>8D42CC8BD5041C68D2A912D3FB3474E9</hash>
  </archivos>
  <archivos>
    <archivo>r01661087.txt</archivo>
    <hash>B70F2E832694BBA51390E68523CD9B46</hash>
  </archivos>
  <archivos>
    <archivo>r01662784.txt</archivo>
    <hash>BF409B84486E1110226EABFC3699AF71</hash>
  </archivos>
  <archivos>
    <archivo>r01662785.txt</archivo>
    <hash>75E80302B2BC121361EFA118BC820A7D</hash>
  </archivos>
  <archivos>
    <archivo>r01662786.txt</archivo>
    <hash>353DABF312DB5B302318F28AD5E7105B</hash>
  </archivos>
  <archivos>
    <archivo>r01662787.txt</archivo>
    <hash>E3AD92BA30EAEDEBAE7A7DFB6BAEFD5C</hash>
  </archivos>
  <archivos>
    <archivo>r01662788.txt</archivo>
    <hash>5A5C91646EE907F05A5428CDB875A557</hash>
  </archivos>
  <archivos>
    <archivo>r01662789.txt</archivo>
    <hash>A0B70B26547A2087E14D28A3C4CB1FEF</hash>
  </archivos>
  <archivos>
    <archivo>r01662790.txt</archivo>
    <hash>66CD1EFFD8780F9427D22F7FC847DC21</hash>
  </archivos>
  <archivos>
    <archivo>r01662791.txt</archivo>
    <hash>EE6E4F0D282C3B201F34B43E25B94AA7</hash>
  </archivos>
  <archivos>
    <archivo>r01662792.txt</archivo>
    <hash>49449C8CF4DF4FF7C378308B77DF41C5</hash>
  </archivos>
  <archivos>
    <archivo>r01662798.txt</archivo>
    <hash>AD8F480DCE6D11D29ADEAEBA1ECD6C1C</hash>
  </archivos>
  <archivos>
    <archivo>r01662800.txt</archivo>
    <hash>48F08D3585F5BF5335CA554042BE7DC7</hash>
  </archivos>
  <archivos>
    <archivo>r01662801.txt</archivo>
    <hash>58ADAECC6CBCA137B0D7E228A3BA70D0</hash>
  </archivos>
  <archivos>
    <archivo>r01662802.txt</archivo>
    <hash>5DA7AE7D608C5FD41FB91AED90049CC7</hash>
  </archivos>
  <archivos>
    <archivo>r01662828.txt</archivo>
    <hash>5EE959F7495DB04CE604078DC58FC098</hash>
  </archivos>
  <archivos>
    <archivo>r01662829.txt</archivo>
    <hash>D4C24D00066520F294BED04ED4694454</hash>
  </archivos>
  <archivos>
    <archivo>r01662830.txt</archivo>
    <hash>C03630FDC144CDF7E4F9889DBD5BD428</hash>
  </archivos>
  <archivos>
    <archivo>r01662832.txt</archivo>
    <hash>09D2ABE5D3ECA08283620825D9E9C00A</hash>
  </archivos>
  <archivos>
    <archivo>r01662834.txt</archivo>
    <hash>DF7B0DB816B58C81ABDA33190430C8F0</hash>
  </archivos>
  <archivos>
    <archivo>r01662836.txt</archivo>
    <hash>4A88A7C73D048C0E811278066AC747C8</hash>
  </archivos>
  <archivos>
    <archivo>r01662849.txt</archivo>
    <hash>D734C249FEC9DAC1874C86F1E531ED5B</hash>
  </archivos>
  <archivos>
    <archivo>r01662850.txt</archivo>
    <hash>4CC45F638AD15C9DF22E84BB7C46CF50</hash>
  </archivos>
  <archivos>
    <archivo>r01662853.txt</archivo>
    <hash>B7A0D9152EC1806F40052BB6C78D29E1</hash>
  </archivos>
  <archivos>
    <archivo>r01662897.txt</archivo>
    <hash>695E884B022BFF13596A5F4918B65B6B</hash>
  </archivos>
  <archivos>
    <archivo>r01662985.txt</archivo>
    <hash>093F202D48BA89B4BCEF293558BB7B62</hash>
  </archivos>
  <archivos>
    <archivo>r01662986.txt</archivo>
    <hash>E612F1B0D95924FC3B77B7932C006B61</hash>
  </archivos>
  <archivos>
    <archivo>r01663047.txt</archivo>
    <hash>F36B29FC5AD8B05E15FD49E53C17AEE0</hash>
  </archivos>
  <archivos>
    <archivo>r01663048.txt</archivo>
    <hash>D00E89FF70D664D6B1CCD562ED545276</hash>
  </archivos>
  <archivos>
    <archivo>r01663087.txt</archivo>
    <hash>1CA46E36CCBF76DD23DF760573DDA04C</hash>
  </archivos>
  <archivos>
    <archivo>r01663088.txt</archivo>
    <hash>3380861F9B46D04D7F8432C0A516D125</hash>
  </archivos>
  <archivos>
    <archivo>r01663090.txt</archivo>
    <hash>7A5107A79B17C4E59C155F15BE23C809</hash>
  </archivos>
  <archivos>
    <archivo>r01663093.txt</archivo>
    <hash>9FF62E739483AA6EFFB15A239C0B3F5F</hash>
  </archivos>
  <archivos>
    <archivo>r01663102.txt</archivo>
    <hash>DBD8810BD3CC5815D585CFB8D9FD3DF1</hash>
  </archivos>
  <archivos>
    <archivo>r01663103.txt</archivo>
    <hash>F5BD9E24666113B2CED309427852F679</hash>
  </archivos>
  <archivos>
    <archivo>r01663106.txt</archivo>
    <hash>C6CD1C5B4524BE96C0D7E3AEF3B4F7FE</hash>
  </archivos>
  <archivos>
    <archivo>r01663109.txt</archivo>
    <hash>6877709360095E7E300B1899EDE57C50</hash>
  </archivos>
  <archivos>
    <archivo>r01663116.txt</archivo>
    <hash>11D573965005727529139F8D0C83183B</hash>
  </archivos>
  <archivos>
    <archivo>r01663117.txt</archivo>
    <hash>F967A9D428F16C65F196C2C596A8EBBC</hash>
  </archivos>
  <archivos>
    <archivo>r01663119.txt</archivo>
    <hash>A7F03D725E05D6FC6663E2467058848B</hash>
  </archivos>
  <archivos>
    <archivo>r01663143.txt</archivo>
    <hash>36BBA1C82EDEE3F5A31CA2091BA5A8AE</hash>
  </archivos>
  <archivos>
    <archivo>r01663144.txt</archivo>
    <hash>635F7AD71CDA1472F68A3D924BAF42B3</hash>
  </archivos>
  <archivos>
    <archivo>r01663149.txt</archivo>
    <hash>ECAAB18BD33F196A35706313A09DE005</hash>
  </archivos>
  <archivos>
    <archivo>r01663152.txt</archivo>
    <hash>3E6FDAA47BEAA47FE238C23B86B46A27</hash>
  </archivos>
  <archivos>
    <archivo>r01663153.txt</archivo>
    <hash>13EAAF87AEB39E51D2025D5D161CBA83</hash>
  </archivos>
  <archivos>
    <archivo>r01663158.txt</archivo>
    <hash>0DBDE6B6A594A1BDF4F4CFC6F008608E</hash>
  </archivos>
  <archivos>
    <archivo>r01663162.txt</archivo>
    <hash>9E1DE5B405F2522487F6DBDFC81F9679</hash>
  </archivos>
  <archivos>
    <archivo>r01663164.txt</archivo>
    <hash>FE264AAE7E2B32D4902D111D489696F2</hash>
  </archivos>
  <archivos>
    <archivo>r01663168.txt</archivo>
    <hash>DE22C9DB5045236D16C19565A4522568</hash>
  </archivos>
  <archivos>
    <archivo>r01663171.txt</archivo>
    <hash>3374BFD38C796A3B745AD485FCDCBD55</hash>
  </archivos>
  <archivos>
    <archivo>r01663173.txt</archivo>
    <hash>41DAB2A56055605C45D7C978A82D6B5D</hash>
  </archivos>
  <archivos>
    <archivo>r01663174.txt</archivo>
    <hash>C319B5945B72769BFC68193973567A8B</hash>
  </archivos>
  <archivos>
    <archivo>r01663175.txt</archivo>
    <hash>FFC3916C08F96B5E0655CFAE7119E08A</hash>
  </archivos>
  <archivos>
    <archivo>r01663178.txt</archivo>
    <hash>0FA6DA06C1C7268F2407ABD6B9284D3E</hash>
  </archivos>
  <archivos>
    <archivo>r01663179.txt</archivo>
    <hash>90D921C446DB75DC95F3AF12BE4ADC9B</hash>
  </archivos>
  <archivos>
    <archivo>r01663180.txt</archivo>
    <hash>FB27F071198764742A7D982CF057D127</hash>
  </archivos>
  <archivos>
    <archivo>r01663184.txt</archivo>
    <hash>7B92DADECF33C0DA38595A51D9F70490</hash>
  </archivos>
  <archivos>
    <archivo>r01663185.txt</archivo>
    <hash>5EBBAEC0602CAA0628382BD2833A3AAD</hash>
  </archivos>
  <archivos>
    <archivo>r01663186.txt</archivo>
    <hash>82EFCD2A8C289D7B281EEC68FE7820C7</hash>
  </archivos>
  <archivos>
    <archivo>r01663187.txt</archivo>
    <hash>E2E6748491F0445C857ACF92FD8F1219</hash>
  </archivos>
  <archivos>
    <archivo>r01663190.txt</archivo>
    <hash>0B79C0EA50FE5CCFCDFA1A8238D03706</hash>
  </archivos>
  <archivos>
    <archivo>r01663191.txt</archivo>
    <hash>A274A29927CC015329011E32178FEEC8</hash>
  </archivos>
  <archivos>
    <archivo>r01663195.txt</archivo>
    <hash>8C6362DEFD7E6D42D8F4DB320C93F018</hash>
  </archivos>
  <archivos>
    <archivo>r01663196.txt</archivo>
    <hash>73A3BC8AE60AEF3816E4752E313839A5</hash>
  </archivos>
  <archivos>
    <archivo>r01663197.txt</archivo>
    <hash>7B4ACAB188F9BE007BE16F24B9D46D2A</hash>
  </archivos>
  <archivos>
    <archivo>r01663202.txt</archivo>
    <hash>61804E24626539BDBABF284D7276866D</hash>
  </archivos>
  <archivos>
    <archivo>r01663203.txt</archivo>
    <hash>8A9A5365F748EC96F6CA7F096664C753</hash>
  </archivos>
  <archivos>
    <archivo>r01663206.txt</archivo>
    <hash>9ADF9C1965A6C7100A8DDD00C1CD0F96</hash>
  </archivos>
  <archivos>
    <archivo>r01663208.txt</archivo>
    <hash>58E7E74170ACFCEC76E68AA248706FC8</hash>
  </archivos>
  <archivos>
    <archivo>r01663211.txt</archivo>
    <hash>C58DFF5D2BA08DC12D25B01F6A04DE58</hash>
  </archivos>
  <archivos>
    <archivo>r01663214.txt</archivo>
    <hash>00F633C307C6DE1B6ECAB0CC2E43C069</hash>
  </archivos>
  <archivos>
    <archivo>r01663215.txt</archivo>
    <hash>8EFF3F02764CFDDADEA3E43F6F1733B1</hash>
  </archivos>
  <archivos>
    <archivo>r01663217.txt</archivo>
    <hash>442A7FEEF4E64E65F12A1254D2B0A643</hash>
  </archivos>
  <archivos>
    <archivo>r01663218.txt</archivo>
    <hash>59530697FF84282B3BB9417D46837DBD</hash>
  </archivos>
  <archivos>
    <archivo>r01663220.txt</archivo>
    <hash>9C30E142065E42606AEA758A415F42F2</hash>
  </archivos>
  <archivos>
    <archivo>r01663221.txt</archivo>
    <hash>C34379CD309ADF7B8ADF6B6475FF75F2</hash>
  </archivos>
  <archivos>
    <archivo>r01663222.txt</archivo>
    <hash>2C870E316A6772438AF9107EDA3AAB0E</hash>
  </archivos>
  <archivos>
    <archivo>r01663224.txt</archivo>
    <hash>D52F2588BD17F23AA457B8441315C362</hash>
  </archivos>
  <archivos>
    <archivo>r01663235.txt</archivo>
    <hash>6410F2E5FA769F1A83D9ED379E57AE1E</hash>
  </archivos>
  <archivos>
    <archivo>r01663269.txt</archivo>
    <hash>0FF31632D64B586636B004C35A352935</hash>
  </archivos>
  <archivos>
    <archivo>sectoresTarifarios.xml</archivo>
    <hash>A3B8E1BA143582E6D4A8732D8B4ECA53</hash>
  </archivos>
</Version>