<?xml version="1.0" standalone="yes"?>
<Sector>
  <xs:schema id="Sector" xmlns="" xmlns:xs="http://www.w3.org/2001/XMLSchema" xmlns:msdata="urn:schemas-microsoft-com:xml-msdata">
    <xs:element name="Sector" msdata:IsDataSet="true" msdata:Locale="">
      <xs:complexType>
        <xs:choice minOccurs="0" maxOccurs="unbounded">
          <xs:element name="S" msdata:Locale="">
            <xs:complexType>
              <xs:sequence>
                <xs:element name="Calle" type="xs:string" minOccurs="0" />
                <xs:element name="Lat" type="xs:decimal" minOccurs="0" />
                <xs:element name="Lon" type="xs:decimal" minOccurs="0" />
                <xs:element name="Dis" type="xs:decimal" minOccurs="0" />
                <xs:element name="Cta" type="xs:int" minOccurs="0" />
                <xs:element name="CodSec" type="xs:int" minOccurs="0" />
              </xs:sequence>
            </xs:complexType>
          </xs:element>
        </xs:choice>
      </xs:complexType>
    </xs:element>
  </xs:schema>
  <S>
    <Calle>SAAVE</Calle>
    <Lat>34.537500</Lat>
    <Lon>58.475610</Lon>
    <Dis>576.241</Dis>
    <Cta>1</Cta>
    <CodSec>1</CodSec>
  </S>
  <S>
    <Calle>ZAPIO</Calle>
    <Lat>34.540662</Lat>
    <Lon>58.480858</Lon>
    <Dis>2862.104</Dis>
    <Cta>39</Cta>
    <CodSec>1</CodSec>
  </S>
  <S>
    <Calle>SMART</Calle>
    <Lat>34.534374</Lat>
    <Lon>58.502723</Lon>
    <Dis>3850.270</Dis>
    <Cta>238</Cta>
    <CodSec>11</CodSec>
  </S>
  <S>
    <Calle>EDISO</Calle>
    <Lat>34.508451</Lat>
    <Lon>58.529167</Lon>
    <Dis>1459.068</Dis>
    <Cta>468</Cta>
    <CodSec>12</CodSec>
  </S>
  <S>
    <Calle>THAME</Calle>
    <Lat>34.501786</Lat>
    <Lon>58.542532</Lon>
    <Dis>971.906</Dis>
    <Cta>558</Cta>
    <CodSec>12</CodSec>
  </S>
  <S>
    <Calle>MARQ2</Calle>
    <Lat>34.497111</Lat>
    <Lon>58.551385</Lon>
    <Dis>408.072</Dis>
    <Cta>616</Cta>
    <CodSec>13</CodSec>
  </S>
  <S>
    <Calle>MARQ1</Calle>
    <Lat>34.494647</Lat>
    <Lon>58.554544</Lon>
    <Dis>1050.995</Dis>
    <Cta>648</Cta>
    <CodSec>13</CodSec>
  </S>
  <S>
    <Calle>JSMAR</Calle>
    <Lat>34.491259</Lat>
    <Lon>58.564773</Lon>
    <Dis>1903.518</Dis>
    <Cta>717</Cta>
    <CodSec>13</CodSec>
  </S>
  <S>
    <Calle>BLGNE</Calle>
    <Lat>34.487860</Lat>
    <Lon>58.584753</Lon>
    <Dis>2195.423</Dis>
    <Cta>843</Cta>
    <CodSec>13</CodSec>
  </S>
  <S>
    <Calle>R2022</Calle>
    <Lat>34.485933</Lat>
    <Lon>58.608469</Lon>
    <Dis>822.945</Dis>
    <Cta>954</Cta>
    <CodSec>14</CodSec>
  </S>
  <S>
    <Calle>R2021</Calle>
    <Lat>34.484754</Lat>
    <Lon>58.617231</Lon>
    <Dis>3626.336</Dis>
    <Cta>1012</Cta>
    <CodSec>14</CodSec>
  </S>
  <S>
    <Calle>R1972</Calle>
    <Lat>34.477086</Lat>
    <Lon>58.655488</Lon>
    <Dis>868.629</Dis>
    <Cta>1176</Cta>
    <CodSec>36</CodSec>
  </S>
  <S>
    <Calle>R1971</Calle>
    <Lat>34.474616</Lat>
    <Lon>58.664267</Lon>
    <Dis>4556.619</Dis>
    <Cta>1232</Cta>
    <CodSec>36</CodSec>
  </S>
  <S>
    <Calle>FORD2</Calle>
    <Lat>34.448026</Lat>
    <Lon>58.698738</Lon>
    <Dis>1924.628</Dis>
    <Cta>1526</Cta>
    <CodSec>42</CodSec>
  </S>
  <S>
    <Calle>FORD1</Calle>
    <Lat>34.434752</Lat>
    <Lon>58.711172</Lon>
    <Dis>2091.915</Dis>
    <Cta>1647</Cta>
    <CodSec>42</CodSec>
  </S>
  <S>
    <Calle>PTGA1</Calle>
    <Lat>34.418405</Lat>
    <Lon>58.721619</Lon>
    <Dis>1460.525</Dis>
    <Cta>1773</Cta>
    <CodSec>43</CodSec>
  </S>
  <S>
    <Calle>CURVO</Calle>
    <Lat>34.407533</Lat>
    <Lon>58.729755</Lon>
    <Dis>1623.752</Dis>
    <Cta>1875</Cta>
    <CodSec>43</CodSec>
  </S>
  <S>
    <Calle>MASCH</Calle>
    <Lat>34.395427</Lat>
    <Lon>58.739284</Lon>
    <Dis>2329.307</Dis>
    <Cta>1966</Cta>
    <CodSec>43</CodSec>
  </S>
  <S>
    <Calle>A.C.A</Calle>
    <Lat>34.381350</Lat>
    <Lon>58.752309</Lon>
    <Dis>3614.819</Dis>
    <Cta>2116</Cta>
    <CodSec>51</CodSec>
  </S>
  <S>
    <Calle>E.SAV</Calle>
    <Lat>34.407339</Lat>
    <Lon>58.770860</Lon>
    <Dis>948.141</Dis>
    <Cta>2355</Cta>
    <CodSec>52</CodSec>
  </S>
  <S>
    <Calle>ASTER</Calle>
    <Lat>34.415143</Lat>
    <Lon>58.774661</Lon>
    <Dis>3018.216</Dis>
    <Cta>2414</Cta>
    <CodSec>52</CodSec>
  </S>
  <S>
    <Calle>RPILA</Calle>
    <Lat>34.441150</Lat>
    <Lon>58.782952</Lon>
    <Dis>1751.160</Dis>
    <Cta>2609</Cta>
    <CodSec>53</CodSec>
  </S>
  <S>
    <Calle>E.VIS</Calle>
    <Lat>34.450609</Lat>
    <Lon>58.797447</Lon>
    <Dis>1442.973</Dis>
    <Cta>2730</Cta>
    <CodSec>53</CodSec>
  </S>
  <S>
    <Calle>RUTP8</Calle>
    <Lat>34.459619</Lat>
    <Lon>58.808028</Lon>
    <Dis>2768.752</Dis>
    <Cta>2822</Cta>
    <CodSec>54</CodSec>
  </S>
  <S>
    <Calle>LONJA</Calle>
    <Lat>34.454026</Lat>
    <Lon>58.833501</Lon>
    <Dis>3042.324</Dis>
    <Cta>3085</Cta>
    <CodSec>55</CodSec>
  </S>
  <S>
    <Calle>JUMBO</Calle>
    <Lat>34.450220</Lat>
    <Lon>58.865865</Lon>
    <Dis>3750.202</Dis>
    <Cta>3271</Cta>
    <CodSec>56</CodSec>
  </S>
  <S>
    <Calle>RUT25</Calle>
    <Lat>34.456645</Lat>
    <Lon>58.905466</Lon>
    <Dis>2211.272</Dis>
    <Cta>3558</Cta>
    <CodSec>57</CodSec>
  </S>
  <S>
    <Calle>MAIPU</Calle>
    <Lat>34.468964</Lat>
    <Lon>58.905991</Lon>
    <Dis>1095.586</Dis>
    <Cta>3713</Cta>
    <CodSec>60</CodSec>
  </S>
  <S>
    <Calle>PILAR</Calle>
    <Lat>34.477533</Lat>
    <Lon>58.900581</Lon>
    <Dis>0</Dis>
    <Cta>3780</Cta>
    <CodSec>60</CodSec>
  </S>
</Sector>