<?xml version="1.0" standalone="yes"?>
<Sector>
  <xs:schema id="Sector" xmlns="" xmlns:xs="http://www.w3.org/2001/XMLSchema" xmlns:msdata="urn:schemas-microsoft-com:xml-msdata">
    <xs:element name="Sector" msdata:IsDataSet="true" msdata:Locale="">
      <xs:complexType>
        <xs:choice minOccurs="0" maxOccurs="unbounded">
          <xs:element name="S" msdata:Locale="">
            <xs:complexType>
              <xs:sequence>
                <xs:element name="Calle" type="xs:string" minOccurs="0" />
                <xs:element name="Lat" type="xs:decimal" minOccurs="0" />
                <xs:element name="Lon" type="xs:decimal" minOccurs="0" />
                <xs:element name="Dis" type="xs:decimal" minOccurs="0" />
                <xs:element name="Cta" type="xs:int" minOccurs="0" />
                <xs:element name="CodSec" type="xs:int" minOccurs="0" />
              </xs:sequence>
            </xs:complexType>
          </xs:element>
        </xs:choice>
      </xs:complexType>
    </xs:element>
  </xs:schema>
  <S>
    <Calle>PILAR</Calle>
    <Lat>34.477593</Lat>
    <Lon>58.900604</Lon>
    <Dis>1086.407</Dis>
    <Cta>1</Cta>
    <CodSec>60</CodSec>
  </S>
  <S>
    <Calle>NAZAR</Calle>
    <Lat>34.469000</Lat>
    <Lon>58.905856</Lon>
    <Dis>2406.970</Dis>
    <Cta>68</Cta>
    <CodSec>60</CodSec>
  </S>
  <S>
    <Calle>RUT25</Calle>
    <Lat>34.456794</Lat>
    <Lon>58.905975</Lon>
    <Dis>3394.040</Dis>
    <Cta>223</Cta>
    <CodSec>57</CodSec>
  </S>
  <S>
    <Calle>JUMBO</Calle>
    <Lat>34.450090</Lat>
    <Lon>58.870331</Lon>
    <Dis>3090.410</Dis>
    <Cta>487</Cta>
    <CodSec>56</CodSec>
  </S>
  <S>
    <Calle>LONJA</Calle>
    <Lat>34.454444</Lat>
    <Lon>58.837336</Lon>
    <Dis>2728.159</Dis>
    <Cta>693</Cta>
    <CodSec>55</CodSec>
  </S>
  <S>
    <Calle>RUT26</Calle>
    <Lat>34.458979</Lat>
    <Lon>58.811813</Lon>
    <Dis>1478.451</Dis>
    <Cta>895</Cta>
    <CodSec>54</CodSec>
  </S>
  <S>
    <Calle>E.VIS</Calle>
    <Lat>34.453880</Lat>
    <Lon>58.799554</Lon>
    <Dis>2151.935</Dis>
    <Cta>984</Cta>
    <CodSec>54</CodSec>
  </S>
  <S>
    <Calle>RPILA</Calle>
    <Lat>34.441314</Lat>
    <Lon>58.782833</Lon>
    <Dis>2785.282</Dis>
    <Cta>1122</Cta>
    <CodSec>53</CodSec>
  </S>
  <S>
    <Calle>ASTER</Calle>
    <Lat>34.417288</Lat>
    <Lon>58.775412</Lon>
    <Dis>1065.229</Dis>
    <Cta>1308</Cta>
    <CodSec>53</CodSec>
  </S>
  <S>
    <Calle>E.SAV</Calle>
    <Lat>34.408427</Lat>
    <Lon>58.771395</Lon>
    <Dis>3641.800</Dis>
    <Cta>1376</Cta>
    <CodSec>52</CodSec>
  </S>
  <S>
    <Calle>COLEC</Calle>
    <Lat>34.381804</Lat>
    <Lon>58.753064</Lon>
    <Dis>1906.890</Dis>
    <Cta>1598</Cta>
    <CodSec>51</CodSec>
  </S>
  <S>
    <Calle>MASCH</Calle>
    <Lat>34.394855</Lat>
    <Lon>58.741366</Lon>
    <Dis>1839.996</Dis>
    <Cta>1720</Cta>
    <CodSec>51</CodSec>
  </S>
  <S>
    <Calle>CURVO</Calle>
    <Lat>34.408550</Lat>
    <Lon>58.730490</Lon>
    <Dis>2480.718</Dis>
    <Cta>1845</Cta>
    <CodSec>51</CodSec>
  </S>
  <S>
    <Calle>LORET</Calle>
    <Lat>34.412904</Lat>
    <Lon>58.704735</Lon>
    <Dis>4255.522</Dis>
    <Cta>1999</Cta>
    <CodSec>50</CodSec>
  </S>
  <S>
    <Calle>CAMEL</Calle>
    <Lat>34.443278</Lat>
    <Lon>58.678514</Lon>
    <Dis>2963.904</Dis>
    <Cta>2289</Cta>
    <CodSec>49</CodSec>
  </S>
  <S>
    <Calle>BLANC</Calle>
    <Lat>34.453227</Lat>
    <Lon>58.649976</Lon>
    <Dis>2577.058</Dis>
    <Cta>2499</Cta>
    <CodSec>48</CodSec>
  </S>
  <S>
    <Calle>PACHE</Calle>
    <Lat>34.456621</Lat>
    <Lon>58.627492</Lon>
    <Dis>3083.240</Dis>
    <Cta>2667</Cta>
    <CodSec>47</CodSec>
  </S>
  <S>
    <Calle>LINIE</Calle>
    <Lat>34.444614</Lat>
    <Lon>58.597659</Lon>
    <Dis>1153.149</Dis>
    <Cta>2873</Cta>
    <CodSec>46</CodSec>
  </S>
  <S>
    <Calle>DETAL</Calle>
    <Lat>34.447004</Lat>
    <Lon>58.589254</Lon>
    <Dis>2945.994</Dis>
    <Cta>2965</Cta>
    <CodSec>46</CodSec>
  </S>
  <S>
    <Calle>SFER1</Calle>
    <Lat>34.435394</Lat>
    <Lon>58.566887</Lon>
    <Dis>2528.529</Dis>
    <Cta>3187</Cta>
    <CodSec>6</CodSec>
  </S>
  <S>
    <Calle>QUINT</Calle>
    <Lat>34.447340</Lat>
    <Lon>58.546943</Lon>
    <Dis>795.613</Dis>
    <Cta>3353</Cta>
    <CodSec>6</CodSec>
  </S>
  <S>
    <Calle>E.VIC</Calle>
    <Lat>34.451825</Lat>
    <Lon>58.540273</Lon>
    <Dis>3266.425</Dis>
    <Cta>3407</Cta>
    <CodSec>5</CodSec>
  </S>
  <S>
    <Calle>E.SIS</Calle>
    <Lat>34.471889</Lat>
    <Lon>58.515055</Lon>
    <Dis>2210.994</Dis>
    <Cta>3621</Cta>
    <CodSec>4</CodSec>
  </S>
  <S>
    <Calle>E.MAR</Calle>
    <Lat>34.488062</Lat>
    <Lon>58.501428</Lon>
    <Dis>2953.394</Dis>
    <Cta>3764</Cta>
    <CodSec>3</CodSec>
  </S>
  <S>
    <Calle>E.MIT</Calle>
    <Lat>34.512304</Lat>
    <Lon>58.489938</Lon>
    <Dis>1411.387</Dis>
    <Cta>4061</Cta>
    <CodSec>2</CodSec>
  </S>
  <S>
    <Calle>SMAR.</Calle>
    <Lat>34.523846</Lat>
    <Lon>58.483829</Lon>
    <Dis>1695.938</Dis>
    <Cta>4141</Cta>
    <CodSec>2</CodSec>
  </S>
  <S>
    <Calle>SAAVE</Calle>
    <Lat>34.537500</Lat>
    <Lon>58.475610</Lon>
    <Dis>0</Dis>
    <Cta>4239</Cta>
    <CodSec>1</CodSec>
  </S>
</Sector>