<?xml version="1.0" standalone="yes"?>
<Version>
  <xs:schema id="Version" xmlns="" xmlns:xs="http://www.w3.org/2001/XMLSchema" xmlns:msdata="urn:schemas-microsoft-com:xml-msdata">
    <xs:element name="Version" msdata:IsDataSet="true" msdata:UseCurrentLocale="true">
      <xs:complexType>
        <xs:choice minOccurs="0" maxOccurs="unbounded">
          <xs:element name="datosVersion">
            <xs:complexType>
              <xs:sequence>
                <xs:element name="nroVersion" type="xs:int" minOccurs="0" />
                <xs:element name="fechaActivacion" type="xs:dateTime" minOccurs="0" />
              </xs:sequence>
            </xs:complexType>
          </xs:element>
          <xs:element name="archivos">
            <xs:complexType>
              <xs:sequence>
                <xs:element name="archivo" type="xs:string" minOccurs="0" />
                <xs:element name="hash" type="xs:string" minOccurs="0" />
              </xs:sequence>
            </xs:complexType>
          </xs:element>
        </xs:choice>
      </xs:complexType>
    </xs:element>
  </xs:schema>
  <datosVersion>
    <nroVersion>30</nroVersion>
    <fechaActivacion>2020-08-22T00:00:00-03:00</fechaActivacion>
  </datosVersion>
  <archivos>
    <archivo>s01592742.xml</archivo>
    <hash>0DAA88E1749DB7F0FC99A96D9C92F12E</hash>
  </archivos>
  <archivos>
    <archivo>s01592743.xml</archivo>
    <hash>69B99F9635AA9E69CAE2DBA13239BF6C</hash>
  </archivos>
  <archivos>
    <archivo>s01592744.xml</archivo>
    <hash>A943D7AC78C4C92A122A07B7FB1C77EA</hash>
  </archivos>
  <archivos>
    <archivo>s01592745.xml</archivo>
    <hash>8B6948F3621E407642B244BAB3F839D2</hash>
  </archivos>
  <archivos>
    <archivo>s01592746.xml</archivo>
    <hash>6D6E505231704FD8BDA2A15634149BAB</hash>
  </archivos>
  <archivos>
    <archivo>s01592747.xml</archivo>
    <hash>2B75F09ECCD2683944590C3BEE1992CA</hash>
  </archivos>
  <archivos>
    <archivo>s01592748.xml</archivo>
    <hash>D7E20CD7106F60FC5F337B19B8A082F5</hash>
  </archivos>
  <archivos>
    <archivo>s01592749.xml</archivo>
    <hash>209A014261848EEB1C0F26B8F4F631A5</hash>
  </archivos>
  <archivos>
    <archivo>s01592750.xml</archivo>
    <hash>0E1041C8AB5E94D97D370924B989D8C7</hash>
  </archivos>
  <archivos>
    <archivo>s01592751.xml</archivo>
    <hash>D3443404E79463BC3B630F7DA8AEF250</hash>
  </archivos>
  <archivos>
    <archivo>s01592752.xml</archivo>
    <hash>6AB64B9C34A94B2B7CFE7F1A1FFF86AB</hash>
  </archivos>
  <archivos>
    <archivo>s01592753.xml</archivo>
    <hash>B9B425755142172CE630177BA5E881A3</hash>
  </archivos>
  <archivos>
    <archivo>s01592754.xml</archivo>
    <hash>5FB54E455D2B177D54F0D43E0E8E6840</hash>
  </archivos>
  <archivos>
    <archivo>s01592755.xml</archivo>
    <hash>83AD2F35B6AF7E6CB30862F71E399395</hash>
  </archivos>
  <archivos>
    <archivo>s01592756.xml</archivo>
    <hash>382B74F6E345F7236E6D12CE647CC79C</hash>
  </archivos>
  <archivos>
    <archivo>s01592757.xml</archivo>
    <hash>4DF2498518CBECCEA7492F35589665BE</hash>
  </archivos>
  <archivos>
    <archivo>s01592758.xml</archivo>
    <hash>2A68DE935A562445FEDECED1CB1D92F9</hash>
  </archivos>
  <archivos>
    <archivo>s01592759.xml</archivo>
    <hash>E48312AC005FA816EFD32F3BDDA89C01</hash>
  </archivos>
  <archivos>
    <archivo>s01592760.xml</archivo>
    <hash>E4828435A449E52784027D3A8BE2F83F</hash>
  </archivos>
  <archivos>
    <archivo>r01592742.txt</archivo>
    <hash>6D85583143C054ED6874EF585D7B9FEE</hash>
  </archivos>
  <archivos>
    <archivo>r01592743.txt</archivo>
    <hash>5E3C6309F2006860D604049F6A09D247</hash>
  </archivos>
  <archivos>
    <archivo>r01592744.txt</archivo>
    <hash>9455775CC95D6C11CE58E8EE15FF3C6F</hash>
  </archivos>
  <archivos>
    <archivo>r01592745.txt</archivo>
    <hash>98E2DF91C579657E944C6F4BD966F667</hash>
  </archivos>
  <archivos>
    <archivo>r01592746.txt</archivo>
    <hash>134E8DBDDE47C173147AA17534004AFC</hash>
  </archivos>
  <archivos>
    <archivo>r01592747.txt</archivo>
    <hash>B18383604546E510E48C58BBD202D439</hash>
  </archivos>
  <archivos>
    <archivo>r01592748.txt</archivo>
    <hash>C3992D4C9C73DF366141DD2E6385BC19</hash>
  </archivos>
  <archivos>
    <archivo>r01592749.txt</archivo>
    <hash>7D48E999E16E92126A129BBB098D0D93</hash>
  </archivos>
  <archivos>
    <archivo>r01592750.txt</archivo>
    <hash>511A47C341040ABE4ED4D1473B1099AA</hash>
  </archivos>
  <archivos>
    <archivo>r01592751.txt</archivo>
    <hash>B117D96733E655FC0EE9BF4985F7960D</hash>
  </archivos>
  <archivos>
    <archivo>r01592752.txt</archivo>
    <hash>2E063FD750A6684D3D97ACC68F3F31FE</hash>
  </archivos>
  <archivos>
    <archivo>r01592753.txt</archivo>
    <hash>B517EE589FB05C0B36228F4898C14A9F</hash>
  </archivos>
  <archivos>
    <archivo>r01592754.txt</archivo>
    <hash>83610AAB2E6166DB7B779394023E5413</hash>
  </archivos>
  <archivos>
    <archivo>r01592755.txt</archivo>
    <hash>ECA02E14169FDA1793B76EE7EFED642C</hash>
  </archivos>
  <archivos>
    <archivo>r01592756.txt</archivo>
    <hash>9517C0162DBB5E17D3D408E2E11E9B68</hash>
  </archivos>
  <archivos>
    <archivo>r01592757.txt</archivo>
    <hash>6AF49485EC99D6CB84083FF3F2F4F13C</hash>
  </archivos>
  <archivos>
    <archivo>r01592758.txt</archivo>
    <hash>4D60F6547A7ADEFAD59C5F24C6F9CA12</hash>
  </archivos>
  <archivos>
    <archivo>r01592759.txt</archivo>
    <hash>652180BB959F37FE1EFA0F7CF323D8BA</hash>
  </archivos>
  <archivos>
    <archivo>r01592760.txt</archivo>
    <hash>995F05ED0B888930193F67AF9321B5A3</hash>
  </archivos>
  <archivos>
    <archivo>sectoresTarifarios.xml</archivo>
    <hash>BDF89E6995DF3961B085471C0FD7AC9E</hash>
  </archivos>
</Version>