<?xml version="1.0" standalone="yes"?>
<Sector>
  <xs:schema id="Sector" xmlns="" xmlns:xs="http://www.w3.org/2001/XMLSchema" xmlns:msdata="urn:schemas-microsoft-com:xml-msdata">
    <xs:element name="Sector" msdata:IsDataSet="true" msdata:Locale="">
      <xs:complexType>
        <xs:choice minOccurs="0" maxOccurs="unbounded">
          <xs:element name="S" msdata:Locale="">
            <xs:complexType>
              <xs:sequence>
                <xs:element name="Calle" type="xs:string" minOccurs="0" />
                <xs:element name="Lat" type="xs:decimal" minOccurs="0" />
                <xs:element name="Lon" type="xs:decimal" minOccurs="0" />
                <xs:element name="Dis" type="xs:decimal" minOccurs="0" />
                <xs:element name="Cta" type="xs:int" minOccurs="0" />
                <xs:element name="CodSec" type="xs:int" minOccurs="0" />
              </xs:sequence>
            </xs:complexType>
          </xs:element>
        </xs:choice>
      </xs:complexType>
    </xs:element>
  </xs:schema>
  <S>
    <Calle>RUFIN</Calle>
    <Lat>34.265784</Lat>
    <Lon>62.703057</Lon>
    <Dis>17780.570</Dis>
    <Cta>1</Cta>
    <CodSec>137</CodSec>
  </S>
  <S>
    <Calle>TARRA</Calle>
    <Lat>34.189718</Lat>
    <Lon>62.543023</Lon>
    <Dis>9301.410</Dis>
    <Cta>657</Cta>
    <CodSec>136</CodSec>
  </S>
  <S>
    <Calle>LAZZA</Calle>
    <Lat>34.151819</Lat>
    <Lon>62.453034</Lon>
    <Dis>3207.550</Dis>
    <Cta>988</Cta>
    <CodSec>135</CodSec>
  </S>
  <S>
    <Calle>AMENA</Calle>
    <Lat>34.129726</Lat>
    <Lon>62.432881</Lon>
    <Dis>20620.830</Dis>
    <Cta>1108</Cta>
    <CodSec>134</CodSec>
  </S>
  <S>
    <Calle>SANCL</Calle>
    <Lat>34.005636</Lat>
    <Lon>62.270501</Lon>
    <Dis>5859.260</Dis>
    <Cta>1867</Cta>
    <CodSec>133</CodSec>
  </S>
  <S>
    <Calle>SANCS</Calle>
    <Lat>34.003520</Lat>
    <Lon>62.269990</Lon>
    <Dis>20839.050</Dis>
    <Cta>2090</Cta>
    <CodSec>133</CodSec>
  </S>
  <S>
    <Calle>S.EDU</Calle>
    <Lat>33.831389</Lat>
    <Lon>62.207412</Lon>
    <Dis>21331.970</Dis>
    <Cta>2848</Cta>
    <CodSec>132</CodSec>
  </S>
  <S>
    <Calle>V.T E</Calle>
    <Lat>33.730749</Lat>
    <Lon>62.011973</Lon>
    <Dis>11395.580</Dis>
    <Cta>3638</Cta>
    <CodSec>131</CodSec>
  </S>
  <S>
    <Calle>VTSAL</Calle>
    <Lat>33.698148</Lat>
    <Lon>61.951931</Lon>
    <Dis>9788.640</Dis>
    <Cta>4060</Cta>
    <CodSec>131</CodSec>
  </S>
  <S>
    <Calle>MURPH</Calle>
    <Lat>33.649808</Lat>
    <Lon>61.863544</Lon>
    <Dis>3461.130</Dis>
    <Cta>4397</Cta>
    <CodSec>130</CodSec>
  </S>
  <S>
    <Calle>RAVIO</Calle>
    <Lat>33.635754</Lat>
    <Lon>61.830783</Lon>
    <Dis>12037.810</Dis>
    <Cta>4543</Cta>
    <CodSec>129</CodSec>
  </S>
  <S>
    <Calle>ELORT</Calle>
    <Lat>33.577003</Lat>
    <Lon>61.721611</Lon>
    <Dis>5964.090</Dis>
    <Cta>4952</Cta>
    <CodSec>128</CodSec>
  </S>
  <S>
    <Calle>DIVIS</Calle>
    <Lat>33.547912</Lat>
    <Lon>61.667536</Lon>
    <Dis>3325.560</Dis>
    <Cta>5159</Cta>
    <CodSec>127</CodSec>
  </S>
  <S>
    <Calle>CHOVE</Calle>
    <Lat>33.531664</Lat>
    <Lon>61.637409</Lon>
    <Dis>15018.850</Dis>
    <Cta>5270</Cta>
    <CodSec>126</CodSec>
  </S>
  <S>
    <Calle>FIREN</Calle>
    <Lat>33.456450</Lat>
    <Lon>61.503360</Lon>
    <Dis>2142.870</Dis>
    <Cta>5799</Cta>
    <CodSec>125</CodSec>
  </S>
  <S>
    <Calle>TERM</Calle>
    <Lat>33.455317</Lat>
    <Lon>61.485370</Lon>
    <Dis>2643.110</Dis>
    <Cta>5880</Cta>
    <CodSec>125</CodSec>
  </S>
  <S>
    <Calle>FIRSA</Calle>
    <Lat>33.436321</Lat>
    <Lon>61.483498</Lon>
    <Dis>10100.820</Dis>
    <Cta>5985</Cta>
    <CodSec>125</CodSec>
  </S>
  <S>
    <Calle>VILLA</Calle>
    <Lat>33.353361</Lat>
    <Lon>61.448020</Lon>
    <Dis>13474.020</Dis>
    <Cta>6338</Cta>
    <CodSec>124</CodSec>
  </S>
  <S>
    <Calle>CHABA</Calle>
    <Lat>33.253894</Lat>
    <Lon>61.366254</Lon>
    <Dis>14089.320</Dis>
    <Cta>6812</Cta>
    <CodSec>123</CodSec>
  </S>
  <S>
    <Calle>SANFO</Calle>
    <Lat>33.148645</Lat>
    <Lon>61.282094</Lon>
    <Dis>14049.490</Dis>
    <Cta>7321</Cta>
    <CodSec>122</CodSec>
  </S>
  <S>
    <Calle>CASEN</Calle>
    <Lat>33.063491</Lat>
    <Lon>61.176185</Lon>
    <Dis>2072.070</Dis>
    <Cta>7821</Cta>
    <CodSec>121</CodSec>
  </S>
  <S>
    <Calle>TECAS</Calle>
    <Lat>33.053257</Lat>
    <Lon>61.157603</Lon>
    <Dis>2077.000</Dis>
    <Cta>7894</Cta>
    <CodSec>121</CodSec>
  </S>
  <S>
    <Calle>SALE</Calle>
    <Lat>33.042957</Lat>
    <Lon>61.139024</Lon>
    <Dis>9230.640</Dis>
    <Cta>7977</Cta>
    <CodSec>121</CodSec>
  </S>
  <S>
    <Calle>PJENT</Calle>
    <Lat>33.016630</Lat>
    <Lon>61.049465</Lon>
    <Dis>15269.690</Dis>
    <Cta>8296</Cta>
    <CodSec>120</CodSec>
  </S>
  <S>
    <Calle>ZAVAL</Calle>
    <Lat>33.018560</Lat>
    <Lon>60.885831</Lon>
    <Dis>8190.220</Dis>
    <Cta>8831</Cta>
    <CodSec>86</CodSec>
  </S>
  <S>
    <Calle>CURPE</Calle>
    <Lat>33.010175</Lat>
    <Lon>60.799483</Lon>
    <Dis>3737.650</Dis>
    <Cta>9128</Cta>
    <CodSec>85</CodSec>
  </S>
  <S>
    <Calle>ELOPE</Calle>
    <Lat>32.995597</Lat>
    <Lon>60.765254</Lon>
    <Dis>3236.580</Dis>
    <Cta>9280</Cta>
    <CodSec>85</CodSec>
  </S>
  <S>
    <Calle>ES SO</Calle>
    <Lat>32.980397</Lat>
    <Lon>60.736084</Lon>
    <Dis>8565.390</Dis>
    <Cta>9426</Cta>
    <CodSec>13</CodSec>
  </S>
  <S>
    <Calle>TERRO</Calle>
    <Lat>32.939604</Lat>
    <Lon>60.672460</Lon>
    <Dis>0</Dis>
    <Cta>9747</Cta>
    <CodSec>13</CodSec>
  </S>
</Sector>