<?xml version="1.0" standalone="yes"?>
<Sector>
  <xs:schema id="Sector" xmlns="" xmlns:xs="http://www.w3.org/2001/XMLSchema" xmlns:msdata="urn:schemas-microsoft-com:xml-msdata">
    <xs:element name="Sector" msdata:IsDataSet="true" msdata:Locale="">
      <xs:complexType>
        <xs:choice minOccurs="0" maxOccurs="unbounded">
          <xs:element name="S" msdata:Locale="">
            <xs:complexType>
              <xs:sequence>
                <xs:element name="Calle" type="xs:string" minOccurs="0" />
                <xs:element name="Lat" type="xs:decimal" minOccurs="0" />
                <xs:element name="Lon" type="xs:decimal" minOccurs="0" />
                <xs:element name="Dis" type="xs:decimal" minOccurs="0" />
                <xs:element name="Cta" type="xs:int" minOccurs="0" />
                <xs:element name="CodSec" type="xs:int" minOccurs="0" />
              </xs:sequence>
            </xs:complexType>
          </xs:element>
        </xs:choice>
      </xs:complexType>
    </xs:element>
  </xs:schema>
  <S>
    <Calle>TERRO</Calle>
    <Lat>32.939444</Lat>
    <Lon>60.673388</Lon>
    <Dis>8609.330</Dis>
    <Cta>1</Cta>
    <CodSec>13</CodSec>
  </S>
  <S>
    <Calle>FUNES</Calle>
    <Lat>32.925286</Lat>
    <Lon>60.763234</Lon>
    <Dis>9873.940</Dis>
    <Cta>342</Cta>
    <CodSec>30</CodSec>
  </S>
  <S>
    <Calle>ROLDA</Calle>
    <Lat>32.912836</Lat>
    <Lon>60.867792</Lon>
    <Dis>14046.730</Dis>
    <Cta>701</Cta>
    <CodSec>32</CodSec>
  </S>
  <S>
    <Calle>S.JER</Calle>
    <Lat>32.886560</Lat>
    <Lon>61.014938</Lon>
    <Dis>10350.270</Dis>
    <Cta>1201</Cta>
    <CodSec>201</CodSec>
  </S>
  <S>
    <Calle>CARCA</Calle>
    <Lat>32.867258</Lat>
    <Lon>61.123266</Lon>
    <Dis>11068.010</Dis>
    <Cta>1568</Cta>
    <CodSec>202</CodSec>
  </S>
  <S>
    <Calle>CORRE</Calle>
    <Lat>32.853788</Lat>
    <Lon>61.240401</Lon>
    <Dis>13478.110</Dis>
    <Cta>1967</Cta>
    <CodSec>203</CodSec>
  </S>
  <S>
    <Calle>CDAEN</Calle>
    <Lat>32.814923</Lat>
    <Lon>61.366886</Lon>
    <Dis>3010.800</Dis>
    <Cta>2467</Cta>
    <CodSec>204</CodSec>
  </S>
  <S>
    <Calle>C.GOM</Calle>
    <Lat>32.812126</Lat>
    <Lon>61.396590</Lon>
    <Dis>2827.940</Dis>
    <Cta>2576</Cta>
    <CodSec>204</CodSec>
  </S>
  <S>
    <Calle>CDASA</Calle>
    <Lat>32.805634</Lat>
    <Lon>61.421353</Lon>
    <Dis>10627.630</Dis>
    <Cta>2683</Cta>
    <CodSec>204</CodSec>
  </S>
  <S>
    <Calle>R.178</Calle>
    <Lat>32.786499</Lat>
    <Lon>61.532752</Lon>
    <Dis>10658.860</Dis>
    <Cta>3052</Cta>
    <CodSec>205</CodSec>
  </S>
  <S>
    <Calle>L.PAR</Calle>
    <Lat>32.701020</Lat>
    <Lon>61.526105</Lon>
    <Dis>11740.730</Dis>
    <Cta>3429</Cta>
    <CodSec>206</CodSec>
  </S>
  <S>
    <Calle>CALIF</Calle>
    <Lat>32.608870</Lat>
    <Lon>61.546902</Lon>
    <Dis>21972.560</Dis>
    <Cta>3856</Cta>
    <CodSec>207</CodSec>
  </S>
  <S>
    <Calle>M.OCA</Calle>
    <Lat>32.569658</Lat>
    <Lon>61.770156</Lon>
    <Dis>0</Dis>
    <Cta>4625</Cta>
    <CodSec>219</CodSec>
  </S>
</Sector>