<?xml version="1.0" standalone="yes"?>
<Sector>
  <xs:schema id="Sector" xmlns="" xmlns:xs="http://www.w3.org/2001/XMLSchema" xmlns:msdata="urn:schemas-microsoft-com:xml-msdata">
    <xs:element name="Sector" msdata:IsDataSet="true" msdata:Locale="">
      <xs:complexType>
        <xs:choice minOccurs="0" maxOccurs="unbounded">
          <xs:element name="S" msdata:Locale="">
            <xs:complexType>
              <xs:sequence>
                <xs:element name="Calle" type="xs:string" minOccurs="0" />
                <xs:element name="Lat" type="xs:decimal" minOccurs="0" />
                <xs:element name="Lon" type="xs:decimal" minOccurs="0" />
                <xs:element name="Dis" type="xs:decimal" minOccurs="0" />
                <xs:element name="Cta" type="xs:int" minOccurs="0" />
                <xs:element name="CodSec" type="xs:int" minOccurs="0" />
              </xs:sequence>
            </xs:complexType>
          </xs:element>
        </xs:choice>
      </xs:complexType>
    </xs:element>
  </xs:schema>
  <S>
    <Calle>TERM</Calle>
    <Lat>33.043176</Lat>
    <Lon>61.165915</Lon>
    <Dis>1380.420</Dis>
    <Cta>1</Cta>
    <CodSec>121</CodSec>
  </S>
  <S>
    <Calle>BVLAG</Calle>
    <Lat>33.053176</Lat>
    <Lon>61.157654</Lon>
    <Dis>1020.510</Dis>
    <Cta>53</Cta>
    <CodSec>121</CodSec>
  </S>
  <S>
    <Calle>BV9JU</Calle>
    <Lat>33.048311</Lat>
    <Lon>61.148486</Lon>
    <Dis>4256.990</Dis>
    <Cta>93</Cta>
    <CodSec>121</CodSec>
  </S>
  <S>
    <Calle>RU26P</Calle>
    <Lat>33.027462</Lat>
    <Lon>61.110224</Lon>
    <Dis>1262.280</Dis>
    <Cta>254</Cta>
    <CodSec>121</CodSec>
  </S>
  <S>
    <Calle>PEAEN</Calle>
    <Lat>33.021266</Lat>
    <Lon>61.098886</Lon>
    <Dis>523.550</Dis>
    <Cta>304</Cta>
    <CodSec>120</CodSec>
  </S>
  <S>
    <Calle>PEASA</Calle>
    <Lat>33.018682</Lat>
    <Lon>61.094195</Lon>
    <Dis>3909.480</Dis>
    <Cta>324</Cta>
    <CodSec>120</CodSec>
  </S>
  <S>
    <Calle>PJENT</Calle>
    <Lat>33.016621</Lat>
    <Lon>61.053111</Lon>
    <Dis>2262.750</Dis>
    <Cta>471</Cta>
    <CodSec>120</CodSec>
  </S>
  <S>
    <Calle>PJSAL</Calle>
    <Lat>33.016948</Lat>
    <Lon>61.028954</Lon>
    <Dis>11358.650</Dis>
    <Cta>560</Cta>
    <CodSec>120</CodSec>
  </S>
  <S>
    <Calle>AO12</Calle>
    <Lat>33.018456</Lat>
    <Lon>60.907141</Lon>
    <Dis>2601.210</Dis>
    <Cta>986</Cta>
    <CodSec>86</CodSec>
  </S>
  <S>
    <Calle>VRINO</Calle>
    <Lat>33.019048</Lat>
    <Lon>60.879315</Lon>
    <Dis>1695.630</Dis>
    <Cta>1091</Cta>
    <CodSec>86</CodSec>
  </S>
  <S>
    <Calle>SALZA</Calle>
    <Lat>33.018897</Lat>
    <Lon>60.861162</Lon>
    <Dis>5869.510</Dis>
    <Cta>1157</Cta>
    <CodSec>86</CodSec>
  </S>
  <S>
    <Calle>CURPE</Calle>
    <Lat>33.010293</Lat>
    <Lon>60.799519</Lon>
    <Dis>1306.910</Dis>
    <Cta>1387</Cta>
    <CodSec>85</CodSec>
  </S>
  <S>
    <Calle>E SSO</Calle>
    <Lat>33.005716</Lat>
    <Lon>60.786812</Lon>
    <Dis>2509.440</Dis>
    <Cta>1443</Cta>
    <CodSec>85</CodSec>
  </S>
  <S>
    <Calle>LOPEZ</Calle>
    <Lat>32.995119</Lat>
    <Lon>60.764545</Lon>
    <Dis>2921.500</Dis>
    <Cta>1544</Cta>
    <CodSec>85</CodSec>
  </S>
  <S>
    <Calle>ESSO1</Calle>
    <Lat>32.981403</Lat>
    <Lon>60.737942</Lon>
    <Dis>2897.460</Dis>
    <Cta>1654</Cta>
    <CodSec>13</CodSec>
  </S>
  <S>
    <Calle>PUNID</Calle>
    <Lat>32.967994</Lat>
    <Lon>60.711312</Lon>
    <Dis>2013.370</Dis>
    <Cta>1756</Cta>
    <CodSec>13</CodSec>
  </S>
  <S>
    <Calle>FMORE</Calle>
    <Lat>32.958720</Lat>
    <Lon>60.692777</Lon>
    <Dis>1698.740</Dis>
    <Cta>1827</Cta>
    <CodSec>13</CodSec>
  </S>
  <S>
    <Calle>PELLE</Calle>
    <Lat>32.950147</Lat>
    <Lon>60.681843</Lon>
    <Dis>1235.270</Dis>
    <Cta>1890</Cta>
    <CodSec>13</CodSec>
  </S>
  <S>
    <Calle>CODBA</Calle>
    <Lat>32.939279</Lat>
    <Lon>60.679100</Lon>
    <Dis>903.600</Dis>
    <Cta>1935</Cta>
    <CodSec>13</CodSec>
  </S>
  <S>
    <Calle>TERRO</Calle>
    <Lat>32.939541</Lat>
    <Lon>60.672696</Lon>
    <Dis>0</Dis>
    <Cta>1978</Cta>
    <CodSec>81</CodSec>
  </S>
</Sector>