<?xml version="1.0" standalone="yes"?>
<Sector>
  <xs:schema id="Sector" xmlns="" xmlns:xs="http://www.w3.org/2001/XMLSchema" xmlns:msdata="urn:schemas-microsoft-com:xml-msdata">
    <xs:element name="Sector" msdata:IsDataSet="true" msdata:Locale="">
      <xs:complexType>
        <xs:choice minOccurs="0" maxOccurs="unbounded">
          <xs:element name="S" msdata:Locale="">
            <xs:complexType>
              <xs:sequence>
                <xs:element name="Calle" type="xs:string" minOccurs="0" />
                <xs:element name="Lat" type="xs:decimal" minOccurs="0" />
                <xs:element name="Lon" type="xs:decimal" minOccurs="0" />
                <xs:element name="Dis" type="xs:decimal" minOccurs="0" />
                <xs:element name="Cta" type="xs:int" minOccurs="0" />
                <xs:element name="CodSec" type="xs:int" minOccurs="0" />
              </xs:sequence>
            </xs:complexType>
          </xs:element>
        </xs:choice>
      </xs:complexType>
    </xs:element>
  </xs:schema>
  <S>
    <Calle>ARIAS</Calle>
    <Lat>33.639921</Lat>
    <Lon>62.402399</Lon>
    <Dis>18489.530</Dis>
    <Cta>1</Cta>
    <CodSec>157</CodSec>
  </S>
  <S>
    <Calle>MAGGI</Calle>
    <Lat>33.668355</Lat>
    <Lon>62.226545</Lon>
    <Dis>19102.660</Dis>
    <Cta>632</Cta>
    <CodSec>148</CodSec>
  </S>
  <S>
    <Calle>VENAD</Calle>
    <Lat>33.703984</Lat>
    <Lon>62.024569</Lon>
    <Dis>23432.540</Dis>
    <Cta>1274</Cta>
    <CodSec>131</CodSec>
  </S>
  <S>
    <Calle>MURPH</Calle>
    <Lat>33.649808</Lat>
    <Lon>61.863544</Lon>
    <Dis>3461.130</Dis>
    <Cta>2099</Cta>
    <CodSec>130</CodSec>
  </S>
  <S>
    <Calle>RAVIO</Calle>
    <Lat>33.635754</Lat>
    <Lon>61.830783</Lon>
    <Dis>12037.810</Dis>
    <Cta>2245</Cta>
    <CodSec>129</CodSec>
  </S>
  <S>
    <Calle>ELORT</Calle>
    <Lat>33.577003</Lat>
    <Lon>61.721611</Lon>
    <Dis>5964.090</Dis>
    <Cta>2654</Cta>
    <CodSec>128</CodSec>
  </S>
  <S>
    <Calle>DIVIS</Calle>
    <Lat>33.547912</Lat>
    <Lon>61.667536</Lon>
    <Dis>3325.560</Dis>
    <Cta>2861</Cta>
    <CodSec>127</CodSec>
  </S>
  <S>
    <Calle>CHOVE</Calle>
    <Lat>33.531664</Lat>
    <Lon>61.637409</Lon>
    <Dis>15018.850</Dis>
    <Cta>2972</Cta>
    <CodSec>126</CodSec>
  </S>
  <S>
    <Calle>FIREN</Calle>
    <Lat>33.456450</Lat>
    <Lon>61.503360</Lon>
    <Dis>2142.870</Dis>
    <Cta>3501</Cta>
    <CodSec>125</CodSec>
  </S>
  <S>
    <Calle>TERM</Calle>
    <Lat>33.455317</Lat>
    <Lon>61.485370</Lon>
    <Dis>2643.110</Dis>
    <Cta>3582</Cta>
    <CodSec>125</CodSec>
  </S>
  <S>
    <Calle>FIRSA</Calle>
    <Lat>33.436321</Lat>
    <Lon>61.483498</Lon>
    <Dis>10100.820</Dis>
    <Cta>3687</Cta>
    <CodSec>125</CodSec>
  </S>
  <S>
    <Calle>VILLA</Calle>
    <Lat>33.353361</Lat>
    <Lon>61.448020</Lon>
    <Dis>13474.020</Dis>
    <Cta>4040</Cta>
    <CodSec>124</CodSec>
  </S>
  <S>
    <Calle>CHABA</Calle>
    <Lat>33.253894</Lat>
    <Lon>61.366254</Lon>
    <Dis>14089.320</Dis>
    <Cta>4514</Cta>
    <CodSec>123</CodSec>
  </S>
  <S>
    <Calle>SANFO</Calle>
    <Lat>33.148645</Lat>
    <Lon>61.282094</Lon>
    <Dis>14049.490</Dis>
    <Cta>5023</Cta>
    <CodSec>122</CodSec>
  </S>
  <S>
    <Calle>CASEN</Calle>
    <Lat>33.063491</Lat>
    <Lon>61.176185</Lon>
    <Dis>2072.070</Dis>
    <Cta>5523</Cta>
    <CodSec>121</CodSec>
  </S>
  <S>
    <Calle>TECAS</Calle>
    <Lat>33.053257</Lat>
    <Lon>61.157603</Lon>
    <Dis>2077.000</Dis>
    <Cta>5596</Cta>
    <CodSec>121</CodSec>
  </S>
  <S>
    <Calle>SALE</Calle>
    <Lat>33.042957</Lat>
    <Lon>61.139024</Lon>
    <Dis>9230.640</Dis>
    <Cta>5679</Cta>
    <CodSec>121</CodSec>
  </S>
  <S>
    <Calle>PJENT</Calle>
    <Lat>33.016630</Lat>
    <Lon>61.049465</Lon>
    <Dis>15269.690</Dis>
    <Cta>5998</Cta>
    <CodSec>120</CodSec>
  </S>
  <S>
    <Calle>ZAVAL</Calle>
    <Lat>33.018560</Lat>
    <Lon>60.885831</Lon>
    <Dis>8190.220</Dis>
    <Cta>6533</Cta>
    <CodSec>86</CodSec>
  </S>
  <S>
    <Calle>CURPE</Calle>
    <Lat>33.010175</Lat>
    <Lon>60.799483</Lon>
    <Dis>3737.650</Dis>
    <Cta>6830</Cta>
    <CodSec>85</CodSec>
  </S>
  <S>
    <Calle>ELOPE</Calle>
    <Lat>32.995597</Lat>
    <Lon>60.765254</Lon>
    <Dis>3236.580</Dis>
    <Cta>6982</Cta>
    <CodSec>85</CodSec>
  </S>
  <S>
    <Calle>ES SO</Calle>
    <Lat>32.980397</Lat>
    <Lon>60.736084</Lon>
    <Dis>8565.390</Dis>
    <Cta>7128</Cta>
    <CodSec>13</CodSec>
  </S>
  <S>
    <Calle>TERRO</Calle>
    <Lat>32.939604</Lat>
    <Lon>60.672460</Lon>
    <Dis>0</Dis>
    <Cta>7449</Cta>
    <CodSec>13</CodSec>
  </S>
</Sector>