<?xml version="1.0" standalone="yes"?>
<SectorTarifarioExportacion>
  <xs:schema id="SectorTarifarioExportacion" xmlns="" xmlns:xs="http://www.w3.org/2001/XMLSchema" xmlns:msdata="urn:schemas-microsoft-com:xml-msdata">
    <xs:element name="SectorTarifarioExportacion" msdata:IsDataSet="true" msdata:Locale="">
      <xs:complexType>
        <xs:choice minOccurs="0" maxOccurs="unbounded">
          <xs:element name="S" msdata:Locale="">
            <xs:complexType>
              <xs:sequence>
                <xs:element name="Sec" type="xs:string" minOccurs="0" />
                <xs:element name="CodSec" type="xs:int" minOccurs="0" />
              </xs:sequence>
            </xs:complexType>
          </xs:element>
        </xs:choice>
      </xs:complexType>
    </xs:element>
  </xs:schema>
  <S>
    <Sec>Rosario</Sec>
    <CodSec>13</CodSec>
  </S>
  <S>
    <Sec>Perez</Sec>
    <CodSec>85</CodSec>
  </S>
  <S>
    <Sec>Funes</Sec>
    <CodSec>30</CodSec>
  </S>
  <S>
    <Sec>Roldan</Sec>
    <CodSec>32</CodSec>
  </S>
  <S>
    <Sec>Zavalla</Sec>
    <CodSec>86</CodSec>
  </S>
  <S>
    <Sec>Pujato</Sec>
    <CodSec>120</CodSec>
  </S>
  <S>
    <Sec>Casilda</Sec>
    <CodSec>121</CodSec>
  </S>
  <S>
    <Sec>Sanford</Sec>
    <CodSec>122</CodSec>
  </S>
  <S>
    <Sec>Chabas</Sec>
    <CodSec>123</CodSec>
  </S>
  <S>
    <Sec>Villada</Sec>
    <CodSec>124</CodSec>
  </S>
  <S>
    <Sec>Firmat</Sec>
    <CodSec>125</CodSec>
  </S>
  <S>
    <Sec>Chovet</Sec>
    <CodSec>126</CodSec>
  </S>
  <S>
    <Sec>VDMayo</Sec>
    <CodSec>127</CodSec>
  </S>
  <S>
    <Sec>Elortondo</Sec>
    <CodSec>128</CodSec>
  </S>
  <S>
    <Sec>Raviola</Sec>
    <CodSec>129</CodSec>
  </S>
  <S>
    <Sec>Murphy</Sec>
    <CodSec>130</CodSec>
  </S>
  <S>
    <Sec>Venado T.</Sec>
    <CodSec>131</CodSec>
  </S>
  <S>
    <Sec>San Eduard</Sec>
    <CodSec>132</CodSec>
  </S>
  <S>
    <Sec>S. Spiritu</Sec>
    <CodSec>133</CodSec>
  </S>
  <S>
    <Sec>Amenabar</Sec>
    <CodSec>134</CodSec>
  </S>
  <S>
    <Sec>Lazzarino</Sec>
    <CodSec>135</CodSec>
  </S>
  <S>
    <Sec>Tarragona</Sec>
    <CodSec>136</CodSec>
  </S>
  <S>
    <Sec>Rufino</Sec>
    <CodSec>137</CodSec>
  </S>
  <S>
    <Sec>LosMolinos</Sec>
    <CodSec>138</CodSec>
  </S>
  <S>
    <Sec>Arequito</Sec>
    <CodSec>139</CodSec>
  </S>
  <S>
    <Sec>LosNogales</Sec>
    <CodSec>140</CodSec>
  </S>
  <S>
    <Sec>SanJoseEsq</Sec>
    <CodSec>141</CodSec>
  </S>
  <S>
    <Sec>Arteaga</Sec>
    <CodSec>142</CodSec>
  </S>
  <S>
    <Sec>Cda. Ucle</Sec>
    <CodSec>143</CodSec>
  </S>
  <S>
    <Sec>LosQuirqui</Sec>
    <CodSec>144</CodSec>
  </S>
  <S>
    <Sec>Berabevu</Sec>
    <CodSec>145</CodSec>
  </S>
  <S>
    <Sec>C.Ladeado</Sec>
    <CodSec>147</CodSec>
  </S>
  <S>
    <Sec>Maggiolo</Sec>
    <CodSec>148</CodSec>
  </S>
  <S>
    <Sec>SJeronimo</Sec>
    <CodSec>201</CodSec>
  </S>
  <S>
    <Sec>Carcaraña</Sec>
    <CodSec>202</CodSec>
  </S>
  <S>
    <Sec>Correa</Sec>
    <CodSec>203</CodSec>
  </S>
  <S>
    <Sec>C.de Gomez</Sec>
    <CodSec>204</CodSec>
  </S>
  <S>
    <Sec>Cruce9y178</Sec>
    <CodSec>205</CodSec>
  </S>
  <S>
    <Sec>LasParejas</Sec>
    <CodSec>206</CodSec>
  </S>
  <S>
    <Sec>Armstrong</Sec>
    <CodSec>220</CodSec>
  </S>
  <S>
    <Sec>Tortugas</Sec>
    <CodSec>221</CodSec>
  </S>
  <S>
    <Sec>M.De.Oca</Sec>
    <CodSec>219</CodSec>
  </S>
  <S>
    <Sec>California</Sec>
    <CodSec>207</CodSec>
  </S>
  <S>
    <Sec>Las Rosas</Sec>
    <CodSec>208</CodSec>
  </S>
  <S>
    <Sec>Los Cardos</Sec>
    <CodSec>209</CodSec>
  </S>
  <S>
    <Sec>El Trebol</Sec>
    <CodSec>210</CodSec>
  </S>
  <S>
    <Sec>C.Pellegri</Sec>
    <CodSec>211</CodSec>
  </S>
  <S>
    <Sec>San Jorge</Sec>
    <CodSec>212</CodSec>
  </S>
  <S>
    <Sec>Sastre</Sec>
    <CodSec>213</CodSec>
  </S>
  <S>
    <Sec>Ma. Juana</Sec>
    <CodSec>214</CodSec>
  </S>
  <S>
    <Sec>Clucellas</Sec>
    <CodSec>215</CodSec>
  </S>
  <S>
    <Sec>Cruce13y19</Sec>
    <CodSec>216</CodSec>
  </S>
  <S>
    <Sec>Josefina</Sec>
    <CodSec>217</CodSec>
  </S>
  <S>
    <Sec>Frontera</Sec>
    <CodSec>218</CodSec>
  </S>
  <S>
    <Sec>Limite1</Sec>
    <CodSec>81</CodSec>
  </S>
  <S>
    <Sec>Parada11</Sec>
    <CodSec>119</CodSec>
  </S>
  <S>
    <Sec>Godeken</Sec>
    <CodSec>146</CodSec>
  </S>
  <S>
    <Sec>Cruz Alta</Sec>
    <CodSec>149</CodSec>
  </S>
  <S>
    <Sec>C.deBustos</Sec>
    <CodSec>150</CodSec>
  </S>
  <S>
    <Sec>LSurgentes</Sec>
    <CodSec>151</CodSec>
  </S>
  <S>
    <Sec>C.Aldao</Sec>
    <CodSec>152</CodSec>
  </S>
  <S>
    <Sec>Inriville</Sec>
    <CodSec>153</CodSec>
  </S>
  <S>
    <Sec>Saladillo</Sec>
    <CodSec>154</CodSec>
  </S>
  <S>
    <Sec>MonteBuey</Sec>
    <CodSec>155</CodSec>
  </S>
  <S>
    <Sec>J.Posse</Sec>
    <CodSec>156</CodSec>
  </S>
  <S>
    <Sec>Arias</Sec>
    <CodSec>157</CodSec>
  </S>
</SectorTarifarioExportacion>