<?xml version="1.0" standalone="yes"?>
<Version>
  <xs:schema id="Version" xmlns="" xmlns:xs="http://www.w3.org/2001/XMLSchema" xmlns:msdata="urn:schemas-microsoft-com:xml-msdata">
    <xs:element name="Version" msdata:IsDataSet="true" msdata:UseCurrentLocale="true">
      <xs:complexType>
        <xs:choice minOccurs="0" maxOccurs="unbounded">
          <xs:element name="datosVersion">
            <xs:complexType>
              <xs:sequence>
                <xs:element name="nroVersion" type="xs:int" minOccurs="0" />
                <xs:element name="fechaActivacion" type="xs:dateTime" minOccurs="0" />
              </xs:sequence>
            </xs:complexType>
          </xs:element>
          <xs:element name="archivos">
            <xs:complexType>
              <xs:sequence>
                <xs:element name="archivo" type="xs:string" minOccurs="0" />
                <xs:element name="hash" type="xs:string" minOccurs="0" />
              </xs:sequence>
            </xs:complexType>
          </xs:element>
        </xs:choice>
      </xs:complexType>
    </xs:element>
  </xs:schema>
  <datosVersion>
    <nroVersion>15</nroVersion>
    <fechaActivacion>2018-06-01T00:00:00-03:00</fechaActivacion>
  </datosVersion>
  <archivos>
    <archivo>s01010949.xml</archivo>
    <hash>A2F231C3663BE0733FAE358A343E3531</hash>
  </archivos>
  <archivos>
    <archivo>s01010950.xml</archivo>
    <hash>B3B28A9A06EDD7DFA99C2F5D05DD2F50</hash>
  </archivos>
  <archivos>
    <archivo>s01010951.xml</archivo>
    <hash>1A9C8927A6A88425DE2FA9971870EDCD</hash>
  </archivos>
  <archivos>
    <archivo>s01010952.xml</archivo>
    <hash>A22A45DB1DB8D01525354F51F1E69C46</hash>
  </archivos>
  <archivos>
    <archivo>s01010975.xml</archivo>
    <hash>54A0508040B5B145CA3C876FB64A3B13</hash>
  </archivos>
  <archivos>
    <archivo>s01010976.xml</archivo>
    <hash>3717AF12C05B517E78BF9F545A6130DF</hash>
  </archivos>
  <archivos>
    <archivo>s01010977.xml</archivo>
    <hash>E708AD006CF95202B7F0C7C98C64A4A6</hash>
  </archivos>
  <archivos>
    <archivo>s01010978.xml</archivo>
    <hash>8E82AD3DD8B88C592B3F10B5018C435A</hash>
  </archivos>
  <archivos>
    <archivo>s01010979.xml</archivo>
    <hash>E8807E0921BBD9A605B3D02880335D4E</hash>
  </archivos>
  <archivos>
    <archivo>s01010980.xml</archivo>
    <hash>1AA9511C995B7BB28BA618D674355361</hash>
  </archivos>
  <archivos>
    <archivo>s01010981.xml</archivo>
    <hash>14AF34B923C3535A7ACA8B466399F41F</hash>
  </archivos>
  <archivos>
    <archivo>s01010982.xml</archivo>
    <hash>71391A65E589B26C006D522A584E267E</hash>
  </archivos>
  <archivos>
    <archivo>s01010983.xml</archivo>
    <hash>0704EFBB43838B0B7F1C95EB0268F4B6</hash>
  </archivos>
  <archivos>
    <archivo>s01010984.xml</archivo>
    <hash>D64CAAB0270C69BA25A6BEA9F817580B</hash>
  </archivos>
  <archivos>
    <archivo>s01010985.xml</archivo>
    <hash>C5593559CF4D1F5BC3014DB47E15C863</hash>
  </archivos>
  <archivos>
    <archivo>s01010986.xml</archivo>
    <hash>D28923A56AB0876ECB7844048E238466</hash>
  </archivos>
  <archivos>
    <archivo>s01010987.xml</archivo>
    <hash>9FEB07BD568150E0548117ACBAE19E5D</hash>
  </archivos>
  <archivos>
    <archivo>s01010988.xml</archivo>
    <hash>0604DCB430548FA63F2AD3DA042AE6EF</hash>
  </archivos>
  <archivos>
    <archivo>s01010989.xml</archivo>
    <hash>A3A6FA51AA9BEAA64F9FBD7FB41D01B5</hash>
  </archivos>
  <archivos>
    <archivo>s01010990.xml</archivo>
    <hash>8A472A54008DB6099784DE60F657B8BA</hash>
  </archivos>
  <archivos>
    <archivo>s01010997.xml</archivo>
    <hash>31B3BDA1622A1910CD208BBE27034E8C</hash>
  </archivos>
  <archivos>
    <archivo>s01011000.xml</archivo>
    <hash>D578943D4A212EA623260DCA464E0E63</hash>
  </archivos>
  <archivos>
    <archivo>s01011001.xml</archivo>
    <hash>1D48B844E9CEC704B3B6B05BB75E29EA</hash>
  </archivos>
  <archivos>
    <archivo>s01011008.xml</archivo>
    <hash>A4FAE6E342D0D42C84FAEFC884D8D295</hash>
  </archivos>
  <archivos>
    <archivo>s01011009.xml</archivo>
    <hash>0FD1F2ABC6BBFB94F262F9A474A653B1</hash>
  </archivos>
  <archivos>
    <archivo>s01011010.xml</archivo>
    <hash>460946D23B46E5AE12D660D1B07C8555</hash>
  </archivos>
  <archivos>
    <archivo>s01011011.xml</archivo>
    <hash>BE50B74F912414E3668D341ED8A4984A</hash>
  </archivos>
  <archivos>
    <archivo>s01011012.xml</archivo>
    <hash>3264C7ED50A4D12014473B51A6FCB869</hash>
  </archivos>
  <archivos>
    <archivo>s01011013.xml</archivo>
    <hash>B090E7C4A8F1E4B213E42F94126CA7DF</hash>
  </archivos>
  <archivos>
    <archivo>s01011014.xml</archivo>
    <hash>4395C904AD1A81ACFE64CF435CA4E44B</hash>
  </archivos>
  <archivos>
    <archivo>s01011015.xml</archivo>
    <hash>3F690548961637E8D4146E7E8BF9667D</hash>
  </archivos>
  <archivos>
    <archivo>s01011016.xml</archivo>
    <hash>AB670B5C21A380E30AA361E26C343E86</hash>
  </archivos>
  <archivos>
    <archivo>s01011017.xml</archivo>
    <hash>69B3D64E78A8027C3A23B9D6DBC59A64</hash>
  </archivos>
  <archivos>
    <archivo>s01011018.xml</archivo>
    <hash>594F0A6012450703352654E72EC14835</hash>
  </archivos>
  <archivos>
    <archivo>r01010949.txt</archivo>
    <hash>212DBD2775159C3E328155298EB111DE</hash>
  </archivos>
  <archivos>
    <archivo>r01010950.txt</archivo>
    <hash>0609FEDC41720F7CFD014D62D86D30D4</hash>
  </archivos>
  <archivos>
    <archivo>r01010951.txt</archivo>
    <hash>8DD4A552F25BA37B92A2EF53AAB09DE0</hash>
  </archivos>
  <archivos>
    <archivo>r01010952.txt</archivo>
    <hash>8217A1A8690D2C6533FECCA846AE1F74</hash>
  </archivos>
  <archivos>
    <archivo>r01010975.txt</archivo>
    <hash>C54B182F29B501F90685303E29ECC6A6</hash>
  </archivos>
  <archivos>
    <archivo>r01010976.txt</archivo>
    <hash>7A8D4F0F7BA00788C996CA4E51168CD6</hash>
  </archivos>
  <archivos>
    <archivo>r01010977.txt</archivo>
    <hash>17F4E1EED04AB1F646963EC15230161C</hash>
  </archivos>
  <archivos>
    <archivo>r01010978.txt</archivo>
    <hash>6E16A93B43DC24714A52C7540208AAED</hash>
  </archivos>
  <archivos>
    <archivo>r01010979.txt</archivo>
    <hash>845A03956D956CF1099FF745E5E9ACF8</hash>
  </archivos>
  <archivos>
    <archivo>r01010980.txt</archivo>
    <hash>C8007FBD969651396CD60DACFCB4274E</hash>
  </archivos>
  <archivos>
    <archivo>r01010981.txt</archivo>
    <hash>20CBC2C3EDD3F9227ED55C586B432639</hash>
  </archivos>
  <archivos>
    <archivo>r01010982.txt</archivo>
    <hash>CE90A5FD5FF08F3FFC260EFC47E9FBB8</hash>
  </archivos>
  <archivos>
    <archivo>r01010983.txt</archivo>
    <hash>FA093CB321A8B06123385B6892162FA0</hash>
  </archivos>
  <archivos>
    <archivo>r01010984.txt</archivo>
    <hash>D00369C3512628E891054386532442CD</hash>
  </archivos>
  <archivos>
    <archivo>r01010985.txt</archivo>
    <hash>0D71E68ABA4C1958913EC4539C6EF0E2</hash>
  </archivos>
  <archivos>
    <archivo>r01010986.txt</archivo>
    <hash>3E3916D04AC86DB857D1228AFD1885F4</hash>
  </archivos>
  <archivos>
    <archivo>r01010987.txt</archivo>
    <hash>1676248D54D984F282A930449D5C5FE9</hash>
  </archivos>
  <archivos>
    <archivo>r01010988.txt</archivo>
    <hash>E4B270A21AE54ACDD441C20A87754530</hash>
  </archivos>
  <archivos>
    <archivo>r01010989.txt</archivo>
    <hash>EA0A406A736974B91EAA6F3B17A1E7BF</hash>
  </archivos>
  <archivos>
    <archivo>r01010990.txt</archivo>
    <hash>BA626B08FCC57BD9B69D0456B40910DB</hash>
  </archivos>
  <archivos>
    <archivo>r01010997.txt</archivo>
    <hash>F41962F445AB1EFB3CC4DE82AB94C844</hash>
  </archivos>
  <archivos>
    <archivo>r01011000.txt</archivo>
    <hash>15E1FC83A07B2A6932435A2C7F2BBB12</hash>
  </archivos>
  <archivos>
    <archivo>r01011001.txt</archivo>
    <hash>07E889081308A8D020C6D9BAB6E90ED5</hash>
  </archivos>
  <archivos>
    <archivo>r01011008.txt</archivo>
    <hash>9F3E835B94D279F158BFB3A7B3D0DAB9</hash>
  </archivos>
  <archivos>
    <archivo>r01011009.txt</archivo>
    <hash>97A30CFFBE728338DF87F7DBB3E73F01</hash>
  </archivos>
  <archivos>
    <archivo>r01011010.txt</archivo>
    <hash>B16F18778CF7A16C2396873E9E1D82B2</hash>
  </archivos>
  <archivos>
    <archivo>r01011011.txt</archivo>
    <hash>F7380512EE600BECB7C650507068800B</hash>
  </archivos>
  <archivos>
    <archivo>r01011012.txt</archivo>
    <hash>6AF9F653E0C624752902731E857E1BC8</hash>
  </archivos>
  <archivos>
    <archivo>r01011013.txt</archivo>
    <hash>1E6E2D5F4C1CCD5A54FAFE72EFB01461</hash>
  </archivos>
  <archivos>
    <archivo>r01011014.txt</archivo>
    <hash>06177213EB2C641223792EDB8B5BC5B5</hash>
  </archivos>
  <archivos>
    <archivo>r01011015.txt</archivo>
    <hash>844E64A30DEB63AFD939D0A6ECA5D7AA</hash>
  </archivos>
  <archivos>
    <archivo>r01011016.txt</archivo>
    <hash>DB8F227AD0A7DFE411A7E50894C4A7BA</hash>
  </archivos>
  <archivos>
    <archivo>r01011017.txt</archivo>
    <hash>7AEAC048A8CDBFFD9198C55B1894EB2F</hash>
  </archivos>
  <archivos>
    <archivo>r01011018.txt</archivo>
    <hash>543B1F786495E4FB48C9B53B681EC2B9</hash>
  </archivos>
  <archivos>
    <archivo>sectoresTarifarios.xml</archivo>
    <hash>1C8B108AD075AFE04309EDC744289E84</hash>
  </archivos>
</Version>