<?xml version="1.0" standalone="yes"?>
<Sector>
  <xs:schema id="Sector" xmlns="" xmlns:xs="http://www.w3.org/2001/XMLSchema" xmlns:msdata="urn:schemas-microsoft-com:xml-msdata">
    <xs:element name="Sector" msdata:IsDataSet="true" msdata:Locale="">
      <xs:complexType>
        <xs:choice minOccurs="0" maxOccurs="unbounded">
          <xs:element name="S" msdata:Locale="">
            <xs:complexType>
              <xs:sequence>
                <xs:element name="Calle" type="xs:string" minOccurs="0" />
                <xs:element name="Lat" type="xs:decimal" minOccurs="0" />
                <xs:element name="Lon" type="xs:decimal" minOccurs="0" />
                <xs:element name="Dis" type="xs:decimal" minOccurs="0" />
                <xs:element name="Cta" type="xs:int" minOccurs="0" />
                <xs:element name="CodSec" type="xs:int" minOccurs="0" />
              </xs:sequence>
            </xs:complexType>
          </xs:element>
        </xs:choice>
      </xs:complexType>
    </xs:element>
  </xs:schema>
  <S>
    <Calle>ESMER</Calle>
    <Lat>32.966100</Lat>
    <Lon>60.624985</Lon>
    <Dis>943.561</Dis>
    <Cta>1</Cta>
    <CodSec>13</CodSec>
  </S>
  <S>
    <Calle>PELLE</Calle>
    <Lat>32.960027</Lat>
    <Lon>60.626953</Lon>
    <Dis>1096.037</Dis>
    <Cta>47</Cta>
    <CodSec>13</CodSec>
  </S>
  <S>
    <Calle>MAIPU</Calle>
    <Lat>32.957742</Lat>
    <Lon>60.637977</Lon>
    <Dis>1501.653</Dis>
    <Cta>102</Cta>
    <CodSec>13</CodSec>
  </S>
  <S>
    <Calle>SJUAN</Calle>
    <Lat>32.949399</Lat>
    <Lon>60.643285</Lon>
    <Dis>1615.127</Dis>
    <Cta>177</Cta>
    <CodSec>13</CodSec>
  </S>
  <S>
    <Calle>ORO?O</Calle>
    <Lat>32.942411</Lat>
    <Lon>60.652795</Lon>
    <Dis>1702.269</Dis>
    <Cta>263</Cta>
    <CodSec>13</CodSec>
  </S>
  <S>
    <Calle>CAFFE</Calle>
    <Lat>32.939210</Lat>
    <Lon>60.670587</Lon>
    <Dis>926.796</Dis>
    <Cta>353</Cta>
    <CodSec>13</CodSec>
  </S>
  <S>
    <Calle>SLORE</Calle>
    <Lat>32.936732</Lat>
    <Lon>60.678504</Lon>
    <Dis>1093.538</Dis>
    <Cta>407</Cta>
    <CodSec>13</CodSec>
  </S>
  <S>
    <Calle>SABIN</Calle>
    <Lat>32.928121</Lat>
    <Lon>60.677387</Lon>
    <Dis>2854.212</Dis>
    <Cta>480</Cta>
    <CodSec>13</CodSec>
  </S>
  <S>
    <Calle>CCASA</Calle>
    <Lat>32.907621</Lat>
    <Lon>60.693283</Lon>
    <Dis>2363.149</Dis>
    <Cta>657</Cta>
    <CodSec>13</CodSec>
  </S>
  <S>
    <Calle>C.GRA</Calle>
    <Lat>32.893830</Lat>
    <Lon>60.706232</Lon>
    <Dis>1593.337</Dis>
    <Cta>790</Cta>
    <CodSec>13</CodSec>
  </S>
  <S>
    <Calle>MAKRO</Calle>
    <Lat>32.880711</Lat>
    <Lon>60.712500</Lon>
    <Dis>15847.849</Dis>
    <Cta>877</Cta>
    <CodSec>90</CodSec>
  </S>
  <S>
    <Calle>PEAJE</Calle>
    <Lat>32.748067</Lat>
    <Lon>60.759044</Lon>
    <Dis>1682.895</Dis>
    <Cta>1656</Cta>
    <CodSec>17</CodSec>
  </S>
  <S>
    <Calle>JMROS</Calle>
    <Lat>32.747579</Lat>
    <Lon>60.743122</Lon>
    <Dis>1426.266</Dis>
    <Cta>1774</Cta>
    <CodSec>17</CodSec>
  </S>
  <S>
    <Calle>BELGR</Calle>
    <Lat>32.746654</Lat>
    <Lon>60.734003</Lon>
    <Dis>1008.940</Dis>
    <Cta>1861</Cta>
    <CodSec>17</CodSec>
  </S>
  <S>
    <Calle>FALUC</Calle>
    <Lat>32.737630</Lat>
    <Lon>60.733881</Lon>
    <Dis>1914.678</Dis>
    <Cta>1917</Cta>
    <CodSec>17</CodSec>
  </S>
  <S>
    <Calle>P.PSM</Calle>
    <Lat>32.720551</Lat>
    <Lon>60.731817</Lon>
    <Dis>827.775</Dis>
    <Cta>2024</Cta>
    <CodSec>18</CodSec>
  </S>
  <S>
    <Calle>PGSMA</Calle>
    <Lat>32.717019</Lat>
    <Lon>60.730978</Lon>
    <Dis>0</Dis>
    <Cta>2077</Cta>
    <CodSec>18</CodSec>
  </S>
</Sector>