<?xml version="1.0" standalone="yes"?>
<Sector>
  <xs:schema id="Sector" xmlns="" xmlns:xs="http://www.w3.org/2001/XMLSchema" xmlns:msdata="urn:schemas-microsoft-com:xml-msdata">
    <xs:element name="Sector" msdata:IsDataSet="true" msdata:Locale="">
      <xs:complexType>
        <xs:choice minOccurs="0" maxOccurs="unbounded">
          <xs:element name="S" msdata:Locale="">
            <xs:complexType>
              <xs:sequence>
                <xs:element name="Calle" type="xs:string" minOccurs="0" />
                <xs:element name="Lat" type="xs:decimal" minOccurs="0" />
                <xs:element name="Lon" type="xs:decimal" minOccurs="0" />
                <xs:element name="Dis" type="xs:decimal" minOccurs="0" />
                <xs:element name="Cta" type="xs:int" minOccurs="0" />
                <xs:element name="CodSec" type="xs:int" minOccurs="0" />
              </xs:sequence>
            </xs:complexType>
          </xs:element>
        </xs:choice>
      </xs:complexType>
    </xs:element>
  </xs:schema>
  <S>
    <Calle>ESMER</Calle>
    <Lat>32.965993</Lat>
    <Lon>60.625597</Lon>
    <Dis>883.600</Dis>
    <Cta>1</Cta>
    <CodSec>13</CodSec>
  </S>
  <S>
    <Calle>PELLE</Calle>
    <Lat>32.960027</Lat>
    <Lon>60.626931</Lon>
    <Dis>1098.794</Dis>
    <Cta>44</Cta>
    <CodSec>13</CodSec>
  </S>
  <S>
    <Calle>MAIPU</Calle>
    <Lat>32.957744</Lat>
    <Lon>60.637966</Lon>
    <Dis>1479.156</Dis>
    <Cta>99</Cta>
    <CodSec>13</CodSec>
  </S>
  <S>
    <Calle>SJUAN</Calle>
    <Lat>32.949424</Lat>
    <Lon>60.643265</Lon>
    <Dis>1598.312</Dis>
    <Cta>171</Cta>
    <CodSec>13</CodSec>
  </S>
  <S>
    <Calle>ORO?O</Calle>
    <Lat>32.942409</Lat>
    <Lon>60.652620</Lon>
    <Dis>1711.842</Dis>
    <Cta>254</Cta>
    <CodSec>13</CodSec>
  </S>
  <S>
    <Calle>CAFFE</Calle>
    <Lat>32.939227</Lat>
    <Lon>60.670471</Lon>
    <Dis>881.361</Dis>
    <Cta>344</Cta>
    <CodSec>13</CodSec>
  </S>
  <S>
    <Calle>SLORE</Calle>
    <Lat>32.936952</Lat>
    <Lon>60.678529</Lon>
    <Dis>1119.149</Dis>
    <Cta>393</Cta>
    <CodSec>13</CodSec>
  </S>
  <S>
    <Calle>SABIN</Calle>
    <Lat>32.928175</Lat>
    <Lon>60.677498</Lon>
    <Dis>2879.412</Dis>
    <Cta>466</Cta>
    <CodSec>13</CodSec>
  </S>
  <S>
    <Calle>CCASA</Calle>
    <Lat>32.907415</Lat>
    <Lon>60.693337</Lon>
    <Dis>2299.988</Dis>
    <Cta>644</Cta>
    <CodSec>13</CodSec>
  </S>
  <S>
    <Calle>C.GRA</Calle>
    <Lat>32.893807</Lat>
    <Lon>60.706232</Lon>
    <Dis>1489.866</Dis>
    <Cta>774</Cta>
    <CodSec>13</CodSec>
  </S>
  <S>
    <Calle>MAKRO</Calle>
    <Lat>32.881576</Lat>
    <Lon>60.712073</Lon>
    <Dis>13431.832</Dis>
    <Cta>854</Cta>
    <CodSec>90</CodSec>
  </S>
  <S>
    <Calle>A012.</Calle>
    <Lat>32.769348</Lat>
    <Lon>60.750003</Lon>
    <Dis>2103.658</Dis>
    <Cta>1530</Cta>
    <CodSec>17</CodSec>
  </S>
  <S>
    <Calle>RUT11</Calle>
    <Lat>32.768540</Lat>
    <Lon>60.730694</Lon>
    <Dis>1509.030</Dis>
    <Cta>1683</Cta>
    <CodSec>17</CodSec>
  </S>
  <S>
    <Calle>BORGH</Calle>
    <Lat>32.755889</Lat>
    <Lon>60.734345</Lon>
    <Dis>2004.362</Dis>
    <Cta>1877</Cta>
    <CodSec>17</CodSec>
  </S>
  <S>
    <Calle>FALUC</Calle>
    <Lat>32.737900</Lat>
    <Lon>60.733900</Lon>
    <Dis>1941.711</Dis>
    <Cta>1989</Cta>
    <CodSec>17</CodSec>
  </S>
  <S>
    <Calle>P.PSM</Calle>
    <Lat>32.720594</Lat>
    <Lon>60.731834</Lon>
    <Dis>6154.908</Dis>
    <Cta>2096</Cta>
    <CodSec>18</CodSec>
  </S>
  <S>
    <Calle>VIAS.</Calle>
    <Lat>32.691469</Lat>
    <Lon>60.773837</Lon>
    <Dis>2538.187</Dis>
    <Cta>2489</Cta>
    <CodSec>19</CodSec>
  </S>
  <S>
    <Calle>TRENE</Calle>
    <Lat>32.672377</Lat>
    <Lon>60.788623</Lon>
    <Dis>4443.871</Dis>
    <Cta>2598</Cta>
    <CodSec>19</CodSec>
  </S>
  <S>
    <Calle>CRUCE</Calle>
    <Lat>32.638896</Lat>
    <Lon>60.814392</Lon>
    <Dis>9655.782</Dis>
    <Cta>2804</Cta>
    <CodSec>21</CodSec>
  </S>
  <S>
    <Calle>CIRCU</Calle>
    <Lat>32.671581</Lat>
    <Lon>60.882277</Lon>
    <Dis>0</Dis>
    <Cta>3400</Cta>
    <CodSec>21</CodSec>
  </S>
</Sector>