<?xml version="1.0" standalone="yes"?>
<Sector>
  <xs:schema id="Sector" xmlns="" xmlns:xs="http://www.w3.org/2001/XMLSchema" xmlns:msdata="urn:schemas-microsoft-com:xml-msdata">
    <xs:element name="Sector" msdata:IsDataSet="true" msdata:Locale="">
      <xs:complexType>
        <xs:choice minOccurs="0" maxOccurs="unbounded">
          <xs:element name="S" msdata:Locale="">
            <xs:complexType>
              <xs:sequence>
                <xs:element name="Calle" type="xs:string" minOccurs="0" />
                <xs:element name="Lat" type="xs:decimal" minOccurs="0" />
                <xs:element name="Lon" type="xs:decimal" minOccurs="0" />
                <xs:element name="Dis" type="xs:decimal" minOccurs="0" />
                <xs:element name="Cta" type="xs:int" minOccurs="0" />
                <xs:element name="CodSec" type="xs:int" minOccurs="0" />
              </xs:sequence>
            </xs:complexType>
          </xs:element>
        </xs:choice>
      </xs:complexType>
    </xs:element>
  </xs:schema>
  <S>
    <Calle>PGSMA</Calle>
    <Lat>32.716869</Lat>
    <Lon>60.732056</Lon>
    <Dis>635.471</Dis>
    <Cta>1</Cta>
    <CodSec>18</CodSec>
  </S>
  <S>
    <Calle>P.PSM</Calle>
    <Lat>32.720771</Lat>
    <Lon>60.731858</Lon>
    <Dis>1912.178</Dis>
    <Cta>44</Cta>
    <CodSec>17</CodSec>
  </S>
  <S>
    <Calle>FALUC</Calle>
    <Lat>32.737700</Lat>
    <Lon>60.733971</Lon>
    <Dis>1004.783</Dis>
    <Cta>157</Cta>
    <CodSec>17</CodSec>
  </S>
  <S>
    <Calle>BELGR</Calle>
    <Lat>32.746687</Lat>
    <Lon>60.734224</Lon>
    <Dis>937.153</Dis>
    <Cta>214</Cta>
    <CodSec>17</CodSec>
  </S>
  <S>
    <Calle>JMROS</Calle>
    <Lat>32.747543</Lat>
    <Lon>60.742883</Lon>
    <Dis>1839.107</Dis>
    <Cta>268</Cta>
    <CodSec>17</CodSec>
  </S>
  <S>
    <Calle>PEAJE</Calle>
    <Lat>32.748202</Lat>
    <Lon>60.759255</Lon>
    <Dis>16201.006</Dis>
    <Cta>441</Cta>
    <CodSec>17</CodSec>
  </S>
  <S>
    <Calle>MAKRO</Calle>
    <Lat>32.881000</Lat>
    <Lon>60.712474</Lon>
    <Dis>1518.208</Dis>
    <Cta>1228</Cta>
    <CodSec>13</CodSec>
  </S>
  <S>
    <Calle>BAIGO</Calle>
    <Lat>32.893577</Lat>
    <Lon>60.706512</Lon>
    <Dis>2019.938</Dis>
    <Cta>1315</Cta>
    <CodSec>13</CodSec>
  </S>
  <S>
    <Calle>SORRE</Calle>
    <Lat>32.907129</Lat>
    <Lon>60.695746</Lon>
    <Dis>3242.667</Dis>
    <Cta>1427</Cta>
    <CodSec>13</CodSec>
  </S>
  <S>
    <Calle>AVELL</Calle>
    <Lat>32.928742</Lat>
    <Lon>60.676957</Lon>
    <Dis>962.567</Dis>
    <Cta>1623</Cta>
    <CodSec>13</CodSec>
  </S>
  <S>
    <Calle>SLORE</Calle>
    <Lat>32.936745</Lat>
    <Lon>60.678334</Lon>
    <Dis>1545.534</Dis>
    <Cta>1686</Cta>
    <CodSec>13</CodSec>
  </S>
  <S>
    <Calle>AvFRA</Calle>
    <Lat>32.936805</Lat>
    <Lon>60.664639</Lon>
    <Dis>1442.821</Dis>
    <Cta>1778</Cta>
    <CodSec>13</CodSec>
  </S>
  <S>
    <Calle>ORO?O</Calle>
    <Lat>32.941329</Lat>
    <Lon>60.653047</Lon>
    <Dis>2473.160</Dis>
    <Cta>1854</Cta>
    <CodSec>13</CodSec>
  </S>
  <S>
    <Calle>PELLE</Calle>
    <Lat>32.956008</Lat>
    <Lon>60.646371</Lon>
    <Dis>930.537</Dis>
    <Cta>1990</Cta>
    <CodSec>13</CodSec>
  </S>
  <S>
    <Calle>LAPRI</Calle>
    <Lat>32.957986</Lat>
    <Lon>60.637154</Lon>
    <Dis>825.987</Dis>
    <Cta>2037</Cta>
    <CodSec>13</CodSec>
  </S>
  <S>
    <Calle>COLON</Calle>
    <Lat>32.959574</Lat>
    <Lon>60.628560</Lon>
    <Dis>1510.094</Dis>
    <Cta>2080</Cta>
    <CodSec>13</CodSec>
  </S>
  <S>
    <Calle>ESMER</Calle>
    <Lat>32.965624</Lat>
    <Lon>60.627311</Lon>
    <Dis>0</Dis>
    <Cta>2162</Cta>
    <CodSec>13</CodSec>
  </S>
</Sector>