<?xml version="1.0" standalone="yes"?>
<Sector>
  <xs:schema id="Sector" xmlns="" xmlns:xs="http://www.w3.org/2001/XMLSchema" xmlns:msdata="urn:schemas-microsoft-com:xml-msdata">
    <xs:element name="Sector" msdata:IsDataSet="true" msdata:Locale="">
      <xs:complexType>
        <xs:choice minOccurs="0" maxOccurs="unbounded">
          <xs:element name="S" msdata:Locale="">
            <xs:complexType>
              <xs:sequence>
                <xs:element name="Calle" type="xs:string" minOccurs="0" />
                <xs:element name="Lat" type="xs:decimal" minOccurs="0" />
                <xs:element name="Lon" type="xs:decimal" minOccurs="0" />
                <xs:element name="Dis" type="xs:decimal" minOccurs="0" />
                <xs:element name="Cta" type="xs:int" minOccurs="0" />
                <xs:element name="CodSec" type="xs:int" minOccurs="0" />
              </xs:sequence>
            </xs:complexType>
          </xs:element>
        </xs:choice>
      </xs:complexType>
    </xs:element>
  </xs:schema>
  <S>
    <Calle>TIMBU</Calle>
    <Lat>32.660541</Lat>
    <Lon>60.797531</Lon>
    <Dis>4113.695</Dis>
    <Cta>1</Cta>
    <CodSec>19</CodSec>
  </S>
  <S>
    <Calle>VIAS.</Calle>
    <Lat>32.691481</Lat>
    <Lon>60.773883</Lon>
    <Dis>5961.349</Dis>
    <Cta>187</Cta>
    <CodSec>18</CodSec>
  </S>
  <S>
    <Calle>P.PSM</Calle>
    <Lat>32.720607</Lat>
    <Lon>60.731848</Lon>
    <Dis>1942.353</Dis>
    <Cta>574</Cta>
    <CodSec>17</CodSec>
  </S>
  <S>
    <Calle>FALUC</Calle>
    <Lat>32.737904</Lat>
    <Lon>60.733939</Lon>
    <Dis>987.063</Dis>
    <Cta>685</Cta>
    <CodSec>17</CodSec>
  </S>
  <S>
    <Calle>BELGR</Calle>
    <Lat>32.746726</Lat>
    <Lon>60.734133</Lon>
    <Dis>947.836</Dis>
    <Cta>739</Cta>
    <CodSec>17</CodSec>
  </S>
  <S>
    <Calle>JMROS</Calle>
    <Lat>32.747547</Lat>
    <Lon>60.743075</Lon>
    <Dis>1831.215</Dis>
    <Cta>795</Cta>
    <CodSec>17</CodSec>
  </S>
  <S>
    <Calle>PEAJE</Calle>
    <Lat>32.748154</Lat>
    <Lon>60.759159</Lon>
    <Dis>16231.942</Dis>
    <Cta>966</Cta>
    <CodSec>17</CodSec>
  </S>
  <S>
    <Calle>MAKRO</Calle>
    <Lat>32.881157</Lat>
    <Lon>60.712473</Lon>
    <Dis>1529.694</Dis>
    <Cta>1749</Cta>
    <CodSec>13</CodSec>
  </S>
  <S>
    <Calle>BAIGO</Calle>
    <Lat>32.893741</Lat>
    <Lon>60.706493</Lon>
    <Dis>1957.650</Dis>
    <Cta>1834</Cta>
    <CodSec>13</CodSec>
  </S>
  <S>
    <Calle>SORRE</Calle>
    <Lat>32.907128</Lat>
    <Lon>60.696013</Lon>
    <Dis>3244.421</Dis>
    <Cta>1938</Cta>
    <CodSec>13</CodSec>
  </S>
  <S>
    <Calle>AVELL</Calle>
    <Lat>32.928829</Lat>
    <Lon>60.676693</Lon>
    <Dis>923.593</Dis>
    <Cta>2132</Cta>
    <CodSec>13</CodSec>
  </S>
  <S>
    <Calle>SLORE</Calle>
    <Lat>32.936784</Lat>
    <Lon>60.678534</Lon>
    <Dis>1587.728</Dis>
    <Cta>2192</Cta>
    <CodSec>13</CodSec>
  </S>
  <S>
    <Calle>AvFRA</Calle>
    <Lat>32.936852</Lat>
    <Lon>60.664530</Lon>
    <Dis>1472.017</Dis>
    <Cta>2288</Cta>
    <CodSec>13</CodSec>
  </S>
  <S>
    <Calle>ORO?O</Calle>
    <Lat>32.941390</Lat>
    <Lon>60.652970</Lon>
    <Dis>2476.092</Dis>
    <Cta>2365</Cta>
    <CodSec>13</CodSec>
  </S>
  <S>
    <Calle>PELLE</Calle>
    <Lat>32.956174</Lat>
    <Lon>60.646453</Lon>
    <Dis>892.950</Dis>
    <Cta>2496</Cta>
    <CodSec>13</CodSec>
  </S>
  <S>
    <Calle>LAPRI</Calle>
    <Lat>32.957920</Lat>
    <Lon>60.637321</Lon>
    <Dis>865.354</Dis>
    <Cta>2541</Cta>
    <CodSec>13</CodSec>
  </S>
  <S>
    <Calle>COLON</Calle>
    <Lat>32.959615</Lat>
    <Lon>60.628396</Lon>
    <Dis>1308.766</Dis>
    <Cta>2584</Cta>
    <CodSec>13</CodSec>
  </S>
  <S>
    <Calle>ESMER</Calle>
    <Lat>32.965987</Lat>
    <Lon>60.625605</Lon>
    <Dis>0</Dis>
    <Cta>2650</Cta>
    <CodSec>90</CodSec>
  </S>
</Sector>