<?xml version="1.0" standalone="yes"?>
<Sector>
  <xs:schema id="Sector" xmlns="" xmlns:xs="http://www.w3.org/2001/XMLSchema" xmlns:msdata="urn:schemas-microsoft-com:xml-msdata">
    <xs:element name="Sector" msdata:IsDataSet="true" msdata:Locale="">
      <xs:complexType>
        <xs:choice minOccurs="0" maxOccurs="unbounded">
          <xs:element name="S" msdata:Locale="">
            <xs:complexType>
              <xs:sequence>
                <xs:element name="Calle" type="xs:string" minOccurs="0" />
                <xs:element name="Lat" type="xs:decimal" minOccurs="0" />
                <xs:element name="Lon" type="xs:decimal" minOccurs="0" />
                <xs:element name="Dis" type="xs:decimal" minOccurs="0" />
                <xs:element name="Cta" type="xs:int" minOccurs="0" />
                <xs:element name="CodSec" type="xs:int" minOccurs="0" />
              </xs:sequence>
            </xs:complexType>
          </xs:element>
        </xs:choice>
      </xs:complexType>
    </xs:element>
  </xs:schema>
  <S>
    <Calle>PGSMA</Calle>
    <Lat>32.717262</Lat>
    <Lon>60.730048</Lon>
    <Dis>861.219</Dis>
    <Cta>1</Cta>
    <CodSec>18</CodSec>
  </S>
  <S>
    <Calle>P.PSM</Calle>
    <Lat>32.720792</Lat>
    <Lon>60.731852</Lon>
    <Dis>1885.019</Dis>
    <Cta>53</Cta>
    <CodSec>17</CodSec>
  </S>
  <S>
    <Calle>FALUC</Calle>
    <Lat>32.737603</Lat>
    <Lon>60.733962</Lon>
    <Dis>2036.471</Dis>
    <Cta>161</Cta>
    <CodSec>17</CodSec>
  </S>
  <S>
    <Calle>BORGH</Calle>
    <Lat>32.755842</Lat>
    <Lon>60.734396</Lon>
    <Dis>1246.158</Dis>
    <Cta>278</Cta>
    <CodSec>17</CodSec>
  </S>
  <S>
    <Calle>A012</Calle>
    <Lat>32.766664</Lat>
    <Lon>60.731414</Lon>
    <Dis>2164.089</Dis>
    <Cta>366</Cta>
    <CodSec>17</CodSec>
  </S>
  <S>
    <Calle>AuSFE</Calle>
    <Lat>32.768783</Lat>
    <Lon>60.750481</Lon>
    <Dis>13825.858</Dis>
    <Cta>509</Cta>
    <CodSec>13</CodSec>
  </S>
  <S>
    <Calle>MAKRO</Calle>
    <Lat>32.880998</Lat>
    <Lon>60.712475</Lon>
    <Dis>1527.435</Dis>
    <Cta>1187</Cta>
    <CodSec>13</CodSec>
  </S>
  <S>
    <Calle>BAIGO</Calle>
    <Lat>32.893647</Lat>
    <Lon>60.706414</Lon>
    <Dis>1955.867</Dis>
    <Cta>1274</Cta>
    <CodSec>13</CodSec>
  </S>
  <S>
    <Calle>SORRE</Calle>
    <Lat>32.907062</Lat>
    <Lon>60.696062</Lon>
    <Dis>3245.311</Dis>
    <Cta>1382</Cta>
    <CodSec>13</CodSec>
  </S>
  <S>
    <Calle>AVELL</Calle>
    <Lat>32.928812</Lat>
    <Lon>60.676820</Lon>
    <Dis>916.803</Dis>
    <Cta>1579</Cta>
    <CodSec>13</CodSec>
  </S>
  <S>
    <Calle>SLORE</Calle>
    <Lat>32.936784</Lat>
    <Lon>60.678627</Lon>
    <Dis>1512.138</Dis>
    <Cta>1640</Cta>
    <CodSec>13</CodSec>
  </S>
  <S>
    <Calle>AvFRA</Calle>
    <Lat>32.936734</Lat>
    <Lon>60.665180</Lon>
    <Dis>1544.408</Dis>
    <Cta>1737</Cta>
    <CodSec>13</CodSec>
  </S>
  <S>
    <Calle>ORO?O</Calle>
    <Lat>32.941396</Lat>
    <Lon>60.652716</Lon>
    <Dis>2451.862</Dis>
    <Cta>1817</Cta>
    <CodSec>13</CodSec>
  </S>
  <S>
    <Calle>PELLE</Calle>
    <Lat>32.956267</Lat>
    <Lon>60.646450</Lon>
    <Dis>940.732</Dis>
    <Cta>1949</Cta>
    <CodSec>13</CodSec>
  </S>
  <S>
    <Calle>LAPRI</Calle>
    <Lat>32.958040</Lat>
    <Lon>60.636926</Lon>
    <Dis>853.279</Dis>
    <Cta>1999</Cta>
    <CodSec>13</CodSec>
  </S>
  <S>
    <Calle>COLON</Calle>
    <Lat>32.959736</Lat>
    <Lon>60.628291</Lon>
    <Dis>1345.961</Dis>
    <Cta>2043</Cta>
    <CodSec>13</CodSec>
  </S>
  <S>
    <Calle>ESMER</Calle>
    <Lat>32.965950</Lat>
    <Lon>60.625808</Lon>
    <Dis>0</Dis>
    <Cta>2119</Cta>
    <CodSec>13</CodSec>
  </S>
</Sector>