<?xml version="1.0" standalone="yes"?>
<Sector>
  <xs:schema id="Sector" xmlns="" xmlns:xs="http://www.w3.org/2001/XMLSchema" xmlns:msdata="urn:schemas-microsoft-com:xml-msdata">
    <xs:element name="Sector" msdata:IsDataSet="true" msdata:Locale="">
      <xs:complexType>
        <xs:choice minOccurs="0" maxOccurs="unbounded">
          <xs:element name="S" msdata:Locale="">
            <xs:complexType>
              <xs:sequence>
                <xs:element name="Calle" type="xs:string" minOccurs="0" />
                <xs:element name="Lat" type="xs:decimal" minOccurs="0" />
                <xs:element name="Lon" type="xs:decimal" minOccurs="0" />
                <xs:element name="Dis" type="xs:decimal" minOccurs="0" />
                <xs:element name="Cta" type="xs:int" minOccurs="0" />
                <xs:element name="CodSec" type="xs:int" minOccurs="0" />
              </xs:sequence>
            </xs:complexType>
          </xs:element>
        </xs:choice>
      </xs:complexType>
    </xs:element>
  </xs:schema>
  <S>
    <Calle>DESTI</Calle>
    <Lat>32.738860</Lat>
    <Lon>60.744808</Lon>
    <Dis>4047.712</Dis>
    <Cta>1</Cta>
    <CodSec>17</CodSec>
  </S>
  <S>
    <Calle>FALUC</Calle>
    <Lat>32.737903</Lat>
    <Lon>60.733972</Lon>
    <Dis>2005.178</Dis>
    <Cta>279</Cta>
    <CodSec>17</CodSec>
  </S>
  <S>
    <Calle>BORGH</Calle>
    <Lat>32.755894</Lat>
    <Lon>60.734389</Lon>
    <Dis>2537.141</Dis>
    <Cta>388</Cta>
    <CodSec>17</CodSec>
  </S>
  <S>
    <Calle>M.MOR</Calle>
    <Lat>32.777808</Lat>
    <Lon>60.727940</Lon>
    <Dis>2596.759</Dis>
    <Cta>558</Cta>
    <CodSec>16</CodSec>
  </S>
  <S>
    <Calle>MALVI</Calle>
    <Lat>32.800377</Lat>
    <Lon>60.721118</Lon>
    <Dis>3888.597</Dis>
    <Cta>701</Cta>
    <CodSec>15</CodSec>
  </S>
  <S>
    <Calle>CELUL</Calle>
    <Lat>32.834161</Lat>
    <Lon>60.710897</Lon>
    <Dis>4241.854</Dis>
    <Cta>911</Cta>
    <CodSec>14</CodSec>
  </S>
  <S>
    <Calle>CIUDA</Calle>
    <Lat>32.870959</Lat>
    <Lon>60.699749</Lon>
    <Dis>2697.369</Dis>
    <Cta>1119</Cta>
    <CodSec>14</CodSec>
  </S>
  <S>
    <Calle>PUCCI</Calle>
    <Lat>32.894301</Lat>
    <Lon>60.692643</Lon>
    <Dis>2437.341</Dis>
    <Cta>1254</Cta>
    <CodSec>14</CodSec>
  </S>
  <S>
    <Calle>GENOV</Calle>
    <Lat>32.915181</Lat>
    <Lon>60.685770</Lon>
    <Dis>1611.127</Dis>
    <Cta>1385</Cta>
    <CodSec>14</CodSec>
  </S>
  <S>
    <Calle>AVELL</Calle>
    <Lat>32.927172</Lat>
    <Lon>60.676218</Lon>
    <Dis>1976.004</Dis>
    <Cta>1468</Cta>
    <CodSec>14</CodSec>
  </S>
  <S>
    <Calle>STAFE</Calle>
    <Lat>32.939120</Lat>
    <Lon>60.670636</Lon>
    <Dis>2131.752</Dis>
    <Cta>1588</Cta>
    <CodSec>14</CodSec>
  </S>
  <S>
    <Calle>ORO?O</Calle>
    <Lat>32.946291</Lat>
    <Lon>60.654179</Lon>
    <Dis>1364.035</Dis>
    <Cta>1702</Cta>
    <CodSec>14</CodSec>
  </S>
  <S>
    <Calle>CORRI</Calle>
    <Lat>32.950781</Lat>
    <Lon>60.643695</Lon>
    <Dis>794.857</Dis>
    <Cta>1769</Cta>
    <CodSec>14</CodSec>
  </S>
  <S>
    <Calle>PELLE</Calle>
    <Lat>32.956757</Lat>
    <Lon>60.643683</Lon>
    <Dis>1668.968</Dis>
    <Cta>1814</Cta>
    <CodSec>14</CodSec>
  </S>
  <S>
    <Calle>1JUNT</Calle>
    <Lat>32.968113</Lat>
    <Lon>60.641249</Lon>
    <Dis>0</Dis>
    <Cta>1896</Cta>
    <CodSec>90</CodSec>
  </S>
</Sector>