<?xml version="1.0" standalone="yes"?>
<Sector>
  <xs:schema id="Sector" xmlns="" xmlns:xs="http://www.w3.org/2001/XMLSchema" xmlns:msdata="urn:schemas-microsoft-com:xml-msdata">
    <xs:element name="Sector" msdata:IsDataSet="true" msdata:Locale="">
      <xs:complexType>
        <xs:choice minOccurs="0" maxOccurs="unbounded">
          <xs:element name="S" msdata:Locale="">
            <xs:complexType>
              <xs:sequence>
                <xs:element name="Calle" type="xs:string" minOccurs="0" />
                <xs:element name="Lat" type="xs:decimal" minOccurs="0" />
                <xs:element name="Lon" type="xs:decimal" minOccurs="0" />
                <xs:element name="Dis" type="xs:decimal" minOccurs="0" />
                <xs:element name="Cta" type="xs:int" minOccurs="0" />
                <xs:element name="CodSec" type="xs:int" minOccurs="0" />
              </xs:sequence>
            </xs:complexType>
          </xs:element>
        </xs:choice>
      </xs:complexType>
    </xs:element>
  </xs:schema>
  <S>
    <Calle>ESMER</Calle>
    <Lat>32.966126</Lat>
    <Lon>60.625224</Lon>
    <Dis>939.046</Dis>
    <Cta>1</Cta>
    <CodSec>13</CodSec>
  </S>
  <S>
    <Calle>PELLE</Calle>
    <Lat>32.960239</Lat>
    <Lon>60.627029</Lon>
    <Dis>1131.629</Dis>
    <Cta>48</Cta>
    <CodSec>13</CodSec>
  </S>
  <S>
    <Calle>MAIPU</Calle>
    <Lat>32.957748</Lat>
    <Lon>60.637974</Lon>
    <Dis>1479.803</Dis>
    <Cta>108</Cta>
    <CodSec>13</CodSec>
  </S>
  <S>
    <Calle>SJUAN</Calle>
    <Lat>32.949653</Lat>
    <Lon>60.643328</Lon>
    <Dis>1677.824</Dis>
    <Cta>183</Cta>
    <CodSec>13</CodSec>
  </S>
  <S>
    <Calle>ORO?O</Calle>
    <Lat>32.942417</Lat>
    <Lon>60.652764</Lon>
    <Dis>1707.324</Dis>
    <Cta>271</Cta>
    <CodSec>13</CodSec>
  </S>
  <S>
    <Calle>CAFFE</Calle>
    <Lat>32.939204</Lat>
    <Lon>60.670615</Lon>
    <Dis>881.646</Dis>
    <Cta>361</Cta>
    <CodSec>13</CodSec>
  </S>
  <S>
    <Calle>SLORE</Calle>
    <Lat>32.936831</Lat>
    <Lon>60.678527</Lon>
    <Dis>1096.153</Dis>
    <Cta>410</Cta>
    <CodSec>13</CodSec>
  </S>
  <S>
    <Calle>SABIN</Calle>
    <Lat>32.928128</Lat>
    <Lon>60.677305</Lon>
    <Dis>2915.617</Dis>
    <Cta>485</Cta>
    <CodSec>13</CodSec>
  </S>
  <S>
    <Calle>CCASA</Calle>
    <Lat>32.907262</Lat>
    <Lon>60.693492</Lon>
    <Dis>2346.218</Dis>
    <Cta>665</Cta>
    <CodSec>13</CodSec>
  </S>
  <S>
    <Calle>C.GRA</Calle>
    <Lat>32.893721</Lat>
    <Lon>60.706306</Lon>
    <Dis>1567.902</Dis>
    <Cta>795</Cta>
    <CodSec>13</CodSec>
  </S>
  <S>
    <Calle>MAKRO</Calle>
    <Lat>32.880837</Lat>
    <Lon>60.712442</Lon>
    <Dis>13218.814</Dis>
    <Cta>879</Cta>
    <CodSec>90</CodSec>
  </S>
  <S>
    <Calle>A012.</Calle>
    <Lat>32.770408</Lat>
    <Lon>60.749736</Lon>
    <Dis>2217.576</Dis>
    <Cta>1540</Cta>
    <CodSec>17</CodSec>
  </S>
  <S>
    <Calle>A012</Calle>
    <Lat>32.768554</Lat>
    <Lon>60.731076</Lon>
    <Dis>1522.355</Dis>
    <Cta>1703</Cta>
    <CodSec>17</CodSec>
  </S>
  <S>
    <Calle>BORGH</Calle>
    <Lat>32.755872</Lat>
    <Lon>60.734332</Lon>
    <Dis>2040.967</Dis>
    <Cta>1859</Cta>
    <CodSec>17</CodSec>
  </S>
  <S>
    <Calle>FALUC</Calle>
    <Lat>32.737744</Lat>
    <Lon>60.733881</Lon>
    <Dis>2001.691</Dis>
    <Cta>1976</Cta>
    <CodSec>17</CodSec>
  </S>
  <S>
    <Calle>P.PSM</Calle>
    <Lat>32.720286</Lat>
    <Lon>60.731767</Lon>
    <Dis>687.635</Dis>
    <Cta>2090</Cta>
    <CodSec>18</CodSec>
  </S>
  <S>
    <Calle>PGSMA</Calle>
    <Lat>32.717261</Lat>
    <Lon>60.729993</Lon>
    <Dis>0</Dis>
    <Cta>2137</Cta>
    <CodSec>18</CodSec>
  </S>
</Sector>