<?xml version="1.0" standalone="yes"?>
<Sector>
  <xs:schema id="Sector" xmlns="" xmlns:xs="http://www.w3.org/2001/XMLSchema" xmlns:msdata="urn:schemas-microsoft-com:xml-msdata">
    <xs:element name="Sector" msdata:IsDataSet="true" msdata:Locale="">
      <xs:complexType>
        <xs:choice minOccurs="0" maxOccurs="unbounded">
          <xs:element name="S" msdata:Locale="">
            <xs:complexType>
              <xs:sequence>
                <xs:element name="Calle" type="xs:string" minOccurs="0" />
                <xs:element name="Lat" type="xs:decimal" minOccurs="0" />
                <xs:element name="Lon" type="xs:decimal" minOccurs="0" />
                <xs:element name="Dis" type="xs:decimal" minOccurs="0" />
                <xs:element name="Cta" type="xs:int" minOccurs="0" />
                <xs:element name="CodSec" type="xs:int" minOccurs="0" />
              </xs:sequence>
            </xs:complexType>
          </xs:element>
        </xs:choice>
      </xs:complexType>
    </xs:element>
  </xs:schema>
  <S>
    <Calle>TRIBU</Calle>
    <Lat>34.531780</Lat>
    <Lon>58.702330</Lon>
    <Dis>838.817</Dis>
    <Cta>1</Cta>
    <CodSec>18</CodSec>
  </S>
  <S>
    <Calle>S.LOR</Calle>
    <Lat>34.536551</Lat>
    <Lon>58.708550</Lon>
    <Dis>1226.446</Dis>
    <Cta>47</Cta>
    <CodSec>18</CodSec>
  </S>
  <S>
    <Calle>PELUF</Calle>
    <Lat>34.544513</Lat>
    <Lon>58.714493</Lon>
    <Dis>982.673</Dis>
    <Cta>111</Cta>
    <CodSec>18</CodSec>
  </S>
  <S>
    <Calle>GCAMP</Calle>
    <Lat>34.551151</Lat>
    <Lon>58.721521</Lon>
    <Dis>2832.605</Dis>
    <Cta>159</Cta>
    <CodSec>18</CodSec>
  </S>
  <S>
    <Calle>ESPA?</Calle>
    <Lat>34.566763</Lat>
    <Lon>58.743303</Lon>
    <Dis>1609.186</Dis>
    <Cta>308</Cta>
    <CodSec>18</CodSec>
  </S>
  <S>
    <Calle>EDISO</Calle>
    <Lat>34.558680</Lat>
    <Lon>58.756277</Lon>
    <Dis>1477.348</Dis>
    <Cta>377</Cta>
    <CodSec>18</CodSec>
  </S>
  <S>
    <Calle>TGUID</Calle>
    <Lat>34.549966</Lat>
    <Lon>58.768245</Lon>
    <Dis>3785.916</Dis>
    <Cta>454</Cta>
    <CodSec>18</CodSec>
  </S>
  <S>
    <Calle>RU 24</Calle>
    <Lat>34.538221</Lat>
    <Lon>58.794617</Lon>
    <Dis>0</Dis>
    <Cta>647</Cta>
    <CodSec>18</CodSec>
  </S>
</Sector>