<?xml version="1.0" standalone="yes"?>
<Sector>
  <xs:schema id="Sector" xmlns="" xmlns:xs="http://www.w3.org/2001/XMLSchema" xmlns:msdata="urn:schemas-microsoft-com:xml-msdata">
    <xs:element name="Sector" msdata:IsDataSet="true" msdata:Locale="">
      <xs:complexType>
        <xs:choice minOccurs="0" maxOccurs="unbounded">
          <xs:element name="S" msdata:Locale="">
            <xs:complexType>
              <xs:sequence>
                <xs:element name="Calle" type="xs:string" minOccurs="0" />
                <xs:element name="Lat" type="xs:decimal" minOccurs="0" />
                <xs:element name="Lon" type="xs:decimal" minOccurs="0" />
                <xs:element name="Dis" type="xs:decimal" minOccurs="0" />
                <xs:element name="Cta" type="xs:int" minOccurs="0" />
                <xs:element name="CodSec" type="xs:int" minOccurs="0" />
              </xs:sequence>
            </xs:complexType>
          </xs:element>
        </xs:choice>
      </xs:complexType>
    </xs:element>
  </xs:schema>
  <S>
    <Calle>PACHE</Calle>
    <Lat>34.476897</Lat>
    <Lon>58.663220</Lon>
    <Dis>1417.304</Dis>
    <Cta>1</Cta>
    <CodSec>18</CodSec>
  </S>
  <S>
    <Calle>ENTRA</Calle>
    <Lat>34.475918</Lat>
    <Lon>58.659626</Lon>
    <Dis>403.272</Dis>
    <Cta>73</Cta>
    <CodSec>18</CodSec>
  </S>
  <S>
    <Calle>RUT24</Calle>
    <Lat>34.475924</Lat>
    <Lon>58.663582</Lon>
    <Dis>981.676</Dis>
    <Cta>100</Cta>
    <CodSec>18</CodSec>
  </S>
  <S>
    <Calle>SANMA</Calle>
    <Lat>34.478572</Lat>
    <Lon>58.673528</Lon>
    <Dis>1385.941</Dis>
    <Cta>159</Cta>
    <CodSec>18</CodSec>
  </S>
  <S>
    <Calle>MORSE</Calle>
    <Lat>34.484973</Lat>
    <Lon>58.686446</Lon>
    <Dis>1980.962</Dis>
    <Cta>230</Cta>
    <CodSec>18</CodSec>
  </S>
  <S>
    <Calle>SEGUI</Calle>
    <Lat>34.493979</Lat>
    <Lon>58.704767</Lon>
    <Dis>1246.651</Dis>
    <Cta>347</Cta>
    <CodSec>18</CodSec>
  </S>
  <S>
    <Calle>CALLA</Calle>
    <Lat>34.502273</Lat>
    <Lon>58.713885</Lon>
    <Dis>1522.716</Dis>
    <Cta>420</Cta>
    <CodSec>18</CodSec>
  </S>
  <S>
    <Calle>RUTP8</Calle>
    <Lat>34.508912</Lat>
    <Lon>58.728318</Lon>
    <Dis>1543.286</Dis>
    <Cta>507</Cta>
    <CodSec>18</CodSec>
  </S>
  <S>
    <Calle>MU?OZ</Calle>
    <Lat>34.514994</Lat>
    <Lon>58.743322</Lon>
    <Dis>946.580</Dis>
    <Cta>593</Cta>
    <CodSec>18</CodSec>
  </S>
  <S>
    <Calle>ZUVIR</Calle>
    <Lat>34.519107</Lat>
    <Lon>58.752337</Lon>
    <Dis>2755.539</Dis>
    <Cta>656</Cta>
    <CodSec>18</CodSec>
  </S>
  <S>
    <Calle>USTAR</Calle>
    <Lat>34.530324</Lat>
    <Lon>58.779031</Lon>
    <Dis>1657.473</Dis>
    <Cta>816</Cta>
    <CodSec>18</CodSec>
  </S>
  <S>
    <Calle>DERQU</Calle>
    <Lat>34.537651</Lat>
    <Lon>58.794746</Lon>
    <Dis>4137.937</Dis>
    <Cta>917</Cta>
    <CodSec>18</CodSec>
  </S>
  <S>
    <Calle>FERRE</Calle>
    <Lat>34.550180</Lat>
    <Lon>58.767403</Lon>
    <Dis>1419.996</Dis>
    <Cta>1162</Cta>
    <CodSec>18</CodSec>
  </S>
  <S>
    <Calle>EDISO</Calle>
    <Lat>34.558562</Lat>
    <Lon>58.756392</Lon>
    <Dis>1703.798</Dis>
    <Cta>1235</Cta>
    <CodSec>18</CodSec>
  </S>
  <S>
    <Calle>RUT23</Calle>
    <Lat>34.568758</Lat>
    <Lon>58.742634</Lon>
    <Dis>2709.534</Dis>
    <Cta>1323</Cta>
    <CodSec>18</CodSec>
  </S>
  <S>
    <Calle>GCAMP</Calle>
    <Lat>34.551605</Lat>
    <Lon>58.721770</Lon>
    <Dis>988.112</Dis>
    <Cta>1468</Cta>
    <CodSec>18</CodSec>
  </S>
  <S>
    <Calle>PELUF</Calle>
    <Lat>34.544856</Lat>
    <Lon>58.714853</Lon>
    <Dis>1071.419</Dis>
    <Cta>1518</Cta>
    <CodSec>18</CodSec>
  </S>
  <S>
    <Calle>SANLO</Calle>
    <Lat>34.537652</Lat>
    <Lon>58.707140</Lon>
    <Dis>668.951</Dis>
    <Cta>1575</Cta>
    <CodSec>18</CodSec>
  </S>
  <S>
    <Calle>RU.P8</Calle>
    <Lat>34.533165</Lat>
    <Lon>58.702378</Lon>
    <Dis>1694.504</Dis>
    <Cta>1610</Cta>
    <CodSec>18</CodSec>
  </S>
  <S>
    <Calle>GLEMO</Calle>
    <Lat>34.529468</Lat>
    <Lon>58.689350</Lon>
    <Dis>2130.435</Dis>
    <Cta>1701</Cta>
    <CodSec>18</CodSec>
  </S>
  <S>
    <Calle>PERON</Calle>
    <Lat>34.518219</Lat>
    <Lon>58.671275</Lon>
    <Dis>2950.506</Dis>
    <Cta>1808</Cta>
    <CodSec>18</CodSec>
  </S>
  <S>
    <Calle>DTORC</Calle>
    <Lat>34.501994</Lat>
    <Lon>58.646009</Lon>
    <Dis>778.470</Dis>
    <Cta>1954</Cta>
    <CodSec>18</CodSec>
  </S>
  <S>
    <Calle>TORCU</Calle>
    <Lat>34.500563</Lat>
    <Lon>58.643236</Lon>
    <Dis>1262.125</Dis>
    <Cta>1999</Cta>
    <CodSec>18</CodSec>
  </S>
  <S>
    <Calle>ARATA</Calle>
    <Lat>34.494349</Lat>
    <Lon>58.631753</Lon>
    <Dis>2563.485</Dis>
    <Cta>2056</Cta>
    <CodSec>18</CodSec>
  </S>
  <S>
    <Calle>RU 23</Calle>
    <Lat>34.483547</Lat>
    <Lon>58.611609</Lon>
    <Dis>0</Dis>
    <Cta>2192</Cta>
    <CodSec>18</CodSec>
  </S>
</Sector>