<?xml version="1.0" standalone="yes"?>
<Sector>
  <xs:schema id="Sector" xmlns="" xmlns:xs="http://www.w3.org/2001/XMLSchema" xmlns:msdata="urn:schemas-microsoft-com:xml-msdata">
    <xs:element name="Sector" msdata:IsDataSet="true" msdata:Locale="">
      <xs:complexType>
        <xs:choice minOccurs="0" maxOccurs="unbounded">
          <xs:element name="S" msdata:Locale="">
            <xs:complexType>
              <xs:sequence>
                <xs:element name="Calle" type="xs:string" minOccurs="0" />
                <xs:element name="Lat" type="xs:decimal" minOccurs="0" />
                <xs:element name="Lon" type="xs:decimal" minOccurs="0" />
                <xs:element name="Dis" type="xs:decimal" minOccurs="0" />
                <xs:element name="Cta" type="xs:int" minOccurs="0" />
                <xs:element name="CodSec" type="xs:int" minOccurs="0" />
              </xs:sequence>
            </xs:complexType>
          </xs:element>
        </xs:choice>
      </xs:complexType>
    </xs:element>
  </xs:schema>
  <S>
    <Calle>DERQU</Calle>
    <Lat>34.537434</Lat>
    <Lon>58.794623</Lon>
    <Dis>4030.530</Dis>
    <Cta>1</Cta>
    <CodSec>18</CodSec>
  </S>
  <S>
    <Calle>FERRE</Calle>
    <Lat>34.549988</Lat>
    <Lon>58.768268</Lon>
    <Dis>1456.829</Dis>
    <Cta>244</Cta>
    <CodSec>18</CodSec>
  </S>
  <S>
    <Calle>EDISO</Calle>
    <Lat>34.558543</Lat>
    <Lon>58.756456</Lon>
    <Dis>1666.901</Dis>
    <Cta>320</Cta>
    <CodSec>18</CodSec>
  </S>
  <S>
    <Calle>RUT23</Calle>
    <Lat>34.568524</Lat>
    <Lon>58.742926</Lon>
    <Dis>2746.343</Dis>
    <Cta>403</Cta>
    <CodSec>18</CodSec>
  </S>
  <S>
    <Calle>GCAMP</Calle>
    <Lat>34.551605</Lat>
    <Lon>58.721770</Lon>
    <Dis>988.002</Dis>
    <Cta>550</Cta>
    <CodSec>18</CodSec>
  </S>
  <S>
    <Calle>PELUF</Calle>
    <Lat>34.544856</Lat>
    <Lon>58.714853</Lon>
    <Dis>1061.016</Dis>
    <Cta>600</Cta>
    <CodSec>18</CodSec>
  </S>
  <S>
    <Calle>SANLO</Calle>
    <Lat>34.537725</Lat>
    <Lon>58.707210</Lon>
    <Dis>695.015</Dis>
    <Cta>657</Cta>
    <CodSec>18</CodSec>
  </S>
  <S>
    <Calle>RU.P8</Calle>
    <Lat>34.533020</Lat>
    <Lon>58.702240</Lon>
    <Dis>0</Dis>
    <Cta>695</Cta>
    <CodSec>18</CodSec>
  </S>
</Sector>