<?xml version="1.0" standalone="yes"?>
<Sector>
  <xs:schema id="Sector" xmlns="" xmlns:xs="http://www.w3.org/2001/XMLSchema" xmlns:msdata="urn:schemas-microsoft-com:xml-msdata">
    <xs:element name="Sector" msdata:IsDataSet="true" msdata:Locale="">
      <xs:complexType>
        <xs:choice minOccurs="0" maxOccurs="unbounded">
          <xs:element name="S" msdata:Locale="">
            <xs:complexType>
              <xs:sequence>
                <xs:element name="Calle" type="xs:string" minOccurs="0" />
                <xs:element name="Lat" type="xs:decimal" minOccurs="0" />
                <xs:element name="Lon" type="xs:decimal" minOccurs="0" />
                <xs:element name="Dis" type="xs:decimal" minOccurs="0" />
                <xs:element name="Cta" type="xs:int" minOccurs="0" />
                <xs:element name="CodSec" type="xs:int" minOccurs="0" />
              </xs:sequence>
            </xs:complexType>
          </xs:element>
        </xs:choice>
      </xs:complexType>
    </xs:element>
  </xs:schema>
  <S>
    <Calle>RU 23</Calle>
    <Lat>34.483686</Lat>
    <Lon>58.611979</Lon>
    <Dis>2161.847</Dis>
    <Cta>1</Cta>
    <CodSec>18</CodSec>
  </S>
  <S>
    <Calle>ARATA</Calle>
    <Lat>34.494213</Lat>
    <Lon>58.631654</Lon>
    <Dis>1289.302</Dis>
    <Cta>114</Cta>
    <CodSec>18</CodSec>
  </S>
  <S>
    <Calle>TORCU</Calle>
    <Lat>34.500553</Lat>
    <Lon>58.643394</Lon>
    <Dis>3258.284</Dis>
    <Cta>176</Cta>
    <CodSec>18</CodSec>
  </S>
  <S>
    <Calle>PERON</Calle>
    <Lat>34.518321</Lat>
    <Lon>58.671433</Lon>
    <Dis>1944.822</Dis>
    <Cta>340</Cta>
    <CodSec>18</CodSec>
  </S>
  <S>
    <Calle>SUARE</Calle>
    <Lat>34.529458</Lat>
    <Lon>58.687748</Lon>
    <Dis>1806.616</Dis>
    <Cta>429</Cta>
    <CodSec>18</CodSec>
  </S>
  <S>
    <Calle>TRIBU</Calle>
    <Lat>34.531786</Lat>
    <Lon>58.701950</Lon>
    <Dis>885.012</Dis>
    <Cta>552</Cta>
    <CodSec>18</CodSec>
  </S>
  <S>
    <Calle>S.LOR</Calle>
    <Lat>34.536600</Lat>
    <Lon>58.708603</Lon>
    <Dis>1213.616</Dis>
    <Cta>601</Cta>
    <CodSec>18</CodSec>
  </S>
  <S>
    <Calle>PELUF</Calle>
    <Lat>34.544513</Lat>
    <Lon>58.714493</Lon>
    <Dis>982.673</Dis>
    <Cta>664</Cta>
    <CodSec>18</CodSec>
  </S>
  <S>
    <Calle>GCAMP</Calle>
    <Lat>34.551151</Lat>
    <Lon>58.721521</Lon>
    <Dis>2834.613</Dis>
    <Cta>712</Cta>
    <CodSec>18</CodSec>
  </S>
  <S>
    <Calle>ESPA?</Calle>
    <Lat>34.566763</Lat>
    <Lon>58.743303</Lon>
    <Dis>1617.676</Dis>
    <Cta>862</Cta>
    <CodSec>18</CodSec>
  </S>
  <S>
    <Calle>EDISO</Calle>
    <Lat>34.558591</Lat>
    <Lon>58.756352</Lon>
    <Dis>1464.092</Dis>
    <Cta>931</Cta>
    <CodSec>18</CodSec>
  </S>
  <S>
    <Calle>TGUID</Calle>
    <Lat>34.549856</Lat>
    <Lon>58.768096</Lon>
    <Dis>3934.972</Dis>
    <Cta>1007</Cta>
    <CodSec>18</CodSec>
  </S>
  <S>
    <Calle>RU 24</Calle>
    <Lat>34.537550</Lat>
    <Lon>58.795100</Lon>
    <Dis>0</Dis>
    <Cta>1219</Cta>
    <CodSec>18</CodSec>
  </S>
</Sector>