<?xml version="1.0" standalone="yes"?>
<Sector>
  <xs:schema id="Sector" xmlns="" xmlns:xs="http://www.w3.org/2001/XMLSchema" xmlns:msdata="urn:schemas-microsoft-com:xml-msdata">
    <xs:element name="Sector" msdata:IsDataSet="true" msdata:Locale="">
      <xs:complexType>
        <xs:choice minOccurs="0" maxOccurs="unbounded">
          <xs:element name="S" msdata:Locale="">
            <xs:complexType>
              <xs:sequence>
                <xs:element name="Calle" type="xs:string" minOccurs="0" />
                <xs:element name="Lat" type="xs:decimal" minOccurs="0" />
                <xs:element name="Lon" type="xs:decimal" minOccurs="0" />
                <xs:element name="Dis" type="xs:decimal" minOccurs="0" />
                <xs:element name="Cta" type="xs:int" minOccurs="0" />
                <xs:element name="CodSec" type="xs:int" minOccurs="0" />
              </xs:sequence>
            </xs:complexType>
          </xs:element>
        </xs:choice>
      </xs:complexType>
    </xs:element>
  </xs:schema>
  <S>
    <Calle>RU 23</Calle>
    <Lat>34.483615</Lat>
    <Lon>58.611764</Lon>
    <Dis>2168.613</Dis>
    <Cta>1</Cta>
    <CodSec>18</CodSec>
  </S>
  <S>
    <Calle>ARATA</Calle>
    <Lat>34.494184</Lat>
    <Lon>58.631552</Lon>
    <Dis>1298.954</Dis>
    <Cta>113</Cta>
    <CodSec>18</CodSec>
  </S>
  <S>
    <Calle>TORCU</Calle>
    <Lat>34.500553</Lat>
    <Lon>58.643394</Lon>
    <Dis>3233.505</Dis>
    <Cta>176</Cta>
    <CodSec>18</CodSec>
  </S>
  <S>
    <Calle>PERON</Calle>
    <Lat>34.518180</Lat>
    <Lon>58.671219</Lon>
    <Dis>1974.922</Dis>
    <Cta>337</Cta>
    <CodSec>18</CodSec>
  </S>
  <S>
    <Calle>SUARE</Calle>
    <Lat>34.529449</Lat>
    <Lon>58.687850</Lon>
    <Dis>1805.261</Dis>
    <Cta>428</Cta>
    <CodSec>18</CodSec>
  </S>
  <S>
    <Calle>TRIBU</Calle>
    <Lat>34.531786</Lat>
    <Lon>58.701950</Lon>
    <Dis>870.780</Dis>
    <Cta>551</Cta>
    <CodSec>18</CodSec>
  </S>
  <S>
    <Calle>S.LOR</Calle>
    <Lat>34.536509</Lat>
    <Lon>58.708493</Lon>
    <Dis>1176.319</Dis>
    <Cta>598</Cta>
    <CodSec>18</CodSec>
  </S>
  <S>
    <Calle>PELUF</Calle>
    <Lat>34.544295</Lat>
    <Lon>58.714245</Lon>
    <Dis>1015.606</Dis>
    <Cta>658</Cta>
    <CodSec>18</CodSec>
  </S>
  <S>
    <Calle>GCAMP</Calle>
    <Lat>34.551151</Lat>
    <Lon>58.721521</Lon>
    <Dis>2815.223</Dis>
    <Cta>709</Cta>
    <CodSec>18</CodSec>
  </S>
  <S>
    <Calle>ESPA?</Calle>
    <Lat>34.566759</Lat>
    <Lon>58.743301</Lon>
    <Dis>1600.120</Dis>
    <Cta>858</Cta>
    <CodSec>18</CodSec>
  </S>
  <S>
    <Calle>EDISO</Calle>
    <Lat>34.558735</Lat>
    <Lon>58.756200</Lon>
    <Dis>1460.117</Dis>
    <Cta>927</Cta>
    <CodSec>18</CodSec>
  </S>
  <S>
    <Calle>TGUID</Calle>
    <Lat>34.549970</Lat>
    <Lon>58.768036</Lon>
    <Dis>3856.011</Dis>
    <Cta>1002</Cta>
    <CodSec>18</CodSec>
  </S>
  <S>
    <Calle>RU 24</Calle>
    <Lat>34.537878</Lat>
    <Lon>58.794879</Lon>
    <Dis>1638.840</Dis>
    <Cta>1200</Cta>
    <CodSec>18</CodSec>
  </S>
  <S>
    <Calle>USTAR</Calle>
    <Lat>34.530553</Lat>
    <Lon>58.779420</Lon>
    <Dis>2808.607</Dis>
    <Cta>1294</Cta>
    <CodSec>18</CodSec>
  </S>
  <S>
    <Calle>ZUVIR</Calle>
    <Lat>34.519158</Lat>
    <Lon>58.752239</Lon>
    <Dis>911.458</Dis>
    <Cta>1446</Cta>
    <CodSec>18</CodSec>
  </S>
  <S>
    <Calle>MU?OZ</Calle>
    <Lat>34.515192</Lat>
    <Lon>58.743555</Lon>
    <Dis>1515.188</Dis>
    <Cta>1505</Cta>
    <CodSec>18</CodSec>
  </S>
  <S>
    <Calle>RUTP8</Calle>
    <Lat>34.509221</Lat>
    <Lon>58.728738</Lon>
    <Dis>1538.563</Dis>
    <Cta>1591</Cta>
    <CodSec>18</CodSec>
  </S>
  <S>
    <Calle>CALLA</Calle>
    <Lat>34.502578</Lat>
    <Lon>58.714096</Lon>
    <Dis>1291.689</Dis>
    <Cta>1677</Cta>
    <CodSec>18</CodSec>
  </S>
  <S>
    <Calle>SEGUI</Calle>
    <Lat>34.494001</Lat>
    <Lon>58.704657</Lon>
    <Dis>1973.699</Dis>
    <Cta>1751</Cta>
    <CodSec>18</CodSec>
  </S>
  <S>
    <Calle>MORSE</Calle>
    <Lat>34.485169</Lat>
    <Lon>58.686614</Lon>
    <Dis>1405.184</Dis>
    <Cta>1885</Cta>
    <CodSec>18</CodSec>
  </S>
  <S>
    <Calle>SANMA</Calle>
    <Lat>34.478677</Lat>
    <Lon>58.673486</Lon>
    <Dis>970.493</Dis>
    <Cta>1964</Cta>
    <CodSec>18</CodSec>
  </S>
  <S>
    <Calle>RUT24</Calle>
    <Lat>34.476067</Lat>
    <Lon>58.663637</Lon>
    <Dis>596.930</Dis>
    <Cta>2028</Cta>
    <CodSec>18</CodSec>
  </S>
  <S>
    <Calle>PACHE</Calle>
    <Lat>34.476902</Lat>
    <Lon>58.663057</Lon>
    <Dis>0</Dis>
    <Cta>2062</Cta>
    <CodSec>18</CodSec>
  </S>
</Sector>