<?xml version="1.0" standalone="yes"?>
<Sector>
  <xs:schema id="Sector" xmlns="" xmlns:xs="http://www.w3.org/2001/XMLSchema" xmlns:msdata="urn:schemas-microsoft-com:xml-msdata">
    <xs:element name="Sector" msdata:IsDataSet="true" msdata:Locale="">
      <xs:complexType>
        <xs:choice minOccurs="0" maxOccurs="unbounded">
          <xs:element name="S" msdata:Locale="">
            <xs:complexType>
              <xs:sequence>
                <xs:element name="Calle" type="xs:string" minOccurs="0" />
                <xs:element name="Lat" type="xs:decimal" minOccurs="0" />
                <xs:element name="Lon" type="xs:decimal" minOccurs="0" />
                <xs:element name="Dis" type="xs:decimal" minOccurs="0" />
                <xs:element name="Cta" type="xs:int" minOccurs="0" />
                <xs:element name="CodSec" type="xs:int" minOccurs="0" />
              </xs:sequence>
            </xs:complexType>
          </xs:element>
        </xs:choice>
      </xs:complexType>
    </xs:element>
  </xs:schema>
  <S>
    <Calle>CALLA</Calle>
    <Lat>34.563781</Lat>
    <Lon>58.765672</Lon>
    <Dis>981.124</Dis>
    <Cta>1</Cta>
    <CodSec>18</CodSec>
  </S>
  <S>
    <Calle>T.EDI</Calle>
    <Lat>34.561139</Lat>
    <Lon>58.758336</Lon>
    <Dis>709.860</Dis>
    <Cta>57</Cta>
    <CodSec>18</CodSec>
  </S>
  <S>
    <Calle>AVSAR</Calle>
    <Lat>34.556213</Lat>
    <Lon>58.753733</Lon>
    <Dis>1791.495</Dis>
    <Cta>95</Cta>
    <CodSec>18</CodSec>
  </S>
  <S>
    <Calle>DELIC</Calle>
    <Lat>34.544195</Lat>
    <Lon>58.742384</Lon>
    <Dis>1394.561</Dis>
    <Cta>186</Cta>
    <CodSec>18</CodSec>
  </S>
  <S>
    <Calle>M.SAS</Calle>
    <Lat>34.546318</Lat>
    <Lon>58.731306</Lon>
    <Dis>1495.378</Dis>
    <Cta>302</Cta>
    <CodSec>18</CodSec>
  </S>
  <S>
    <Calle>PERON</Calle>
    <Lat>34.536259</Lat>
    <Lon>58.720517</Lon>
    <Dis>1247.026</Dis>
    <Cta>378</Cta>
    <CodSec>18</CodSec>
  </S>
  <S>
    <Calle>23-BE</Calle>
    <Lat>34.543547</Lat>
    <Lon>58.713568</Lon>
    <Dis>0</Dis>
    <Cta>441</Cta>
    <CodSec>18</CodSec>
  </S>
</Sector>