<?xml version="1.0" standalone="yes"?>
<Sector>
  <xs:schema id="Sector" xmlns="" xmlns:xs="http://www.w3.org/2001/XMLSchema" xmlns:msdata="urn:schemas-microsoft-com:xml-msdata">
    <xs:element name="Sector" msdata:IsDataSet="true" msdata:Locale="">
      <xs:complexType>
        <xs:choice minOccurs="0" maxOccurs="unbounded">
          <xs:element name="S" msdata:Locale="">
            <xs:complexType>
              <xs:sequence>
                <xs:element name="Calle" type="xs:string" minOccurs="0" />
                <xs:element name="Lat" type="xs:decimal" minOccurs="0" />
                <xs:element name="Lon" type="xs:decimal" minOccurs="0" />
                <xs:element name="Dis" type="xs:decimal" minOccurs="0" />
                <xs:element name="Cta" type="xs:int" minOccurs="0" />
                <xs:element name="CodSec" type="xs:int" minOccurs="0" />
              </xs:sequence>
            </xs:complexType>
          </xs:element>
        </xs:choice>
      </xs:complexType>
    </xs:element>
  </xs:schema>
  <S>
    <Calle>MAIPU</Calle>
    <Lat>32.968268</Lat>
    <Lon>60.640267</Lon>
    <Dis>2347.458</Dis>
    <Cta>1</Cta>
    <CodSec>13</CodSec>
  </S>
  <S>
    <Calle>PELLE</Calle>
    <Lat>32.956673</Lat>
    <Lon>60.645093</Lon>
    <Dis>817.487</Dis>
    <Cta>135</Cta>
    <CodSec>13</CodSec>
  </S>
  <S>
    <Calle>SJUAN</Calle>
    <Lat>32.949502</Lat>
    <Lon>60.643295</Lon>
    <Dis>1627.405</Dis>
    <Cta>177</Cta>
    <CodSec>13</CodSec>
  </S>
  <S>
    <Calle>ORO?O</Calle>
    <Lat>32.942352</Lat>
    <Lon>60.652737</Lon>
    <Dis>1717.152</Dis>
    <Cta>271</Cta>
    <CodSec>13</CodSec>
  </S>
  <S>
    <Calle>CAFFE</Calle>
    <Lat>32.939226</Lat>
    <Lon>60.670513</Lon>
    <Dis>780.109</Dis>
    <Cta>369</Cta>
    <CodSec>13</CodSec>
  </S>
  <S>
    <Calle>AVELL</Calle>
    <Lat>32.937765</Lat>
    <Lon>60.678621</Lon>
    <Dis>2520.176</Dis>
    <Cta>415</Cta>
    <CodSec>13</CodSec>
  </S>
  <S>
    <Calle>FMORE</Calle>
    <Lat>32.948027</Lat>
    <Lon>60.693436</Lon>
    <Dis>2496.102</Dis>
    <Cta>554</Cta>
    <CodSec>13</CodSec>
  </S>
  <S>
    <Calle>CIRCU</Calle>
    <Lat>32.948738</Lat>
    <Lon>60.720069</Lon>
    <Dis>16858.898</Dis>
    <Cta>695</Cta>
    <CodSec>81</CodSec>
  </S>
  <S>
    <Calle>A012.</Calle>
    <Lat>32.927267</Lat>
    <Lon>60.895599</Lon>
    <Dis>2389.230</Dis>
    <Cta>1602</Cta>
    <CodSec>32</CodSec>
  </S>
  <S>
    <Calle>RUT 9</Calle>
    <Lat>32.908134</Lat>
    <Lon>60.894895</Lon>
    <Dis>4202.984</Dis>
    <Cta>1752</Cta>
    <CodSec>32</CodSec>
  </S>
  <S>
    <Calle>CEM.R</Calle>
    <Lat>32.900179</Lat>
    <Lon>60.938565</Lon>
    <Dis>7767.412</Dis>
    <Cta>1978</Cta>
    <CodSec>201</CodSec>
  </S>
  <S>
    <Calle>SJER2</Calle>
    <Lat>32.885718</Lat>
    <Lon>61.019838</Lon>
    <Dis>2030.006</Dis>
    <Cta>2275</Cta>
    <CodSec>201</CodSec>
  </S>
  <S>
    <Calle>SJER1</Calle>
    <Lat>32.883577</Lat>
    <Lon>61.031624</Lon>
    <Dis>8760.459</Dis>
    <Cta>2397</Cta>
    <CodSec>201</CodSec>
  </S>
  <S>
    <Calle>RUT26</Calle>
    <Lat>32.867304</Lat>
    <Lon>61.123159</Lon>
    <Dis>2092.960</Dis>
    <Cta>2760</Cta>
    <CodSec>202</CodSec>
  </S>
  <S>
    <Calle>9 JUL</Calle>
    <Lat>32.863511</Lat>
    <Lon>61.144990</Lon>
    <Dis>2304.543</Dis>
    <Cta>2876</Cta>
    <CodSec>202</CodSec>
  </S>
  <S>
    <Calle>PARAN</Calle>
    <Lat>32.859078</Lat>
    <Lon>61.161092</Lon>
    <Dis>1455.197</Dis>
    <Cta>3003</Cta>
    <CodSec>202</CodSec>
  </S>
  <S>
    <Calle>CARCA</Calle>
    <Lat>32.862531</Lat>
    <Lon>61.150164</Lon>
    <Dis>0</Dis>
    <Cta>3081</Cta>
    <CodSec>202</CodSec>
  </S>
</Sector>