<?xml version="1.0" standalone="yes"?>
<Sector>
  <xs:schema id="Sector" xmlns="" xmlns:xs="http://www.w3.org/2001/XMLSchema" xmlns:msdata="urn:schemas-microsoft-com:xml-msdata">
    <xs:element name="Sector" msdata:IsDataSet="true" msdata:Locale="">
      <xs:complexType>
        <xs:choice minOccurs="0" maxOccurs="unbounded">
          <xs:element name="S" msdata:Locale="">
            <xs:complexType>
              <xs:sequence>
                <xs:element name="Calle" type="xs:string" minOccurs="0" />
                <xs:element name="Lat" type="xs:decimal" minOccurs="0" />
                <xs:element name="Lon" type="xs:decimal" minOccurs="0" />
                <xs:element name="Dis" type="xs:decimal" minOccurs="0" />
                <xs:element name="Cta" type="xs:int" minOccurs="0" />
                <xs:element name="CodSec" type="xs:int" minOccurs="0" />
              </xs:sequence>
            </xs:complexType>
          </xs:element>
        </xs:choice>
      </xs:complexType>
    </xs:element>
  </xs:schema>
  <S>
    <Calle>SJUAN</Calle>
    <Lat>32.949593</Lat>
    <Lon>60.643309</Lon>
    <Dis>1641.749</Dis>
    <Cta>1</Cta>
    <CodSec>13</CodSec>
  </S>
  <S>
    <Calle>ORO?O</Calle>
    <Lat>32.942352</Lat>
    <Lon>60.652737</Lon>
    <Dis>1715.595</Dis>
    <Cta>100</Cta>
    <CodSec>13</CodSec>
  </S>
  <S>
    <Calle>CAFFE</Calle>
    <Lat>32.939226</Lat>
    <Lon>60.670513</Lon>
    <Dis>779.566</Dis>
    <Cta>199</Cta>
    <CodSec>13</CodSec>
  </S>
  <S>
    <Calle>AVELL</Calle>
    <Lat>32.937766</Lat>
    <Lon>60.678621</Lon>
    <Dis>2027.657</Dis>
    <Cta>245</Cta>
    <CodSec>13</CodSec>
  </S>
  <S>
    <Calle>AGNET</Calle>
    <Lat>32.935327</Lat>
    <Lon>60.699902</Lon>
    <Dis>1234.268</Dis>
    <Cta>365</Cta>
    <CodSec>13</CodSec>
  </S>
  <S>
    <Calle>P.UNI</Calle>
    <Lat>32.933007</Lat>
    <Lon>60.712765</Lon>
    <Dis>1389.937</Dis>
    <Cta>437</Cta>
    <CodSec>13</CodSec>
  </S>
  <S>
    <Calle>DONAD</Calle>
    <Lat>32.930408</Lat>
    <Lon>60.727258</Lon>
    <Dis>1096.321</Dis>
    <Cta>522</Cta>
    <CodSec>13</CodSec>
  </S>
  <S>
    <Calle>WILDE</Calle>
    <Lat>32.928332</Lat>
    <Lon>60.738679</Lon>
    <Dis>2348.243</Dis>
    <Cta>584</Cta>
    <CodSec>81</CodSec>
  </S>
  <S>
    <Calle>ArLUD</Calle>
    <Lat>32.925302</Lat>
    <Lon>60.763241</Lon>
    <Dis>3895.557</Dis>
    <Cta>745</Cta>
    <CodSec>30</CodSec>
  </S>
  <S>
    <Calle>CATAM</Calle>
    <Lat>32.922635</Lat>
    <Lon>60.804760</Lon>
    <Dis>946.278</Dis>
    <Cta>970</Cta>
    <CodSec>30</CodSec>
  </S>
  <S>
    <Calle>ELORZ</Calle>
    <Lat>32.920877</Lat>
    <Lon>60.814645</Lon>
    <Dis>2750.069</Dis>
    <Cta>1029</Cta>
    <CodSec>30</CodSec>
  </S>
  <S>
    <Calle>HERNA</Calle>
    <Lat>32.916415</Lat>
    <Lon>60.843433</Lon>
    <Dis>2319.566</Dis>
    <Cta>1186</Cta>
    <CodSec>30</CodSec>
  </S>
  <S>
    <Calle>S.SEB</Calle>
    <Lat>32.912853</Lat>
    <Lon>60.867793</Lon>
    <Dis>3784.434</Dis>
    <Cta>1314</Cta>
    <CodSec>32</CodSec>
  </S>
  <S>
    <Calle>BELGR</Calle>
    <Lat>32.905786</Lat>
    <Lon>60.907250</Lon>
    <Dis>2933.862</Dis>
    <Cta>1564</Cta>
    <CodSec>32</CodSec>
  </S>
  <S>
    <Calle>INDEP</Calle>
    <Lat>32.898961</Lat>
    <Lon>60.907376</Lon>
    <Dis>0</Dis>
    <Cta>1761</Cta>
    <CodSec>32</CodSec>
  </S>
</Sector>