<?xml version="1.0" standalone="yes"?>
<Sector>
  <xs:schema id="Sector" xmlns="" xmlns:xs="http://www.w3.org/2001/XMLSchema" xmlns:msdata="urn:schemas-microsoft-com:xml-msdata">
    <xs:element name="Sector" msdata:IsDataSet="true" msdata:Locale="">
      <xs:complexType>
        <xs:choice minOccurs="0" maxOccurs="unbounded">
          <xs:element name="S" msdata:Locale="">
            <xs:complexType>
              <xs:sequence>
                <xs:element name="Calle" type="xs:string" minOccurs="0" />
                <xs:element name="Lat" type="xs:decimal" minOccurs="0" />
                <xs:element name="Lon" type="xs:decimal" minOccurs="0" />
                <xs:element name="Dis" type="xs:decimal" minOccurs="0" />
                <xs:element name="Cta" type="xs:int" minOccurs="0" />
                <xs:element name="CodSec" type="xs:int" minOccurs="0" />
              </xs:sequence>
            </xs:complexType>
          </xs:element>
        </xs:choice>
      </xs:complexType>
    </xs:element>
  </xs:schema>
  <S>
    <Calle>23-BE</Calle>
    <Lat>34.544630</Lat>
    <Lon>58.713920</Lon>
    <Dis>1895.611</Dis>
    <Cta>1</Cta>
    <CodSec>18</CodSec>
  </S>
  <S>
    <Calle>PERON</Calle>
    <Lat>34.536052</Lat>
    <Lon>58.720290</Lon>
    <Dis>1245.216</Dis>
    <Cta>124</Cta>
    <CodSec>18</CodSec>
  </S>
  <S>
    <Calle>M.SAS</Calle>
    <Lat>34.543246</Lat>
    <Lon>58.729326</Lon>
    <Dis>1334.920</Dis>
    <Cta>202</Cta>
    <CodSec>18</CodSec>
  </S>
  <S>
    <Calle>DELIC</Calle>
    <Lat>34.544141</Lat>
    <Lon>58.742329</Lon>
    <Dis>1767.961</Dis>
    <Cta>325</Cta>
    <CodSec>18</CodSec>
  </S>
  <S>
    <Calle>AVSAR</Calle>
    <Lat>34.555971</Lat>
    <Lon>58.753467</Lon>
    <Dis>759.149</Dis>
    <Cta>438</Cta>
    <CodSec>18</CodSec>
  </S>
  <S>
    <Calle>T.EDI</Calle>
    <Lat>34.561216</Lat>
    <Lon>58.758396</Lon>
    <Dis>970.066</Dis>
    <Cta>492</Cta>
    <CodSec>18</CodSec>
  </S>
  <S>
    <Calle>CALLA</Calle>
    <Lat>34.563777</Lat>
    <Lon>58.765657</Lon>
    <Dis>0</Dis>
    <Cta>555</Cta>
    <CodSec>18</CodSec>
  </S>
</Sector>