<?xml version="1.0" standalone="yes"?>
<Version>
  <xs:schema id="Version" xmlns="" xmlns:xs="http://www.w3.org/2001/XMLSchema" xmlns:msdata="urn:schemas-microsoft-com:xml-msdata">
    <xs:element name="Version" msdata:IsDataSet="true" msdata:UseCurrentLocale="true">
      <xs:complexType>
        <xs:choice minOccurs="0" maxOccurs="unbounded">
          <xs:element name="datosVersion">
            <xs:complexType>
              <xs:sequence>
                <xs:element name="nroVersion" type="xs:int" minOccurs="0" />
                <xs:element name="fechaActivacion" type="xs:dateTime" minOccurs="0" />
              </xs:sequence>
            </xs:complexType>
          </xs:element>
          <xs:element name="archivos">
            <xs:complexType>
              <xs:sequence>
                <xs:element name="archivo" type="xs:string" minOccurs="0" />
                <xs:element name="hash" type="xs:string" minOccurs="0" />
              </xs:sequence>
            </xs:complexType>
          </xs:element>
        </xs:choice>
      </xs:complexType>
    </xs:element>
  </xs:schema>
  <datosVersion>
    <nroVersion>33</nroVersion>
    <fechaActivacion>2022-07-18T00:00:00-03:00</fechaActivacion>
  </datosVersion>
  <archivos>
    <archivo>s01671038.xml</archivo>
    <hash>E9953DDB38343A92277AA9A3C06AD30D</hash>
  </archivos>
  <archivos>
    <archivo>s01671039.xml</archivo>
    <hash>6DDD9AFD01AF9E5728DE8F2E657A8D64</hash>
  </archivos>
  <archivos>
    <archivo>s01672793.xml</archivo>
    <hash>0242EE13B6367C73CFE8B280B917032E</hash>
  </archivos>
  <archivos>
    <archivo>s01672794.xml</archivo>
    <hash>16C1259B47D69A8852367C0B36F7C931</hash>
  </archivos>
  <archivos>
    <archivo>s01672795.xml</archivo>
    <hash>EFA343F0474F6A284BEE2A95E0E498CE</hash>
  </archivos>
  <archivos>
    <archivo>s01672796.xml</archivo>
    <hash>977932563BF5BDE8AAA6109686EEB266</hash>
  </archivos>
  <archivos>
    <archivo>s01672797.xml</archivo>
    <hash>137F72B911757BCE7445AA56424EEC0D</hash>
  </archivos>
  <archivos>
    <archivo>s01672799.xml</archivo>
    <hash>289596A8792EFD78BC57E47BEFE6BE43</hash>
  </archivos>
  <archivos>
    <archivo>s01672804.xml</archivo>
    <hash>D74CEE06403B8F8D91F5E46615A8A351</hash>
  </archivos>
  <archivos>
    <archivo>s01672805.xml</archivo>
    <hash>1CC139F0BB8A1F4335BA5E86446A7DBE</hash>
  </archivos>
  <archivos>
    <archivo>s01672807.xml</archivo>
    <hash>A97BE8D96226B7CE2A14C7669A125CF9</hash>
  </archivos>
  <archivos>
    <archivo>s01672808.xml</archivo>
    <hash>D22EA9CA6F0FBA656A8AB58B098991D1</hash>
  </archivos>
  <archivos>
    <archivo>s01672815.xml</archivo>
    <hash>6D3ACA8BD8F3815D6ECB190D9B8226A3</hash>
  </archivos>
  <archivos>
    <archivo>s01672817.xml</archivo>
    <hash>7CA17EDFF642179CC94A08BD53D199FE</hash>
  </archivos>
  <archivos>
    <archivo>s01673080.xml</archivo>
    <hash>E7452C6FE7852CE621892C270FA8D3F8</hash>
  </archivos>
  <archivos>
    <archivo>s01673081.xml</archivo>
    <hash>D31C6F15F4A05155AED76827A0B00D41</hash>
  </archivos>
  <archivos>
    <archivo>s01673082.xml</archivo>
    <hash>29A842DE606C919FB18C09923751862D</hash>
  </archivos>
  <archivos>
    <archivo>s01673083.xml</archivo>
    <hash>4E5663FF55E57EC2E43C86250AAA7D61</hash>
  </archivos>
  <archivos>
    <archivo>s01673084.xml</archivo>
    <hash>2918837B3E7BB499F0DE9F8109F1C852</hash>
  </archivos>
  <archivos>
    <archivo>s01673085.xml</archivo>
    <hash>E2BC978159A27F9274B318B4FE2AC1E1</hash>
  </archivos>
  <archivos>
    <archivo>s01673086.xml</archivo>
    <hash>0EAEDECB3CA899B3352429ED896F130C</hash>
  </archivos>
  <archivos>
    <archivo>s01673087.xml</archivo>
    <hash>864A2A6ABE2C7D9C575C3F269BB3E82C</hash>
  </archivos>
  <archivos>
    <archivo>s01673088.xml</archivo>
    <hash>24E30D67B704C44F81C4527838854EF3</hash>
  </archivos>
  <archivos>
    <archivo>s01673089.xml</archivo>
    <hash>70BD06CB62EC964D6177054336154C5A</hash>
  </archivos>
  <archivos>
    <archivo>s01673090.xml</archivo>
    <hash>377345A098BD4533F143674222DCF67A</hash>
  </archivos>
  <archivos>
    <archivo>s01673091.xml</archivo>
    <hash>5D6F0BA392F65D23EDFF1B26B46FA3A4</hash>
  </archivos>
  <archivos>
    <archivo>s01673092.xml</archivo>
    <hash>BBF4864D98AC12244771C122127DACCD</hash>
  </archivos>
  <archivos>
    <archivo>s01673093.xml</archivo>
    <hash>16F00F82EBAEC7E28ABD2056029DB031</hash>
  </archivos>
  <archivos>
    <archivo>s01673094.xml</archivo>
    <hash>86E513D8FEF5DDC2C37C4F6D0E9B003E</hash>
  </archivos>
  <archivos>
    <archivo>s01673095.xml</archivo>
    <hash>8B0C3C0FABF984F3BF66CF1A813FF83D</hash>
  </archivos>
  <archivos>
    <archivo>s01673096.xml</archivo>
    <hash>51D91D524C93B1E51F0D278B070A3A97</hash>
  </archivos>
  <archivos>
    <archivo>s01673097.xml</archivo>
    <hash>41B8D17FF780EEFA264FF0F8AF2F289D</hash>
  </archivos>
  <archivos>
    <archivo>s01673098.xml</archivo>
    <hash>264CDD391F3A978BCC34DA735BC048DB</hash>
  </archivos>
  <archivos>
    <archivo>s01673099.xml</archivo>
    <hash>68DBDC345B45718962167C813C4DEC93</hash>
  </archivos>
  <archivos>
    <archivo>s01673100.xml</archivo>
    <hash>BC9079F31AAA1421BDE55B0EB723E297</hash>
  </archivos>
  <archivos>
    <archivo>s01673101.xml</archivo>
    <hash>985438818945F74F0ED6BB6C44A2C0B0</hash>
  </archivos>
  <archivos>
    <archivo>s01673102.xml</archivo>
    <hash>9C5DAAE56AAD45D3AE9DFD14F7420E7B</hash>
  </archivos>
  <archivos>
    <archivo>s01673103.xml</archivo>
    <hash>FE2B861F605DC4EC1F36BE757C16BAB0</hash>
  </archivos>
  <archivos>
    <archivo>s01673104.xml</archivo>
    <hash>53C3718A89764E1C1323F0DD655FFDB9</hash>
  </archivos>
  <archivos>
    <archivo>s01673105.xml</archivo>
    <hash>2EE08112A0EC43E7CEE662D13C96636E</hash>
  </archivos>
  <archivos>
    <archivo>s01673106.xml</archivo>
    <hash>C1EAE5CD0DA6422028D6707A123EC95E</hash>
  </archivos>
  <archivos>
    <archivo>s01673107.xml</archivo>
    <hash>FB0DD266961747B2C58C711A2548E1A4</hash>
  </archivos>
  <archivos>
    <archivo>s01673108.xml</archivo>
    <hash>C8C7ED797A12DB66D0B9F750BDFFB1AD</hash>
  </archivos>
  <archivos>
    <archivo>s01673109.xml</archivo>
    <hash>4A909C9D60D5DB8FFF904F818C359488</hash>
  </archivos>
  <archivos>
    <archivo>s01673110.xml</archivo>
    <hash>B142983F5CBB1419D35DAB2BC22F7824</hash>
  </archivos>
  <archivos>
    <archivo>s01673111.xml</archivo>
    <hash>C35D2CC64146209DBF342027DB59078E</hash>
  </archivos>
  <archivos>
    <archivo>s01673113.xml</archivo>
    <hash>6919E2AEDD3BEA677FC9D870A37104D4</hash>
  </archivos>
  <archivos>
    <archivo>s01673120.xml</archivo>
    <hash>B4DC05E64230328FDCEC745A2468A18B</hash>
  </archivos>
  <archivos>
    <archivo>s01673121.xml</archivo>
    <hash>7A3829DB31F7AD33B0FC91B05AD21DB7</hash>
  </archivos>
  <archivos>
    <archivo>s01673122.xml</archivo>
    <hash>4065BCF00EF64408974AE0649DCE172D</hash>
  </archivos>
  <archivos>
    <archivo>s01673123.xml</archivo>
    <hash>D85B1E8B96553A5E252A006A9C5669A1</hash>
  </archivos>
  <archivos>
    <archivo>s01673124.xml</archivo>
    <hash>1995B6FAEC61A69A8D1477547A735E4B</hash>
  </archivos>
  <archivos>
    <archivo>s01673125.xml</archivo>
    <hash>A03BA8EC90B5637C784BE3DDC28F4DEA</hash>
  </archivos>
  <archivos>
    <archivo>s01673126.xml</archivo>
    <hash>E546A7AD24D1F4F383E970112AEBF0F1</hash>
  </archivos>
  <archivos>
    <archivo>s01673127.xml</archivo>
    <hash>A3F3E7BE1785F7D037BD8AB35837E44E</hash>
  </archivos>
  <archivos>
    <archivo>s01673130.xml</archivo>
    <hash>6DDB0C3B9F135A550A580520A5A2CD18</hash>
  </archivos>
  <archivos>
    <archivo>s01673132.xml</archivo>
    <hash>E6701598AC6830EF761CCE7F6F40AC65</hash>
  </archivos>
  <archivos>
    <archivo>s01673133.xml</archivo>
    <hash>DF8122161A28B8F9745F9FB25D3192F4</hash>
  </archivos>
  <archivos>
    <archivo>s01673134.xml</archivo>
    <hash>400A25C5D184D2E325FF57C68EB36C48</hash>
  </archivos>
  <archivos>
    <archivo>s01673135.xml</archivo>
    <hash>D15CDF3715D9F922E4133FAD718DCEC4</hash>
  </archivos>
  <archivos>
    <archivo>s01673136.xml</archivo>
    <hash>CCFECE3E4577BED728E48BB6A92B04EC</hash>
  </archivos>
  <archivos>
    <archivo>s01673137.xml</archivo>
    <hash>B980E1ADA2C414B3574D90775689A81D</hash>
  </archivos>
  <archivos>
    <archivo>s01673138.xml</archivo>
    <hash>7CF40B332ED94D6DF0487E7C3581FD47</hash>
  </archivos>
  <archivos>
    <archivo>s01673139.xml</archivo>
    <hash>75F50C9DDACDC57FE94BD33AF202920D</hash>
  </archivos>
  <archivos>
    <archivo>s01673140.xml</archivo>
    <hash>E456FF0228A1AD1594638281D340A792</hash>
  </archivos>
  <archivos>
    <archivo>s01673141.xml</archivo>
    <hash>5DDA5862DB1F45CE75DE7FE4FE3EA514</hash>
  </archivos>
  <archivos>
    <archivo>s01673142.xml</archivo>
    <hash>47DF04176968FEDB118DC5406361A622</hash>
  </archivos>
  <archivos>
    <archivo>r01671038.txt</archivo>
    <hash>4A3D55BE1D93126715E57E67C3F2EB9F</hash>
  </archivos>
  <archivos>
    <archivo>r01671039.txt</archivo>
    <hash>F6DEE90EDBCCF931534515A292B3427E</hash>
  </archivos>
  <archivos>
    <archivo>r01672793.txt</archivo>
    <hash>9C7E4C0B69C16B77E411E9D1CD67BD8A</hash>
  </archivos>
  <archivos>
    <archivo>r01672794.txt</archivo>
    <hash>D318985DA78C4D59AD325F2CF0D0E6DC</hash>
  </archivos>
  <archivos>
    <archivo>r01672795.txt</archivo>
    <hash>7593E7B36D8B7A856C63F7EAA03D0F4D</hash>
  </archivos>
  <archivos>
    <archivo>r01672796.txt</archivo>
    <hash>ACBEDC0B65AD2CE9890225CAB32E7331</hash>
  </archivos>
  <archivos>
    <archivo>r01672797.txt</archivo>
    <hash>1D34D96DB715548A434BF17C6E5AD1B4</hash>
  </archivos>
  <archivos>
    <archivo>r01672799.txt</archivo>
    <hash>BC9C94F39DDF574F0BEC6BFEE15F8DD1</hash>
  </archivos>
  <archivos>
    <archivo>r01672804.txt</archivo>
    <hash>9B918681B86FB1DA419600ECD9EF3A24</hash>
  </archivos>
  <archivos>
    <archivo>r01672805.txt</archivo>
    <hash>3C7B4EA8F354C1109ABCA8D9A8B45E8B</hash>
  </archivos>
  <archivos>
    <archivo>r01672807.txt</archivo>
    <hash>F9299AB207C2D66DFEBA57E3C89130D2</hash>
  </archivos>
  <archivos>
    <archivo>r01672808.txt</archivo>
    <hash>F9A2F782B308D674364895F8DEAB03D3</hash>
  </archivos>
  <archivos>
    <archivo>r01672815.txt</archivo>
    <hash>14028BBFA1739AED7B0226B2532DAEF3</hash>
  </archivos>
  <archivos>
    <archivo>r01672817.txt</archivo>
    <hash>C8E4E5EFD0632BD5864C0AB9AA726A13</hash>
  </archivos>
  <archivos>
    <archivo>r01673080.txt</archivo>
    <hash>B90F3AFB02FC1A738C20EE32785F54C5</hash>
  </archivos>
  <archivos>
    <archivo>r01673081.txt</archivo>
    <hash>1D56A3025CD94B07B72B5CEA410A93CF</hash>
  </archivos>
  <archivos>
    <archivo>r01673082.txt</archivo>
    <hash>AF953CA2D7511778E3BC4CE40FC04477</hash>
  </archivos>
  <archivos>
    <archivo>r01673083.txt</archivo>
    <hash>D5AD0B9C513857574A9AFA300696ECC5</hash>
  </archivos>
  <archivos>
    <archivo>r01673084.txt</archivo>
    <hash>905B4D6B55D0A52EF2DC5AAC97BEBC0C</hash>
  </archivos>
  <archivos>
    <archivo>r01673085.txt</archivo>
    <hash>651730C8530C72CBD28670048A357D21</hash>
  </archivos>
  <archivos>
    <archivo>r01673086.txt</archivo>
    <hash>10E5C681F49A34F16BBF65C8B1454CD6</hash>
  </archivos>
  <archivos>
    <archivo>r01673087.txt</archivo>
    <hash>1CA46E36CCBF76DD23DF760573DDA04C</hash>
  </archivos>
  <archivos>
    <archivo>r01673088.txt</archivo>
    <hash>3380861F9B46D04D7F8432C0A516D125</hash>
  </archivos>
  <archivos>
    <archivo>r01673089.txt</archivo>
    <hash>086E6568018A25E91B218A4260CE7461</hash>
  </archivos>
  <archivos>
    <archivo>r01673090.txt</archivo>
    <hash>7A5107A79B17C4E59C155F15BE23C809</hash>
  </archivos>
  <archivos>
    <archivo>r01673091.txt</archivo>
    <hash>4C9A9F5FAC145DD6F954FDCC480D69FB</hash>
  </archivos>
  <archivos>
    <archivo>r01673092.txt</archivo>
    <hash>5874E0B73B01C3A1E6C9C4D7C38C6AAA</hash>
  </archivos>
  <archivos>
    <archivo>r01673093.txt</archivo>
    <hash>9FF62E739483AA6EFFB15A239C0B3F5F</hash>
  </archivos>
  <archivos>
    <archivo>r01673094.txt</archivo>
    <hash>725CCA9F0EA09635208702BD1FB26201</hash>
  </archivos>
  <archivos>
    <archivo>r01673095.txt</archivo>
    <hash>658943811C33E7E8EF66757AA2D639DA</hash>
  </archivos>
  <archivos>
    <archivo>r01673096.txt</archivo>
    <hash>4506B507272CB3A65D531BF118CC1EAC</hash>
  </archivos>
  <archivos>
    <archivo>r01673097.txt</archivo>
    <hash>D3F6CAA8312BF8CE6F9EA291CA75BDE8</hash>
  </archivos>
  <archivos>
    <archivo>r01673098.txt</archivo>
    <hash>C57E249DE6B7F67DEC2D82407A4BC495</hash>
  </archivos>
  <archivos>
    <archivo>r01673099.txt</archivo>
    <hash>7D554F166F7558E38B78F24DEB4280CF</hash>
  </archivos>
  <archivos>
    <archivo>r01673100.txt</archivo>
    <hash>DFD6D5A44EC80E674DBE3262560EFB1B</hash>
  </archivos>
  <archivos>
    <archivo>r01673101.txt</archivo>
    <hash>F840B6CDBE1BCC1BAB09EB3428896060</hash>
  </archivos>
  <archivos>
    <archivo>r01673102.txt</archivo>
    <hash>DBD8810BD3CC5815D585CFB8D9FD3DF1</hash>
  </archivos>
  <archivos>
    <archivo>r01673103.txt</archivo>
    <hash>F5BD9E24666113B2CED309427852F679</hash>
  </archivos>
  <archivos>
    <archivo>r01673104.txt</archivo>
    <hash>B349459305E45A51AE1755FE5647BF78</hash>
  </archivos>
  <archivos>
    <archivo>r01673105.txt</archivo>
    <hash>4E014CCE5C12859D60DBA3AAB065B066</hash>
  </archivos>
  <archivos>
    <archivo>r01673106.txt</archivo>
    <hash>C6CD1C5B4524BE96C0D7E3AEF3B4F7FE</hash>
  </archivos>
  <archivos>
    <archivo>r01673107.txt</archivo>
    <hash>F932C4AA2F9A6EFAB2A18B5D8BF21314</hash>
  </archivos>
  <archivos>
    <archivo>r01673108.txt</archivo>
    <hash>2C0B313163691FC188968EEEB8D41E97</hash>
  </archivos>
  <archivos>
    <archivo>r01673109.txt</archivo>
    <hash>6877709360095E7E300B1899EDE57C50</hash>
  </archivos>
  <archivos>
    <archivo>r01673110.txt</archivo>
    <hash>0692678684B4C06B2CB1191097838560</hash>
  </archivos>
  <archivos>
    <archivo>r01673111.txt</archivo>
    <hash>EE8701CC95EF43FAAAC678A09481F5BB</hash>
  </archivos>
  <archivos>
    <archivo>r01673113.txt</archivo>
    <hash>FAF024CAF2A17BCF2077ACC943EAB7AA</hash>
  </archivos>
  <archivos>
    <archivo>r01673120.txt</archivo>
    <hash>6A87776E69F153842BCC74E3D37B79CE</hash>
  </archivos>
  <archivos>
    <archivo>r01673121.txt</archivo>
    <hash>D2431698889246C849016454A7FDB7D0</hash>
  </archivos>
  <archivos>
    <archivo>r01673122.txt</archivo>
    <hash>F631CC59A219F62E796EEBA3006665D2</hash>
  </archivos>
  <archivos>
    <archivo>r01673123.txt</archivo>
    <hash>6FB39BCEB752BCC45255F8F141742A49</hash>
  </archivos>
  <archivos>
    <archivo>r01673124.txt</archivo>
    <hash>6223EEB9426BCEDE5BBFEFAD1A2DC8CF</hash>
  </archivos>
  <archivos>
    <archivo>r01673125.txt</archivo>
    <hash>4909B9E83CE16538DCA122FBCD7C65D4</hash>
  </archivos>
  <archivos>
    <archivo>r01673126.txt</archivo>
    <hash>7BFC3F92CDF53BDCFCC8EC0A9169A579</hash>
  </archivos>
  <archivos>
    <archivo>r01673127.txt</archivo>
    <hash>154D555CEF1AA9D4B17E97EDC13A05F3</hash>
  </archivos>
  <archivos>
    <archivo>r01673130.txt</archivo>
    <hash>C1B8096EEFFE5E0E6FB70908DE86725E</hash>
  </archivos>
  <archivos>
    <archivo>r01673132.txt</archivo>
    <hash>AEBE7B96A7BCADDD2B152DEF3339FFAB</hash>
  </archivos>
  <archivos>
    <archivo>r01673133.txt</archivo>
    <hash>70FA4880C10C2C5EB30D0D5F9FE4CEC5</hash>
  </archivos>
  <archivos>
    <archivo>r01673134.txt</archivo>
    <hash>C3ACB6498724C642C9B8E31BEC7F5C06</hash>
  </archivos>
  <archivos>
    <archivo>r01673135.txt</archivo>
    <hash>7DA8EF0E0FD8F442B09317683893FD08</hash>
  </archivos>
  <archivos>
    <archivo>r01673136.txt</archivo>
    <hash>18DFFE087A518E828B3AE28D50537762</hash>
  </archivos>
  <archivos>
    <archivo>r01673137.txt</archivo>
    <hash>4EB282D6368EF2C6FD57837DFA0B76F2</hash>
  </archivos>
  <archivos>
    <archivo>r01673138.txt</archivo>
    <hash>27B13B49EEB252004827072EEA875654</hash>
  </archivos>
  <archivos>
    <archivo>r01673139.txt</archivo>
    <hash>42F66E61D1F32697130A2F2696427CBC</hash>
  </archivos>
  <archivos>
    <archivo>r01673140.txt</archivo>
    <hash>3B115BEB4831A11FEFECFE30AE36501B</hash>
  </archivos>
  <archivos>
    <archivo>r01673141.txt</archivo>
    <hash>076B3C2BB3F19B1E7059942F85021F63</hash>
  </archivos>
  <archivos>
    <archivo>r01673142.txt</archivo>
    <hash>B9AE0DBA9BF917C6E5709A3FCE3A238D</hash>
  </archivos>
  <archivos>
    <archivo>sectoresTarifarios.xml</archivo>
    <hash>A3B8E1BA143582E6D4A8732D8B4ECA53</hash>
  </archivos>
</Version>