<?xml version="1.0" standalone="yes"?>
<Sector>
  <xs:schema id="Sector" xmlns="" xmlns:xs="http://www.w3.org/2001/XMLSchema" xmlns:msdata="urn:schemas-microsoft-com:xml-msdata">
    <xs:element name="Sector" msdata:IsDataSet="true" msdata:Locale="">
      <xs:complexType>
        <xs:choice minOccurs="0" maxOccurs="unbounded">
          <xs:element name="S" msdata:Locale="">
            <xs:complexType>
              <xs:sequence>
                <xs:element name="Calle" type="xs:string" minOccurs="0" />
                <xs:element name="Lat" type="xs:decimal" minOccurs="0" />
                <xs:element name="Lon" type="xs:decimal" minOccurs="0" />
                <xs:element name="Dis" type="xs:decimal" minOccurs="0" />
                <xs:element name="Cta" type="xs:int" minOccurs="0" />
                <xs:element name="CodSec" type="xs:int" minOccurs="0" />
              </xs:sequence>
            </xs:complexType>
          </xs:element>
        </xs:choice>
      </xs:complexType>
    </xs:element>
  </xs:schema>
  <S>
    <Calle>TRIB.</Calle>
    <Lat>34.542689</Lat>
    <Lon>58.714800</Lon>
    <Dis>1759.602</Dis>
    <Cta>1</Cta>
    <CodSec>18</CodSec>
  </S>
  <S>
    <Calle>MU?OZ</Calle>
    <Lat>34.533882</Lat>
    <Lon>58.718006</Lon>
    <Dis>1555.308</Dis>
    <Cta>92</Cta>
    <CodSec>18</CodSec>
  </S>
  <S>
    <Calle>CHILE</Calle>
    <Lat>34.524646</Lat>
    <Lon>58.730391</Lon>
    <Dis>1158.376</Dis>
    <Cta>165</Cta>
    <CodSec>18</CodSec>
  </S>
  <S>
    <Calle>RUTP8</Calle>
    <Lat>34.517217</Lat>
    <Lon>58.722506</Lon>
    <Dis>1083.886</Dis>
    <Cta>222</Cta>
    <CodSec>18</CodSec>
  </S>
  <S>
    <Calle>RU 24</Calle>
    <Lat>34.509250</Lat>
    <Lon>58.728394</Lon>
    <Dis>1446.817</Dis>
    <Cta>284</Cta>
    <CodSec>18</CodSec>
  </S>
  <S>
    <Calle>OBRIE</Calle>
    <Lat>34.499788</Lat>
    <Lon>58.738424</Lon>
    <Dis>1178.480</Dis>
    <Cta>372</Cta>
    <CodSec>18</CodSec>
  </S>
  <S>
    <Calle>DUAPE</Calle>
    <Lat>34.497844</Lat>
    <Lon>58.729006</Lon>
    <Dis>1872.157</Dis>
    <Cta>439</Cta>
    <CodSec>18</CodSec>
  </S>
  <S>
    <Calle>DP-BE</Calle>
    <Lat>34.485798</Lat>
    <Lon>58.724814</Lon>
    <Dis>1299.697</Dis>
    <Cta>539</Cta>
    <CodSec>18</CodSec>
  </S>
  <S>
    <Calle>PASCO</Calle>
    <Lat>34.493408</Lat>
    <Lon>58.721024</Lon>
    <Dis>1179.821</Dis>
    <Cta>651</Cta>
    <CodSec>18</CodSec>
  </S>
  <S>
    <Calle>RUT24</Calle>
    <Lat>34.502325</Lat>
    <Lon>58.714079</Lon>
    <Dis>1142.837</Dis>
    <Cta>715</Cta>
    <CodSec>18</CodSec>
  </S>
  <S>
    <Calle>ELUCA</Calle>
    <Lat>34.495104</Lat>
    <Lon>58.705680</Lon>
    <Dis>1288.902</Dis>
    <Cta>778</Cta>
    <CodSec>18</CodSec>
  </S>
  <S>
    <Calle>BARON</Calle>
    <Lat>34.503481</Lat>
    <Lon>58.703334</Lon>
    <Dis>1410.033</Dis>
    <Cta>902</Cta>
    <CodSec>18</CodSec>
  </S>
  <S>
    <Calle>PERON</Calle>
    <Lat>34.500475</Lat>
    <Lon>58.692475</Lon>
    <Dis>2759.496</Dis>
    <Cta>978</Cta>
    <CodSec>18</CodSec>
  </S>
  <S>
    <Calle>GLEMO</Calle>
    <Lat>34.518114</Lat>
    <Lon>58.671488</Lon>
    <Dis>1982.341</Dis>
    <Cta>1125</Cta>
    <CodSec>18</CodSec>
  </S>
  <S>
    <Calle>SUARE</Calle>
    <Lat>34.529420</Lat>
    <Lon>58.687796</Lon>
    <Dis>1910.776</Dis>
    <Cta>1215</Cta>
    <CodSec>18</CodSec>
  </S>
  <S>
    <Calle>TRIBU</Calle>
    <Lat>34.531563</Lat>
    <Lon>58.702997</Lon>
    <Dis>765.221</Dis>
    <Cta>1348</Cta>
    <CodSec>18</CodSec>
  </S>
  <S>
    <Calle>S.LOR</Calle>
    <Lat>34.536503</Lat>
    <Lon>58.708520</Lon>
    <Dis>909.075</Dis>
    <Cta>1386</Cta>
    <CodSec>18</CodSec>
  </S>
  <S>
    <Calle>ALEM.</Calle>
    <Lat>34.542615</Lat>
    <Lon>58.714905</Lon>
    <Dis>0</Dis>
    <Cta>1431</Cta>
    <CodSec>18</CodSec>
  </S>
</Sector>