<?xml version="1.0" standalone="yes"?>
<Sector>
  <xs:schema id="Sector" xmlns="" xmlns:xs="http://www.w3.org/2001/XMLSchema" xmlns:msdata="urn:schemas-microsoft-com:xml-msdata">
    <xs:element name="Sector" msdata:IsDataSet="true" msdata:Locale="">
      <xs:complexType>
        <xs:choice minOccurs="0" maxOccurs="unbounded">
          <xs:element name="S" msdata:Locale="">
            <xs:complexType>
              <xs:sequence>
                <xs:element name="Calle" type="xs:string" minOccurs="0" />
                <xs:element name="Lat" type="xs:decimal" minOccurs="0" />
                <xs:element name="Lon" type="xs:decimal" minOccurs="0" />
                <xs:element name="Dis" type="xs:decimal" minOccurs="0" />
                <xs:element name="Cta" type="xs:int" minOccurs="0" />
                <xs:element name="CodSec" type="xs:int" minOccurs="0" />
              </xs:sequence>
            </xs:complexType>
          </xs:element>
        </xs:choice>
      </xs:complexType>
    </xs:element>
  </xs:schema>
  <S>
    <Calle>LLAVA</Calle>
    <Lat>34.484245</Lat>
    <Lon>58.740892</Lon>
    <Dis>1114.770</Dis>
    <Cta>1</Cta>
    <CodSec>18</CodSec>
  </S>
  <S>
    <Calle>SMART</Calle>
    <Lat>34.489622</Lat>
    <Lon>58.733367</Lon>
    <Dis>1142.061</Dis>
    <Cta>60</Cta>
    <CodSec>18</CodSec>
  </S>
  <S>
    <Calle>DP-BE</Calle>
    <Lat>34.485700</Lat>
    <Lon>58.725006</Lon>
    <Dis>1279.648</Dis>
    <Cta>126</Cta>
    <CodSec>18</CodSec>
  </S>
  <S>
    <Calle>PASCO</Calle>
    <Lat>34.493395</Lat>
    <Lon>58.721030</Lon>
    <Dis>1176.278</Dis>
    <Cta>237</Cta>
    <CodSec>18</CodSec>
  </S>
  <S>
    <Calle>RUT24</Calle>
    <Lat>34.502281</Lat>
    <Lon>58.714110</Lon>
    <Dis>1521.635</Dis>
    <Cta>301</Cta>
    <CodSec>18</CodSec>
  </S>
  <S>
    <Calle>RUTP8</Calle>
    <Lat>34.508936</Lat>
    <Lon>58.728353</Lon>
    <Dis>2504.993</Dis>
    <Cta>388</Cta>
    <CodSec>18</CodSec>
  </S>
  <S>
    <Calle>ZU-LA</Calle>
    <Lat>34.519193</Lat>
    <Lon>58.752570</Lon>
    <Dis>2452.981</Dis>
    <Cta>534</Cta>
    <CodSec>18</CodSec>
  </S>
  <S>
    <Calle>JMART</Calle>
    <Lat>34.525142</Lat>
    <Lon>58.765652</Lon>
    <Dis>1586.681</Dis>
    <Cta>672</Cta>
    <CodSec>18</CodSec>
  </S>
  <S>
    <Calle>LAZZA</Calle>
    <Lat>34.531225</Lat>
    <Lon>58.781175</Lon>
    <Dis>995.156</Dis>
    <Cta>763</Cta>
    <CodSec>18</CodSec>
  </S>
  <S>
    <Calle>ARIAS</Calle>
    <Lat>34.537533</Lat>
    <Lon>58.774547</Lon>
    <Dis>1647.531</Dis>
    <Cta>822</Cta>
    <CodSec>18</CodSec>
  </S>
  <S>
    <Calle>MENDO</Calle>
    <Lat>34.548854</Lat>
    <Lon>58.763382</Lon>
    <Dis>1552.015</Dis>
    <Cta>912</Cta>
    <CodSec>18</CodSec>
  </S>
  <S>
    <Calle>PJUNT</Calle>
    <Lat>34.558115</Lat>
    <Lon>58.750879</Lon>
    <Dis>1342.669</Dis>
    <Cta>978</Cta>
    <CodSec>18</CodSec>
  </S>
  <S>
    <Calle>RUT23</Calle>
    <Lat>34.566124</Lat>
    <Lon>58.740043</Lon>
    <Dis>2343.736</Dis>
    <Cta>1037</Cta>
    <CodSec>18</CodSec>
  </S>
  <S>
    <Calle>GCAMP</Calle>
    <Lat>34.551742</Lat>
    <Lon>58.721873</Lon>
    <Dis>1325.846</Dis>
    <Cta>1164</Cta>
    <CodSec>18</CodSec>
  </S>
  <S>
    <Calle>23-BE</Calle>
    <Lat>34.544440</Lat>
    <Lon>58.714178</Lon>
    <Dis>0</Dis>
    <Cta>1231</Cta>
    <CodSec>18</CodSec>
  </S>
</Sector>