<?xml version="1.0" standalone="yes"?>
<Sector>
  <xs:schema id="Sector" xmlns="" xmlns:xs="http://www.w3.org/2001/XMLSchema" xmlns:msdata="urn:schemas-microsoft-com:xml-msdata">
    <xs:element name="Sector" msdata:IsDataSet="true" msdata:Locale="">
      <xs:complexType>
        <xs:choice minOccurs="0" maxOccurs="unbounded">
          <xs:element name="S" msdata:Locale="">
            <xs:complexType>
              <xs:sequence>
                <xs:element name="Calle" type="xs:string" minOccurs="0" />
                <xs:element name="Lat" type="xs:decimal" minOccurs="0" />
                <xs:element name="Lon" type="xs:decimal" minOccurs="0" />
                <xs:element name="Dis" type="xs:decimal" minOccurs="0" />
                <xs:element name="Cta" type="xs:int" minOccurs="0" />
                <xs:element name="CodSec" type="xs:int" minOccurs="0" />
              </xs:sequence>
            </xs:complexType>
          </xs:element>
        </xs:choice>
      </xs:complexType>
    </xs:element>
  </xs:schema>
  <S>
    <Calle>DERQU</Calle>
    <Lat>34.537817</Lat>
    <Lon>58.794818</Lon>
    <Dis>1640.900</Dis>
    <Cta>1</Cta>
    <CodSec>18</CodSec>
  </S>
  <S>
    <Calle>USTAR</Calle>
    <Lat>34.530534</Lat>
    <Lon>58.779303</Lon>
    <Dis>1359.686</Dis>
    <Cta>96</Cta>
    <CodSec>18</CodSec>
  </S>
  <S>
    <Calle>JMART</Calle>
    <Lat>34.525349</Lat>
    <Lon>58.765934</Lon>
    <Dis>1442.464</Dis>
    <Cta>169</Cta>
    <CodSec>18</CodSec>
  </S>
  <S>
    <Calle>ZU-LA</Calle>
    <Lat>34.519248</Lat>
    <Lon>58.752283</Lon>
    <Dis>1014.582</Dis>
    <Cta>253</Cta>
    <CodSec>18</CodSec>
  </S>
  <S>
    <Calle>POLON</Calle>
    <Lat>34.514797</Lat>
    <Lon>58.742701</Lon>
    <Dis>1940.620</Dis>
    <Cta>320</Cta>
    <CodSec>18</CodSec>
  </S>
  <S>
    <Calle>LLAVA</Calle>
    <Lat>34.507085</Lat>
    <Lon>58.723770</Lon>
    <Dis>1419.410</Dis>
    <Cta>428</Cta>
    <CodSec>18</CodSec>
  </S>
  <S>
    <Calle>DUAPE</Calle>
    <Lat>34.497785</Lat>
    <Lon>58.728924</Lon>
    <Dis>1882.113</Dis>
    <Cta>522</Cta>
    <CodSec>18</CodSec>
  </S>
  <S>
    <Calle>DP-BE</Calle>
    <Lat>34.485778</Lat>
    <Lon>58.725012</Lon>
    <Dis>1591.043</Dis>
    <Cta>624</Cta>
    <CodSec>18</CodSec>
  </S>
  <S>
    <Calle>DAMIC</Calle>
    <Lat>34.478997</Lat>
    <Lon>58.740115</Lon>
    <Dis>0</Dis>
    <Cta>717</Cta>
    <CodSec>18</CodSec>
  </S>
</Sector>