<?xml version="1.0" standalone="yes"?>
<Sector>
  <xs:schema id="Sector" xmlns="" xmlns:xs="http://www.w3.org/2001/XMLSchema" xmlns:msdata="urn:schemas-microsoft-com:xml-msdata">
    <xs:element name="Sector" msdata:IsDataSet="true" msdata:Locale="">
      <xs:complexType>
        <xs:choice minOccurs="0" maxOccurs="unbounded">
          <xs:element name="S" msdata:Locale="">
            <xs:complexType>
              <xs:sequence>
                <xs:element name="Calle" type="xs:string" minOccurs="0" />
                <xs:element name="Lat" type="xs:decimal" minOccurs="0" />
                <xs:element name="Lon" type="xs:decimal" minOccurs="0" />
                <xs:element name="Dis" type="xs:decimal" minOccurs="0" />
                <xs:element name="Cta" type="xs:int" minOccurs="0" />
                <xs:element name="CodSec" type="xs:int" minOccurs="0" />
              </xs:sequence>
            </xs:complexType>
          </xs:element>
        </xs:choice>
      </xs:complexType>
    </xs:element>
  </xs:schema>
  <S>
    <Calle>LROSA</Calle>
    <Lat>32.475566</Lat>
    <Lon>61.578923</Lon>
    <Dis>9139.680</Dis>
    <Cta>1</Cta>
    <CodSec>208</CodSec>
  </S>
  <S>
    <Calle>CALI1</Calle>
    <Lat>32.544589</Lat>
    <Lon>61.550973</Lon>
    <Dis>16363.887</Dis>
    <Cta>461</Cta>
    <CodSec>207</CodSec>
  </S>
  <S>
    <Calle>PAREJ</Calle>
    <Lat>32.681967</Lat>
    <Lon>61.520982</Lon>
    <Dis>18326.330</Dis>
    <Cta>1216</Cta>
    <CodSec>206</CodSec>
  </S>
  <S>
    <Calle>ARMST</Calle>
    <Lat>32.785720</Lat>
    <Lon>61.603421</Lon>
    <Dis>7224.850</Dis>
    <Cta>2002</Cta>
    <CodSec>220</CodSec>
  </S>
  <S>
    <Calle>RU178</Calle>
    <Lat>32.784576</Lat>
    <Lon>61.544115</Lon>
    <Dis>11716.836</Dis>
    <Cta>2346</Cta>
    <CodSec>205</CodSec>
  </S>
  <S>
    <Calle>C.GO1</Calle>
    <Lat>32.805616</Lat>
    <Lon>61.421484</Lon>
    <Dis>2767.837</Dis>
    <Cta>2836</Cta>
    <CodSec>204</CodSec>
  </S>
  <S>
    <Calle>C.GOM</Calle>
    <Lat>32.812554</Lat>
    <Lon>61.396607</Lon>
    <Dis>0</Dis>
    <Cta>2973</Cta>
    <CodSec>204</CodSec>
  </S>
</Sector>