<?xml version="1.0" standalone="yes"?>
<Sector>
  <xs:schema id="Sector" xmlns="" xmlns:xs="http://www.w3.org/2001/XMLSchema" xmlns:msdata="urn:schemas-microsoft-com:xml-msdata">
    <xs:element name="Sector" msdata:IsDataSet="true" msdata:Locale="">
      <xs:complexType>
        <xs:choice minOccurs="0" maxOccurs="unbounded">
          <xs:element name="S" msdata:Locale="">
            <xs:complexType>
              <xs:sequence>
                <xs:element name="Calle" type="xs:string" minOccurs="0" />
                <xs:element name="Lat" type="xs:decimal" minOccurs="0" />
                <xs:element name="Lon" type="xs:decimal" minOccurs="0" />
                <xs:element name="Dis" type="xs:decimal" minOccurs="0" />
                <xs:element name="Cta" type="xs:int" minOccurs="0" />
                <xs:element name="CodSec" type="xs:int" minOccurs="0" />
              </xs:sequence>
            </xs:complexType>
          </xs:element>
        </xs:choice>
      </xs:complexType>
    </xs:element>
  </xs:schema>
  <S>
    <Calle>SJUAN</Calle>
    <Lat>32.949489</Lat>
    <Lon>60.643298</Lon>
    <Dis>1568.866</Dis>
    <Cta>1</Cta>
    <CodSec>13</CodSec>
  </S>
  <S>
    <Calle>ORO?O</Calle>
    <Lat>32.947500</Lat>
    <Lon>60.654086</Lon>
    <Dis>798.660</Dis>
    <Cta>90</Cta>
    <CodSec>13</CodSec>
  </S>
  <S>
    <Calle>OvLAG</Calle>
    <Lat>32.946017</Lat>
    <Lon>60.662377</Lon>
    <Dis>1491.881</Dis>
    <Cta>131</Cta>
    <CodSec>13</CodSec>
  </S>
  <S>
    <Calle>CAFFE</Calle>
    <Lat>32.939254</Lat>
    <Lon>60.670571</Lon>
    <Dis>944.206</Dis>
    <Cta>210</Cta>
    <CodSec>13</CodSec>
  </S>
  <S>
    <Calle>CORDO</Calle>
    <Lat>32.938959</Lat>
    <Lon>60.679145</Lon>
    <Dis>1233.751</Dis>
    <Cta>263</Cta>
    <CodSec>13</CodSec>
  </S>
  <S>
    <Calle>PELLE</Calle>
    <Lat>32.949778</Lat>
    <Lon>60.681892</Lon>
    <Dis>1732.382</Dis>
    <Cta>325</Cta>
    <CodSec>13</CodSec>
  </S>
  <S>
    <Calle>FMORE</Calle>
    <Lat>32.958657</Lat>
    <Lon>60.692819</Lon>
    <Dis>2023.423</Dis>
    <Cta>420</Cta>
    <CodSec>13</CodSec>
  </S>
  <S>
    <Calle>PUNID</Calle>
    <Lat>32.967926</Lat>
    <Lon>60.711340</Lon>
    <Dis>2842.863</Dis>
    <Cta>520</Cta>
    <CodSec>81</CodSec>
  </S>
  <S>
    <Calle>ESSO.</Calle>
    <Lat>32.981030</Lat>
    <Lon>60.737320</Lon>
    <Dis>3015.700</Dis>
    <Cta>661</Cta>
    <CodSec>85</CodSec>
  </S>
  <S>
    <Calle>YPF</Calle>
    <Lat>32.995074</Lat>
    <Lon>60.764614</Lon>
    <Dis>2528.519</Dis>
    <Cta>840</Cta>
    <CodSec>85</CodSec>
  </S>
  <S>
    <Calle>AVELL</Calle>
    <Lat>33.005604</Lat>
    <Lon>60.786729</Lon>
    <Dis>1296.766</Dis>
    <Cta>980</Cta>
    <CodSec>85</CodSec>
  </S>
  <S>
    <Calle>CURVA</Calle>
    <Lat>33.009942</Lat>
    <Lon>60.799421</Lon>
    <Dis>5908.941</Dis>
    <Cta>1044</Cta>
    <CodSec>86</CodSec>
  </S>
  <S>
    <Calle>ZAVA2</Calle>
    <Lat>33.018872</Lat>
    <Lon>60.861152</Lon>
    <Dis>1685.899</Dis>
    <Cta>1298</Cta>
    <CodSec>86</CodSec>
  </S>
  <S>
    <Calle>VRINO</Calle>
    <Lat>33.018967</Lat>
    <Lon>60.879145</Lon>
    <Dis>2343.662</Dis>
    <Cta>1382</Cta>
    <CodSec>86</CodSec>
  </S>
  <S>
    <Calle>ZAVAV</Calle>
    <Lat>33.031396</Lat>
    <Lon>60.889756</Lon>
    <Dis>0</Dis>
    <Cta>1507</Cta>
    <CodSec>86</CodSec>
  </S>
</Sector>