<?xml version="1.0" standalone="yes"?>
<Sector>
  <xs:schema id="Sector" xmlns="" xmlns:xs="http://www.w3.org/2001/XMLSchema" xmlns:msdata="urn:schemas-microsoft-com:xml-msdata">
    <xs:element name="Sector" msdata:IsDataSet="true" msdata:Locale="">
      <xs:complexType>
        <xs:choice minOccurs="0" maxOccurs="unbounded">
          <xs:element name="S" msdata:Locale="">
            <xs:complexType>
              <xs:sequence>
                <xs:element name="Calle" type="xs:string" minOccurs="0" />
                <xs:element name="Lat" type="xs:decimal" minOccurs="0" />
                <xs:element name="Lon" type="xs:decimal" minOccurs="0" />
                <xs:element name="Dis" type="xs:decimal" minOccurs="0" />
                <xs:element name="Cta" type="xs:int" minOccurs="0" />
                <xs:element name="CodSec" type="xs:int" minOccurs="0" />
              </xs:sequence>
            </xs:complexType>
          </xs:element>
        </xs:choice>
      </xs:complexType>
    </xs:element>
  </xs:schema>
  <S>
    <Calle>ZAVAV</Calle>
    <Lat>33.031299</Lat>
    <Lon>60.889908</Lon>
    <Dis>2331.203</Dis>
    <Cta>1</Cta>
    <CodSec>86</CodSec>
  </S>
  <S>
    <Calle>VRINO</Calle>
    <Lat>33.019048</Lat>
    <Lon>60.879315</Lon>
    <Dis>1710.134</Dis>
    <Cta>131</Cta>
    <CodSec>86</CodSec>
  </S>
  <S>
    <Calle>ZAVA2</Calle>
    <Lat>33.018897</Lat>
    <Lon>60.861162</Lon>
    <Dis>5881.695</Dis>
    <Cta>216</Cta>
    <CodSec>86</CodSec>
  </S>
  <S>
    <Calle>CURVA</Calle>
    <Lat>33.010293</Lat>
    <Lon>60.799519</Lon>
    <Dis>1311.303</Dis>
    <Cta>464</Cta>
    <CodSec>85</CodSec>
  </S>
  <S>
    <Calle>AVELL</Calle>
    <Lat>33.005716</Lat>
    <Lon>60.786812</Lon>
    <Dis>2539.774</Dis>
    <Cta>531</Cta>
    <CodSec>85</CodSec>
  </S>
  <S>
    <Calle>YPF</Calle>
    <Lat>32.995119</Lat>
    <Lon>60.764545</Lon>
    <Dis>2956.420</Dis>
    <Cta>672</Cta>
    <CodSec>85</CodSec>
  </S>
  <S>
    <Calle>ESSO.</Calle>
    <Lat>32.981403</Lat>
    <Lon>60.737942</Lon>
    <Dis>2928.805</Dis>
    <Cta>854</Cta>
    <CodSec>13</CodSec>
  </S>
  <S>
    <Calle>PUNID</Calle>
    <Lat>32.967994</Lat>
    <Lon>60.711312</Lon>
    <Dis>2016.267</Dis>
    <Cta>1008</Cta>
    <CodSec>13</CodSec>
  </S>
  <S>
    <Calle>FMORE</Calle>
    <Lat>32.958720</Lat>
    <Lon>60.692777</Lon>
    <Dis>1710.569</Dis>
    <Cta>1112</Cta>
    <CodSec>13</CodSec>
  </S>
  <S>
    <Calle>PELLE</Calle>
    <Lat>32.950147</Lat>
    <Lon>60.681843</Lon>
    <Dis>1240.213</Dis>
    <Cta>1207</Cta>
    <CodSec>13</CodSec>
  </S>
  <S>
    <Calle>CORDO</Calle>
    <Lat>32.939279</Lat>
    <Lon>60.679100</Lon>
    <Dis>779.475</Dis>
    <Cta>1272</Cta>
    <CodSec>13</CodSec>
  </S>
  <S>
    <Calle>CAFFE</Calle>
    <Lat>32.940468</Lat>
    <Lon>60.671159</Lon>
    <Dis>1231.347</Dis>
    <Cta>1318</Cta>
    <CodSec>13</CodSec>
  </S>
  <S>
    <Calle>SLUIS</Calle>
    <Lat>32.944747</Lat>
    <Lon>60.662123</Lon>
    <Dis>1072.261</Dis>
    <Cta>1385</Cta>
    <CodSec>13</CodSec>
  </S>
  <S>
    <Calle>ORO?O</Calle>
    <Lat>32.948834</Lat>
    <Lon>60.654732</Lon>
    <Dis>1207.442</Dis>
    <Cta>1437</Cta>
    <CodSec>13</CodSec>
  </S>
  <S>
    <Calle>SJUAN</Calle>
    <Lat>32.949486</Lat>
    <Lon>60.643297</Lon>
    <Dis>0</Dis>
    <Cta>1500</Cta>
    <CodSec>81</CodSec>
  </S>
</Sector>