<?xml version="1.0" standalone="yes"?>
<Sector>
  <xs:schema id="Sector" xmlns="" xmlns:xs="http://www.w3.org/2001/XMLSchema" xmlns:msdata="urn:schemas-microsoft-com:xml-msdata">
    <xs:element name="Sector" msdata:IsDataSet="true" msdata:Locale="">
      <xs:complexType>
        <xs:choice minOccurs="0" maxOccurs="unbounded">
          <xs:element name="S" msdata:Locale="">
            <xs:complexType>
              <xs:sequence>
                <xs:element name="Calle" type="xs:string" minOccurs="0" />
                <xs:element name="Lat" type="xs:decimal" minOccurs="0" />
                <xs:element name="Lon" type="xs:decimal" minOccurs="0" />
                <xs:element name="Dis" type="xs:decimal" minOccurs="0" />
                <xs:element name="Cta" type="xs:int" minOccurs="0" />
                <xs:element name="CodSec" type="xs:int" minOccurs="0" />
              </xs:sequence>
            </xs:complexType>
          </xs:element>
        </xs:choice>
      </xs:complexType>
    </xs:element>
  </xs:schema>
  <S>
    <Calle>SJER1</Calle>
    <Lat>32.883599</Lat>
    <Lon>61.031585</Lon>
    <Dis>2052.206</Dis>
    <Cta>1</Cta>
    <CodSec>201</CodSec>
  </S>
  <S>
    <Calle>SJER2</Calle>
    <Lat>32.885749</Lat>
    <Lon>61.019846</Lon>
    <Dis>7741.507</Dis>
    <Cta>115</Cta>
    <CodSec>201</CodSec>
  </S>
  <S>
    <Calle>CEM.R</Calle>
    <Lat>32.900158</Lat>
    <Lon>60.938922</Lon>
    <Dis>2886.860</Dis>
    <Cta>400</Cta>
    <CodSec>32</CodSec>
  </S>
  <S>
    <Calle>URQUI</Calle>
    <Lat>32.905552</Lat>
    <Lon>60.908821</Lon>
    <Dis>3919.166</Dis>
    <Cta>528</Cta>
    <CodSec>32</CodSec>
  </S>
  <S>
    <Calle>S.SEB</Calle>
    <Lat>32.912854</Lat>
    <Lon>60.867930</Lon>
    <Dis>2318.451</Dis>
    <Cta>751</Cta>
    <CodSec>30</CodSec>
  </S>
  <S>
    <Calle>J.PAB</Calle>
    <Lat>32.916412</Lat>
    <Lon>60.843587</Lon>
    <Dis>2759.611</Dis>
    <Cta>871</Cta>
    <CodSec>30</CodSec>
  </S>
  <S>
    <Calle>ELORZ</Calle>
    <Lat>32.920898</Lat>
    <Lon>60.814733</Lon>
    <Dis>3153.317</Dis>
    <Cta>1016</Cta>
    <CodSec>30</CodSec>
  </S>
  <S>
    <Calle>P.SOL</Calle>
    <Lat>32.924154</Lat>
    <Lon>60.781343</Lon>
    <Dis>0</Dis>
    <Cta>1186</Cta>
    <CodSec>30</CodSec>
  </S>
</Sector>