<?xml version="1.0" standalone="yes"?>
<Sector>
  <xs:schema id="Sector" xmlns="" xmlns:xs="http://www.w3.org/2001/XMLSchema" xmlns:msdata="urn:schemas-microsoft-com:xml-msdata">
    <xs:element name="Sector" msdata:IsDataSet="true" msdata:Locale="">
      <xs:complexType>
        <xs:choice minOccurs="0" maxOccurs="unbounded">
          <xs:element name="S" msdata:Locale="">
            <xs:complexType>
              <xs:sequence>
                <xs:element name="Calle" type="xs:string" minOccurs="0" />
                <xs:element name="Lat" type="xs:decimal" minOccurs="0" />
                <xs:element name="Lon" type="xs:decimal" minOccurs="0" />
                <xs:element name="Dis" type="xs:decimal" minOccurs="0" />
                <xs:element name="Cta" type="xs:int" minOccurs="0" />
                <xs:element name="CodSec" type="xs:int" minOccurs="0" />
              </xs:sequence>
            </xs:complexType>
          </xs:element>
        </xs:choice>
      </xs:complexType>
    </xs:element>
  </xs:schema>
  <S>
    <Calle>SJUAN</Calle>
    <Lat>32.949561</Lat>
    <Lon>60.643311</Lon>
    <Dis>1575.605</Dis>
    <Cta>1</Cta>
    <CodSec>13</CodSec>
  </S>
  <S>
    <Calle>ORO?O</Calle>
    <Lat>32.947465</Lat>
    <Lon>60.654004</Lon>
    <Dis>3513.159</Dis>
    <Cta>92</Cta>
    <CodSec>13</CodSec>
  </S>
  <S>
    <Calle>AvFRA</Calle>
    <Lat>32.945279</Lat>
    <Lon>60.666261</Lon>
    <Dis>3975.701</Dis>
    <Cta>246</Cta>
    <CodSec>13</CodSec>
  </S>
  <S>
    <Calle>AVELL</Calle>
    <Lat>32.942798</Lat>
    <Lon>60.680091</Lon>
    <Dis>1883.076</Dis>
    <Cta>420</Cta>
    <CodSec>13</CodSec>
  </S>
  <S>
    <Calle>AGNET</Calle>
    <Lat>32.940737</Lat>
    <Lon>60.699906</Lon>
    <Dis>1198.671</Dis>
    <Cta>530</Cta>
    <CodSec>13</CodSec>
  </S>
  <S>
    <Calle>PUNID</Calle>
    <Lat>32.939994</Lat>
    <Lon>60.712499</Lon>
    <Dis>1364.998</Dis>
    <Cta>606</Cta>
    <CodSec>13</CodSec>
  </S>
  <S>
    <Calle>DNADO</Calle>
    <Lat>32.940602</Lat>
    <Lon>60.726822</Lon>
    <Dis>1088.753</Dis>
    <Cta>694</Cta>
    <CodSec>13</CodSec>
  </S>
  <S>
    <Calle>WILD.</Calle>
    <Lat>32.940261</Lat>
    <Lon>60.738274</Lon>
    <Dis>2024.271</Dis>
    <Cta>757</Cta>
    <CodSec>13</CodSec>
  </S>
  <S>
    <Calle>URIBU</Calle>
    <Lat>32.940824</Lat>
    <Lon>60.759686</Lon>
    <Dis>655.535</Dis>
    <Cta>896</Cta>
    <CodSec>81</CodSec>
  </S>
  <S>
    <Calle>AvBER</Calle>
    <Lat>32.936504</Lat>
    <Lon>60.762394</Lon>
    <Dis>2008.850</Dis>
    <Cta>942</Cta>
    <CodSec>30</CodSec>
  </S>
  <S>
    <Calle>MENDO</Calle>
    <Lat>32.927891</Lat>
    <Lon>60.777477</Lon>
    <Dis>3222.848</Dis>
    <Cta>1084</Cta>
    <CodSec>30</CodSec>
  </S>
  <S>
    <Calle>PELLE</Calle>
    <Lat>32.929088</Lat>
    <Lon>60.811912</Lon>
    <Dis>842.380</Dis>
    <Cta>1248</Cta>
    <CodSec>30</CodSec>
  </S>
  <S>
    <Calle>RUTA9</Calle>
    <Lat>32.921677</Lat>
    <Lon>60.811004</Lon>
    <Dis>1380.929</Dis>
    <Cta>1309</Cta>
    <CodSec>30</CodSec>
  </S>
  <S>
    <Calle>TUCU.</Calle>
    <Lat>32.913396</Lat>
    <Lon>60.805277</Lon>
    <Dis>1722.743</Dis>
    <Cta>1381</Cta>
    <CodSec>30</CodSec>
  </S>
  <S>
    <Calle>TUCUM</Calle>
    <Lat>32.898587</Lat>
    <Lon>60.805399</Lon>
    <Dis>0</Dis>
    <Cta>1478</Cta>
    <CodSec>30</CodSec>
  </S>
</Sector>