<?xml version="1.0" standalone="yes"?>
<Sector>
  <xs:schema id="Sector" xmlns="" xmlns:xs="http://www.w3.org/2001/XMLSchema" xmlns:msdata="urn:schemas-microsoft-com:xml-msdata">
    <xs:element name="Sector" msdata:IsDataSet="true" msdata:Locale="">
      <xs:complexType>
        <xs:choice minOccurs="0" maxOccurs="unbounded">
          <xs:element name="S" msdata:Locale="">
            <xs:complexType>
              <xs:sequence>
                <xs:element name="Calle" type="xs:string" minOccurs="0" />
                <xs:element name="Lat" type="xs:decimal" minOccurs="0" />
                <xs:element name="Lon" type="xs:decimal" minOccurs="0" />
                <xs:element name="Dis" type="xs:decimal" minOccurs="0" />
                <xs:element name="Cta" type="xs:int" minOccurs="0" />
                <xs:element name="CodSec" type="xs:int" minOccurs="0" />
              </xs:sequence>
            </xs:complexType>
          </xs:element>
        </xs:choice>
      </xs:complexType>
    </xs:element>
  </xs:schema>
  <S>
    <Calle>C.GOM</Calle>
    <Lat>32.812525</Lat>
    <Lon>61.396586</Lon>
    <Dis>2838.929</Dis>
    <Cta>1</Cta>
    <CodSec>204</CodSec>
  </S>
  <S>
    <Calle>C.GO2</Calle>
    <Lat>32.814534</Lat>
    <Lon>61.369175</Lon>
    <Dis>11488.445</Dis>
    <Cta>138</Cta>
    <CodSec>204</CodSec>
  </S>
  <S>
    <Calle>CORR1</Calle>
    <Lat>32.850917</Lat>
    <Lon>61.264149</Lon>
    <Dis>9158.735</Dis>
    <Cta>698</Cta>
    <CodSec>203</CodSec>
  </S>
  <S>
    <Calle>REMED</Calle>
    <Lat>32.859544</Lat>
    <Lon>61.166929</Lon>
    <Dis>3118.703</Dis>
    <Cta>1150</Cta>
    <CodSec>202</CodSec>
  </S>
  <S>
    <Calle>ANTAR</Calle>
    <Lat>32.865372</Lat>
    <Lon>61.134328</Lon>
    <Dis>9790.734</Dis>
    <Cta>1322</Cta>
    <CodSec>202</CodSec>
  </S>
  <S>
    <Calle>SJER1</Calle>
    <Lat>32.883562</Lat>
    <Lon>61.031940</Lon>
    <Dis>2039.413</Dis>
    <Cta>1726</Cta>
    <CodSec>201</CodSec>
  </S>
  <S>
    <Calle>SJER2</Calle>
    <Lat>32.885644</Lat>
    <Lon>61.020207</Lon>
    <Dis>7790.967</Dis>
    <Cta>1840</Cta>
    <CodSec>201</CodSec>
  </S>
  <S>
    <Calle>CEM.R</Calle>
    <Lat>32.900152</Lat>
    <Lon>60.938672</Lon>
    <Dis>4009.949</Dis>
    <Cta>2127</Cta>
    <CodSec>32</CodSec>
  </S>
  <S>
    <Calle>A012.</Calle>
    <Lat>32.907840</Lat>
    <Lon>60.896793</Lon>
    <Dis>2530.756</Dis>
    <Cta>2316</Cta>
    <CodSec>32</CodSec>
  </S>
  <S>
    <Calle>AuCOR</Calle>
    <Lat>32.927044</Lat>
    <Lon>60.901326</Lon>
    <Dis>16954.085</Dis>
    <Cta>2477</Cta>
    <CodSec>32</CodSec>
  </S>
  <S>
    <Calle>CIRCU</Calle>
    <Lat>32.949056</Lat>
    <Lon>60.724982</Lon>
    <Dis>2964.636</Dis>
    <Cta>3373</Cta>
    <CodSec>30</CodSec>
  </S>
  <S>
    <Calle>FMORE</Calle>
    <Lat>32.948110</Lat>
    <Lon>60.693323</Lon>
    <Dis>2369.459</Dis>
    <Cta>3536</Cta>
    <CodSec>13</CodSec>
  </S>
  <S>
    <Calle>CORDO</Calle>
    <Lat>32.939120</Lat>
    <Lon>60.678998</Lon>
    <Dis>778.950</Dis>
    <Cta>3669</Cta>
    <CodSec>13</CodSec>
  </S>
  <S>
    <Calle>CAFFE</Calle>
    <Lat>32.940547</Lat>
    <Lon>60.670895</Lon>
    <Dis>2294.032</Dis>
    <Cta>3717</Cta>
    <CodSec>13</CodSec>
  </S>
  <S>
    <Calle>ORO?O</Calle>
    <Lat>32.948853</Lat>
    <Lon>60.654595</Lon>
    <Dis>1068.463</Dis>
    <Cta>3837</Cta>
    <CodSec>13</CodSec>
  </S>
  <S>
    <Calle>CORRI</Calle>
    <Lat>32.950825</Lat>
    <Lon>60.643426</Lon>
    <Dis>757.592</Dis>
    <Cta>3891</Cta>
    <CodSec>13</CodSec>
  </S>
  <S>
    <Calle>PELLE</Calle>
    <Lat>32.956654</Lat>
    <Lon>60.643658</Lon>
    <Dis>1692.940</Dis>
    <Cta>3932</Cta>
    <CodSec>13</CodSec>
  </S>
  <S>
    <Calle>MAIPU</Calle>
    <Lat>32.968267</Lat>
    <Lon>60.641182</Lon>
    <Dis>0</Dis>
    <Cta>4015</Cta>
    <CodSec>81</CodSec>
  </S>
</Sector>