<?xml version="1.0" standalone="yes"?>
<Sector>
  <xs:schema id="Sector" xmlns="" xmlns:xs="http://www.w3.org/2001/XMLSchema" xmlns:msdata="urn:schemas-microsoft-com:xml-msdata">
    <xs:element name="Sector" msdata:IsDataSet="true" msdata:Locale="">
      <xs:complexType>
        <xs:choice minOccurs="0" maxOccurs="unbounded">
          <xs:element name="S" msdata:Locale="">
            <xs:complexType>
              <xs:sequence>
                <xs:element name="Calle" type="xs:string" minOccurs="0" />
                <xs:element name="Lat" type="xs:decimal" minOccurs="0" />
                <xs:element name="Lon" type="xs:decimal" minOccurs="0" />
                <xs:element name="Dis" type="xs:decimal" minOccurs="0" />
                <xs:element name="Cta" type="xs:int" minOccurs="0" />
                <xs:element name="CodSec" type="xs:int" minOccurs="0" />
              </xs:sequence>
            </xs:complexType>
          </xs:element>
        </xs:choice>
      </xs:complexType>
    </xs:element>
  </xs:schema>
  <S>
    <Calle>LINIE</Calle>
    <Lat>32.858527</Lat>
    <Lon>60.715525</Lon>
    <Dis>3446.298</Dis>
    <Cta>1</Cta>
    <CodSec>14</CodSec>
  </S>
  <S>
    <Calle>RUT11</Calle>
    <Lat>32.863795</Lat>
    <Lon>60.701973</Lon>
    <Dis>792.388</Dis>
    <Cta>195</Cta>
    <CodSec>14</CodSec>
  </S>
  <S>
    <Calle>CIUDA</Calle>
    <Lat>32.870476</Lat>
    <Lon>60.699870</Lon>
    <Dis>2826.702</Dis>
    <Cta>234</Cta>
    <CodSec>13</CodSec>
  </S>
  <S>
    <Calle>PUCCI</Calle>
    <Lat>32.894925</Lat>
    <Lon>60.692470</Lon>
    <Dis>1417.616</Dis>
    <Cta>404</Cta>
    <CodSec>13</CodSec>
  </S>
  <S>
    <Calle>SORRE</Calle>
    <Lat>32.907124</Lat>
    <Lon>60.688749</Lon>
    <Dis>3571.769</Dis>
    <Cta>483</Cta>
    <CodSec>13</CodSec>
  </S>
  <S>
    <Calle>CAFFE</Calle>
    <Lat>32.933596</Lat>
    <Lon>60.669257</Lon>
    <Dis>1678.552</Dis>
    <Cta>677</Cta>
    <CodSec>13</CodSec>
  </S>
  <S>
    <Calle>ORO?O</Calle>
    <Lat>32.936705</Lat>
    <Lon>60.651752</Lon>
    <Dis>1577.080</Dis>
    <Cta>761</Cta>
    <CodSec>13</CodSec>
  </S>
  <S>
    <Calle>STAFE</Calle>
    <Lat>32.944079</Lat>
    <Lon>60.643407</Lon>
    <Dis>1397.888</Dis>
    <Cta>852</Cta>
    <CodSec>13</CodSec>
  </S>
  <S>
    <Calle>PELLE</Calle>
    <Lat>32.956298</Lat>
    <Lon>60.646480</Lon>
    <Dis>1177.800</Dis>
    <Cta>926</Cta>
    <CodSec>13</CodSec>
  </S>
  <S>
    <Calle>27FEB</Calle>
    <Lat>32.966614</Lat>
    <Lon>60.649084</Lon>
    <Dis>2004.967</Dis>
    <Cta>990</Cta>
    <CodSec>13</CodSec>
  </S>
  <S>
    <Calle>SEGUI</Calle>
    <Lat>32.979439</Lat>
    <Lon>60.644441</Lon>
    <Dis>1272.677</Dis>
    <Cta>1103</Cta>
    <CodSec>13</CodSec>
  </S>
  <S>
    <Calle>URIBU</Calle>
    <Lat>32.990683</Lat>
    <Lon>60.646801</Lon>
    <Dis>1410.527</Dis>
    <Cta>1171</Cta>
    <CodSec>13</CodSec>
  </S>
  <S>
    <Calle>ARIJO</Calle>
    <Lat>33.003026</Lat>
    <Lon>60.649437</Lon>
    <Dis>3302.478</Dis>
    <Cta>1248</Cta>
    <CodSec>13</CodSec>
  </S>
  <S>
    <Calle>CIRCU</Calle>
    <Lat>33.015790</Lat>
    <Lon>60.634780</Lon>
    <Dis>1767.359</Dis>
    <Cta>1432</Cta>
    <CodSec>12</CodSec>
  </S>
  <S>
    <Calle>AGUIR</Calle>
    <Lat>33.028850</Lat>
    <Lon>60.637139</Lon>
    <Dis>2347.030</Dis>
    <Cta>1538</Cta>
    <CodSec>12</CodSec>
  </S>
  <S>
    <Calle>RICCH</Calle>
    <Lat>33.036699</Lat>
    <Lon>60.655143</Lon>
    <Dis>0</Dis>
    <Cta>1670</Cta>
    <CodSec>12</CodSec>
  </S>
</Sector>