<?xml version="1.0" standalone="yes"?>
<Version>
  <xs:schema id="Version" xmlns="" xmlns:xs="http://www.w3.org/2001/XMLSchema" xmlns:msdata="urn:schemas-microsoft-com:xml-msdata">
    <xs:element name="Version" msdata:IsDataSet="true" msdata:UseCurrentLocale="true">
      <xs:complexType>
        <xs:choice minOccurs="0" maxOccurs="unbounded">
          <xs:element name="datosVersion">
            <xs:complexType>
              <xs:sequence>
                <xs:element name="nroVersion" type="xs:int" minOccurs="0" />
                <xs:element name="fechaActivacion" type="xs:dateTime" minOccurs="0" />
              </xs:sequence>
            </xs:complexType>
          </xs:element>
          <xs:element name="archivos">
            <xs:complexType>
              <xs:sequence>
                <xs:element name="archivo" type="xs:string" minOccurs="0" />
                <xs:element name="hash" type="xs:string" minOccurs="0" />
              </xs:sequence>
            </xs:complexType>
          </xs:element>
        </xs:choice>
      </xs:complexType>
    </xs:element>
  </xs:schema>
  <datosVersion>
    <nroVersion>13</nroVersion>
    <fechaActivacion>2019-07-25T00:00:00-03:00</fechaActivacion>
  </datosVersion>
  <archivos>
    <archivo>s00010018.xml</archivo>
    <hash>5CA5EFC976DA90096350A0C8AC04CCD5</hash>
  </archivos>
  <archivos>
    <archivo>s00010019.xml</archivo>
    <hash>6FFB4FAF0C7E052F0E361E02ED96A679</hash>
  </archivos>
  <archivos>
    <archivo>s00010545.xml</archivo>
    <hash>A3C39335EC6A5E886866AA1C8852C4EC</hash>
  </archivos>
  <archivos>
    <archivo>s00010546.xml</archivo>
    <hash>3AD999F9BA99CF1FE89ECCA3C637FBFE</hash>
  </archivos>
  <archivos>
    <archivo>s00010883.xml</archivo>
    <hash>1052F8D3B9702049BBD7628886941DEB</hash>
  </archivos>
  <archivos>
    <archivo>s00010884.xml</archivo>
    <hash>5B0EB740A4B1B6C9D6A5CD1B41CA0635</hash>
  </archivos>
  <archivos>
    <archivo>r00010018.txt</archivo>
    <hash>6C569DC2BB9D1DFA7853BA1E5A1173AC</hash>
  </archivos>
  <archivos>
    <archivo>r00010019.txt</archivo>
    <hash>0BA38608BC04D8FEFABBAF263599242D</hash>
  </archivos>
  <archivos>
    <archivo>r00010545.txt</archivo>
    <hash>4013739F2DDEC0EC5EBA73265DEE1688</hash>
  </archivos>
  <archivos>
    <archivo>r00010546.txt</archivo>
    <hash>2743B6064977D0897C7CBCA8D5329F2F</hash>
  </archivos>
  <archivos>
    <archivo>r00010883.txt</archivo>
    <hash>C64EFC8D04558F90D5AE154E6F64132E</hash>
  </archivos>
  <archivos>
    <archivo>r00010884.txt</archivo>
    <hash>51EFB105FC38EC660D01FCF4C3632905</hash>
  </archivos>
  <archivos>
    <archivo>sectoresTarifarios.xml</archivo>
    <hash>BB7642B2CE4071222A17B90C41D8CB9F</hash>
  </archivos>
</Version>