<?xml version="1.0" standalone="yes"?>
<Sector>
  <xs:schema id="Sector" xmlns="" xmlns:xs="http://www.w3.org/2001/XMLSchema" xmlns:msdata="urn:schemas-microsoft-com:xml-msdata">
    <xs:element name="Sector" msdata:IsDataSet="true" msdata:Locale="">
      <xs:complexType>
        <xs:choice minOccurs="0" maxOccurs="unbounded">
          <xs:element name="S" msdata:Locale="">
            <xs:complexType>
              <xs:sequence>
                <xs:element name="Calle" type="xs:string" minOccurs="0" />
                <xs:element name="Lat" type="xs:decimal" minOccurs="0" />
                <xs:element name="Lon" type="xs:decimal" minOccurs="0" />
                <xs:element name="Dis" type="xs:decimal" minOccurs="0" />
                <xs:element name="Cta" type="xs:int" minOccurs="0" />
                <xs:element name="CodSec" type="xs:int" minOccurs="0" />
              </xs:sequence>
            </xs:complexType>
          </xs:element>
        </xs:choice>
      </xs:complexType>
    </xs:element>
  </xs:schema>
  <S>
    <Calle>RICCH</Calle>
    <Lat>33.036702</Lat>
    <Lon>60.655143</Lon>
    <Dis>2340.812</Dis>
    <Cta>1</Cta>
    <CodSec>12</CodSec>
  </S>
  <S>
    <Calle>FILIP</Calle>
    <Lat>33.028952</Lat>
    <Lon>60.637114</Lon>
    <Dis>1676.781</Dis>
    <Cta>133</Cta>
    <CodSec>12</CodSec>
  </S>
  <S>
    <Calle>CIRCU</Calle>
    <Lat>33.015769</Lat>
    <Lon>60.634642</Lon>
    <Dis>2896.102</Dis>
    <Cta>244</Cta>
    <CodSec>13</CodSec>
  </S>
  <S>
    <Calle>ARIJO</Calle>
    <Lat>33.003061</Lat>
    <Lon>60.649313</Lon>
    <Dis>1401.708</Dis>
    <Cta>408</Cta>
    <CodSec>13</CodSec>
  </S>
  <S>
    <Calle>URIB.</Calle>
    <Lat>32.990673</Lat>
    <Lon>60.646655</Lon>
    <Dis>1274.029</Dis>
    <Cta>485</Cta>
    <CodSec>13</CodSec>
  </S>
  <S>
    <Calle>SEGUI</Calle>
    <Lat>32.979477</Lat>
    <Lon>60.644294</Lon>
    <Dis>1878.151</Dis>
    <Cta>553</Cta>
    <CodSec>13</CodSec>
  </S>
  <S>
    <Calle>CORRI</Calle>
    <Lat>32.966720</Lat>
    <Lon>60.647655</Lon>
    <Dis>1822.397</Dis>
    <Cta>650</Cta>
    <CodSec>13</CodSec>
  </S>
  <S>
    <Calle>MENDO</Calle>
    <Lat>32.950783</Lat>
    <Lon>60.643653</Lon>
    <Dis>1373.812</Dis>
    <Cta>737</Cta>
    <CodSec>13</CodSec>
  </S>
  <S>
    <Calle>PARAG</Calle>
    <Lat>32.939625</Lat>
    <Lon>60.642284</Lon>
    <Dis>922.920</Dis>
    <Cta>813</Cta>
    <CodSec>13</CodSec>
  </S>
  <S>
    <Calle>ORO?O</Calle>
    <Lat>32.937889</Lat>
    <Lon>60.651857</Lon>
    <Dis>1691.210</Dis>
    <Cta>866</Cta>
    <CodSec>13</CodSec>
  </S>
  <S>
    <Calle>CAFFE</Calle>
    <Lat>32.934726</Lat>
    <Lon>60.669513</Lon>
    <Dis>3679.823</Dis>
    <Cta>949</Cta>
    <CodSec>13</CodSec>
  </S>
  <S>
    <Calle>SORRE</Calle>
    <Lat>32.907212</Lat>
    <Lon>60.688359</Lon>
    <Dis>4226.608</Dis>
    <Cta>1163</Cta>
    <CodSec>13</CodSec>
  </S>
  <S>
    <Calle>CIUDA</Calle>
    <Lat>32.870529</Lat>
    <Lon>60.699536</Lon>
    <Dis>4217.945</Dis>
    <Cta>1397</Cta>
    <CodSec>14</CodSec>
  </S>
  <S>
    <Calle>LINIE</Calle>
    <Lat>32.858542</Lat>
    <Lon>60.715521</Lon>
    <Dis>0</Dis>
    <Cta>1634</Cta>
    <CodSec>14</CodSec>
  </S>
</Sector>