<?xml version="1.0" standalone="yes"?>
<Sector>
  <xs:schema id="Sector" xmlns="" xmlns:xs="http://www.w3.org/2001/XMLSchema" xmlns:msdata="urn:schemas-microsoft-com:xml-msdata">
    <xs:element name="Sector" msdata:IsDataSet="true" msdata:Locale="">
      <xs:complexType>
        <xs:choice minOccurs="0" maxOccurs="unbounded">
          <xs:element name="S" msdata:Locale="">
            <xs:complexType>
              <xs:sequence>
                <xs:element name="Calle" type="xs:string" minOccurs="0" />
                <xs:element name="Lat" type="xs:decimal" minOccurs="0" />
                <xs:element name="Lon" type="xs:decimal" minOccurs="0" />
                <xs:element name="Dis" type="xs:decimal" minOccurs="0" />
                <xs:element name="Cta" type="xs:int" minOccurs="0" />
                <xs:element name="CodSec" type="xs:int" minOccurs="0" />
              </xs:sequence>
            </xs:complexType>
          </xs:element>
        </xs:choice>
      </xs:complexType>
    </xs:element>
  </xs:schema>
  <S>
    <Calle>RICCH</Calle>
    <Lat>33.036670</Lat>
    <Lon>60.655147</Lon>
    <Dis>1538.702</Dis>
    <Cta>1</Cta>
    <CodSec>12</CodSec>
  </S>
  <S>
    <Calle>ArSAL</Calle>
    <Lat>33.025072</Lat>
    <Lon>60.654140</Lon>
    <Dis>2518.056</Dis>
    <Cta>88</Cta>
    <CodSec>13</CodSec>
  </S>
  <S>
    <Calle>ARIJO</Calle>
    <Lat>33.003075</Lat>
    <Lon>60.649344</Lon>
    <Dis>1409.560</Dis>
    <Cta>259</Cta>
    <CodSec>13</CodSec>
  </S>
  <S>
    <Calle>URIB.</Calle>
    <Lat>32.990674</Lat>
    <Lon>60.646649</Lon>
    <Dis>1272.887</Dis>
    <Cta>336</Cta>
    <CodSec>13</CodSec>
  </S>
  <S>
    <Calle>SEGUI</Calle>
    <Lat>32.979474</Lat>
    <Lon>60.644314</Lon>
    <Dis>1870.046</Dis>
    <Cta>404</Cta>
    <CodSec>13</CodSec>
  </S>
  <S>
    <Calle>CORRI</Calle>
    <Lat>32.966773</Lat>
    <Lon>60.647577</Lon>
    <Dis>1826.573</Dis>
    <Cta>500</Cta>
    <CodSec>13</CodSec>
  </S>
  <S>
    <Calle>MENDO</Calle>
    <Lat>32.950783</Lat>
    <Lon>60.643653</Lon>
    <Dis>1373.812</Dis>
    <Cta>587</Cta>
    <CodSec>13</CodSec>
  </S>
  <S>
    <Calle>PARAG</Calle>
    <Lat>32.939631</Lat>
    <Lon>60.642285</Lon>
    <Dis>923.968</Dis>
    <Cta>663</Cta>
    <CodSec>13</CodSec>
  </S>
  <S>
    <Calle>ORO?O</Calle>
    <Lat>32.937888</Lat>
    <Lon>60.651857</Lon>
    <Dis>1691.408</Dis>
    <Cta>716</Cta>
    <CodSec>13</CodSec>
  </S>
  <S>
    <Calle>CAFFE</Calle>
    <Lat>32.934712</Lat>
    <Lon>60.669511</Lon>
    <Dis>3684.367</Dis>
    <Cta>799</Cta>
    <CodSec>13</CodSec>
  </S>
  <S>
    <Calle>SORRE</Calle>
    <Lat>32.907136</Lat>
    <Lon>60.688390</Lon>
    <Dis>3375.730</Dis>
    <Cta>1010</Cta>
    <CodSec>13</CodSec>
  </S>
  <S>
    <Calle>BAIGO</Calle>
    <Lat>32.893979</Lat>
    <Lon>60.716300</Lon>
    <Dis>1014.033</Dis>
    <Cta>1200</Cta>
    <CodSec>13</CodSec>
  </S>
  <S>
    <Calle>MANZI</Calle>
    <Lat>32.887090</Lat>
    <Lon>60.716397</Lon>
    <Dis>0</Dis>
    <Cta>1272</Cta>
    <CodSec>13</CodSec>
  </S>
</Sector>