<?xml version="1.0" standalone="yes"?>
<Version>
  <xs:schema id="Version" xmlns="" xmlns:xs="http://www.w3.org/2001/XMLSchema" xmlns:msdata="urn:schemas-microsoft-com:xml-msdata">
    <xs:element name="Version" msdata:IsDataSet="true" msdata:UseCurrentLocale="true">
      <xs:complexType>
        <xs:choice minOccurs="0" maxOccurs="unbounded">
          <xs:element name="datosVersion">
            <xs:complexType>
              <xs:sequence>
                <xs:element name="nroVersion" type="xs:int" minOccurs="0" />
                <xs:element name="fechaActivacion" type="xs:dateTime" minOccurs="0" />
              </xs:sequence>
            </xs:complexType>
          </xs:element>
          <xs:element name="archivos">
            <xs:complexType>
              <xs:sequence>
                <xs:element name="archivo" type="xs:string" minOccurs="0" />
                <xs:element name="hash" type="xs:string" minOccurs="0" />
              </xs:sequence>
            </xs:complexType>
          </xs:element>
        </xs:choice>
      </xs:complexType>
    </xs:element>
  </xs:schema>
  <datosVersion>
    <nroVersion>15</nroVersion>
    <fechaActivacion>2019-10-03T00:00:00-03:00</fechaActivacion>
  </datosVersion>
  <archivos>
    <archivo>s00010018.xml</archivo>
    <hash>0282258097A6C89D675800511EF8A724</hash>
  </archivos>
  <archivos>
    <archivo>s00010019.xml</archivo>
    <hash>89DEC5AA77FEEA96F9CFC75B5309C369</hash>
  </archivos>
  <archivos>
    <archivo>s00010545.xml</archivo>
    <hash>DE90252BF15B2C0104C22783FAC68376</hash>
  </archivos>
  <archivos>
    <archivo>s00010546.xml</archivo>
    <hash>DD229E137D66BF46F7BC0CCD373FBCC8</hash>
  </archivos>
  <archivos>
    <archivo>s00010883.xml</archivo>
    <hash>1052F8D3B9702049BBD7628886941DEB</hash>
  </archivos>
  <archivos>
    <archivo>s00010884.xml</archivo>
    <hash>5B0EB740A4B1B6C9D6A5CD1B41CA0635</hash>
  </archivos>
  <archivos>
    <archivo>r00010018.txt</archivo>
    <hash>6C569DC2BB9D1DFA7853BA1E5A1173AC</hash>
  </archivos>
  <archivos>
    <archivo>r00010019.txt</archivo>
    <hash>0BA38608BC04D8FEFABBAF263599242D</hash>
  </archivos>
  <archivos>
    <archivo>r00010545.txt</archivo>
    <hash>4013739F2DDEC0EC5EBA73265DEE1688</hash>
  </archivos>
  <archivos>
    <archivo>r00010546.txt</archivo>
    <hash>A724D071808586BCD739FC7396B4FA36</hash>
  </archivos>
  <archivos>
    <archivo>r00010883.txt</archivo>
    <hash>C64EFC8D04558F90D5AE154E6F64132E</hash>
  </archivos>
  <archivos>
    <archivo>r00010884.txt</archivo>
    <hash>51EFB105FC38EC660D01FCF4C3632905</hash>
  </archivos>
  <archivos>
    <archivo>sectoresTarifarios.xml</archivo>
    <hash>BB7642B2CE4071222A17B90C41D8CB9F</hash>
  </archivos>
</Version>