<?xml version="1.0" standalone="yes"?>
<Sector>
  <xs:schema id="Sector" xmlns="" xmlns:xs="http://www.w3.org/2001/XMLSchema" xmlns:msdata="urn:schemas-microsoft-com:xml-msdata">
    <xs:element name="Sector" msdata:IsDataSet="true" msdata:Locale="">
      <xs:complexType>
        <xs:choice minOccurs="0" maxOccurs="unbounded">
          <xs:element name="S" msdata:Locale="">
            <xs:complexType>
              <xs:sequence>
                <xs:element name="Calle" type="xs:string" minOccurs="0" />
                <xs:element name="Lat" type="xs:decimal" minOccurs="0" />
                <xs:element name="Lon" type="xs:decimal" minOccurs="0" />
                <xs:element name="Dis" type="xs:decimal" minOccurs="0" />
                <xs:element name="Cta" type="xs:int" minOccurs="0" />
                <xs:element name="CodSec" type="xs:int" minOccurs="0" />
              </xs:sequence>
            </xs:complexType>
          </xs:element>
        </xs:choice>
      </xs:complexType>
    </xs:element>
  </xs:schema>
  <S>
    <Calle>PGSMA</Calle>
    <Lat>32.717696</Lat>
    <Lon>60.729971</Lon>
    <Dis>5480.704</Dis>
    <Cta>1</Cta>
    <CodSec>18</CodSec>
  </S>
  <S>
    <Calle>VIAS.</Calle>
    <Lat>32.691469</Lat>
    <Lon>60.773837</Lon>
    <Dis>2541.471</Dis>
    <Cta>376</Cta>
    <CodSec>19</CodSec>
  </S>
  <S>
    <Calle>TRENE</Calle>
    <Lat>32.672377</Lat>
    <Lon>60.788623</Lon>
    <Dis>4455.730</Dis>
    <Cta>493</Cta>
    <CodSec>19</CodSec>
  </S>
  <S>
    <Calle>CRUCE</Calle>
    <Lat>32.638896</Lat>
    <Lon>60.814392</Lon>
    <Dis>7862.564</Dis>
    <Cta>720</Cta>
    <CodSec>21</CodSec>
  </S>
  <S>
    <Calle>CIRC.</Calle>
    <Lat>32.664624</Lat>
    <Lon>60.876392</Lon>
    <Dis>11172.047</Dis>
    <Cta>1219</Cta>
    <CodSec>21</CodSec>
  </S>
  <S>
    <Calle>SARMI</Calle>
    <Lat>32.606953</Lat>
    <Lon>60.939789</Lon>
    <Dis>1761.655</Dis>
    <Cta>1806</Cta>
    <CodSec>22</CodSec>
  </S>
  <S>
    <Calle>ROQUE</Calle>
    <Lat>32.601720</Lat>
    <Lon>60.944197</Lon>
    <Dis>14026.232</Dis>
    <Cta>1905</Cta>
    <CodSec>22</CodSec>
  </S>
  <S>
    <Calle>MOREN</Calle>
    <Lat>32.509286</Lat>
    <Lon>61.027824</Lon>
    <Dis>0</Dis>
    <Cta>2592</Cta>
    <CodSec>23</CodSec>
  </S>
</Sector>