<?xml version="1.0" standalone="yes"?>
<Sector>
  <xs:schema id="Sector" xmlns="" xmlns:xs="http://www.w3.org/2001/XMLSchema" xmlns:msdata="urn:schemas-microsoft-com:xml-msdata">
    <xs:element name="Sector" msdata:IsDataSet="true" msdata:Locale="">
      <xs:complexType>
        <xs:choice minOccurs="0" maxOccurs="unbounded">
          <xs:element name="S" msdata:Locale="">
            <xs:complexType>
              <xs:sequence>
                <xs:element name="Calle" type="xs:string" minOccurs="0" />
                <xs:element name="Lat" type="xs:decimal" minOccurs="0" />
                <xs:element name="Lon" type="xs:decimal" minOccurs="0" />
                <xs:element name="Dis" type="xs:decimal" minOccurs="0" />
                <xs:element name="Cta" type="xs:int" minOccurs="0" />
                <xs:element name="CodSec" type="xs:int" minOccurs="0" />
              </xs:sequence>
            </xs:complexType>
          </xs:element>
        </xs:choice>
      </xs:complexType>
    </xs:element>
  </xs:schema>
  <S>
    <Calle>SEROD</Calle>
    <Lat>32.608120</Lat>
    <Lon>60.946558</Lon>
    <Dis>11709.692</Dis>
    <Cta>1</Cta>
    <CodSec>22</CodSec>
  </S>
  <S>
    <Calle>CIRC.</Calle>
    <Lat>32.664892</Lat>
    <Lon>60.876951</Lon>
    <Dis>7874.973</Dis>
    <Cta>614</Cta>
    <CodSec>21</CodSec>
  </S>
  <S>
    <Calle>CRUCE</Calle>
    <Lat>32.638916</Lat>
    <Lon>60.814431</Lon>
    <Dis>4470.541</Dis>
    <Cta>1116</Cta>
    <CodSec>19</CodSec>
  </S>
  <S>
    <Calle>TRENE</Calle>
    <Lat>32.672326</Lat>
    <Lon>60.788708</Lon>
    <Dis>2556.727</Dis>
    <Cta>1346</Cta>
    <CodSec>19</CodSec>
  </S>
  <S>
    <Calle>VIAS.</Calle>
    <Lat>32.691481</Lat>
    <Lon>60.773883</Lon>
    <Dis>5596.418</Dis>
    <Cta>1461</Cta>
    <CodSec>18</CodSec>
  </S>
  <S>
    <Calle>PGSMA</Calle>
    <Lat>32.717286</Lat>
    <Lon>60.731147</Lon>
    <Dis>0</Dis>
    <Cta>1854</Cta>
    <CodSec>18</CodSec>
  </S>
</Sector>