<?xml version="1.0" standalone="yes"?>
<Sector>
  <xs:schema id="Sector" xmlns="" xmlns:xs="http://www.w3.org/2001/XMLSchema" xmlns:msdata="urn:schemas-microsoft-com:xml-msdata">
    <xs:element name="Sector" msdata:IsDataSet="true" msdata:Locale="">
      <xs:complexType>
        <xs:choice minOccurs="0" maxOccurs="unbounded">
          <xs:element name="S" msdata:Locale="">
            <xs:complexType>
              <xs:sequence>
                <xs:element name="Calle" type="xs:string" minOccurs="0" />
                <xs:element name="Lat" type="xs:decimal" minOccurs="0" />
                <xs:element name="Lon" type="xs:decimal" minOccurs="0" />
                <xs:element name="Dis" type="xs:decimal" minOccurs="0" />
                <xs:element name="Cta" type="xs:int" minOccurs="0" />
                <xs:element name="CodSec" type="xs:int" minOccurs="0" />
              </xs:sequence>
            </xs:complexType>
          </xs:element>
        </xs:choice>
      </xs:complexType>
    </xs:element>
  </xs:schema>
  <S>
    <Calle>JWATT</Calle>
    <Lat>34.569152</Lat>
    <Lon>58.766864</Lon>
    <Dis>1381.125</Dis>
    <Cta>1</Cta>
    <CodSec>18</CodSec>
  </S>
  <S>
    <Calle>PINTA</Calle>
    <Lat>34.560603</Lat>
    <Lon>58.769986</Lon>
    <Dis>1412.173</Dis>
    <Cta>87</Cta>
    <CodSec>18</CodSec>
  </S>
  <S>
    <Calle>MENDO</Calle>
    <Lat>34.551441</Lat>
    <Lon>58.766032</Lon>
    <Dis>1486.457</Dis>
    <Cta>176</Cta>
    <CodSec>18</CodSec>
  </S>
  <S>
    <Calle>JVGON</Calle>
    <Lat>34.544623</Lat>
    <Lon>58.755177</Lon>
    <Dis>1035.387</Dis>
    <Cta>273</Cta>
    <CodSec>18</CodSec>
  </S>
  <S>
    <Calle>BALCA</Calle>
    <Lat>34.537838</Lat>
    <Lon>58.747596</Lon>
    <Dis>2522.033</Dis>
    <Cta>342</Cta>
    <CodSec>18</CodSec>
  </S>
  <S>
    <Calle>ZAPIO</Calle>
    <Lat>34.543776</Lat>
    <Lon>58.728561</Lon>
    <Dis>788.031</Dis>
    <Cta>504</Cta>
    <CodSec>18</CodSec>
  </S>
  <S>
    <Calle>FRAGA</Calle>
    <Lat>34.538495</Lat>
    <Lon>58.722907</Lon>
    <Dis>1183.785</Dis>
    <Cta>554</Cta>
    <CodSec>18</CodSec>
  </S>
  <S>
    <Calle>RUT23</Calle>
    <Lat>34.542480</Lat>
    <Lon>58.713577</Lon>
    <Dis>877.379</Dis>
    <Cta>622</Cta>
    <CodSec>18</CodSec>
  </S>
  <S>
    <Calle>SANLO</Calle>
    <Lat>34.537655</Lat>
    <Lon>58.707155</Lon>
    <Dis>741.064</Dis>
    <Cta>670</Cta>
    <CodSec>18</CodSec>
  </S>
  <S>
    <Calle>RU.P8</Calle>
    <Lat>34.532799</Lat>
    <Lon>58.701742</Lon>
    <Dis>981.505</Dis>
    <Cta>714</Cta>
    <CodSec>18</CodSec>
  </S>
  <S>
    <Calle>JMGUT</Calle>
    <Lat>34.527993</Lat>
    <Lon>58.707842</Lon>
    <Dis>1025.310</Dis>
    <Cta>788</Cta>
    <CodSec>18</CodSec>
  </S>
  <S>
    <Calle>COLOM</Calle>
    <Lat>34.521101</Lat>
    <Lon>58.700579</Lon>
    <Dis>1051.217</Dis>
    <Cta>855</Cta>
    <CodSec>18</CodSec>
  </S>
  <S>
    <Calle>MOREN</Calle>
    <Lat>34.514358</Lat>
    <Lon>58.707059</Lon>
    <Dis>1094.232</Dis>
    <Cta>929</Cta>
    <CodSec>18</CodSec>
  </S>
  <S>
    <Calle>GANDH</Calle>
    <Lat>34.508219</Lat>
    <Lon>58.704557</Lon>
    <Dis>1370.214</Dis>
    <Cta>992</Cta>
    <CodSec>18</CodSec>
  </S>
  <S>
    <Calle>9JULI</Calle>
    <Lat>34.499532</Lat>
    <Lon>58.696560</Lon>
    <Dis>1716.725</Dis>
    <Cta>1078</Cta>
    <CodSec>18</CodSec>
  </S>
  <S>
    <Calle>BACLE</Calle>
    <Lat>34.507538</Lat>
    <Lon>58.708689</Lon>
    <Dis>977.961</Dis>
    <Cta>1181</Cta>
    <CodSec>18</CodSec>
  </S>
  <S>
    <Calle>RUT24</Calle>
    <Lat>34.503342</Lat>
    <Lon>58.715421</Lon>
    <Dis>1385.537</Dis>
    <Cta>1250</Cta>
    <CodSec>18</CodSec>
  </S>
  <S>
    <Calle>RUTP8</Calle>
    <Lat>34.508992</Lat>
    <Lon>58.728477</Lon>
    <Dis>2500.610</Dis>
    <Cta>1339</Cta>
    <CodSec>18</CodSec>
  </S>
  <S>
    <Calle>ZU-LA</Calle>
    <Lat>34.519194</Lat>
    <Lon>58.752569</Lon>
    <Dis>1289.549</Dis>
    <Cta>1506</Cta>
    <CodSec>18</CodSec>
  </S>
  <S>
    <Calle>GCAMP</Calle>
    <Lat>34.524172</Lat>
    <Lon>58.754982</Lon>
    <Dis>1140.064</Dis>
    <Cta>1587</Cta>
    <CodSec>18</CodSec>
  </S>
  <S>
    <Calle>JBJUS</Calle>
    <Lat>34.532317</Lat>
    <Lon>58.747734</Lon>
    <Dis>2471.371</Dis>
    <Cta>1660</Cta>
    <CodSec>18</CodSec>
  </S>
  <S>
    <Calle>TUPAC</Calle>
    <Lat>34.546566</Lat>
    <Lon>58.728239</Lon>
    <Dis>2042.050</Dis>
    <Cta>1813</Cta>
    <CodSec>18</CodSec>
  </S>
  <S>
    <Calle>23-BE</Calle>
    <Lat>34.544681</Lat>
    <Lon>58.713814</Lon>
    <Dis>0</Dis>
    <Cta>1934</Cta>
    <CodSec>18</CodSec>
  </S>
</Sector>