<?xml version="1.0" standalone="yes"?>
<Sector>
  <xs:schema id="Sector" xmlns="" xmlns:xs="http://www.w3.org/2001/XMLSchema" xmlns:msdata="urn:schemas-microsoft-com:xml-msdata">
    <xs:element name="Sector" msdata:IsDataSet="true" msdata:Locale="">
      <xs:complexType>
        <xs:choice minOccurs="0" maxOccurs="unbounded">
          <xs:element name="S" msdata:Locale="">
            <xs:complexType>
              <xs:sequence>
                <xs:element name="Calle" type="xs:string" minOccurs="0" />
                <xs:element name="Lat" type="xs:decimal" minOccurs="0" />
                <xs:element name="Lon" type="xs:decimal" minOccurs="0" />
                <xs:element name="Dis" type="xs:decimal" minOccurs="0" />
                <xs:element name="Cta" type="xs:int" minOccurs="0" />
                <xs:element name="CodSec" type="xs:int" minOccurs="0" />
              </xs:sequence>
            </xs:complexType>
          </xs:element>
        </xs:choice>
      </xs:complexType>
    </xs:element>
  </xs:schema>
  <S>
    <Calle>ACEVE</Calle>
    <Lat>34.530244</Lat>
    <Lon>58.815375</Lon>
    <Dis>1043.044</Dis>
    <Cta>1</Cta>
    <CodSec>18</CodSec>
  </S>
  <S>
    <Calle>DERQU</Calle>
    <Lat>34.524215</Lat>
    <Lon>58.808474</Lon>
    <Dis>1054.612</Dis>
    <Cta>69</Cta>
    <CodSec>18</CodSec>
  </S>
  <S>
    <Calle>ALSIN</Calle>
    <Lat>34.531259</Lat>
    <Lon>58.801305</Lon>
    <Dis>1038.747</Dis>
    <Cta>141</Cta>
    <CodSec>18</CodSec>
  </S>
  <S>
    <Calle>SALVA</Calle>
    <Lat>34.526045</Lat>
    <Lon>58.792806</Lon>
    <Dis>853.542</Dis>
    <Cta>206</Cta>
    <CodSec>18</CodSec>
  </S>
  <S>
    <Calle>POTOS</Calle>
    <Lat>34.530242</Lat>
    <Lon>58.787658</Lon>
    <Dis>892.506</Dis>
    <Cta>251</Cta>
    <CodSec>18</CodSec>
  </S>
  <S>
    <Calle>USTAR</Calle>
    <Lat>34.530311</Lat>
    <Lon>58.779350</Lon>
    <Dis>1887.492</Dis>
    <Cta>316</Cta>
    <CodSec>18</CodSec>
  </S>
  <S>
    <Calle>WILLI</Calle>
    <Lat>34.522907</Lat>
    <Lon>58.761225</Lon>
    <Dis>728.309</Dis>
    <Cta>431</Cta>
    <CodSec>18</CodSec>
  </S>
  <S>
    <Calle>LACRO</Calle>
    <Lat>34.520060</Lat>
    <Lon>58.754183</Lon>
    <Dis>427.068</Dis>
    <Cta>485</Cta>
    <CodSec>18</CodSec>
  </S>
  <S>
    <Calle>ALTUB</Calle>
    <Lat>34.521048</Lat>
    <Lon>58.749871</Lon>
    <Dis>544.547</Dis>
    <Cta>511</Cta>
    <CodSec>18</CodSec>
  </S>
  <S>
    <Calle>PUEYR</Calle>
    <Lat>34.525018</Lat>
    <Lon>58.746726</Lon>
    <Dis>1500.484</Dis>
    <Cta>550</Cta>
    <CodSec>18</CodSec>
  </S>
  <S>
    <Calle>GCAMP</Calle>
    <Lat>34.534327</Lat>
    <Lon>58.744899</Lon>
    <Dis>1360.685</Dis>
    <Cta>638</Cta>
    <CodSec>18</CodSec>
  </S>
  <S>
    <Calle>BLOIS</Calle>
    <Lat>34.531760</Lat>
    <Lon>58.734838</Lon>
    <Dis>1499.372</Dis>
    <Cta>723</Cta>
    <CodSec>18</CodSec>
  </S>
  <S>
    <Calle>ZUVIR</Calle>
    <Lat>34.540684</Lat>
    <Lon>58.725424</Lon>
    <Dis>1535.182</Dis>
    <Cta>818</Cta>
    <CodSec>18</CodSec>
  </S>
  <S>
    <Calle>PELUF</Calle>
    <Lat>34.544512</Lat>
    <Lon>58.714470</Lon>
    <Dis>1019.546</Dis>
    <Cta>905</Cta>
    <CodSec>18</CodSec>
  </S>
  <S>
    <Calle>SANLO</Calle>
    <Lat>34.537676</Lat>
    <Lon>58.707181</Lon>
    <Dis>744.645</Dis>
    <Cta>964</Cta>
    <CodSec>18</CodSec>
  </S>
  <S>
    <Calle>RU.P8</Calle>
    <Lat>34.532798</Lat>
    <Lon>58.701744</Lon>
    <Dis>0</Dis>
    <Cta>1009</Cta>
    <CodSec>18</CodSec>
  </S>
</Sector>