<?xml version="1.0" standalone="yes"?>
<Sector>
  <xs:schema id="Sector" xmlns="" xmlns:xs="http://www.w3.org/2001/XMLSchema" xmlns:msdata="urn:schemas-microsoft-com:xml-msdata">
    <xs:element name="Sector" msdata:IsDataSet="true" msdata:Locale="">
      <xs:complexType>
        <xs:choice minOccurs="0" maxOccurs="unbounded">
          <xs:element name="S" msdata:Locale="">
            <xs:complexType>
              <xs:sequence>
                <xs:element name="Calle" type="xs:string" minOccurs="0" />
                <xs:element name="Lat" type="xs:decimal" minOccurs="0" />
                <xs:element name="Lon" type="xs:decimal" minOccurs="0" />
                <xs:element name="Dis" type="xs:decimal" minOccurs="0" />
                <xs:element name="Cta" type="xs:int" minOccurs="0" />
                <xs:element name="CodSec" type="xs:int" minOccurs="0" />
              </xs:sequence>
            </xs:complexType>
          </xs:element>
        </xs:choice>
      </xs:complexType>
    </xs:element>
  </xs:schema>
  <S>
    <Calle>BLOIS</Calle>
    <Lat>34.545114</Lat>
    <Lon>58.715091</Lon>
    <Dis>1102.607</Dis>
    <Cta>1</Cta>
    <CodSec>18</CodSec>
  </S>
  <S>
    <Calle>SANLO</Calle>
    <Lat>34.537725</Lat>
    <Lon>58.707201</Lon>
    <Dis>753.105</Dis>
    <Cta>66</Cta>
    <CodSec>18</CodSec>
  </S>
  <S>
    <Calle>RU.P8</Calle>
    <Lat>34.532790</Lat>
    <Lon>58.701786</Lon>
    <Dis>951.865</Dis>
    <Cta>111</Cta>
    <CodSec>18</CodSec>
  </S>
  <S>
    <Calle>JMGUT</Calle>
    <Lat>34.528129</Lat>
    <Lon>58.707703</Lon>
    <Dis>1133.622</Dis>
    <Cta>180</Cta>
    <CodSec>18</CodSec>
  </S>
  <S>
    <Calle>SUARE</Calle>
    <Lat>34.520557</Lat>
    <Lon>58.699980</Lon>
    <Dis>1523.992</Dis>
    <Cta>253</Cta>
    <CodSec>18</CodSec>
  </S>
  <S>
    <Calle>9JULI</Calle>
    <Lat>34.511147</Lat>
    <Lon>58.711311</Lon>
    <Dis>1279.010</Dis>
    <Cta>352</Cta>
    <CodSec>18</CodSec>
  </S>
  <S>
    <Calle>CALLA</Calle>
    <Lat>34.502566</Lat>
    <Lon>58.714100</Lon>
    <Dis>1204.330</Dis>
    <Cta>433</Cta>
    <CodSec>18</CodSec>
  </S>
  <S>
    <Calle>PASCO</Calle>
    <Lat>34.493557</Lat>
    <Lon>58.720886</Lon>
    <Dis>1168.570</Dis>
    <Cta>517</Cta>
    <CodSec>18</CodSec>
  </S>
  <S>
    <Calle>DP-BE</Calle>
    <Lat>34.485815</Lat>
    <Lon>58.724908</Lon>
    <Dis>1596.486</Dis>
    <Cta>586</Cta>
    <CodSec>18</CodSec>
  </S>
  <S>
    <Calle>DAMIC</Calle>
    <Lat>34.479012</Lat>
    <Lon>58.740049</Lon>
    <Dis>0</Dis>
    <Cta>689</Cta>
    <CodSec>18</CodSec>
  </S>
</Sector>