<?xml version="1.0" standalone="yes"?>
<Sector>
  <xs:schema id="Sector" xmlns="" xmlns:xs="http://www.w3.org/2001/XMLSchema" xmlns:msdata="urn:schemas-microsoft-com:xml-msdata">
    <xs:element name="Sector" msdata:IsDataSet="true" msdata:Locale="">
      <xs:complexType>
        <xs:choice minOccurs="0" maxOccurs="unbounded">
          <xs:element name="S" msdata:Locale="">
            <xs:complexType>
              <xs:sequence>
                <xs:element name="Calle" type="xs:string" minOccurs="0" />
                <xs:element name="Lat" type="xs:decimal" minOccurs="0" />
                <xs:element name="Lon" type="xs:decimal" minOccurs="0" />
                <xs:element name="Dis" type="xs:decimal" minOccurs="0" />
                <xs:element name="Cta" type="xs:int" minOccurs="0" />
                <xs:element name="CodSec" type="xs:int" minOccurs="0" />
              </xs:sequence>
            </xs:complexType>
          </xs:element>
        </xs:choice>
      </xs:complexType>
    </xs:element>
  </xs:schema>
  <S>
    <Calle>SA-PE</Calle>
    <Lat>34.541543</Lat>
    <Lon>58.713893</Lon>
    <Dis>1292.213</Dis>
    <Cta>1</Cta>
    <CodSec>18</CodSec>
  </S>
  <S>
    <Calle>SANLO</Calle>
    <Lat>34.537737</Lat>
    <Lon>58.707185</Lon>
    <Dis>758.305</Dis>
    <Cta>79</Cta>
    <CodSec>18</CodSec>
  </S>
  <S>
    <Calle>RU.P8</Calle>
    <Lat>34.532798</Lat>
    <Lon>58.701743</Lon>
    <Dis>1726.001</Dis>
    <Cta>124</Cta>
    <CodSec>18</CodSec>
  </S>
  <S>
    <Calle>PJUNT</Calle>
    <Lat>34.523582</Lat>
    <Lon>58.713988</Lon>
    <Dis>2077.104</Dis>
    <Cta>248</Cta>
    <CodSec>18</CodSec>
  </S>
  <S>
    <Calle>RU 24</Calle>
    <Lat>34.509421</Lat>
    <Lon>58.728257</Lon>
    <Dis>1558.915</Dis>
    <Cta>383</Cta>
    <CodSec>18</CodSec>
  </S>
  <S>
    <Calle>CALLA</Calle>
    <Lat>34.502552</Lat>
    <Lon>58.714083</Lon>
    <Dis>967.602</Dis>
    <Cta>488</Cta>
    <CodSec>18</CodSec>
  </S>
  <S>
    <Calle>VALPO</Calle>
    <Lat>34.496174</Lat>
    <Lon>58.707009</Lon>
    <Dis>1863.720</Dis>
    <Cta>552</Cta>
    <CodSec>18</CodSec>
  </S>
  <S>
    <Calle>NOGUE</Calle>
    <Lat>34.493621</Lat>
    <Lon>58.706096</Lon>
    <Dis>1634.259</Dis>
    <Cta>710</Cta>
    <CodSec>18</CodSec>
  </S>
  <S>
    <Calle>BEIRO</Calle>
    <Lat>34.482327</Lat>
    <Lon>58.716802</Lon>
    <Dis>2080.318</Dis>
    <Cta>824</Cta>
    <CodSec>18</CodSec>
  </S>
  <S>
    <Calle>LVERN</Calle>
    <Lat>34.484134</Lat>
    <Lon>58.727231</Lon>
    <Dis>0</Dis>
    <Cta>942</Cta>
    <CodSec>18</CodSec>
  </S>
</Sector>