<?xml version="1.0" standalone="yes"?>
<Sector>
  <xs:schema id="Sector" xmlns="" xmlns:xs="http://www.w3.org/2001/XMLSchema" xmlns:msdata="urn:schemas-microsoft-com:xml-msdata">
    <xs:element name="Sector" msdata:IsDataSet="true" msdata:Locale="">
      <xs:complexType>
        <xs:choice minOccurs="0" maxOccurs="unbounded">
          <xs:element name="S" msdata:Locale="">
            <xs:complexType>
              <xs:sequence>
                <xs:element name="Calle" type="xs:string" minOccurs="0" />
                <xs:element name="Lat" type="xs:decimal" minOccurs="0" />
                <xs:element name="Lon" type="xs:decimal" minOccurs="0" />
                <xs:element name="Dis" type="xs:decimal" minOccurs="0" />
                <xs:element name="Cta" type="xs:int" minOccurs="0" />
                <xs:element name="CodSec" type="xs:int" minOccurs="0" />
              </xs:sequence>
            </xs:complexType>
          </xs:element>
        </xs:choice>
      </xs:complexType>
    </xs:element>
  </xs:schema>
  <S>
    <Calle>P.SOL</Calle>
    <Lat>32.924057</Lat>
    <Lon>60.781466</Lon>
    <Dis>3135.084</Dis>
    <Cta>1</Cta>
    <CodSec>30</CodSec>
  </S>
  <S>
    <Calle>ELORZ</Calle>
    <Lat>32.920844</Lat>
    <Lon>60.814691</Lon>
    <Dis>2738.877</Dis>
    <Cta>173</Cta>
    <CodSec>30</CodSec>
  </S>
  <S>
    <Calle>HERNA</Calle>
    <Lat>32.916395</Lat>
    <Lon>60.843510</Lon>
    <Dis>2310.662</Dis>
    <Cta>317</Cta>
    <CodSec>30</CodSec>
  </S>
  <S>
    <Calle>S.SEB</Calle>
    <Lat>32.912827</Lat>
    <Lon>60.867827</Lon>
    <Dis>3775.249</Dis>
    <Cta>437</Cta>
    <CodSec>32</CodSec>
  </S>
  <S>
    <Calle>BELGR</Calle>
    <Lat>32.905773</Lat>
    <Lon>60.907335</Lon>
    <Dis>3002.400</Dis>
    <Cta>653</Cta>
    <CodSec>32</CodSec>
  </S>
  <S>
    <Calle>CEM.R</Calle>
    <Lat>32.900134</Lat>
    <Lon>60.938741</Lon>
    <Dis>7791.670</Dis>
    <Cta>791</Cta>
    <CodSec>201</CodSec>
  </S>
  <S>
    <Calle>SJER2</Calle>
    <Lat>32.885629</Lat>
    <Lon>61.020291</Lon>
    <Dis>1999.976</Dis>
    <Cta>1078</Cta>
    <CodSec>201</CodSec>
  </S>
  <S>
    <Calle>SJER1</Calle>
    <Lat>32.883623</Lat>
    <Lon>61.031560</Lon>
    <Dis>8791.035</Dis>
    <Cta>1190</Cta>
    <CodSec>201</CodSec>
  </S>
  <S>
    <Calle>RUT26</Calle>
    <Lat>32.867270</Lat>
    <Lon>61.123272</Lon>
    <Dis>2091.354</Dis>
    <Cta>1553</Cta>
    <CodSec>202</CodSec>
  </S>
  <S>
    <Calle>9 JUL</Calle>
    <Lat>32.863473</Lat>
    <Lon>61.145138</Lon>
    <Dis>2360.714</Dis>
    <Cta>1665</Cta>
    <CodSec>202</CodSec>
  </S>
  <S>
    <Calle>PARAN</Calle>
    <Lat>32.859119</Lat>
    <Lon>61.160850</Lon>
    <Dis>1067.741</Dis>
    <Cta>1789</Cta>
    <CodSec>202</CodSec>
  </S>
  <S>
    <Calle>RUTA9</Calle>
    <Lat>32.861142</Lat>
    <Lon>61.149864</Lon>
    <Dis>0</Dis>
    <Cta>1840</Cta>
    <CodSec>202</CodSec>
  </S>
</Sector>