<?xml version="1.0" standalone="yes"?>
<Sector>
  <xs:schema id="Sector" xmlns="" xmlns:xs="http://www.w3.org/2001/XMLSchema" xmlns:msdata="urn:schemas-microsoft-com:xml-msdata">
    <xs:element name="Sector" msdata:IsDataSet="true" msdata:Locale="">
      <xs:complexType>
        <xs:choice minOccurs="0" maxOccurs="unbounded">
          <xs:element name="S" msdata:Locale="">
            <xs:complexType>
              <xs:sequence>
                <xs:element name="Calle" type="xs:string" minOccurs="0" />
                <xs:element name="Lat" type="xs:decimal" minOccurs="0" />
                <xs:element name="Lon" type="xs:decimal" minOccurs="0" />
                <xs:element name="Dis" type="xs:decimal" minOccurs="0" />
                <xs:element name="Cta" type="xs:int" minOccurs="0" />
                <xs:element name="CodSec" type="xs:int" minOccurs="0" />
              </xs:sequence>
            </xs:complexType>
          </xs:element>
        </xs:choice>
      </xs:complexType>
    </xs:element>
  </xs:schema>
  <S>
    <Calle>MAIPU</Calle>
    <Lat>32.968268</Lat>
    <Lon>60.640267</Lon>
    <Dis>2322.395</Dis>
    <Cta>1</Cta>
    <CodSec>13</CodSec>
  </S>
  <S>
    <Calle>PELLE</Calle>
    <Lat>32.956673</Lat>
    <Lon>60.645093</Lon>
    <Dis>815.058</Dis>
    <Cta>122</Cta>
    <CodSec>13</CodSec>
  </S>
  <S>
    <Calle>SJUAN</Calle>
    <Lat>32.949502</Lat>
    <Lon>60.643295</Lon>
    <Dis>1630.110</Dis>
    <Cta>162</Cta>
    <CodSec>13</CodSec>
  </S>
  <S>
    <Calle>ORO?O</Calle>
    <Lat>32.942352</Lat>
    <Lon>60.652737</Lon>
    <Dis>1710.041</Dis>
    <Cta>249</Cta>
    <CodSec>13</CodSec>
  </S>
  <S>
    <Calle>CAFFE</Calle>
    <Lat>32.939226</Lat>
    <Lon>60.670513</Lon>
    <Dis>778.391</Dis>
    <Cta>339</Cta>
    <CodSec>13</CodSec>
  </S>
  <S>
    <Calle>AVELL</Calle>
    <Lat>32.937765</Lat>
    <Lon>60.678621</Lon>
    <Dis>2517.159</Dis>
    <Cta>383</Cta>
    <CodSec>13</CodSec>
  </S>
  <S>
    <Calle>FMORE</Calle>
    <Lat>32.948027</Lat>
    <Lon>60.693436</Lon>
    <Dis>2491.624</Dis>
    <Cta>517</Cta>
    <CodSec>13</CodSec>
  </S>
  <S>
    <Calle>CIRCU</Calle>
    <Lat>32.948738</Lat>
    <Lon>60.720069</Lon>
    <Dis>16858.898</Dis>
    <Cta>651</Cta>
    <CodSec>81</CodSec>
  </S>
  <S>
    <Calle>A012.</Calle>
    <Lat>32.927267</Lat>
    <Lon>60.895599</Lon>
    <Dis>2389.230</Dis>
    <Cta>1558</Cta>
    <CodSec>32</CodSec>
  </S>
  <S>
    <Calle>RUT 9</Calle>
    <Lat>32.908134</Lat>
    <Lon>60.894895</Lon>
    <Dis>4190.284</Dis>
    <Cta>1708</Cta>
    <CodSec>32</CodSec>
  </S>
  <S>
    <Calle>CEM.R</Calle>
    <Lat>32.900179</Lat>
    <Lon>60.938565</Lon>
    <Dis>7765.788</Dis>
    <Cta>1907</Cta>
    <CodSec>201</CodSec>
  </S>
  <S>
    <Calle>SJER2</Calle>
    <Lat>32.885718</Lat>
    <Lon>61.019838</Lon>
    <Dis>2068.934</Dis>
    <Cta>2194</Cta>
    <CodSec>201</CodSec>
  </S>
  <S>
    <Calle>SJER1</Calle>
    <Lat>32.883577</Lat>
    <Lon>61.031624</Lon>
    <Dis>8758.667</Dis>
    <Cta>2308</Cta>
    <CodSec>201</CodSec>
  </S>
  <S>
    <Calle>RUT26</Calle>
    <Lat>32.867304</Lat>
    <Lon>61.123159</Lon>
    <Dis>2116.247</Dis>
    <Cta>2664</Cta>
    <CodSec>202</CodSec>
  </S>
  <S>
    <Calle>9 JUL</Calle>
    <Lat>32.863403</Lat>
    <Lon>61.145054</Lon>
    <Dis>2300.271</Dis>
    <Cta>2777</Cta>
    <CodSec>202</CodSec>
  </S>
  <S>
    <Calle>PARAN</Calle>
    <Lat>32.859078</Lat>
    <Lon>61.161092</Lon>
    <Dis>1455.238</Dis>
    <Cta>2895</Cta>
    <CodSec>202</CodSec>
  </S>
  <S>
    <Calle>CARCA</Calle>
    <Lat>32.862531</Lat>
    <Lon>61.150164</Lon>
    <Dis>0</Dis>
    <Cta>2973</Cta>
    <CodSec>202</CodSec>
  </S>
</Sector>