<?xml version="1.0" standalone="yes"?>
<Sector>
  <xs:schema id="Sector" xmlns="" xmlns:xs="http://www.w3.org/2001/XMLSchema" xmlns:msdata="urn:schemas-microsoft-com:xml-msdata">
    <xs:element name="Sector" msdata:IsDataSet="true" msdata:Locale="">
      <xs:complexType>
        <xs:choice minOccurs="0" maxOccurs="unbounded">
          <xs:element name="S" msdata:Locale="">
            <xs:complexType>
              <xs:sequence>
                <xs:element name="Calle" type="xs:string" minOccurs="0" />
                <xs:element name="Lat" type="xs:decimal" minOccurs="0" />
                <xs:element name="Lon" type="xs:decimal" minOccurs="0" />
                <xs:element name="Dis" type="xs:decimal" minOccurs="0" />
                <xs:element name="Cta" type="xs:int" minOccurs="0" />
                <xs:element name="CodSec" type="xs:int" minOccurs="0" />
              </xs:sequence>
            </xs:complexType>
          </xs:element>
        </xs:choice>
      </xs:complexType>
    </xs:element>
  </xs:schema>
  <S>
    <Calle>SJUAN</Calle>
    <Lat>32.949680</Lat>
    <Lon>60.643335</Lon>
    <Dis>1645.764</Dis>
    <Cta>1</Cta>
    <CodSec>13</CodSec>
  </S>
  <S>
    <Calle>ORO?O</Calle>
    <Lat>32.942352</Lat>
    <Lon>60.652737</Lon>
    <Dis>1710.041</Dis>
    <Cta>88</Cta>
    <CodSec>13</CodSec>
  </S>
  <S>
    <Calle>CAFFE</Calle>
    <Lat>32.939226</Lat>
    <Lon>60.670513</Lon>
    <Dis>778.391</Dis>
    <Cta>178</Cta>
    <CodSec>13</CodSec>
  </S>
  <S>
    <Calle>AVELL</Calle>
    <Lat>32.937766</Lat>
    <Lon>60.678621</Lon>
    <Dis>2034.159</Dis>
    <Cta>222</Cta>
    <CodSec>13</CodSec>
  </S>
  <S>
    <Calle>AGNET</Calle>
    <Lat>32.935295</Lat>
    <Lon>60.700036</Lon>
    <Dis>1217.713</Dis>
    <Cta>334</Cta>
    <CodSec>13</CodSec>
  </S>
  <S>
    <Calle>PUNID</Calle>
    <Lat>32.933007</Lat>
    <Lon>60.712765</Lon>
    <Dis>1387.325</Dis>
    <Cta>396</Cta>
    <CodSec>13</CodSec>
  </S>
  <S>
    <Calle>DONAD</Calle>
    <Lat>32.930408</Lat>
    <Lon>60.727258</Lon>
    <Dis>1094.984</Dis>
    <Cta>471</Cta>
    <CodSec>13</CodSec>
  </S>
  <S>
    <Calle>WILDE</Calle>
    <Lat>32.928332</Lat>
    <Lon>60.738679</Lon>
    <Dis>2345.180</Dis>
    <Cta>526</Cta>
    <CodSec>81</CodSec>
  </S>
  <S>
    <Calle>ArLUD</Calle>
    <Lat>32.925302</Lat>
    <Lon>60.763241</Lon>
    <Dis>3892.154</Dis>
    <Cta>682</Cta>
    <CodSec>30</CodSec>
  </S>
  <S>
    <Calle>CATAM</Calle>
    <Lat>32.922635</Lat>
    <Lon>60.804760</Lon>
    <Dis>945.192</Dis>
    <Cta>892</Cta>
    <CodSec>30</CodSec>
  </S>
  <S>
    <Calle>ELORZ</Calle>
    <Lat>32.920890</Lat>
    <Lon>60.814649</Lon>
    <Dis>2742.599</Dis>
    <Cta>947</Cta>
    <CodSec>30</CodSec>
  </S>
  <S>
    <Calle>J.PAB</Calle>
    <Lat>32.916415</Lat>
    <Lon>60.843433</Lon>
    <Dis>2313.793</Dis>
    <Cta>1090</Cta>
    <CodSec>30</CodSec>
  </S>
  <S>
    <Calle>S.SEB</Calle>
    <Lat>32.912853</Lat>
    <Lon>60.867793</Lon>
    <Dis>3775.815</Dis>
    <Cta>1209</Cta>
    <CodSec>32</CodSec>
  </S>
  <S>
    <Calle>BELGR</Calle>
    <Lat>32.905802</Lat>
    <Lon>60.907255</Lon>
    <Dis>2997.560</Dis>
    <Cta>1425</Cta>
    <CodSec>32</CodSec>
  </S>
  <S>
    <Calle>CEM.R</Calle>
    <Lat>32.900191</Lat>
    <Lon>60.938578</Lon>
    <Dis>7767.570</Dis>
    <Cta>1559</Cta>
    <CodSec>201</CodSec>
  </S>
  <S>
    <Calle>SJER2</Calle>
    <Lat>32.885699</Lat>
    <Lon>61.019830</Lon>
    <Dis>2551.757</Dis>
    <Cta>1846</Cta>
    <CodSec>201</CodSec>
  </S>
  <S>
    <Calle>BORGE</Calle>
    <Lat>32.881969</Lat>
    <Lon>61.023385</Lon>
    <Dis>0</Dis>
    <Cta>1995</Cta>
    <CodSec>201</CodSec>
  </S>
</Sector>