<?xml version="1.0" standalone="yes"?>
<Sector>
  <xs:schema id="Sector" xmlns="" xmlns:xs="http://www.w3.org/2001/XMLSchema" xmlns:msdata="urn:schemas-microsoft-com:xml-msdata">
    <xs:element name="Sector" msdata:IsDataSet="true" msdata:Locale="">
      <xs:complexType>
        <xs:choice minOccurs="0" maxOccurs="unbounded">
          <xs:element name="S" msdata:Locale="">
            <xs:complexType>
              <xs:sequence>
                <xs:element name="Calle" type="xs:string" minOccurs="0" />
                <xs:element name="Lat" type="xs:decimal" minOccurs="0" />
                <xs:element name="Lon" type="xs:decimal" minOccurs="0" />
                <xs:element name="Dis" type="xs:decimal" minOccurs="0" />
                <xs:element name="Cta" type="xs:int" minOccurs="0" />
                <xs:element name="CodSec" type="xs:int" minOccurs="0" />
              </xs:sequence>
            </xs:complexType>
          </xs:element>
        </xs:choice>
      </xs:complexType>
    </xs:element>
  </xs:schema>
  <S>
    <Calle>LROSA</Calle>
    <Lat>32.475772</Lat>
    <Lon>61.578986</Lon>
    <Dis>9168.750</Dis>
    <Cta>1</Cta>
    <CodSec>208</CodSec>
  </S>
  <S>
    <Calle>CALI1</Calle>
    <Lat>32.545041</Lat>
    <Lon>61.550835</Lon>
    <Dis>16325.997</Dis>
    <Cta>462</Cta>
    <CodSec>207</CodSec>
  </S>
  <S>
    <Calle>PAREJ</Calle>
    <Lat>32.681902</Lat>
    <Lon>61.521002</Lon>
    <Dis>11861.889</Dis>
    <Cta>1217</Cta>
    <CodSec>206</CodSec>
  </S>
  <S>
    <Calle>RUTA9</Calle>
    <Lat>32.783739</Lat>
    <Lon>61.546268</Lon>
    <Dis>12060.651</Dis>
    <Cta>1715</Cta>
    <CodSec>205</CodSec>
  </S>
  <S>
    <Calle>C.GO1</Calle>
    <Lat>32.805615</Lat>
    <Lon>61.421496</Lon>
    <Dis>2756.135</Dis>
    <Cta>2253</Cta>
    <CodSec>204</CodSec>
  </S>
  <S>
    <Calle>C.GOM</Calle>
    <Lat>32.812513</Lat>
    <Lon>61.396572</Lon>
    <Dis>3023.826</Dis>
    <Cta>2387</Cta>
    <CodSec>204</CodSec>
  </S>
  <S>
    <Calle>C.GO2</Calle>
    <Lat>32.814530</Lat>
    <Lon>61.369063</Lon>
    <Dis>11444.477</Dis>
    <Cta>2538</Cta>
    <CodSec>204</CodSec>
  </S>
  <S>
    <Calle>CORR1</Calle>
    <Lat>32.850878</Lat>
    <Lon>61.264493</Lon>
    <Dis>12374.176</Dis>
    <Cta>3095</Cta>
    <CodSec>203</CodSec>
  </S>
  <S>
    <Calle>ANTAR</Calle>
    <Lat>32.865383</Lat>
    <Lon>61.134317</Lon>
    <Dis>0</Dis>
    <Cta>3725</Cta>
    <CodSec>202</CodSec>
  </S>
</Sector>