<?xml version="1.0" standalone="yes"?>
<Version>
  <xs:schema id="Version" xmlns="" xmlns:xs="http://www.w3.org/2001/XMLSchema" xmlns:msdata="urn:schemas-microsoft-com:xml-msdata">
    <xs:element name="Version" msdata:IsDataSet="true" msdata:UseCurrentLocale="true">
      <xs:complexType>
        <xs:choice minOccurs="0" maxOccurs="unbounded">
          <xs:element name="datosVersion">
            <xs:complexType>
              <xs:sequence>
                <xs:element name="nroVersion" type="xs:int" minOccurs="0" />
                <xs:element name="fechaActivacion" type="xs:dateTime" minOccurs="0" />
              </xs:sequence>
            </xs:complexType>
          </xs:element>
          <xs:element name="archivos">
            <xs:complexType>
              <xs:sequence>
                <xs:element name="archivo" type="xs:string" minOccurs="0" />
                <xs:element name="hash" type="xs:string" minOccurs="0" />
              </xs:sequence>
            </xs:complexType>
          </xs:element>
        </xs:choice>
      </xs:complexType>
    </xs:element>
  </xs:schema>
  <datosVersion>
    <nroVersion>33</nroVersion>
    <fechaActivacion>2019-11-08T00:00:00-03:00</fechaActivacion>
  </datosVersion>
  <archivos>
    <archivo>s01000953.xml</archivo>
    <hash>88D7DB2BA05D6DB87B636A711C559D84</hash>
  </archivos>
  <archivos>
    <archivo>s01000954.xml</archivo>
    <hash>7791067A8E054615DE05F29CA8427A70</hash>
  </archivos>
  <archivos>
    <archivo>s01000957.xml</archivo>
    <hash>16C5C386F8394A820F9D8645DB47FEE7</hash>
  </archivos>
  <archivos>
    <archivo>s01000958.xml</archivo>
    <hash>59FD3B259915F90F9FA32261D16B427B</hash>
  </archivos>
  <archivos>
    <archivo>s01000961.xml</archivo>
    <hash>7FDF07969A8C16E377367D606939A346</hash>
  </archivos>
  <archivos>
    <archivo>s01000963.xml</archivo>
    <hash>63017F8B51DD44E7DCF78D87D91C8024</hash>
  </archivos>
  <archivos>
    <archivo>s01000964.xml</archivo>
    <hash>29F686BE3FB85D505745803BF14DBFFC</hash>
  </archivos>
  <archivos>
    <archivo>s01000965.xml</archivo>
    <hash>B0632D3B380163B2BE5E089C10B1EE62</hash>
  </archivos>
  <archivos>
    <archivo>s01000971.xml</archivo>
    <hash>243B4DD823A25163F50AD2594CA30B01</hash>
  </archivos>
  <archivos>
    <archivo>s01000993.xml</archivo>
    <hash>617A5CE8013CD9554985452F37599BBF</hash>
  </archivos>
  <archivos>
    <archivo>s01000994.xml</archivo>
    <hash>DFF5D1850E4E29508EDDB7E21FF11975</hash>
  </archivos>
  <archivos>
    <archivo>s01000995.xml</archivo>
    <hash>A892C9960F9F8625FA9620B305877960</hash>
  </archivos>
  <archivos>
    <archivo>s01000996.xml</archivo>
    <hash>DA8D18AA079AD1A7D1853E196363DFC2</hash>
  </archivos>
  <archivos>
    <archivo>s01000998.xml</archivo>
    <hash>F625A6FE3C513F347D9E10042C7C704B</hash>
  </archivos>
  <archivos>
    <archivo>s01000999.xml</archivo>
    <hash>C5C140BE2CC8AB2E5E792EB4B8FCEDE6</hash>
  </archivos>
  <archivos>
    <archivo>s01001006.xml</archivo>
    <hash>96487E38839E8366D77613FA85894B21</hash>
  </archivos>
  <archivos>
    <archivo>s01001007.xml</archivo>
    <hash>866BD0E62BB51ED55FF6F3003A058685</hash>
  </archivos>
  <archivos>
    <archivo>s01001019.xml</archivo>
    <hash>F247159AB290932DD1DF5E64D5258981</hash>
  </archivos>
  <archivos>
    <archivo>s01001020.xml</archivo>
    <hash>BFC2AFFFFDB97266F0FB95CFF9F5712E</hash>
  </archivos>
  <archivos>
    <archivo>s01001021.xml</archivo>
    <hash>B2377B0669D1F3846D29C7CDB9F60C46</hash>
  </archivos>
  <archivos>
    <archivo>s01003054.xml</archivo>
    <hash>10B428F2EF621B39E598302BBB76C1C4</hash>
  </archivos>
  <archivos>
    <archivo>s01003055.xml</archivo>
    <hash>4A591B0DEF8904B1C6A8E4C62D4110E7</hash>
  </archivos>
  <archivos>
    <archivo>s01003056.xml</archivo>
    <hash>504F1A127A6EBB04CB1E13C4BAC63E82</hash>
  </archivos>
  <archivos>
    <archivo>s01003057.xml</archivo>
    <hash>667ED6B89F3949CA5314880AFB71F6BC</hash>
  </archivos>
  <archivos>
    <archivo>s01003058.xml</archivo>
    <hash>0F1D19930EB1E8478BB77FBCD7E6B208</hash>
  </archivos>
  <archivos>
    <archivo>s01003060.xml</archivo>
    <hash>684F21B38BA971D3159226F45F2ABEC9</hash>
  </archivos>
  <archivos>
    <archivo>s01003064.xml</archivo>
    <hash>6C2D9C577D96FF5B3507634654FD90A2</hash>
  </archivos>
  <archivos>
    <archivo>s01003067.xml</archivo>
    <hash>6962FF1A956897A40A1252699E1E3D57</hash>
  </archivos>
  <archivos>
    <archivo>s01003070.xml</archivo>
    <hash>0C88C37E05000566837E319FEDFAD9C3</hash>
  </archivos>
  <archivos>
    <archivo>s01003071.xml</archivo>
    <hash>45ECF0C3BA96E7FDCE2E1DFD20FB6996</hash>
  </archivos>
  <archivos>
    <archivo>r01000953.txt</archivo>
    <hash>C7EDD51AE2E7BFE93DC59EC71ED728F8</hash>
  </archivos>
  <archivos>
    <archivo>r01000954.txt</archivo>
    <hash>DFFC1836303A57CFE0413BA58991ACE7</hash>
  </archivos>
  <archivos>
    <archivo>r01000957.txt</archivo>
    <hash>5BA62617E02EC822D7B1CEBE23200267</hash>
  </archivos>
  <archivos>
    <archivo>r01000958.txt</archivo>
    <hash>BBFFC19B9D334811ADC047AEBC995B4A</hash>
  </archivos>
  <archivos>
    <archivo>r01000961.txt</archivo>
    <hash>54C9FB2D8339B364247EDDB69529150D</hash>
  </archivos>
  <archivos>
    <archivo>r01000963.txt</archivo>
    <hash>DAC658EC4B5DE1B059ED261628C20175</hash>
  </archivos>
  <archivos>
    <archivo>r01000964.txt</archivo>
    <hash>7D7AB2DA9AF395CA1A64EA852C7C20C5</hash>
  </archivos>
  <archivos>
    <archivo>r01000965.txt</archivo>
    <hash>742E5246B38B39A40779902304006869</hash>
  </archivos>
  <archivos>
    <archivo>r01000971.txt</archivo>
    <hash>47373F9A5EA7029E8B959761E3B5BC38</hash>
  </archivos>
  <archivos>
    <archivo>r01000993.txt</archivo>
    <hash>98CF4A0BFA8FD8202F6AFE0A2BC73735</hash>
  </archivos>
  <archivos>
    <archivo>r01000994.txt</archivo>
    <hash>D2F1BE4B82D239FBD34ED0C54E13CF92</hash>
  </archivos>
  <archivos>
    <archivo>r01000995.txt</archivo>
    <hash>61083F0B9B758E3A8E84360C690A8B81</hash>
  </archivos>
  <archivos>
    <archivo>r01000996.txt</archivo>
    <hash>BE4EA4D969A13247E28558D63AF1E545</hash>
  </archivos>
  <archivos>
    <archivo>r01000998.txt</archivo>
    <hash>83584A4066875B403503DCB05F756A2E</hash>
  </archivos>
  <archivos>
    <archivo>r01000999.txt</archivo>
    <hash>EB1539C2B7F32DA786026D2F3D88C6D3</hash>
  </archivos>
  <archivos>
    <archivo>r01001006.txt</archivo>
    <hash>76F2DBF297A0FAC6E060D41982E599B5</hash>
  </archivos>
  <archivos>
    <archivo>r01001007.txt</archivo>
    <hash>C47D54A2D0E81E075513E5A34156DAF8</hash>
  </archivos>
  <archivos>
    <archivo>r01001019.txt</archivo>
    <hash>45AF31657D682D3F048D523FAF7FA371</hash>
  </archivos>
  <archivos>
    <archivo>r01001020.txt</archivo>
    <hash>8C29F0163A5AC0D249D9E44CE93044FB</hash>
  </archivos>
  <archivos>
    <archivo>r01001021.txt</archivo>
    <hash>A333B54A2765A6A45FC22E47AC57F8E0</hash>
  </archivos>
  <archivos>
    <archivo>r01003054.txt</archivo>
    <hash>DF9C1A682AFD98EB623A7C138B82A514</hash>
  </archivos>
  <archivos>
    <archivo>r01003055.txt</archivo>
    <hash>B0F9D7614207888DA6FB5A2B1DC1A055</hash>
  </archivos>
  <archivos>
    <archivo>r01003056.txt</archivo>
    <hash>2FBCCCAD15CC2FC17A273C574237DF72</hash>
  </archivos>
  <archivos>
    <archivo>r01003057.txt</archivo>
    <hash>AAB53463A68416CFE6F9D88593A34842</hash>
  </archivos>
  <archivos>
    <archivo>r01003058.txt</archivo>
    <hash>469033D7AD01395A0BFC8B9E00FAF8EE</hash>
  </archivos>
  <archivos>
    <archivo>r01003060.txt</archivo>
    <hash>2A72163D0A29BF5C2A1728349B59D2A5</hash>
  </archivos>
  <archivos>
    <archivo>r01003064.txt</archivo>
    <hash>3AA5752BB8BCE2394B81648721BD0BC8</hash>
  </archivos>
  <archivos>
    <archivo>r01003067.txt</archivo>
    <hash>76756DF6EBA5B5DC653F295947C467D5</hash>
  </archivos>
  <archivos>
    <archivo>r01003070.txt</archivo>
    <hash>59FD810C03E778F1281FBAE86B949D0A</hash>
  </archivos>
  <archivos>
    <archivo>r01003071.txt</archivo>
    <hash>2590F71D04D2434303488A8E1CAD6B5C</hash>
  </archivos>
  <archivos>
    <archivo>sectoresTarifarios.xml</archivo>
    <hash>976F13DEE2FD971F7B3E1AA1FA18F0D5</hash>
  </archivos>
</Version>