<?xml version="1.0" standalone="yes"?>
<Sector>
  <xs:schema id="Sector" xmlns="" xmlns:xs="http://www.w3.org/2001/XMLSchema" xmlns:msdata="urn:schemas-microsoft-com:xml-msdata">
    <xs:element name="Sector" msdata:IsDataSet="true" msdata:Locale="">
      <xs:complexType>
        <xs:choice minOccurs="0" maxOccurs="unbounded">
          <xs:element name="S" msdata:Locale="">
            <xs:complexType>
              <xs:sequence>
                <xs:element name="Calle" type="xs:string" minOccurs="0" />
                <xs:element name="Lat" type="xs:decimal" minOccurs="0" />
                <xs:element name="Lon" type="xs:decimal" minOccurs="0" />
                <xs:element name="Dis" type="xs:decimal" minOccurs="0" />
                <xs:element name="Cta" type="xs:int" minOccurs="0" />
                <xs:element name="CodSec" type="xs:int" minOccurs="0" />
              </xs:sequence>
            </xs:complexType>
          </xs:element>
        </xs:choice>
      </xs:complexType>
    </xs:element>
  </xs:schema>
  <S>
    <Calle>PAVON</Calle>
    <Lat>34.532440</Lat>
    <Lon>58.704160</Lon>
    <Dis>602.000</Dis>
    <Cta>1</Cta>
    <CodSec>18</CodSec>
  </S>
  <S>
    <Calle>SANLO</Calle>
    <Lat>34.536573</Lat>
    <Lon>58.708562</Lon>
    <Dis>879.400</Dis>
    <Cta>64</Cta>
    <CodSec>18</CodSec>
  </S>
  <S>
    <Calle>ALEM.</Calle>
    <Lat>34.542493</Lat>
    <Lon>58.714927</Lon>
    <Dis>1508.120</Dis>
    <Cta>158</Cta>
    <CodSec>18</CodSec>
  </S>
  <S>
    <Calle>BLOIS</Calle>
    <Lat>34.539206</Lat>
    <Lon>58.723666</Lon>
    <Dis>985.820</Dis>
    <Cta>329</Cta>
    <CodSec>18</CodSec>
  </S>
  <S>
    <Calle>CAMPO</Calle>
    <Lat>34.544593</Lat>
    <Lon>58.730899</Lon>
    <Dis>901.500</Dis>
    <Cta>433</Cta>
    <CodSec>18</CodSec>
  </S>
  <S>
    <Calle>IBA?E</Calle>
    <Lat>34.546869</Lat>
    <Lon>58.738404</Lon>
    <Dis>1058.460</Dis>
    <Cta>574</Cta>
    <CodSec>18</CodSec>
  </S>
  <S>
    <Calle>PICHI</Calle>
    <Lat>34.554011</Lat>
    <Lon>58.746039</Lon>
    <Dis>891.890</Dis>
    <Cta>686</Cta>
    <CodSec>18</CodSec>
  </S>
  <S>
    <Calle>ARGUE</Calle>
    <Lat>34.559311</Lat>
    <Lon>58.738796</Lon>
    <Dis>2018.940</Dis>
    <Cta>783</Cta>
    <CodSec>18</CodSec>
  </S>
  <S>
    <Calle>PINT.</Calle>
    <Lat>34.572863</Lat>
    <Lon>58.753170</Lon>
    <Dis>627.620</Dis>
    <Cta>995</Cta>
    <CodSec>18</CodSec>
  </S>
  <S>
    <Calle>M.GAR</Calle>
    <Lat>34.576800</Lat>
    <Lon>58.751950</Lon>
    <Dis>0</Dis>
    <Cta>1062</Cta>
    <CodSec>18</CodSec>
  </S>
</Sector>