<?xml version="1.0" standalone="yes"?>
<Sector>
  <xs:schema id="Sector" xmlns="" xmlns:xs="http://www.w3.org/2001/XMLSchema" xmlns:msdata="urn:schemas-microsoft-com:xml-msdata">
    <xs:element name="Sector" msdata:IsDataSet="true" msdata:Locale="">
      <xs:complexType>
        <xs:choice minOccurs="0" maxOccurs="unbounded">
          <xs:element name="S" msdata:Locale="">
            <xs:complexType>
              <xs:sequence>
                <xs:element name="Calle" type="xs:string" minOccurs="0" />
                <xs:element name="Lat" type="xs:decimal" minOccurs="0" />
                <xs:element name="Lon" type="xs:decimal" minOccurs="0" />
                <xs:element name="Dis" type="xs:decimal" minOccurs="0" />
                <xs:element name="Cta" type="xs:int" minOccurs="0" />
                <xs:element name="CodSec" type="xs:int" minOccurs="0" />
              </xs:sequence>
            </xs:complexType>
          </xs:element>
        </xs:choice>
      </xs:complexType>
    </xs:element>
  </xs:schema>
  <S>
    <Calle>PAVON</Calle>
    <Lat>34.532330</Lat>
    <Lon>58.704040</Lon>
    <Dis>618.620</Dis>
    <Cta>1</Cta>
    <CodSec>18</CodSec>
  </S>
  <S>
    <Calle>SANLO</Calle>
    <Lat>34.536573</Lat>
    <Lon>58.708562</Lon>
    <Dis>963.460</Dis>
    <Cta>66</Cta>
    <CodSec>18</CodSec>
  </S>
  <S>
    <Calle>BALBI</Calle>
    <Lat>34.542954</Lat>
    <Lon>58.712958</Lon>
    <Dis>1083.340</Dis>
    <Cta>168</Cta>
    <CodSec>18</CodSec>
  </S>
  <S>
    <Calle>BALB.</Calle>
    <Lat>34.543812</Lat>
    <Lon>58.715053</Lon>
    <Dis>1115.150</Dis>
    <Cta>297</Cta>
    <CodSec>18</CodSec>
  </S>
  <S>
    <Calle>CAMPO</Calle>
    <Lat>34.551284</Lat>
    <Lon>58.721648</Lon>
    <Dis>2607.640</Dis>
    <Cta>415</Cta>
    <CodSec>18</CodSec>
  </S>
  <S>
    <Calle>FERR2</Calle>
    <Lat>34.567816</Lat>
    <Lon>58.741793</Lon>
    <Dis>2585.000</Dis>
    <Cta>694</Cta>
    <CodSec>18</CodSec>
  </S>
  <S>
    <Calle>CANE</Calle>
    <Lat>34.553909</Lat>
    <Lon>58.762760</Lon>
    <Dis>993.730</Dis>
    <Cta>962</Cta>
    <CodSec>18</CodSec>
  </S>
  <S>
    <Calle>LPINT</Calle>
    <Lat>34.560587</Lat>
    <Lon>58.769966</Lon>
    <Dis>1380.720</Dis>
    <Cta>1066</Cta>
    <CodSec>18</CodSec>
  </S>
  <S>
    <Calle>WATT</Calle>
    <Lat>34.569270</Lat>
    <Lon>58.766810</Lon>
    <Dis>0</Dis>
    <Cta>1211</Cta>
    <CodSec>18</CodSec>
  </S>
</Sector>