<?xml version="1.0" standalone="yes"?>
<Sector>
  <xs:schema id="Sector" xmlns="" xmlns:xs="http://www.w3.org/2001/XMLSchema" xmlns:msdata="urn:schemas-microsoft-com:xml-msdata">
    <xs:element name="Sector" msdata:IsDataSet="true" msdata:Locale="">
      <xs:complexType>
        <xs:choice minOccurs="0" maxOccurs="unbounded">
          <xs:element name="S" msdata:Locale="">
            <xs:complexType>
              <xs:sequence>
                <xs:element name="Calle" type="xs:string" minOccurs="0" />
                <xs:element name="Lat" type="xs:decimal" minOccurs="0" />
                <xs:element name="Lon" type="xs:decimal" minOccurs="0" />
                <xs:element name="Dis" type="xs:decimal" minOccurs="0" />
                <xs:element name="Cta" type="xs:int" minOccurs="0" />
                <xs:element name="CodSec" type="xs:int" minOccurs="0" />
              </xs:sequence>
            </xs:complexType>
          </xs:element>
        </xs:choice>
      </xs:complexType>
    </xs:element>
  </xs:schema>
  <S>
    <Calle>MOINE</Calle>
    <Lat>34.563458</Lat>
    <Lon>58.684693</Lon>
    <Dis>1400.310</Dis>
    <Cta>1</Cta>
    <CodSec>18</CodSec>
  </S>
  <S>
    <Calle>GASPA</Calle>
    <Lat>34.572648</Lat>
    <Lon>58.692149</Lon>
    <Dis>1752.960</Dis>
    <Cta>154</Cta>
    <CodSec>18</CodSec>
  </S>
  <S>
    <Calle>CHAPE</Calle>
    <Lat>34.584686</Lat>
    <Lon>58.703912</Lon>
    <Dis>2176.040</Dis>
    <Cta>358</Cta>
    <CodSec>18</CodSec>
  </S>
  <S>
    <Calle>DURAN</Calle>
    <Lat>34.598727</Lat>
    <Lon>58.720434</Lon>
    <Dis>1528.260</Dis>
    <Cta>590</Cta>
    <CodSec>18</CodSec>
  </S>
  <S>
    <Calle>VESPU</Calle>
    <Lat>34.589520</Lat>
    <Lon>58.730360</Lon>
    <Dis>0</Dis>
    <Cta>751</Cta>
    <CodSec>18</CodSec>
  </S>
</Sector>