<?xml version="1.0" standalone="yes"?>
<Sector>
  <xs:schema id="Sector" xmlns="" xmlns:xs="http://www.w3.org/2001/XMLSchema" xmlns:msdata="urn:schemas-microsoft-com:xml-msdata">
    <xs:element name="Sector" msdata:IsDataSet="true" msdata:Locale="">
      <xs:complexType>
        <xs:choice minOccurs="0" maxOccurs="unbounded">
          <xs:element name="S" msdata:Locale="">
            <xs:complexType>
              <xs:sequence>
                <xs:element name="Calle" type="xs:string" minOccurs="0" />
                <xs:element name="Lat" type="xs:decimal" minOccurs="0" />
                <xs:element name="Lon" type="xs:decimal" minOccurs="0" />
                <xs:element name="Dis" type="xs:decimal" minOccurs="0" />
                <xs:element name="Cta" type="xs:int" minOccurs="0" />
                <xs:element name="CodSec" type="xs:int" minOccurs="0" />
              </xs:sequence>
            </xs:complexType>
          </xs:element>
        </xs:choice>
      </xs:complexType>
    </xs:element>
  </xs:schema>
  <S>
    <Calle>R1971</Calle>
    <Lat>34.474616</Lat>
    <Lon>58.664267</Lon>
    <Dis>4281.193</Dis>
    <Cta>1</Cta>
    <CodSec>36</CodSec>
  </S>
  <S>
    <Calle>PEAJ2</Calle>
    <Lat>34.461189</Lat>
    <Lon>58.707683</Lon>
    <Dis>221.630</Dis>
    <Cta>216</Cta>
    <CodSec>37</CodSec>
  </S>
  <S>
    <Calle>PEAJ1</Calle>
    <Lat>34.460588</Lat>
    <Lon>58.709685</Lon>
    <Dis>789.937</Dis>
    <Cta>231</Cta>
    <CodSec>37</CodSec>
  </S>
  <S>
    <Calle>SKF.2</Calle>
    <Lat>34.458166</Lat>
    <Lon>58.717529</Lon>
    <Dis>1307.324</Dis>
    <Cta>279</Cta>
    <CodSec>37</CodSec>
  </S>
  <S>
    <Calle>FONA2</Calle>
    <Lat>34.454270</Lat>
    <Lon>58.729520</Lon>
    <Dis>462.920</Dis>
    <Cta>403</Cta>
    <CodSec>38</CodSec>
  </S>
  <S>
    <Calle>FONA1</Calle>
    <Lat>34.453030</Lat>
    <Lon>58.733798</Lon>
    <Dis>1239.964</Dis>
    <Cta>440</Cta>
    <CodSec>38</CodSec>
  </S>
  <S>
    <Calle>PTGA2</Calle>
    <Lat>34.448999</Lat>
    <Lon>58.746265</Lon>
    <Dis>437.349</Dis>
    <Cta>501</Cta>
    <CodSec>38</CodSec>
  </S>
  <S>
    <Calle>PTGA1</Calle>
    <Lat>34.447692</Lat>
    <Lon>58.750294</Lon>
    <Dis>1072.628</Dis>
    <Cta>550</Cta>
    <CodSec>38</CodSec>
  </S>
  <S>
    <Calle>PTE52</Calle>
    <Lat>34.444596</Lat>
    <Lon>58.761302</Lon>
    <Dis>787.293</Dis>
    <Cta>610</Cta>
    <CodSec>38</CodSec>
  </S>
  <S>
    <Calle>PTE51</Calle>
    <Lat>34.443149</Lat>
    <Lon>58.768433</Lon>
    <Dis>1146.049</Dis>
    <Cta>674</Cta>
    <CodSec>38</CodSec>
  </S>
  <S>
    <Calle>RUT26</Calle>
    <Lat>34.440979</Lat>
    <Lon>58.780606</Lon>
    <Dis>4305.739</Dis>
    <Cta>733</Cta>
    <CodSec>39</CodSec>
  </S>
  <S>
    <Calle>LAGAR</Calle>
    <Lat>34.435796</Lat>
    <Lon>58.825543</Lon>
    <Dis>4461.580</Dis>
    <Cta>1022</Cta>
    <CodSec>40</CodSec>
  </S>
  <S>
    <Calle>JUMBO</Calle>
    <Lat>34.443425</Lat>
    <Lon>58.870873</Lon>
    <Dis>3087.749</Dis>
    <Cta>1394</Cta>
    <CodSec>41</CodSec>
  </S>
  <S>
    <Calle>RUT25</Calle>
    <Lat>34.448803</Lat>
    <Lon>58.902154</Lon>
    <Dis>3172.402</Dis>
    <Cta>1617</Cta>
    <CodSec>41</CodSec>
  </S>
  <S>
    <Calle>MAIPU</Calle>
    <Lat>34.468964</Lat>
    <Lon>58.905992</Lon>
    <Dis>1146.633</Dis>
    <Cta>1822</Cta>
    <CodSec>41</CodSec>
  </S>
  <S>
    <Calle>PILAR</Calle>
    <Lat>34.477843</Lat>
    <Lon>58.901268</Lon>
    <Dis>0</Dis>
    <Cta>1894</Cta>
    <CodSec>60</CodSec>
  </S>
</Sector>