<?xml version="1.0" standalone="yes"?>
<Sector>
  <xs:schema id="Sector" xmlns="" xmlns:xs="http://www.w3.org/2001/XMLSchema" xmlns:msdata="urn:schemas-microsoft-com:xml-msdata">
    <xs:element name="Sector" msdata:IsDataSet="true" msdata:Locale="">
      <xs:complexType>
        <xs:choice minOccurs="0" maxOccurs="unbounded">
          <xs:element name="S" msdata:Locale="">
            <xs:complexType>
              <xs:sequence>
                <xs:element name="Calle" type="xs:string" minOccurs="0" />
                <xs:element name="Lat" type="xs:decimal" minOccurs="0" />
                <xs:element name="Lon" type="xs:decimal" minOccurs="0" />
                <xs:element name="Dis" type="xs:decimal" minOccurs="0" />
                <xs:element name="Cta" type="xs:int" minOccurs="0" />
                <xs:element name="CodSec" type="xs:int" minOccurs="0" />
              </xs:sequence>
            </xs:complexType>
          </xs:element>
        </xs:choice>
      </xs:complexType>
    </xs:element>
  </xs:schema>
  <S>
    <Calle>SAAVE</Calle>
    <Lat>34.537500</Lat>
    <Lon>58.475610</Lon>
    <Dis>1664.558</Dis>
    <Cta>1</Cta>
    <CodSec>1</CodSec>
  </S>
  <S>
    <Calle>SMAR.</Calle>
    <Lat>34.524103</Lat>
    <Lon>58.483593</Lon>
    <Dis>1000.796</Dis>
    <Cta>97</Cta>
    <CodSec>1</CodSec>
  </S>
  <S>
    <Calle>E.MIT</Calle>
    <Lat>34.515921</Lat>
    <Lon>58.487988</Lon>
    <Dis>3001.883</Dis>
    <Cta>146</Cta>
    <CodSec>2</CodSec>
  </S>
  <S>
    <Calle>E.MAR</Calle>
    <Lat>34.491048</Lat>
    <Lon>58.499585</Lon>
    <Dis>2127.468</Dis>
    <Cta>420</Cta>
    <CodSec>3</CodSec>
  </S>
  <S>
    <Calle>E.SIS</Calle>
    <Lat>34.475022</Lat>
    <Lon>58.511809</Lon>
    <Dis>3362.983</Dis>
    <Cta>554</Cta>
    <CodSec>4</CodSec>
  </S>
  <S>
    <Calle>E.VIC</Calle>
    <Lat>34.454073</Lat>
    <Lon>58.537606</Lon>
    <Dis>1054.387</Dis>
    <Cta>763</Cta>
    <CodSec>5</CodSec>
  </S>
  <S>
    <Calle>GANDO</Calle>
    <Lat>34.447883</Lat>
    <Lon>58.546138</Lon>
    <Dis>2497.114</Dis>
    <Cta>836</Cta>
    <CodSec>5</CodSec>
  </S>
  <S>
    <Calle>SFER2</Calle>
    <Lat>34.432704</Lat>
    <Lon>58.564243</Lon>
    <Dis>3272.693</Dis>
    <Cta>991</Cta>
    <CodSec>6</CodSec>
  </S>
  <S>
    <Calle>DETAL</Calle>
    <Lat>34.446682</Lat>
    <Lon>58.587952</Lon>
    <Dis>1285.603</Dis>
    <Cta>1260</Cta>
    <CodSec>46</CodSec>
  </S>
  <S>
    <Calle>LINIE</Calle>
    <Lat>34.444364</Lat>
    <Lon>58.597336</Lon>
    <Dis>2996.467</Dis>
    <Cta>1368</Cta>
    <CodSec>46</CodSec>
  </S>
  <S>
    <Calle>PACHE</Calle>
    <Lat>34.455948</Lat>
    <Lon>58.626416</Lon>
    <Dis>2198.257</Dis>
    <Cta>1579</Cta>
    <CodSec>47</CodSec>
  </S>
  <S>
    <Calle>BLANC</Calle>
    <Lat>34.453525</Lat>
    <Lon>58.644462</Lon>
    <Dis>2702.451</Dis>
    <Cta>1723</Cta>
    <CodSec>48</CodSec>
  </S>
  <S>
    <Calle>CAMEL</Calle>
    <Lat>34.447312</Lat>
    <Lon>58.672527</Lon>
    <Dis>4599.226</Dis>
    <Cta>1907</Cta>
    <CodSec>49</CodSec>
  </S>
  <S>
    <Calle>LORET</Calle>
    <Lat>34.414397</Lat>
    <Lon>58.700949</Lon>
    <Dis>2862.721</Dis>
    <Cta>2212</Cta>
    <CodSec>50</CodSec>
  </S>
  <S>
    <Calle>CURVO</Calle>
    <Lat>34.407533</Lat>
    <Lon>58.729755</Lon>
    <Dis>1621.091</Dis>
    <Cta>2424</Cta>
    <CodSec>50</CodSec>
  </S>
  <S>
    <Calle>MASCH</Calle>
    <Lat>34.395426</Lat>
    <Lon>58.739284</Lon>
    <Dis>2322.669</Dis>
    <Cta>2514</Cta>
    <CodSec>50</CodSec>
  </S>
  <S>
    <Calle>A.C.A</Calle>
    <Lat>34.381350</Lat>
    <Lon>58.752309</Lon>
    <Dis>3610.518</Dis>
    <Cta>2663</Cta>
    <CodSec>51</CodSec>
  </S>
  <S>
    <Calle>E.SAV</Calle>
    <Lat>34.407339</Lat>
    <Lon>58.770860</Lon>
    <Dis>948.435</Dis>
    <Cta>2903</Cta>
    <CodSec>52</CodSec>
  </S>
  <S>
    <Calle>ASTER</Calle>
    <Lat>34.415143</Lat>
    <Lon>58.774660</Lon>
    <Dis>3019.889</Dis>
    <Cta>2962</Cta>
    <CodSec>52</CodSec>
  </S>
  <S>
    <Calle>RPILA</Calle>
    <Lat>34.441150</Lat>
    <Lon>58.782953</Lon>
    <Dis>1760.246</Dis>
    <Cta>3159</Cta>
    <CodSec>53</CodSec>
  </S>
  <S>
    <Calle>E.VIS</Calle>
    <Lat>34.450680</Lat>
    <Lon>58.797481</Lon>
    <Dis>1435.153</Dis>
    <Cta>3280</Cta>
    <CodSec>53</CodSec>
  </S>
  <S>
    <Calle>RUTP8</Calle>
    <Lat>34.459619</Lat>
    <Lon>58.808029</Lon>
    <Dis>2772.804</Dis>
    <Cta>3372</Cta>
    <CodSec>54</CodSec>
  </S>
  <S>
    <Calle>LONJA</Calle>
    <Lat>34.454026</Lat>
    <Lon>58.833501</Lon>
    <Dis>3038.152</Dis>
    <Cta>3631</Cta>
    <CodSec>55</CodSec>
  </S>
  <S>
    <Calle>JUMBO</Calle>
    <Lat>34.450220</Lat>
    <Lon>58.865864</Lon>
    <Dis>3752.538</Dis>
    <Cta>3818</Cta>
    <CodSec>56</CodSec>
  </S>
  <S>
    <Calle>RUT25</Calle>
    <Lat>34.456645</Lat>
    <Lon>58.905466</Lon>
    <Dis>2234.022</Dis>
    <Cta>4107</Cta>
    <CodSec>57</CodSec>
  </S>
  <S>
    <Calle>MAIPU</Calle>
    <Lat>34.468964</Lat>
    <Lon>58.905991</Lon>
    <Dis>599.684</Dis>
    <Cta>4261</Cta>
    <CodSec>60</CodSec>
  </S>
  <S>
    <Calle>PILAR</Calle>
    <Lat>34.478020</Lat>
    <Lon>58.901248</Lon>
    <Dis>0</Dis>
    <Cta>4303</Cta>
    <CodSec>60</CodSec>
  </S>
</Sector>