<?xml version="1.0" standalone="yes"?>
<SectorTarifarioExportacion>
  <xs:schema id="SectorTarifarioExportacion" xmlns="" xmlns:xs="http://www.w3.org/2001/XMLSchema" xmlns:msdata="urn:schemas-microsoft-com:xml-msdata">
    <xs:element name="SectorTarifarioExportacion" msdata:IsDataSet="true" msdata:Locale="">
      <xs:complexType>
        <xs:choice minOccurs="0" maxOccurs="unbounded">
          <xs:element name="S" msdata:Locale="">
            <xs:complexType>
              <xs:sequence>
                <xs:element name="Sec" type="xs:string" minOccurs="0" />
                <xs:element name="CodSec" type="xs:int" minOccurs="0" />
              </xs:sequence>
            </xs:complexType>
          </xs:element>
        </xs:choice>
      </xs:complexType>
    </xs:element>
  </xs:schema>
  <S>
    <Sec>Av. Edison</Sec>
    <CodSec>12</CodSec>
  </S>
  <S>
    <Sec>Av.Marquez</Sec>
    <CodSec>13</CodSec>
  </S>
  <S>
    <Sec>Canal S.F.</Sec>
    <CodSec>6</CodSec>
  </S>
  <S>
    <Sec>Cruc Garin</Sec>
    <CodSec>43</CodSec>
  </S>
  <S>
    <Sec>Curv.Linie</Sec>
    <CodSec>46</CodSec>
  </S>
  <S>
    <Sec>R.26 y R.8</Sec>
    <CodSec>54</CodSec>
  </S>
  <S>
    <Sec>Derq-Jumbo</Sec>
    <CodSec>56</CodSec>
  </S>
  <S>
    <Sec>E.Martinez</Sec>
    <CodSec>3</CodSec>
  </S>
  <S>
    <Sec>E.Victoria</Sec>
    <CodSec>5</CodSec>
  </S>
  <S>
    <Sec>Est. Mitre</Sec>
    <CodSec>2</CodSec>
  </S>
  <S>
    <Sec>Est. Pilar</Sec>
    <CodSec>60</CodSec>
  </S>
  <S>
    <Sec>Est. Savio</Sec>
    <CodSec>52</CodSec>
  </S>
  <S>
    <Sec>Fonavi</Sec>
    <CodSec>38</CodSec>
  </S>
  <S>
    <Sec>Ford-Alba</Sec>
    <CodSec>42</CodSec>
  </S>
  <S>
    <Sec>Iglesia-Pa</Sec>
    <CodSec>47</CodSec>
  </S>
  <S>
    <Sec>Jumbo Km50</Sec>
    <CodSec>41</CodSec>
  </S>
  <S>
    <Sec>L. Camelo</Sec>
    <CodSec>49</CodSec>
  </S>
  <S>
    <Sec>La Lonja</Sec>
    <CodSec>55</CodSec>
  </S>
  <S>
    <Sec>Los Lagar.</Sec>
    <CodSec>40</CodSec>
  </S>
  <S>
    <Sec>ACA</Sec>
    <CodSec>51</CodSec>
  </S>
  <S>
    <Sec>P. Loreto</Sec>
    <CodSec>50</CodSec>
  </S>
  <S>
    <Sec>P.Saavedra</Sec>
    <CodSec>1</CodSec>
  </S>
  <S>
    <Sec>Pana y 197</Sec>
    <CodSec>36</CodSec>
  </S>
  <S>
    <Sec>Pana y 202</Sec>
    <CodSec>14</CodSec>
  </S>
  <S>
    <Sec>Pana-Km.31</Sec>
    <CodSec>37</CodSec>
  </S>
  <S>
    <Sec>Acc.y R.26</Sec>
    <CodSec>39</CodSec>
  </S>
  <S>
    <Sec>R.8 y R.25</Sec>
    <CodSec>57</CodSec>
  </S>
  <S>
    <Sec>San Isidro</Sec>
    <CodSec>4</CodSec>
  </S>
  <S>
    <Sec>San Martin</Sec>
    <CodSec>11</CodSec>
  </S>
  <S>
    <Sec>R.26 y Acc</Sec>
    <CodSec>53</CodSec>
  </S>
  <S>
    <Sec>Zuecos Bla</Sec>
    <CodSec>48</CodSec>
  </S>
</SectorTarifarioExportacion>