<?xml version="1.0" standalone="yes"?>
<Sector>
  <xs:schema id="Sector" xmlns="" xmlns:xs="http://www.w3.org/2001/XMLSchema" xmlns:msdata="urn:schemas-microsoft-com:xml-msdata">
    <xs:element name="Sector" msdata:IsDataSet="true" msdata:Locale="">
      <xs:complexType>
        <xs:choice minOccurs="0" maxOccurs="unbounded">
          <xs:element name="S" msdata:Locale="">
            <xs:complexType>
              <xs:sequence>
                <xs:element name="Calle" type="xs:string" minOccurs="0" />
                <xs:element name="Lat" type="xs:decimal" minOccurs="0" />
                <xs:element name="Lon" type="xs:decimal" minOccurs="0" />
                <xs:element name="Dis" type="xs:decimal" minOccurs="0" />
                <xs:element name="Cta" type="xs:int" minOccurs="0" />
                <xs:element name="CodSec" type="xs:int" minOccurs="0" />
              </xs:sequence>
            </xs:complexType>
          </xs:element>
        </xs:choice>
      </xs:complexType>
    </xs:element>
  </xs:schema>
  <S>
    <Calle>AvFRA</Calle>
    <Lat>32.938066</Lat>
    <Lon>60.664435</Lon>
    <Dis>4959.710</Dis>
    <Cta>1</Cta>
    <CodSec>13</CodSec>
  </S>
  <S>
    <Calle>CORDO</Calle>
    <Lat>32.943973</Lat>
    <Lon>60.651962</Lon>
    <Dis>2157.657</Dis>
    <Cta>213</Cta>
    <CodSec>13</CodSec>
  </S>
  <S>
    <Calle>CORRI</Calle>
    <Lat>32.956556</Lat>
    <Lon>60.645104</Lon>
    <Dis>1606.185</Dis>
    <Cta>315</Cta>
    <CodSec>13</CodSec>
  </S>
  <S>
    <Calle>COLON</Calle>
    <Lat>32.959614</Lat>
    <Lon>60.628341</Lon>
    <Dis>1143.037</Dis>
    <Cta>396</Cta>
    <CodSec>13</CodSec>
  </S>
  <S>
    <Calle>RIOBA</Calle>
    <Lat>32.965960</Lat>
    <Lon>60.624160</Lon>
    <Dis>0</Dis>
    <Cta>463</Cta>
    <CodSec>13</CodSec>
  </S>
</Sector>