<?xml version="1.0" standalone="yes"?>
<Sector>
  <xs:schema id="Sector" xmlns="" xmlns:xs="http://www.w3.org/2001/XMLSchema" xmlns:msdata="urn:schemas-microsoft-com:xml-msdata">
    <xs:element name="Sector" msdata:IsDataSet="true" msdata:Locale="">
      <xs:complexType>
        <xs:choice minOccurs="0" maxOccurs="unbounded">
          <xs:element name="S" msdata:Locale="">
            <xs:complexType>
              <xs:sequence>
                <xs:element name="Calle" type="xs:string" minOccurs="0" />
                <xs:element name="Lat" type="xs:decimal" minOccurs="0" />
                <xs:element name="Lon" type="xs:decimal" minOccurs="0" />
                <xs:element name="Dis" type="xs:decimal" minOccurs="0" />
                <xs:element name="Cta" type="xs:int" minOccurs="0" />
                <xs:element name="CodSec" type="xs:int" minOccurs="0" />
              </xs:sequence>
            </xs:complexType>
          </xs:element>
        </xs:choice>
      </xs:complexType>
    </xs:element>
  </xs:schema>
  <S>
    <Calle>RU 24</Calle>
    <Lat>34.538112</Lat>
    <Lon>58.794623</Lon>
    <Dis>1685.230</Dis>
    <Cta>1</Cta>
    <CodSec>18</CodSec>
  </S>
  <S>
    <Calle>USTAR</Calle>
    <Lat>34.530553</Lat>
    <Lon>58.779420</Lon>
    <Dis>2823.529</Dis>
    <Cta>116</Cta>
    <CodSec>18</CodSec>
  </S>
  <S>
    <Calle>ZUVIR</Calle>
    <Lat>34.519158</Lat>
    <Lon>58.752239</Lon>
    <Dis>912.812</Dis>
    <Cta>300</Cta>
    <CodSec>18</CodSec>
  </S>
  <S>
    <Calle>MU?OZ</Calle>
    <Lat>34.515192</Lat>
    <Lon>58.743555</Lon>
    <Dis>1526.992</Dis>
    <Cta>363</Cta>
    <CodSec>18</CodSec>
  </S>
  <S>
    <Calle>RUTP8</Calle>
    <Lat>34.509221</Lat>
    <Lon>58.728738</Lon>
    <Dis>1543.628</Dis>
    <Cta>467</Cta>
    <CodSec>18</CodSec>
  </S>
  <S>
    <Calle>CALLA</Calle>
    <Lat>34.502578</Lat>
    <Lon>58.714096</Lon>
    <Dis>1297.347</Dis>
    <Cta>571</Cta>
    <CodSec>18</CodSec>
  </S>
  <S>
    <Calle>SEGUI</Calle>
    <Lat>34.494001</Lat>
    <Lon>58.704657</Lon>
    <Dis>1984.409</Dis>
    <Cta>657</Cta>
    <CodSec>18</CodSec>
  </S>
  <S>
    <Calle>MORSE</Calle>
    <Lat>34.485169</Lat>
    <Lon>58.686614</Lon>
    <Dis>1410.111</Dis>
    <Cta>803</Cta>
    <CodSec>18</CodSec>
  </S>
  <S>
    <Calle>SANMA</Calle>
    <Lat>34.478677</Lat>
    <Lon>58.673486</Lon>
    <Dis>974.480</Dis>
    <Cta>889</Cta>
    <CodSec>18</CodSec>
  </S>
  <S>
    <Calle>RUT24</Calle>
    <Lat>34.476067</Lat>
    <Lon>58.663637</Lon>
    <Dis>621.110</Dis>
    <Cta>958</Cta>
    <CodSec>18</CodSec>
  </S>
  <S>
    <Calle>PACHE</Calle>
    <Lat>34.476810</Lat>
    <Lon>58.663042</Lon>
    <Dis>0</Dis>
    <Cta>998</Cta>
    <CodSec>18</CodSec>
  </S>
</Sector>