<?xml version="1.0" standalone="yes"?>
<Sector>
  <xs:schema id="Sector" xmlns="" xmlns:xs="http://www.w3.org/2001/XMLSchema" xmlns:msdata="urn:schemas-microsoft-com:xml-msdata">
    <xs:element name="Sector" msdata:IsDataSet="true" msdata:Locale="">
      <xs:complexType>
        <xs:choice minOccurs="0" maxOccurs="unbounded">
          <xs:element name="S" msdata:Locale="">
            <xs:complexType>
              <xs:sequence>
                <xs:element name="Calle" type="xs:string" minOccurs="0" />
                <xs:element name="Lat" type="xs:decimal" minOccurs="0" />
                <xs:element name="Lon" type="xs:decimal" minOccurs="0" />
                <xs:element name="Dis" type="xs:decimal" minOccurs="0" />
                <xs:element name="Cta" type="xs:int" minOccurs="0" />
                <xs:element name="CodSec" type="xs:int" minOccurs="0" />
              </xs:sequence>
            </xs:complexType>
          </xs:element>
        </xs:choice>
      </xs:complexType>
    </xs:element>
  </xs:schema>
  <S>
    <Calle>FARIA</Calle>
    <Lat>34.545380</Lat>
    <Lon>58.715513</Lon>
    <Dis>1761.426</Dis>
    <Cta>1</Cta>
    <CodSec>18</CodSec>
  </S>
  <S>
    <Calle>PAVON</Calle>
    <Lat>34.533654</Lat>
    <Lon>58.702885</Lon>
    <Dis>1049.651</Dis>
    <Cta>103</Cta>
    <CodSec>17</CodSec>
  </S>
  <S>
    <Calle>ESCLE</Calle>
    <Lat>34.526977</Lat>
    <Lon>58.695025</Lon>
    <Dis>1798.088</Dis>
    <Cta>169</Cta>
    <CodSec>17</CodSec>
  </S>
  <S>
    <Calle>LOREN</Calle>
    <Lat>34.524166</Lat>
    <Lon>58.680276</Lon>
    <Dis>3679.446</Dis>
    <Cta>276</Cta>
    <CodSec>16</CodSec>
  </S>
  <S>
    <Calle>DTORC</Calle>
    <Lat>34.503502</Lat>
    <Lon>58.649252</Lon>
    <Dis>1088.667</Dis>
    <Cta>467</Cta>
    <CodSec>15</CodSec>
  </S>
  <S>
    <Calle>CHIND</Calle>
    <Lat>34.500860</Lat>
    <Lon>58.643130</Lon>
    <Dis>2514.591</Dis>
    <Cta>528</Cta>
    <CodSec>15</CodSec>
  </S>
  <S>
    <Calle>PANAM</Calle>
    <Lat>34.488575</Lat>
    <Lon>58.621029</Lon>
    <Dis>1274.670</Dis>
    <Cta>673</Cta>
    <CodSec>14</CodSec>
  </S>
  <S>
    <Calle>R2022</Calle>
    <Lat>34.486440</Lat>
    <Lon>58.608285</Lon>
    <Dis>2215.578</Dis>
    <Cta>751</Cta>
    <CodSec>14</CodSec>
  </S>
  <S>
    <Calle>BLGNE</Calle>
    <Lat>34.488362</Lat>
    <Lon>58.584470</Lon>
    <Dis>1746.801</Dis>
    <Cta>864</Cta>
    <CodSec>14</CodSec>
  </S>
  <S>
    <Calle>JSMAR</Calle>
    <Lat>34.491383</Lat>
    <Lon>58.566185</Lon>
    <Dis>1087.970</Dis>
    <Cta>988</Cta>
    <CodSec>14</CodSec>
  </S>
  <S>
    <Calle>MARQ1</Calle>
    <Lat>34.496224</Lat>
    <Lon>58.556238</Lon>
    <Dis>1439.677</Dis>
    <Cta>1051</Cta>
    <CodSec>13</CodSec>
  </S>
  <S>
    <Calle>THAME</Calle>
    <Lat>34.502216</Lat>
    <Lon>58.543588</Lon>
    <Dis>1001.114</Dis>
    <Cta>1139</Cta>
    <CodSec>13</CodSec>
  </S>
  <S>
    <Calle>EDISO</Calle>
    <Lat>34.506567</Lat>
    <Lon>58.534253</Lon>
    <Dis>4139.610</Dis>
    <Cta>1194</Cta>
    <CodSec>12</CodSec>
  </S>
  <S>
    <Calle>SMART</Calle>
    <Lat>34.533205</Lat>
    <Lon>58.504476</Lon>
    <Dis>3380.200</Dis>
    <Cta>1453</Cta>
    <CodSec>11</CodSec>
  </S>
  <S>
    <Calle>ZAPIO</Calle>
    <Lat>34.541786</Lat>
    <Lon>58.480566</Lon>
    <Dis>828.041</Dis>
    <Cta>1703</Cta>
    <CodSec>11</CodSec>
  </S>
  <S>
    <Calle>SAAVE</Calle>
    <Lat>34.537497</Lat>
    <Lon>58.475101</Lon>
    <Dis>0</Dis>
    <Cta>1756</Cta>
    <CodSec>1</CodSec>
  </S>
</Sector>