<?xml version="1.0" standalone="yes"?>
<Sector>
  <xs:schema id="Sector" xmlns="" xmlns:xs="http://www.w3.org/2001/XMLSchema" xmlns:msdata="urn:schemas-microsoft-com:xml-msdata">
    <xs:element name="Sector" msdata:IsDataSet="true" msdata:Locale="">
      <xs:complexType>
        <xs:choice minOccurs="0" maxOccurs="unbounded">
          <xs:element name="S" msdata:Locale="">
            <xs:complexType>
              <xs:sequence>
                <xs:element name="Calle" type="xs:string" minOccurs="0" />
                <xs:element name="Lat" type="xs:decimal" minOccurs="0" />
                <xs:element name="Lon" type="xs:decimal" minOccurs="0" />
                <xs:element name="Dis" type="xs:decimal" minOccurs="0" />
                <xs:element name="Cta" type="xs:int" minOccurs="0" />
                <xs:element name="CodSec" type="xs:int" minOccurs="0" />
              </xs:sequence>
            </xs:complexType>
          </xs:element>
        </xs:choice>
      </xs:complexType>
    </xs:element>
  </xs:schema>
  <S>
    <Calle>RUT33</Calle>
    <Lat>33.005404</Lat>
    <Lon>60.786961</Lon>
    <Dis>3236.047</Dis>
    <Cta>1</Cta>
    <CodSec>85</CodSec>
  </S>
  <S>
    <Calle>LOPEZ</Calle>
    <Lat>32.995119</Lat>
    <Lon>60.764545</Lon>
    <Dis>2965.226</Dis>
    <Cta>208</Cta>
    <CodSec>85</CodSec>
  </S>
  <S>
    <Calle>ESSO</Calle>
    <Lat>32.981304</Lat>
    <Lon>60.737985</Lon>
    <Dis>2900.313</Dis>
    <Cta>406</Cta>
    <CodSec>13</CodSec>
  </S>
  <S>
    <Calle>PUNI</Calle>
    <Lat>32.968048</Lat>
    <Lon>60.711441</Lon>
    <Dis>2013.206</Dis>
    <Cta>582</Cta>
    <CodSec>13</CodSec>
  </S>
  <S>
    <Calle>FMOR</Calle>
    <Lat>32.958819</Lat>
    <Lon>60.693002</Lon>
    <Dis>2676.760</Dis>
    <Cta>700</Cta>
    <CodSec>13</CodSec>
  </S>
  <S>
    <Calle>PELL</Calle>
    <Lat>32.952449</Lat>
    <Lon>60.668190</Lon>
    <Dis>2092.569</Dis>
    <Cta>861</Cta>
    <CodSec>13</CodSec>
  </S>
  <S>
    <Calle>ORO?O</Calle>
    <Lat>32.946284</Lat>
    <Lon>60.654339</Lon>
    <Dis>1224.846</Dis>
    <Cta>985</Cta>
    <CodSec>13</CodSec>
  </S>
  <S>
    <Calle>ERIOS</Calle>
    <Lat>32.948562</Lat>
    <Lon>60.641601</Lon>
    <Dis>1211.294</Dis>
    <Cta>1057</Cta>
    <CodSec>13</CodSec>
  </S>
  <S>
    <Calle>SARMI</Calle>
    <Lat>32.957338</Lat>
    <Lon>60.640922</Lon>
    <Dis>1188.018</Dis>
    <Cta>1128</Cta>
    <CodSec>13</CodSec>
  </S>
  <S>
    <Calle>27FEB</Calle>
    <Lat>32.967658</Lat>
    <Lon>60.643463</Lon>
    <Dis>1467.540</Dis>
    <Cta>1197</Cta>
    <CodSec>13</CodSec>
  </S>
  <S>
    <Calle>SEGUI</Calle>
    <Lat>32.979421</Lat>
    <Lon>60.644353</Lon>
    <Dis>1280.343</Dis>
    <Cta>1292</Cta>
    <CodSec>13</CodSec>
  </S>
  <S>
    <Calle>URIB.</Calle>
    <Lat>32.990582</Lat>
    <Lon>60.646660</Lon>
    <Dis>1059.591</Dis>
    <Cta>1369</Cta>
    <CodSec>13</CodSec>
  </S>
  <S>
    <Calle>AvROS</Calle>
    <Lat>32.999839</Lat>
    <Lon>60.648729</Lon>
    <Dis>1615.733</Dis>
    <Cta>1441</Cta>
    <CodSec>13</CodSec>
  </S>
  <S>
    <Calle>AYACU</Calle>
    <Lat>33.002608</Lat>
    <Lon>60.635999</Lon>
    <Dis>1497.213</Dis>
    <Cta>1526</Cta>
    <CodSec>13</CodSec>
  </S>
  <S>
    <Calle>CIRCU</Calle>
    <Lat>33.015855</Lat>
    <Lon>60.634726</Lon>
    <Dis>1438.759</Dis>
    <Cta>1625</Cta>
    <CodSec>12</CodSec>
  </S>
  <S>
    <Calle>JDPER</Calle>
    <Lat>33.025551</Lat>
    <Lon>60.624738</Lon>
    <Dis>2985.246</Dis>
    <Cta>1718</Cta>
    <CodSec>12</CodSec>
  </S>
  <S>
    <Calle>ESPER</Calle>
    <Lat>33.047104</Lat>
    <Lon>60.606341</Lon>
    <Dis>2233.292</Dis>
    <Cta>2022</Cta>
    <CodSec>11</CodSec>
  </S>
  <S>
    <Calle>15MAY</Calle>
    <Lat>33.056927</Lat>
    <Lon>60.614188</Lon>
    <Dis>3239.564</Dis>
    <Cta>2128</Cta>
    <CodSec>11</CodSec>
  </S>
  <S>
    <Calle>BELGR</Calle>
    <Lat>33.054999</Lat>
    <Lon>60.618285</Lon>
    <Dis>0</Dis>
    <Cta>2333</Cta>
    <CodSec>11</CodSec>
  </S>
</Sector>