<?xml version="1.0" standalone="yes"?>
<Sector>
  <xs:schema id="Sector" xmlns="" xmlns:xs="http://www.w3.org/2001/XMLSchema" xmlns:msdata="urn:schemas-microsoft-com:xml-msdata">
    <xs:element name="Sector" msdata:IsDataSet="true" msdata:Locale="">
      <xs:complexType>
        <xs:choice minOccurs="0" maxOccurs="unbounded">
          <xs:element name="S" msdata:Locale="">
            <xs:complexType>
              <xs:sequence>
                <xs:element name="Calle" type="xs:string" minOccurs="0" />
                <xs:element name="Lat" type="xs:decimal" minOccurs="0" />
                <xs:element name="Lon" type="xs:decimal" minOccurs="0" />
                <xs:element name="Dis" type="xs:decimal" minOccurs="0" />
                <xs:element name="Cta" type="xs:int" minOccurs="0" />
                <xs:element name="CodSec" type="xs:int" minOccurs="0" />
              </xs:sequence>
            </xs:complexType>
          </xs:element>
        </xs:choice>
      </xs:complexType>
    </xs:element>
  </xs:schema>
  <S>
    <Calle>JDPER</Calle>
    <Lat>33.018769</Lat>
    <Lon>60.618141</Lon>
    <Dis>4342.304</Dis>
    <Cta>1</Cta>
    <CodSec>12</CodSec>
  </S>
  <S>
    <Calle>S MAR</Calle>
    <Lat>33.027476</Lat>
    <Lon>60.621821</Lon>
    <Dis>2333.366</Dis>
    <Cta>260</Cta>
    <CodSec>12</CodSec>
  </S>
  <S>
    <Calle>S.DIE</Calle>
    <Lat>33.019494</Lat>
    <Lon>60.636491</Lon>
    <Dis>985.729</Dis>
    <Cta>428</Cta>
    <CodSec>12</CodSec>
  </S>
  <S>
    <Calle>AYACU</Calle>
    <Lat>33.015792</Lat>
    <Lon>60.634674</Lon>
    <Dis>1492.251</Dis>
    <Cta>486</Cta>
    <CodSec>13</CodSec>
  </S>
  <S>
    <Calle>ARIJO</Calle>
    <Lat>33.002573</Lat>
    <Lon>60.636082</Lon>
    <Dis>1485.447</Dis>
    <Cta>590</Cta>
    <CodSec>13</CodSec>
  </S>
  <S>
    <Calle>SMART</Calle>
    <Lat>32.999882</Lat>
    <Lon>60.648439</Lon>
    <Dis>1050.022</Dis>
    <Cta>673</Cta>
    <CodSec>13</CodSec>
  </S>
  <S>
    <Calle>URIB.</Calle>
    <Lat>32.990844</Lat>
    <Lon>60.646537</Lon>
    <Dis>1304.160</Dis>
    <Cta>742</Cta>
    <CodSec>13</CodSec>
  </S>
  <S>
    <Calle>SEGUI</Calle>
    <Lat>32.979503</Lat>
    <Lon>60.644272</Lon>
    <Dis>1342.560</Dis>
    <Cta>819</Cta>
    <CodSec>13</CodSec>
  </S>
  <S>
    <Calle>27FEB</Calle>
    <Lat>32.968367</Lat>
    <Lon>60.640851</Lon>
    <Dis>1194.948</Dis>
    <Cta>903</Cta>
    <CodSec>13</CodSec>
  </S>
  <S>
    <Calle>PELL.</Calle>
    <Lat>32.957990</Lat>
    <Lon>60.638094</Lon>
    <Dis>1364.098</Dis>
    <Cta>974</Cta>
    <CodSec>13</CodSec>
  </S>
  <S>
    <Calle>ERIOS</Calle>
    <Lat>32.949693</Lat>
    <Lon>60.641731</Lon>
    <Dis>1184.203</Dis>
    <Cta>1054</Cta>
    <CodSec>13</CodSec>
  </S>
  <S>
    <Calle>ORO?O</Calle>
    <Lat>32.947479</Lat>
    <Lon>60.654015</Lon>
    <Dis>789.324</Dis>
    <Cta>1133</Cta>
    <CodSec>13</CodSec>
  </S>
  <S>
    <Calle>OvLAG</Calle>
    <Lat>32.946004</Lat>
    <Lon>60.662256</Lon>
    <Dis>828.178</Dis>
    <Cta>1177</Cta>
    <CodSec>13</CodSec>
  </S>
  <S>
    <Calle>CORDO</Calle>
    <Lat>32.941644</Lat>
    <Lon>60.665412</Lon>
    <Dis>696.302</Dis>
    <Cta>1223</Cta>
    <CodSec>13</CodSec>
  </S>
  <S>
    <Calle>CAFFE</Calle>
    <Lat>32.939230</Lat>
    <Lon>60.670491</Lon>
    <Dis>777.074</Dis>
    <Cta>1264</Cta>
    <CodSec>13</CodSec>
  </S>
  <S>
    <Calle>AVELL</Calle>
    <Lat>32.937786</Lat>
    <Lon>60.678574</Lon>
    <Dis>2280.456</Dis>
    <Cta>1312</Cta>
    <CodSec>13</CodSec>
  </S>
  <S>
    <Calle>ROUIL</Calle>
    <Lat>32.934835</Lat>
    <Lon>60.702402</Lon>
    <Dis>1406.398</Dis>
    <Cta>1451</Cta>
    <CodSec>13</CodSec>
  </S>
  <S>
    <Calle>EVAPE</Calle>
    <Lat>32.933033</Lat>
    <Lon>60.713031</Lon>
    <Dis>1645.606</Dis>
    <Cta>1538</Cta>
    <CodSec>13</CodSec>
  </S>
  <S>
    <Calle>MONTE</Calle>
    <Lat>32.947522</Lat>
    <Lon>60.712348</Lon>
    <Dis>2302.193</Dis>
    <Cta>1668</Cta>
    <CodSec>13</CodSec>
  </S>
  <S>
    <Calle>PUNI</Calle>
    <Lat>32.968007</Lat>
    <Lon>60.711635</Lon>
    <Dis>2297.444</Dis>
    <Cta>1813</Cta>
    <CodSec>13</CodSec>
  </S>
  <S>
    <Calle>ESSL</Calle>
    <Lat>32.978562</Lat>
    <Lon>60.732698</Lon>
    <Dis>176.040</Dis>
    <Cta>1940</Cta>
    <CodSec>84</CodSec>
  </S>
  <S>
    <Calle>ESSO</Calle>
    <Lat>32.979287</Lat>
    <Lon>60.734332</Lon>
    <Dis>3364.432</Dis>
    <Cta>1955</Cta>
    <CodSec>85</CodSec>
  </S>
  <S>
    <Calle>LOPEZ</Calle>
    <Lat>32.995061</Lat>
    <Lon>60.764605</Lon>
    <Dis>2639.599</Dis>
    <Cta>2170</Cta>
    <CodSec>85</CodSec>
  </S>
  <S>
    <Calle>RUT33</Calle>
    <Lat>33.004972</Lat>
    <Lon>60.787306</Lon>
    <Dis>0</Dis>
    <Cta>2340</Cta>
    <CodSec>85</CodSec>
  </S>
</Sector>