<?xml version="1.0" standalone="yes"?>
<Sector>
  <xs:schema id="Sector" xmlns="" xmlns:xs="http://www.w3.org/2001/XMLSchema" xmlns:msdata="urn:schemas-microsoft-com:xml-msdata">
    <xs:element name="Sector" msdata:IsDataSet="true" msdata:Locale="">
      <xs:complexType>
        <xs:choice minOccurs="0" maxOccurs="unbounded">
          <xs:element name="S" msdata:Locale="">
            <xs:complexType>
              <xs:sequence>
                <xs:element name="Calle" type="xs:string" minOccurs="0" />
                <xs:element name="Lat" type="xs:decimal" minOccurs="0" />
                <xs:element name="Lon" type="xs:decimal" minOccurs="0" />
                <xs:element name="Dis" type="xs:decimal" minOccurs="0" />
                <xs:element name="Cta" type="xs:int" minOccurs="0" />
                <xs:element name="CodSec" type="xs:int" minOccurs="0" />
              </xs:sequence>
            </xs:complexType>
          </xs:element>
        </xs:choice>
      </xs:complexType>
    </xs:element>
  </xs:schema>
  <S>
    <Calle>ECUAD</Calle>
    <Lat>33.027413</Lat>
    <Lon>60.755802</Lon>
    <Dis>4782.384</Dis>
    <Cta>1</Cta>
    <CodSec>83</CodSec>
  </S>
  <S>
    <Calle>RUT33</Calle>
    <Lat>32.990327</Lat>
    <Lon>60.752710</Lon>
    <Dis>1767.586</Dis>
    <Cta>307</Cta>
    <CodSec>85</CodSec>
  </S>
  <S>
    <Calle>ESSO</Calle>
    <Lat>32.981270</Lat>
    <Lon>60.737967</Lon>
    <Dis>2842.502</Dis>
    <Cta>429</Cta>
    <CodSec>13</CodSec>
  </S>
  <S>
    <Calle>PUNI</Calle>
    <Lat>32.968249</Lat>
    <Lon>60.711910</Lon>
    <Dis>2059.206</Dis>
    <Cta>600</Cta>
    <CodSec>13</CodSec>
  </S>
  <S>
    <Calle>FMOR</Calle>
    <Lat>32.958825</Lat>
    <Lon>60.693091</Lon>
    <Dis>2459.597</Dis>
    <Cta>722</Cta>
    <CodSec>13</CodSec>
  </S>
  <S>
    <Calle>AvFRA</Calle>
    <Lat>32.962768</Lat>
    <Lon>60.671365</Lon>
    <Dis>2002.156</Dis>
    <Cta>868</Cta>
    <CodSec>13</CodSec>
  </S>
  <S>
    <Calle>P.ROC</Calle>
    <Lat>32.966366</Lat>
    <Lon>60.650775</Lon>
    <Dis>1679.464</Dis>
    <Cta>991</Cta>
    <CodSec>13</CodSec>
  </S>
  <S>
    <Calle>PELLE</Calle>
    <Lat>32.956514</Lat>
    <Lon>60.647976</Lon>
    <Dis>1383.588</Dis>
    <Cta>1090</Cta>
    <CodSec>13</CodSec>
  </S>
  <S>
    <Calle>ERIOS</Calle>
    <Lat>32.948489</Lat>
    <Lon>60.641887</Lon>
    <Dis>1281.346</Dis>
    <Cta>1174</Cta>
    <CodSec>13</CodSec>
  </S>
  <S>
    <Calle>SARMI</Calle>
    <Lat>32.957370</Lat>
    <Lon>60.641341</Lon>
    <Dis>1266.192</Dis>
    <Cta>1248</Cta>
    <CodSec>13</CodSec>
  </S>
  <S>
    <Calle>27FEB</Calle>
    <Lat>32.967392</Lat>
    <Lon>60.643426</Lon>
    <Dis>1549.063</Dis>
    <Cta>1319</Cta>
    <CodSec>13</CodSec>
  </S>
  <S>
    <Calle>SEGUI</Calle>
    <Lat>32.979244</Lat>
    <Lon>60.644342</Lon>
    <Dis>1281.803</Dis>
    <Cta>1420</Cta>
    <CodSec>13</CodSec>
  </S>
  <S>
    <Calle>URIB.</Calle>
    <Lat>32.990392</Lat>
    <Lon>60.646752</Lon>
    <Dis>1078.036</Dis>
    <Cta>1503</Cta>
    <CodSec>13</CodSec>
  </S>
  <S>
    <Calle>AvROS</Calle>
    <Lat>32.999743</Lat>
    <Lon>60.648707</Lon>
    <Dis>1609.674</Dis>
    <Cta>1575</Cta>
    <CodSec>13</CodSec>
  </S>
  <S>
    <Calle>AYACU</Calle>
    <Lat>33.002559</Lat>
    <Lon>60.636249</Lon>
    <Dis>1499.025</Dis>
    <Cta>1661</Cta>
    <CodSec>13</CodSec>
  </S>
  <S>
    <Calle>CIRCU</Calle>
    <Lat>33.015623</Lat>
    <Lon>60.634884</Lon>
    <Dis>1449.934</Dis>
    <Cta>1759</Cta>
    <CodSec>12</CodSec>
  </S>
  <S>
    <Calle>JDPER</Calle>
    <Lat>33.025396</Lat>
    <Lon>60.624876</Lon>
    <Dis>830.070</Dis>
    <Cta>1855</Cta>
    <CodSec>12</CodSec>
  </S>
  <S>
    <Calle>SORES</Calle>
    <Lat>33.029284</Lat>
    <Lon>60.619589</Lon>
    <Dis>0</Dis>
    <Cta>1961</Cta>
    <CodSec>12</CodSec>
  </S>
</Sector>