<?xml version="1.0" standalone="yes"?>
<Sector>
  <xs:schema id="Sector" xmlns="" xmlns:xs="http://www.w3.org/2001/XMLSchema" xmlns:msdata="urn:schemas-microsoft-com:xml-msdata">
    <xs:element name="Sector" msdata:IsDataSet="true" msdata:Locale="">
      <xs:complexType>
        <xs:choice minOccurs="0" maxOccurs="unbounded">
          <xs:element name="S" msdata:Locale="">
            <xs:complexType>
              <xs:sequence>
                <xs:element name="Calle" type="xs:string" minOccurs="0" />
                <xs:element name="Lat" type="xs:decimal" minOccurs="0" />
                <xs:element name="Lon" type="xs:decimal" minOccurs="0" />
                <xs:element name="Dis" type="xs:decimal" minOccurs="0" />
                <xs:element name="Cta" type="xs:int" minOccurs="0" />
                <xs:element name="CodSec" type="xs:int" minOccurs="0" />
              </xs:sequence>
            </xs:complexType>
          </xs:element>
        </xs:choice>
      </xs:complexType>
    </xs:element>
  </xs:schema>
  <S>
    <Calle>RUT33</Calle>
    <Lat>33.005404</Lat>
    <Lon>60.786961</Lon>
    <Dis>3239.561</Dis>
    <Cta>1</Cta>
    <CodSec>85</CodSec>
  </S>
  <S>
    <Calle>LOPEZ</Calle>
    <Lat>32.995119</Lat>
    <Lon>60.764545</Lon>
    <Dis>2956.420</Dis>
    <Cta>175</Cta>
    <CodSec>85</CodSec>
  </S>
  <S>
    <Calle>ESSO</Calle>
    <Lat>32.981403</Lat>
    <Lon>60.737942</Lon>
    <Dis>2928.805</Dis>
    <Cta>357</Cta>
    <CodSec>13</CodSec>
  </S>
  <S>
    <Calle>PUNI</Calle>
    <Lat>32.967994</Lat>
    <Lon>60.711312</Lon>
    <Dis>2016.267</Dis>
    <Cta>511</Cta>
    <CodSec>13</CodSec>
  </S>
  <S>
    <Calle>FMOR</Calle>
    <Lat>32.958720</Lat>
    <Lon>60.692777</Lon>
    <Dis>2638.979</Dis>
    <Cta>615</Cta>
    <CodSec>13</CodSec>
  </S>
  <S>
    <Calle>PELL</Calle>
    <Lat>32.952467</Lat>
    <Lon>60.668233</Lon>
    <Dis>2117.368</Dis>
    <Cta>753</Cta>
    <CodSec>13</CodSec>
  </S>
  <S>
    <Calle>ORO?O</Calle>
    <Lat>32.946356</Lat>
    <Lon>60.653977</Lon>
    <Dis>1189.357</Dis>
    <Cta>865</Cta>
    <CodSec>13</CodSec>
  </S>
  <S>
    <Calle>ERIOS</Calle>
    <Lat>32.948598</Lat>
    <Lon>60.641590</Lon>
    <Dis>1215.394</Dis>
    <Cta>924</Cta>
    <CodSec>13</CodSec>
  </S>
  <S>
    <Calle>SARMI</Calle>
    <Lat>32.957329</Lat>
    <Lon>60.640911</Lon>
    <Dis>1179.546</Dis>
    <Cta>990</Cta>
    <CodSec>13</CodSec>
  </S>
  <S>
    <Calle>27FEB</Calle>
    <Lat>32.967658</Lat>
    <Lon>60.643485</Lon>
    <Dis>1436.480</Dis>
    <Cta>1051</Cta>
    <CodSec>13</CodSec>
  </S>
  <S>
    <Calle>SEGUI</Calle>
    <Lat>32.979250</Lat>
    <Lon>60.644353</Lon>
    <Dis>1281.932</Dis>
    <Cta>1131</Cta>
    <CodSec>13</CodSec>
  </S>
  <S>
    <Calle>URIB.</Calle>
    <Lat>32.990582</Lat>
    <Lon>60.646660</Lon>
    <Dis>1058.744</Dis>
    <Cta>1199</Cta>
    <CodSec>13</CodSec>
  </S>
  <S>
    <Calle>AvROS</Calle>
    <Lat>32.999875</Lat>
    <Lon>60.648729</Lon>
    <Dis>1872.457</Dis>
    <Cta>1260</Cta>
    <CodSec>13</CodSec>
  </S>
  <S>
    <Calle>CIRCU</Calle>
    <Lat>33.016392</Lat>
    <Lon>60.652302</Lon>
    <Dis>1119.398</Dis>
    <Cta>1382</Cta>
    <CodSec>13</CodSec>
  </S>
  <S>
    <Calle>ArSAL</Calle>
    <Lat>33.026222</Lat>
    <Lon>60.654420</Lon>
    <Dis>2216.035</Dis>
    <Cta>1439</Cta>
    <CodSec>12</CodSec>
  </S>
  <S>
    <Calle>FILIP</Calle>
    <Lat>33.029323</Lat>
    <Lon>60.637275</Lon>
    <Dis>1855.757</Dis>
    <Cta>1564</Cta>
    <CodSec>12</CodSec>
  </S>
  <S>
    <Calle>S.RAF</Calle>
    <Lat>33.033609</Lat>
    <Lon>60.620893</Lon>
    <Dis>0</Dis>
    <Cta>1663</Cta>
    <CodSec>12</CodSec>
  </S>
</Sector>