<?xml version="1.0" standalone="yes"?>
<Sector>
  <xs:schema id="Sector" xmlns="" xmlns:xs="http://www.w3.org/2001/XMLSchema" xmlns:msdata="urn:schemas-microsoft-com:xml-msdata">
    <xs:element name="Sector" msdata:IsDataSet="true" msdata:Locale="">
      <xs:complexType>
        <xs:choice minOccurs="0" maxOccurs="unbounded">
          <xs:element name="S" msdata:Locale="">
            <xs:complexType>
              <xs:sequence>
                <xs:element name="Calle" type="xs:string" minOccurs="0" />
                <xs:element name="Lat" type="xs:decimal" minOccurs="0" />
                <xs:element name="Lon" type="xs:decimal" minOccurs="0" />
                <xs:element name="Dis" type="xs:decimal" minOccurs="0" />
                <xs:element name="Cta" type="xs:int" minOccurs="0" />
                <xs:element name="CodSec" type="xs:int" minOccurs="0" />
              </xs:sequence>
            </xs:complexType>
          </xs:element>
        </xs:choice>
      </xs:complexType>
    </xs:element>
  </xs:schema>
  <S>
    <Calle>SORES</Calle>
    <Lat>33.029299</Lat>
    <Lon>60.620206</Lon>
    <Dis>642.887</Dis>
    <Cta>1</Cta>
    <CodSec>12</CodSec>
  </S>
  <S>
    <Calle>JDPER</Calle>
    <Lat>33.025380</Lat>
    <Lon>60.624769</Lon>
    <Dis>1436.095</Dis>
    <Cta>81</Cta>
    <CodSec>12</CodSec>
  </S>
  <S>
    <Calle>CIRCU</Calle>
    <Lat>33.015647</Lat>
    <Lon>60.634730</Lon>
    <Dis>1423.967</Dis>
    <Cta>171</Cta>
    <CodSec>13</CodSec>
  </S>
  <S>
    <Calle>ARIJO</Calle>
    <Lat>33.003005</Lat>
    <Lon>60.636023</Lon>
    <Dis>1518.684</Dis>
    <Cta>269</Cta>
    <CodSec>13</CodSec>
  </S>
  <S>
    <Calle>SMART</Calle>
    <Lat>32.999848</Lat>
    <Lon>60.648373</Lon>
    <Dis>1045.570</Dis>
    <Cta>354</Cta>
    <CodSec>13</CodSec>
  </S>
  <S>
    <Calle>URIB.</Calle>
    <Lat>32.990892</Lat>
    <Lon>60.646657</Lon>
    <Dis>1269.582</Dis>
    <Cta>423</Cta>
    <CodSec>13</CodSec>
  </S>
  <S>
    <Calle>SEGUI</Calle>
    <Lat>32.979738</Lat>
    <Lon>60.644363</Lon>
    <Dis>1408.374</Dis>
    <Cta>498</Cta>
    <CodSec>13</CodSec>
  </S>
  <S>
    <Calle>27FEB</Calle>
    <Lat>32.968325</Lat>
    <Lon>60.640827</Lon>
    <Dis>1196.905</Dis>
    <Cta>587</Cta>
    <CodSec>13</CodSec>
  </S>
  <S>
    <Calle>PELL.</Calle>
    <Lat>32.958116</Lat>
    <Lon>60.638115</Lon>
    <Dis>1371.037</Dis>
    <Cta>655</Cta>
    <CodSec>13</CodSec>
  </S>
  <S>
    <Calle>ERIOS</Calle>
    <Lat>32.949750</Lat>
    <Lon>60.641565</Lon>
    <Dis>1217.040</Dis>
    <Cta>735</Cta>
    <CodSec>13</CodSec>
  </S>
  <S>
    <Calle>ORO?O</Calle>
    <Lat>32.947424</Lat>
    <Lon>60.654113</Lon>
    <Dis>790.077</Dis>
    <Cta>811</Cta>
    <CodSec>13</CodSec>
  </S>
  <S>
    <Calle>OvLAG</Calle>
    <Lat>32.946045</Lat>
    <Lon>60.662252</Lon>
    <Dis>1240.686</Dis>
    <Cta>855</Cta>
    <CodSec>13</CodSec>
  </S>
  <S>
    <Calle>PELL</Calle>
    <Lat>32.952495</Lat>
    <Lon>60.668370</Lon>
    <Dis>2624.827</Dis>
    <Cta>929</Cta>
    <CodSec>13</CodSec>
  </S>
  <S>
    <Calle>FMOR</Calle>
    <Lat>32.958640</Lat>
    <Lon>60.692885</Lon>
    <Dis>2025.584</Dis>
    <Cta>1086</Cta>
    <CodSec>13</CodSec>
  </S>
  <S>
    <Calle>PUNI</Calle>
    <Lat>32.967906</Lat>
    <Lon>60.711407</Lon>
    <Dis>2323.613</Dis>
    <Cta>1206</Cta>
    <CodSec>13</CodSec>
  </S>
  <S>
    <Calle>ESSL</Calle>
    <Lat>32.978575</Lat>
    <Lon>60.732672</Lon>
    <Dis>153.697</Dis>
    <Cta>1335</Cta>
    <CodSec>84</CodSec>
  </S>
  <S>
    <Calle>ESSO</Calle>
    <Lat>32.979261</Lat>
    <Lon>60.734074</Lon>
    <Dis>3477.916</Dis>
    <Cta>1348</Cta>
    <CodSec>85</CodSec>
  </S>
  <S>
    <Calle>LOPEZ</Calle>
    <Lat>32.995643</Lat>
    <Lon>60.765267</Lon>
    <Dis>2954.466</Dis>
    <Cta>1574</Cta>
    <CodSec>85</CodSec>
  </S>
  <S>
    <Calle>RUT33</Calle>
    <Lat>33.005558</Lat>
    <Lon>60.786750</Lon>
    <Dis>0</Dis>
    <Cta>1770</Cta>
    <CodSec>85</CodSec>
  </S>
</Sector>