<?xml version="1.0" standalone="yes"?>
<Sector>
  <xs:schema id="Sector" xmlns="" xmlns:xs="http://www.w3.org/2001/XMLSchema" xmlns:msdata="urn:schemas-microsoft-com:xml-msdata">
    <xs:element name="Sector" msdata:IsDataSet="true" msdata:Locale="">
      <xs:complexType>
        <xs:choice minOccurs="0" maxOccurs="unbounded">
          <xs:element name="S" msdata:Locale="">
            <xs:complexType>
              <xs:sequence>
                <xs:element name="Calle" type="xs:string" minOccurs="0" />
                <xs:element name="Lat" type="xs:decimal" minOccurs="0" />
                <xs:element name="Lon" type="xs:decimal" minOccurs="0" />
                <xs:element name="Dis" type="xs:decimal" minOccurs="0" />
                <xs:element name="Cta" type="xs:int" minOccurs="0" />
                <xs:element name="CodSec" type="xs:int" minOccurs="0" />
              </xs:sequence>
            </xs:complexType>
          </xs:element>
        </xs:choice>
      </xs:complexType>
    </xs:element>
  </xs:schema>
  <S>
    <Calle>RUT33</Calle>
    <Lat>33.005404</Lat>
    <Lon>60.786961</Lon>
    <Dis>3258.599</Dis>
    <Cta>1</Cta>
    <CodSec>85</CodSec>
  </S>
  <S>
    <Calle>LOPEZ</Calle>
    <Lat>32.995119</Lat>
    <Lon>60.764545</Lon>
    <Dis>2961.783</Dis>
    <Cta>209</Cta>
    <CodSec>85</CodSec>
  </S>
  <S>
    <Calle>ESSO</Calle>
    <Lat>32.981408</Lat>
    <Lon>60.737951</Lon>
    <Dis>2941.803</Dis>
    <Cta>408</Cta>
    <CodSec>13</CodSec>
  </S>
  <S>
    <Calle>PUNI</Calle>
    <Lat>32.967994</Lat>
    <Lon>60.711312</Lon>
    <Dis>2012.213</Dis>
    <Cta>584</Cta>
    <CodSec>13</CodSec>
  </S>
  <S>
    <Calle>FMOR</Calle>
    <Lat>32.958810</Lat>
    <Lon>60.692906</Lon>
    <Dis>2685.081</Dis>
    <Cta>708</Cta>
    <CodSec>13</CodSec>
  </S>
  <S>
    <Calle>PELL</Calle>
    <Lat>32.952305</Lat>
    <Lon>60.668147</Lon>
    <Dis>2098.735</Dis>
    <Cta>874</Cta>
    <CodSec>13</CodSec>
  </S>
  <S>
    <Calle>ORO?O</Calle>
    <Lat>32.946392</Lat>
    <Lon>60.654009</Lon>
    <Dis>1196.646</Dis>
    <Cta>996</Cta>
    <CodSec>13</CodSec>
  </S>
  <S>
    <Calle>ERIOS</Calle>
    <Lat>32.948553</Lat>
    <Lon>60.641590</Lon>
    <Dis>1217.809</Dis>
    <Cta>1061</Cta>
    <CodSec>13</CodSec>
  </S>
  <S>
    <Calle>SARMI</Calle>
    <Lat>32.957338</Lat>
    <Lon>60.640922</Lon>
    <Dis>1200.944</Dis>
    <Cta>1133</Cta>
    <CodSec>13</CodSec>
  </S>
  <S>
    <Calle>27FEB</Calle>
    <Lat>32.967694</Lat>
    <Lon>60.643399</Lon>
    <Dis>1458.942</Dis>
    <Cta>1204</Cta>
    <CodSec>13</CodSec>
  </S>
  <S>
    <Calle>SEGUI</Calle>
    <Lat>32.979358</Lat>
    <Lon>60.644417</Lon>
    <Dis>1272.491</Dis>
    <Cta>1301</Cta>
    <CodSec>13</CodSec>
  </S>
  <S>
    <Calle>URIB.</Calle>
    <Lat>32.990582</Lat>
    <Lon>60.646703</Lon>
    <Dis>1058.232</Dis>
    <Cta>1378</Cta>
    <CodSec>13</CodSec>
  </S>
  <S>
    <Calle>AvROS</Calle>
    <Lat>32.999893</Lat>
    <Lon>60.648739</Lon>
    <Dis>1610.551</Dis>
    <Cta>1452</Cta>
    <CodSec>13</CodSec>
  </S>
  <S>
    <Calle>AYACU</Calle>
    <Lat>33.002608</Lat>
    <Lon>60.635999</Lon>
    <Dis>1491.152</Dis>
    <Cta>1536</Cta>
    <CodSec>13</CodSec>
  </S>
  <S>
    <Calle>CIRCU</Calle>
    <Lat>33.015828</Lat>
    <Lon>60.634801</Lon>
    <Dis>1441.169</Dis>
    <Cta>1635</Cta>
    <CodSec>12</CodSec>
  </S>
  <S>
    <Calle>JDPER</Calle>
    <Lat>33.025569</Lat>
    <Lon>60.624717</Lon>
    <Dis>4076.202</Dis>
    <Cta>1729</Cta>
    <CodSec>12</CodSec>
  </S>
  <S>
    <Calle>ESPER</Calle>
    <Lat>33.047104</Lat>
    <Lon>60.606341</Lon>
    <Dis>2247.990</Dis>
    <Cta>2087</Cta>
    <CodSec>11</CodSec>
  </S>
  <S>
    <Calle>15MAY</Calle>
    <Lat>33.056985</Lat>
    <Lon>60.614167</Lon>
    <Dis>3238.130</Dis>
    <Cta>2195</Cta>
    <CodSec>11</CodSec>
  </S>
  <S>
    <Calle>BELGR</Calle>
    <Lat>33.054928</Lat>
    <Lon>60.618339</Lon>
    <Dis>0</Dis>
    <Cta>2403</Cta>
    <CodSec>11</CodSec>
  </S>
</Sector>