<?xml version="1.0" standalone="yes"?>
<Sector>
  <xs:schema id="Sector" xmlns="" xmlns:xs="http://www.w3.org/2001/XMLSchema" xmlns:msdata="urn:schemas-microsoft-com:xml-msdata">
    <xs:element name="Sector" msdata:IsDataSet="true" msdata:Locale="">
      <xs:complexType>
        <xs:choice minOccurs="0" maxOccurs="unbounded">
          <xs:element name="S" msdata:Locale="">
            <xs:complexType>
              <xs:sequence>
                <xs:element name="Calle" type="xs:string" minOccurs="0" />
                <xs:element name="Lat" type="xs:decimal" minOccurs="0" />
                <xs:element name="Lon" type="xs:decimal" minOccurs="0" />
                <xs:element name="Dis" type="xs:decimal" minOccurs="0" />
                <xs:element name="Cta" type="xs:int" minOccurs="0" />
                <xs:element name="CodSec" type="xs:int" minOccurs="0" />
              </xs:sequence>
            </xs:complexType>
          </xs:element>
        </xs:choice>
      </xs:complexType>
    </xs:element>
  </xs:schema>
  <S>
    <Calle>S.RAF</Calle>
    <Lat>33.033611</Lat>
    <Lon>60.620893</Lon>
    <Dis>1869.064</Dis>
    <Cta>1</Cta>
    <CodSec>12</CodSec>
  </S>
  <S>
    <Calle>AGUIR</Calle>
    <Lat>33.029288</Lat>
    <Lon>60.637170</Lon>
    <Dis>2221.947</Dis>
    <Cta>98</Cta>
    <CodSec>12</CodSec>
  </S>
  <S>
    <Calle>ArSAL</Calle>
    <Lat>33.026221</Lat>
    <Lon>60.654387</Lon>
    <Dis>1119.833</Dis>
    <Cta>221</Cta>
    <CodSec>13</CodSec>
  </S>
  <S>
    <Calle>CIRCU</Calle>
    <Lat>33.016386</Lat>
    <Lon>60.652160</Lon>
    <Dis>1895.963</Dis>
    <Cta>279</Cta>
    <CodSec>13</CodSec>
  </S>
  <S>
    <Calle>AvROS</Calle>
    <Lat>32.999847</Lat>
    <Lon>60.648608</Lon>
    <Dis>1019.433</Dis>
    <Cta>416</Cta>
    <CodSec>13</CodSec>
  </S>
  <S>
    <Calle>URIB.</Calle>
    <Lat>32.990856</Lat>
    <Lon>60.646623</Lon>
    <Dis>1278.942</Dis>
    <Cta>472</Cta>
    <CodSec>13</CodSec>
  </S>
  <S>
    <Calle>SEGUI</Calle>
    <Lat>32.979564</Lat>
    <Lon>60.644300</Lon>
    <Dis>1364.289</Dis>
    <Cta>539</Cta>
    <CodSec>13</CodSec>
  </S>
  <S>
    <Calle>27FEB</Calle>
    <Lat>32.968187</Lat>
    <Lon>60.640745</Lon>
    <Dis>1172.937</Dis>
    <Cta>615</Cta>
    <CodSec>13</CodSec>
  </S>
  <S>
    <Calle>PELL.</Calle>
    <Lat>32.957954</Lat>
    <Lon>60.638148</Lon>
    <Dis>1362.097</Dis>
    <Cta>674</Cta>
    <CodSec>13</CodSec>
  </S>
  <S>
    <Calle>ERIOS</Calle>
    <Lat>32.949684</Lat>
    <Lon>60.641746</Lon>
    <Dis>1339.406</Dis>
    <Cta>745</Cta>
    <CodSec>13</CodSec>
  </S>
  <S>
    <Calle>PELL</Calle>
    <Lat>32.955617</Lat>
    <Lon>60.649163</Lon>
    <Dis>1179.362</Dis>
    <Cta>824</Cta>
    <CodSec>13</CodSec>
  </S>
  <S>
    <Calle>27FBR</Calle>
    <Lat>32.965955</Lat>
    <Lon>60.651783</Lon>
    <Dis>1812.036</Dis>
    <Cta>891</Cta>
    <CodSec>13</CodSec>
  </S>
  <S>
    <Calle>AvFRA</Calle>
    <Lat>32.962696</Lat>
    <Lon>60.670614</Lon>
    <Dis>2484.535</Dis>
    <Cta>981</Cta>
    <CodSec>13</CodSec>
  </S>
  <S>
    <Calle>FMOR</Calle>
    <Lat>32.958657</Lat>
    <Lon>60.692819</Lon>
    <Dis>2023.423</Dis>
    <Cta>1116</Cta>
    <CodSec>13</CodSec>
  </S>
  <S>
    <Calle>PUNI</Calle>
    <Lat>32.967926</Lat>
    <Lon>60.711340</Lon>
    <Dis>2333.508</Dis>
    <Cta>1216</Cta>
    <CodSec>13</CodSec>
  </S>
  <S>
    <Calle>ESSL</Calle>
    <Lat>32.978604</Lat>
    <Lon>60.732696</Lon>
    <Dis>176.873</Dis>
    <Cta>1330</Cta>
    <CodSec>84</CodSec>
  </S>
  <S>
    <Calle>ESSO</Calle>
    <Lat>32.979361</Lat>
    <Lon>60.734284</Lon>
    <Dis>2162.247</Dis>
    <Cta>1341</Cta>
    <CodSec>85</CodSec>
  </S>
  <S>
    <Calle>AcSOL</Calle>
    <Lat>32.989354</Lat>
    <Lon>60.752782</Lon>
    <Dis>4679.285</Dis>
    <Cta>1486</Cta>
    <CodSec>83</CodSec>
  </S>
  <S>
    <Calle>ECUAD</Calle>
    <Lat>33.027610</Lat>
    <Lon>60.755906</Lon>
    <Dis>0</Dis>
    <Cta>1768</Cta>
    <CodSec>83</CodSec>
  </S>
</Sector>