<?xml version="1.0" standalone="yes"?>
<Sector>
  <xs:schema id="Sector" xmlns="" xmlns:xs="http://www.w3.org/2001/XMLSchema" xmlns:msdata="urn:schemas-microsoft-com:xml-msdata">
    <xs:element name="Sector" msdata:IsDataSet="true" msdata:Locale="">
      <xs:complexType>
        <xs:choice minOccurs="0" maxOccurs="unbounded">
          <xs:element name="S" msdata:Locale="">
            <xs:complexType>
              <xs:sequence>
                <xs:element name="Calle" type="xs:string" minOccurs="0" />
                <xs:element name="Lat" type="xs:decimal" minOccurs="0" />
                <xs:element name="Lon" type="xs:decimal" minOccurs="0" />
                <xs:element name="Dis" type="xs:decimal" minOccurs="0" />
                <xs:element name="Cta" type="xs:int" minOccurs="0" />
                <xs:element name="CodSec" type="xs:int" minOccurs="0" />
              </xs:sequence>
            </xs:complexType>
          </xs:element>
        </xs:choice>
      </xs:complexType>
    </xs:element>
  </xs:schema>
  <S>
    <Calle>BELGR</Calle>
    <Lat>33.054912</Lat>
    <Lon>60.618598</Lon>
    <Dis>7296.297</Dis>
    <Cta>1</Cta>
    <CodSec>11</CodSec>
  </S>
  <S>
    <Calle>ESPER</Calle>
    <Lat>33.047054</Lat>
    <Lon>60.606263</Lon>
    <Dis>3035.074</Dis>
    <Cta>417</Cta>
    <CodSec>12</CodSec>
  </S>
  <S>
    <Calle>JDPER</Calle>
    <Lat>33.025506</Lat>
    <Lon>60.624535</Lon>
    <Dis>1424.869</Dis>
    <Cta>747</Cta>
    <CodSec>12</CodSec>
  </S>
  <S>
    <Calle>CIRCU</Calle>
    <Lat>33.015981</Lat>
    <Lon>60.634381</Lon>
    <Dis>1518.867</Dis>
    <Cta>835</Cta>
    <CodSec>13</CodSec>
  </S>
  <S>
    <Calle>ARIJO</Calle>
    <Lat>33.002786</Lat>
    <Lon>60.635852</Lon>
    <Dis>1536.709</Dis>
    <Cta>937</Cta>
    <CodSec>13</CodSec>
  </S>
  <S>
    <Calle>SMART</Calle>
    <Lat>32.999826</Lat>
    <Lon>60.648448</Lon>
    <Dis>1049.413</Dis>
    <Cta>1022</Cta>
    <CodSec>13</CodSec>
  </S>
  <S>
    <Calle>URIB.</Calle>
    <Lat>32.990856</Lat>
    <Lon>60.646623</Lon>
    <Dis>1273.897</Dis>
    <Cta>1090</Cta>
    <CodSec>13</CodSec>
  </S>
  <S>
    <Calle>SEGUI</Calle>
    <Lat>32.979654</Lat>
    <Lon>60.644236</Lon>
    <Dis>1394.026</Dis>
    <Cta>1166</Cta>
    <CodSec>13</CodSec>
  </S>
  <S>
    <Calle>27FEB</Calle>
    <Lat>32.968187</Lat>
    <Lon>60.640724</Lon>
    <Dis>1201.831</Dis>
    <Cta>1253</Cta>
    <CodSec>13</CodSec>
  </S>
  <S>
    <Calle>PELL.</Calle>
    <Lat>32.957731</Lat>
    <Lon>60.638108</Lon>
    <Dis>1328.704</Dis>
    <Cta>1322</Cta>
    <CodSec>13</CodSec>
  </S>
  <S>
    <Calle>ERIOS</Calle>
    <Lat>32.949684</Lat>
    <Lon>60.641746</Lon>
    <Dis>1176.001</Dis>
    <Cta>1400</Cta>
    <CodSec>13</CodSec>
  </S>
  <S>
    <Calle>ORO?O</Calle>
    <Lat>32.947480</Lat>
    <Lon>60.653988</Lon>
    <Dis>790.879</Dis>
    <Cta>1477</Cta>
    <CodSec>13</CodSec>
  </S>
  <S>
    <Calle>OvLAG</Calle>
    <Lat>32.946013</Lat>
    <Lon>60.662223</Lon>
    <Dis>1212.662</Dis>
    <Cta>1521</Cta>
    <CodSec>13</CodSec>
  </S>
  <S>
    <Calle>PELL</Calle>
    <Lat>32.952207</Lat>
    <Lon>60.668366</Lon>
    <Dis>2663.192</Dis>
    <Cta>1592</Cta>
    <CodSec>13</CodSec>
  </S>
  <S>
    <Calle>FMOR</Calle>
    <Lat>32.958657</Lat>
    <Lon>60.692819</Lon>
    <Dis>2030.848</Dis>
    <Cta>1753</Cta>
    <CodSec>13</CodSec>
  </S>
  <S>
    <Calle>PUNI</Calle>
    <Lat>32.967926</Lat>
    <Lon>60.711340</Lon>
    <Dis>2344.425</Dis>
    <Cta>1874</Cta>
    <CodSec>13</CodSec>
  </S>
  <S>
    <Calle>ESSL</Calle>
    <Lat>32.978584</Lat>
    <Lon>60.732736</Lon>
    <Dis>154.504</Dis>
    <Cta>2004</Cta>
    <CodSec>84</CodSec>
  </S>
  <S>
    <Calle>ESSO</Calle>
    <Lat>32.979287</Lat>
    <Lon>60.734151</Lon>
    <Dis>3379.192</Dis>
    <Cta>2017</Cta>
    <CodSec>85</CodSec>
  </S>
  <S>
    <Calle>LOPEZ</Calle>
    <Lat>32.995164</Lat>
    <Lon>60.764721</Lon>
    <Dis>3110.384</Dis>
    <Cta>2236</Cta>
    <CodSec>85</CodSec>
  </S>
  <S>
    <Calle>RUT33</Calle>
    <Lat>33.004913</Lat>
    <Lon>60.787267</Lon>
    <Dis>0</Dis>
    <Cta>2445</Cta>
    <CodSec>85</CodSec>
  </S>
</Sector>