<?xml version="1.0" standalone="yes"?>
<Version>
  <xs:schema id="Version" xmlns="" xmlns:xs="http://www.w3.org/2001/XMLSchema" xmlns:msdata="urn:schemas-microsoft-com:xml-msdata">
    <xs:element name="Version" msdata:IsDataSet="true" msdata:UseCurrentLocale="true">
      <xs:complexType>
        <xs:choice minOccurs="0" maxOccurs="unbounded">
          <xs:element name="datosVersion">
            <xs:complexType>
              <xs:sequence>
                <xs:element name="nroVersion" type="xs:int" minOccurs="0" />
                <xs:element name="fechaActivacion" type="xs:dateTime" minOccurs="0" />
              </xs:sequence>
            </xs:complexType>
          </xs:element>
          <xs:element name="archivos">
            <xs:complexType>
              <xs:sequence>
                <xs:element name="archivo" type="xs:string" minOccurs="0" />
                <xs:element name="hash" type="xs:string" minOccurs="0" />
              </xs:sequence>
            </xs:complexType>
          </xs:element>
        </xs:choice>
      </xs:complexType>
    </xs:element>
  </xs:schema>
  <datosVersion>
    <nroVersion>32</nroVersion>
    <fechaActivacion>2020-01-03T00:00:00-03:00</fechaActivacion>
  </datosVersion>
  <archivos>
    <archivo>s00210257.xml</archivo>
    <hash>95AE41B4A5B8709682B167192A4A5075</hash>
  </archivos>
  <archivos>
    <archivo>s00210258.xml</archivo>
    <hash>4F889A3FC18381C5376B61CCE152C329</hash>
  </archivos>
  <archivos>
    <archivo>s00210433.xml</archivo>
    <hash>EEB7F757F03B77C78CD9E6B741E532C8</hash>
  </archivos>
  <archivos>
    <archivo>s00210434.xml</archivo>
    <hash>5B166F976CE4DD3EC64C746E4A65304D</hash>
  </archivos>
  <archivos>
    <archivo>s00210450.xml</archivo>
    <hash>A7B160C98DBA58A9AF09D0DE48D47534</hash>
  </archivos>
  <archivos>
    <archivo>s00210451.xml</archivo>
    <hash>23FD02B00F0F68EA097809338BF32828</hash>
  </archivos>
  <archivos>
    <archivo>s00210668.xml</archivo>
    <hash>8FCD552262481F403A472AC0B18E1182</hash>
  </archivos>
  <archivos>
    <archivo>s00210807.xml</archivo>
    <hash>08E02A1BB558530B93C83679716CC58B</hash>
  </archivos>
  <archivos>
    <archivo>s00210808.xml</archivo>
    <hash>6F2F36CCAA479A210702C98563429627</hash>
  </archivos>
  <archivos>
    <archivo>s00210813.xml</archivo>
    <hash>0203602574F7069C166143DB6FC62FBA</hash>
  </archivos>
  <archivos>
    <archivo>s00210814.xml</archivo>
    <hash>6BCA6CC6EAFCC096BDEE979E8E922E53</hash>
  </archivos>
  <archivos>
    <archivo>s00210815.xml</archivo>
    <hash>E3702A43D675F7C41E9A0EAACE48FEB9</hash>
  </archivos>
  <archivos>
    <archivo>s00210816.xml</archivo>
    <hash>5525931AB5072C477DBF11D03BFF4137</hash>
  </archivos>
  <archivos>
    <archivo>s00210818.xml</archivo>
    <hash>44DE142FA33C4AD1CF725BF692DA9E66</hash>
  </archivos>
  <archivos>
    <archivo>s00210862.xml</archivo>
    <hash>84C6D18FF59BA9C85C2D50085548EB21</hash>
  </archivos>
  <archivos>
    <archivo>s00210931.xml</archivo>
    <hash>A5842374AD54ACBC9CCBFA861056C3FD</hash>
  </archivos>
  <archivos>
    <archivo>s00210932.xml</archivo>
    <hash>0A54740B94AEB9D7F64EF004B03CFDD9</hash>
  </archivos>
  <archivos>
    <archivo>s00210933.xml</archivo>
    <hash>2C140CE0C3A02DCDA32A601B62837528</hash>
  </archivos>
  <archivos>
    <archivo>s00210934.xml</archivo>
    <hash>85B2352690F010C9BB8D2892120F0745</hash>
  </archivos>
  <archivos>
    <archivo>r00210257.txt</archivo>
    <hash>A7450C0EC9DDDF722FE24592A64A4BCC</hash>
  </archivos>
  <archivos>
    <archivo>r00210258.txt</archivo>
    <hash>9B929B5DBF67C0FBF5031F678CC823FF</hash>
  </archivos>
  <archivos>
    <archivo>r00210433.txt</archivo>
    <hash>19B36919641E38D5E6516C3318108D7A</hash>
  </archivos>
  <archivos>
    <archivo>r00210434.txt</archivo>
    <hash>F342F5B1D98BE95BC103C31F64D91230</hash>
  </archivos>
  <archivos>
    <archivo>r00210450.txt</archivo>
    <hash>C2E7A4B991CC5F32E62B04BA6D8B5660</hash>
  </archivos>
  <archivos>
    <archivo>r00210451.txt</archivo>
    <hash>3CB5947B36F77B1EAE20A814FC858FAC</hash>
  </archivos>
  <archivos>
    <archivo>r00210668.txt</archivo>
    <hash>53189450514BB3E7B975B9A27A605C57</hash>
  </archivos>
  <archivos>
    <archivo>r00210807.txt</archivo>
    <hash>036D21C7EC820AA62511F09A4F97D8F0</hash>
  </archivos>
  <archivos>
    <archivo>r00210808.txt</archivo>
    <hash>88A7AB70468CF71AC1370769B1AD6B76</hash>
  </archivos>
  <archivos>
    <archivo>r00210813.txt</archivo>
    <hash>5010D40551BEA5B56DFDE826B5CAA65E</hash>
  </archivos>
  <archivos>
    <archivo>r00210814.txt</archivo>
    <hash>BD17D8256E6EF2AC18115FA289255C57</hash>
  </archivos>
  <archivos>
    <archivo>r00210815.txt</archivo>
    <hash>263842F51D9B0894C50544D5E16F8E60</hash>
  </archivos>
  <archivos>
    <archivo>r00210816.txt</archivo>
    <hash>B68F35CD90EE429728B6709F237F773C</hash>
  </archivos>
  <archivos>
    <archivo>r00210818.txt</archivo>
    <hash>20D75D8ADC9F30A31C9F8CA1223DDC04</hash>
  </archivos>
  <archivos>
    <archivo>r00210862.txt</archivo>
    <hash>39AFD1AF2C695D3ECF3C89375CE99F13</hash>
  </archivos>
  <archivos>
    <archivo>r00210931.txt</archivo>
    <hash>D3D363439D652B2154C0542215D04F1E</hash>
  </archivos>
  <archivos>
    <archivo>r00210932.txt</archivo>
    <hash>291E85DD3C0B290D1D3D8D1F99C4DC06</hash>
  </archivos>
  <archivos>
    <archivo>r00210933.txt</archivo>
    <hash>960AD79B78B2FE62D5D132A6601B8F79</hash>
  </archivos>
  <archivos>
    <archivo>r00210934.txt</archivo>
    <hash>1EFC4FF4877BD0A0D4BACB580FDFF378</hash>
  </archivos>
  <archivos>
    <archivo>sectoresTarifarios.xml</archivo>
    <hash>D232FE1906E33C66AFEE24B24B048B27</hash>
  </archivos>
</Version>