<?xml version="1.0" standalone="yes"?>
<Sector>
  <xs:schema id="Sector" xmlns="" xmlns:xs="http://www.w3.org/2001/XMLSchema" xmlns:msdata="urn:schemas-microsoft-com:xml-msdata">
    <xs:element name="Sector" msdata:IsDataSet="true" msdata:Locale="">
      <xs:complexType>
        <xs:choice minOccurs="0" maxOccurs="unbounded">
          <xs:element name="S" msdata:Locale="">
            <xs:complexType>
              <xs:sequence>
                <xs:element name="Calle" type="xs:string" minOccurs="0" />
                <xs:element name="Lat" type="xs:decimal" minOccurs="0" />
                <xs:element name="Lon" type="xs:decimal" minOccurs="0" />
                <xs:element name="Dis" type="xs:decimal" minOccurs="0" />
                <xs:element name="Cta" type="xs:int" minOccurs="0" />
                <xs:element name="CodSec" type="xs:int" minOccurs="0" />
              </xs:sequence>
            </xs:complexType>
          </xs:element>
        </xs:choice>
      </xs:complexType>
    </xs:element>
  </xs:schema>
  <S>
    <Calle>RUT11</Calle>
    <Lat>32.829990</Lat>
    <Lon>60.712614</Lon>
    <Dis>3164.804</Dis>
    <Cta>1</Cta>
    <CodSec>14</CodSec>
  </S>
  <S>
    <Calle>PAGAN</Calle>
    <Lat>32.856727</Lat>
    <Lon>60.703960</Lon>
    <Dis>1645.293</Dis>
    <Cta>191</Cta>
    <CodSec>14</CodSec>
  </S>
  <S>
    <Calle>CIUDA</Calle>
    <Lat>32.870959</Lat>
    <Lon>60.699622</Lon>
    <Dis>2781.846</Dis>
    <Cta>286</Cta>
    <CodSec>14</CodSec>
  </S>
  <S>
    <Calle>PUCCI</Calle>
    <Lat>32.894796</Lat>
    <Lon>60.692463</Lon>
    <Dis>2946.860</Dis>
    <Cta>467</Cta>
    <CodSec>14</CodSec>
  </S>
  <S>
    <Calle>JJPAS</Calle>
    <Lat>32.919261</Lat>
    <Lon>60.682427</Lon>
    <Dis>1108.462</Dis>
    <Cta>650</Cta>
    <CodSec>14</CodSec>
  </S>
  <S>
    <Calle>ALBER</Calle>
    <Lat>32.926627</Lat>
    <Lon>60.676708</Lon>
    <Dis>3767.910</Dis>
    <Cta>715</Cta>
    <CodSec>14</CodSec>
  </S>
  <S>
    <Calle>MOREN</Calle>
    <Lat>32.937249</Lat>
    <Lon>60.648747</Lon>
    <Dis>1978.364</Dis>
    <Cta>963</Cta>
    <CodSec>14</CodSec>
  </S>
  <S>
    <Calle>SLUIS</Calle>
    <Lat>32.948258</Lat>
    <Lon>60.641461</Lon>
    <Dis>1300.986</Dis>
    <Cta>1085</Cta>
    <CodSec>14</CodSec>
  </S>
  <S>
    <Calle>SARMI</Calle>
    <Lat>32.957327</Lat>
    <Lon>60.640969</Lon>
    <Dis>1234.314</Dis>
    <Cta>1164</Cta>
    <CodSec>14</CodSec>
  </S>
  <S>
    <Calle>27FEB</Calle>
    <Lat>32.967695</Lat>
    <Lon>60.643390</Lon>
    <Dis>1465.733</Dis>
    <Cta>1237</Cta>
    <CodSec>14</CodSec>
  </S>
  <S>
    <Calle>SEGUI</Calle>
    <Lat>32.979277</Lat>
    <Lon>60.644309</Lon>
    <Dis>1349.088</Dis>
    <Cta>1329</Cta>
    <CodSec>14</CodSec>
  </S>
  <S>
    <Calle>URIB.</Calle>
    <Lat>32.990890</Lat>
    <Lon>60.646714</Lon>
    <Dis>1062.355</Dis>
    <Cta>1411</Cta>
    <CodSec>14</CodSec>
  </S>
  <S>
    <Calle>AvROS</Calle>
    <Lat>32.999805</Lat>
    <Lon>60.648798</Lon>
    <Dis>1623.660</Dis>
    <Cta>1481</Cta>
    <CodSec>14</CodSec>
  </S>
  <S>
    <Calle>AYACU</Calle>
    <Lat>33.002671</Lat>
    <Lon>60.636050</Lon>
    <Dis>1482.523</Dis>
    <Cta>1565</Cta>
    <CodSec>14</CodSec>
  </S>
  <S>
    <Calle>CIRCU</Calle>
    <Lat>33.015798</Lat>
    <Lon>60.634793</Lon>
    <Dis>972.222</Dis>
    <Cta>1664</Cta>
    <CodSec>12</CodSec>
  </S>
  <S>
    <Calle>S.DIE</Calle>
    <Lat>33.019495</Lat>
    <Lon>60.636390</Lon>
    <Dis>2208.879</Dis>
    <Cta>1724</Cta>
    <CodSec>12</CodSec>
  </S>
  <S>
    <Calle>SMART</Calle>
    <Lat>33.026919</Lat>
    <Lon>60.623054</Lon>
    <Dis>4107.833</Dis>
    <Cta>1878</Cta>
    <CodSec>12</CodSec>
  </S>
  <S>
    <Calle>JDPER</Calle>
    <Lat>33.018935</Lat>
    <Lon>60.618408</Lon>
    <Dis>0</Dis>
    <Cta>2135</Cta>
    <CodSec>12</CodSec>
  </S>
</Sector>