<?xml version="1.0" standalone="yes"?>
<Sector>
  <xs:schema id="Sector" xmlns="" xmlns:xs="http://www.w3.org/2001/XMLSchema" xmlns:msdata="urn:schemas-microsoft-com:xml-msdata">
    <xs:element name="Sector" msdata:IsDataSet="true" msdata:Locale="">
      <xs:complexType>
        <xs:choice minOccurs="0" maxOccurs="unbounded">
          <xs:element name="S" msdata:Locale="">
            <xs:complexType>
              <xs:sequence>
                <xs:element name="Calle" type="xs:string" minOccurs="0" />
                <xs:element name="Lat" type="xs:decimal" minOccurs="0" />
                <xs:element name="Lon" type="xs:decimal" minOccurs="0" />
                <xs:element name="Dis" type="xs:decimal" minOccurs="0" />
                <xs:element name="Cta" type="xs:int" minOccurs="0" />
                <xs:element name="CodSec" type="xs:int" minOccurs="0" />
              </xs:sequence>
            </xs:complexType>
          </xs:element>
        </xs:choice>
      </xs:complexType>
    </xs:element>
  </xs:schema>
  <S>
    <Calle>PILAR</Calle>
    <Lat>34.477876</Lat>
    <Lon>58.901248</Lon>
    <Dis>1149.592</Dis>
    <Cta>1</Cta>
    <CodSec>60</CodSec>
  </S>
  <S>
    <Calle>NAZAR</Calle>
    <Lat>34.469000</Lat>
    <Lon>58.905856</Lon>
    <Dis>3056.290</Dis>
    <Cta>71</Cta>
    <CodSec>60</CodSec>
  </S>
  <S>
    <Calle>RUT25</Calle>
    <Lat>34.456794</Lat>
    <Lon>58.905975</Lon>
    <Dis>3391.025</Dis>
    <Cta>257</Cta>
    <CodSec>57</CodSec>
  </S>
  <S>
    <Calle>JUMBO</Calle>
    <Lat>34.450089</Lat>
    <Lon>58.870329</Lon>
    <Dis>3086.770</Dis>
    <Cta>526</Cta>
    <CodSec>56</CodSec>
  </S>
  <S>
    <Calle>LONJA</Calle>
    <Lat>34.454444</Lat>
    <Lon>58.837336</Lon>
    <Dis>2723.108</Dis>
    <Cta>732</Cta>
    <CodSec>55</CodSec>
  </S>
  <S>
    <Calle>RUT26</Calle>
    <Lat>34.458979</Lat>
    <Lon>58.811813</Lon>
    <Dis>1477.351</Dis>
    <Cta>934</Cta>
    <CodSec>54</CodSec>
  </S>
  <S>
    <Calle>E.VIS</Calle>
    <Lat>34.453880</Lat>
    <Lon>58.799553</Lon>
    <Dis>2153.167</Dis>
    <Cta>1023</Cta>
    <CodSec>54</CodSec>
  </S>
  <S>
    <Calle>RPILA</Calle>
    <Lat>34.441316</Lat>
    <Lon>58.782831</Lon>
    <Dis>2127.609</Dis>
    <Cta>1165</Cta>
    <CodSec>39</CodSec>
  </S>
  <S>
    <Calle>PTE52</Calle>
    <Lat>34.444851</Lat>
    <Lon>58.761718</Lon>
    <Dis>1488.462</Dis>
    <Cta>1326</Cta>
    <CodSec>39</CodSec>
  </S>
  <S>
    <Calle>PTGA2</Calle>
    <Lat>34.449110</Lat>
    <Lon>58.746973</Lon>
    <Dis>1266.489</Dis>
    <Cta>1438</Cta>
    <CodSec>39</CodSec>
  </S>
  <S>
    <Calle>FONA1</Calle>
    <Lat>34.453388</Lat>
    <Lon>58.734256</Lon>
    <Dis>398.224</Dis>
    <Cta>1500</Cta>
    <CodSec>38</CodSec>
  </S>
  <S>
    <Calle>FONA2</Calle>
    <Lat>34.454425</Lat>
    <Lon>58.730367</Lon>
    <Dis>1040.086</Dis>
    <Cta>1530</Cta>
    <CodSec>38</CodSec>
  </S>
  <S>
    <Calle>SKF.1</Calle>
    <Lat>34.457730</Lat>
    <Lon>58.720028</Lon>
    <Dis>360.350</Dis>
    <Cta>1581</Cta>
    <CodSec>38</CodSec>
  </S>
  <S>
    <Calle>SKF.2</Calle>
    <Lat>34.458570</Lat>
    <Lon>58.717366</Lon>
    <Dis>746.512</Dis>
    <Cta>1642</Cta>
    <CodSec>38</CodSec>
  </S>
  <S>
    <Calle>PEAJ1</Calle>
    <Lat>34.460956</Lat>
    <Lon>58.709812</Lon>
    <Dis>192.491</Dis>
    <Cta>1682</Cta>
    <CodSec>37</CodSec>
  </S>
  <S>
    <Calle>PEAJ2</Calle>
    <Lat>34.461546</Lat>
    <Lon>58.707854</Lon>
    <Dis>4096.685</Dis>
    <Cta>1695</Cta>
    <CodSec>37</CodSec>
  </S>
  <S>
    <Calle>R1971</Calle>
    <Lat>34.474733</Lat>
    <Lon>58.666405</Lon>
    <Dis>1197.663</Dis>
    <Cta>1906</Cta>
    <CodSec>36</CodSec>
  </S>
  <S>
    <Calle>R1972</Calle>
    <Lat>34.477996</Lat>
    <Lon>58.654074</Lon>
    <Dis>3431.226</Dis>
    <Cta>1991</Cta>
    <CodSec>36</CodSec>
  </S>
  <S>
    <Calle>R2021</Calle>
    <Lat>34.485051</Lat>
    <Lon>58.617824</Lon>
    <Dis>975.035</Dis>
    <Cta>2153</Cta>
    <CodSec>14</CodSec>
  </S>
  <S>
    <Calle>R2022</Calle>
    <Lat>34.486493</Lat>
    <Lon>58.607559</Lon>
    <Dis>2101.135</Dis>
    <Cta>2220</Cta>
    <CodSec>14</CodSec>
  </S>
  <S>
    <Calle>BLGNE</Calle>
    <Lat>34.488272</Lat>
    <Lon>58.584832</Lon>
    <Dis>1881.921</Dis>
    <Cta>2327</Cta>
    <CodSec>14</CodSec>
  </S>
  <S>
    <Calle>JSMAR</Calle>
    <Lat>34.491705</Lat>
    <Lon>58.565296</Lon>
    <Dis>949.717</Dis>
    <Cta>2459</Cta>
    <CodSec>14</CodSec>
  </S>
  <S>
    <Calle>MARQ1</Calle>
    <Lat>34.495906</Lat>
    <Lon>58.556676</Lon>
    <Dis>1464.020</Dis>
    <Cta>2513</Cta>
    <CodSec>13</CodSec>
  </S>
  <S>
    <Calle>THAME</Calle>
    <Lat>34.502292</Lat>
    <Lon>58.543119</Lon>
    <Dis>984.050</Dis>
    <Cta>2599</Cta>
    <CodSec>13</CodSec>
  </S>
  <S>
    <Calle>EDISO</Calle>
    <Lat>34.506731</Lat>
    <Lon>58.533933</Lon>
    <Dis>4101.913</Dis>
    <Cta>2651</Cta>
    <CodSec>12</CodSec>
  </S>
  <S>
    <Calle>SMART</Calle>
    <Lat>34.533345</Lat>
    <Lon>58.504400</Lon>
    <Dis>3325.874</Dis>
    <Cta>2910</Cta>
    <CodSec>11</CodSec>
  </S>
  <S>
    <Calle>ZAPIO</Calle>
    <Lat>34.541835</Lat>
    <Lon>58.480848</Lon>
    <Dis>758.159</Dis>
    <Cta>3152</Cta>
    <CodSec>11</CodSec>
  </S>
  <S>
    <Calle>SAAVE</Calle>
    <Lat>34.537662</Lat>
    <Lon>58.476317</Lon>
    <Dis>0</Dis>
    <Cta>3199</Cta>
    <CodSec>1</CodSec>
  </S>
</Sector>