<?xml version="1.0" standalone="yes"?>
<Sector>
  <xs:schema id="Sector" xmlns="" xmlns:xs="http://www.w3.org/2001/XMLSchema" xmlns:msdata="urn:schemas-microsoft-com:xml-msdata">
    <xs:element name="Sector" msdata:IsDataSet="true" msdata:Locale="">
      <xs:complexType>
        <xs:choice minOccurs="0" maxOccurs="unbounded">
          <xs:element name="S" msdata:Locale="">
            <xs:complexType>
              <xs:sequence>
                <xs:element name="Calle" type="xs:string" minOccurs="0" />
                <xs:element name="Lat" type="xs:decimal" minOccurs="0" />
                <xs:element name="Lon" type="xs:decimal" minOccurs="0" />
                <xs:element name="Dis" type="xs:decimal" minOccurs="0" />
                <xs:element name="Cta" type="xs:int" minOccurs="0" />
                <xs:element name="CodSec" type="xs:int" minOccurs="0" />
              </xs:sequence>
            </xs:complexType>
          </xs:element>
        </xs:choice>
      </xs:complexType>
    </xs:element>
  </xs:schema>
  <S>
    <Calle>PILAR</Calle>
    <Lat>34.477876</Lat>
    <Lon>58.901248</Lon>
    <Dis>1149.593</Dis>
    <Cta>1</Cta>
    <CodSec>60</CodSec>
  </S>
  <S>
    <Calle>NAZAR</Calle>
    <Lat>34.469000</Lat>
    <Lon>58.905856</Lon>
    <Dis>3367.995</Dis>
    <Cta>71</Cta>
    <CodSec>60</CodSec>
  </S>
  <S>
    <Calle>RPILA</Calle>
    <Lat>34.450814</Lat>
    <Lon>58.906569</Lon>
    <Dis>3169.212</Dis>
    <Cta>286</Cta>
    <CodSec>60</CodSec>
  </S>
  <S>
    <Calle>JUMBO</Calle>
    <Lat>34.444304</Lat>
    <Lon>58.874565</Lon>
    <Dis>4399.568</Dis>
    <Cta>499</Cta>
    <CodSec>41</CodSec>
  </S>
  <S>
    <Calle>LAGAR</Calle>
    <Lat>34.438095</Lat>
    <Lon>58.830767</Lon>
    <Dis>4727.390</Dis>
    <Cta>815</Cta>
    <CodSec>40</CodSec>
  </S>
  <S>
    <Calle>RUT26</Calle>
    <Lat>34.441311</Lat>
    <Lon>58.782832</Lon>
    <Dis>2144.383</Dis>
    <Cta>1194</Cta>
    <CodSec>39</CodSec>
  </S>
  <S>
    <Calle>PTE52</Calle>
    <Lat>34.445196</Lat>
    <Lon>58.761714</Lon>
    <Dis>1068.103</Dis>
    <Cta>1355</Cta>
    <CodSec>39</CodSec>
  </S>
  <S>
    <Calle>PTGA1</Calle>
    <Lat>34.448068</Lat>
    <Lon>58.751190</Lon>
    <Dis>438.259</Dis>
    <Cta>1430</Cta>
    <CodSec>39</CodSec>
  </S>
  <S>
    <Calle>PTGA2</Calle>
    <Lat>34.449111</Lat>
    <Lon>58.746971</Lon>
    <Dis>1265.307</Dis>
    <Cta>1482</Cta>
    <CodSec>39</CodSec>
  </S>
  <S>
    <Calle>FONA1</Calle>
    <Lat>34.453388</Lat>
    <Lon>58.734256</Lon>
    <Dis>394.216</Dis>
    <Cta>1551</Cta>
    <CodSec>38</CodSec>
  </S>
  <S>
    <Calle>FONA2</Calle>
    <Lat>34.454425</Lat>
    <Lon>58.730367</Lon>
    <Dis>1024.239</Dis>
    <Cta>1586</Cta>
    <CodSec>38</CodSec>
  </S>
  <S>
    <Calle>SKF.1</Calle>
    <Lat>34.457730</Lat>
    <Lon>58.720028</Lon>
    <Dis>352.309</Dis>
    <Cta>1645</Cta>
    <CodSec>38</CodSec>
  </S>
  <S>
    <Calle>SKF.2</Calle>
    <Lat>34.458512</Lat>
    <Lon>58.717468</Lon>
    <Dis>752.520</Dis>
    <Cta>1708</Cta>
    <CodSec>38</CodSec>
  </S>
  <S>
    <Calle>PEAJ1</Calle>
    <Lat>34.461093</Lat>
    <Lon>58.709919</Lon>
    <Dis>229.468</Dis>
    <Cta>1751</Cta>
    <CodSec>38</CodSec>
  </S>
  <S>
    <Calle>PEAJ2</Calle>
    <Lat>34.461639</Lat>
    <Lon>58.707875</Lon>
    <Dis>4115.155</Dis>
    <Cta>1764</Cta>
    <CodSec>37</CodSec>
  </S>
  <S>
    <Calle>R1971</Calle>
    <Lat>34.474733</Lat>
    <Lon>58.666405</Lon>
    <Dis>0</Dis>
    <Cta>1978</Cta>
    <CodSec>36</CodSec>
  </S>
</Sector>