<?xml version="1.0" standalone="yes"?>
<Sector>
  <xs:schema id="Sector" xmlns="" xmlns:xs="http://www.w3.org/2001/XMLSchema" xmlns:msdata="urn:schemas-microsoft-com:xml-msdata">
    <xs:element name="Sector" msdata:IsDataSet="true" msdata:Locale="">
      <xs:complexType>
        <xs:choice minOccurs="0" maxOccurs="unbounded">
          <xs:element name="S" msdata:Locale="">
            <xs:complexType>
              <xs:sequence>
                <xs:element name="Calle" type="xs:string" minOccurs="0" />
                <xs:element name="Lat" type="xs:decimal" minOccurs="0" />
                <xs:element name="Lon" type="xs:decimal" minOccurs="0" />
                <xs:element name="Dis" type="xs:decimal" minOccurs="0" />
                <xs:element name="Cta" type="xs:int" minOccurs="0" />
                <xs:element name="CodSec" type="xs:int" minOccurs="0" />
              </xs:sequence>
            </xs:complexType>
          </xs:element>
        </xs:choice>
      </xs:complexType>
    </xs:element>
  </xs:schema>
  <S>
    <Calle>A.C.A</Calle>
    <Lat>34.381350</Lat>
    <Lon>58.752309</Lon>
    <Dis>3606.693</Dis>
    <Cta>1</Cta>
    <CodSec>51</CodSec>
  </S>
  <S>
    <Calle>E.SAV</Calle>
    <Lat>34.407339</Lat>
    <Lon>58.770860</Lon>
    <Dis>948.435</Dis>
    <Cta>252</Cta>
    <CodSec>52</CodSec>
  </S>
  <S>
    <Calle>ASTER</Calle>
    <Lat>34.415143</Lat>
    <Lon>58.774660</Lon>
    <Dis>3019.889</Dis>
    <Cta>311</Cta>
    <CodSec>52</CodSec>
  </S>
  <S>
    <Calle>RPILA</Calle>
    <Lat>34.441150</Lat>
    <Lon>58.782953</Lon>
    <Dis>0</Dis>
    <Cta>508</Cta>
    <CodSec>53</CodSec>
  </S>
</Sector>