<?xml version="1.0" standalone="yes"?>
<Sector>
  <xs:schema id="Sector" xmlns="" xmlns:xs="http://www.w3.org/2001/XMLSchema" xmlns:msdata="urn:schemas-microsoft-com:xml-msdata">
    <xs:element name="Sector" msdata:IsDataSet="true" msdata:Locale="">
      <xs:complexType>
        <xs:choice minOccurs="0" maxOccurs="unbounded">
          <xs:element name="S" msdata:Locale="">
            <xs:complexType>
              <xs:sequence>
                <xs:element name="Calle" type="xs:string" minOccurs="0" />
                <xs:element name="Lat" type="xs:decimal" minOccurs="0" />
                <xs:element name="Lon" type="xs:decimal" minOccurs="0" />
                <xs:element name="Dis" type="xs:decimal" minOccurs="0" />
                <xs:element name="Cta" type="xs:int" minOccurs="0" />
                <xs:element name="CodSec" type="xs:int" minOccurs="0" />
              </xs:sequence>
            </xs:complexType>
          </xs:element>
        </xs:choice>
      </xs:complexType>
    </xs:element>
  </xs:schema>
  <S>
    <Calle>NAZAR</Calle>
    <Lat>34.469000</Lat>
    <Lon>58.905856</Lon>
    <Dis>2417.294</Dis>
    <Cta>1</Cta>
    <CodSec>60</CodSec>
  </S>
  <S>
    <Calle>RUT25</Calle>
    <Lat>34.456794</Lat>
    <Lon>58.905975</Lon>
    <Dis>3413.863</Dis>
    <Cta>155</Cta>
    <CodSec>57</CodSec>
  </S>
  <S>
    <Calle>JUMBO</Calle>
    <Lat>34.450089</Lat>
    <Lon>58.870331</Lon>
    <Dis>3093.987</Dis>
    <Cta>365</Cta>
    <CodSec>56</CodSec>
  </S>
  <S>
    <Calle>LONJA</Calle>
    <Lat>34.454444</Lat>
    <Lon>58.837336</Lon>
    <Dis>2726.421</Dis>
    <Cta>571</Cta>
    <CodSec>55</CodSec>
  </S>
  <S>
    <Calle>RUT26</Calle>
    <Lat>34.458980</Lat>
    <Lon>58.811812</Lon>
    <Dis>1478.139</Dis>
    <Cta>773</Cta>
    <CodSec>54</CodSec>
  </S>
  <S>
    <Calle>E.VIS</Calle>
    <Lat>34.453880</Lat>
    <Lon>58.799554</Lon>
    <Dis>2153.476</Dis>
    <Cta>864</Cta>
    <CodSec>54</CodSec>
  </S>
  <S>
    <Calle>RPILA</Calle>
    <Lat>34.441314</Lat>
    <Lon>58.782833</Lon>
    <Dis>2781.891</Dis>
    <Cta>1006</Cta>
    <CodSec>53</CodSec>
  </S>
  <S>
    <Calle>ASTER</Calle>
    <Lat>34.417288</Lat>
    <Lon>58.775477</Lon>
    <Dis>1065.437</Dis>
    <Cta>1194</Cta>
    <CodSec>53</CodSec>
  </S>
  <S>
    <Calle>E.SAV</Calle>
    <Lat>34.408427</Lat>
    <Lon>58.771395</Lon>
    <Dis>3636.155</Dis>
    <Cta>1262</Cta>
    <CodSec>52</CodSec>
  </S>
  <S>
    <Calle>COLEC</Calle>
    <Lat>34.381805</Lat>
    <Lon>58.753064</Lon>
    <Dis>1909.350</Dis>
    <Cta>1483</Cta>
    <CodSec>51</CodSec>
  </S>
  <S>
    <Calle>MASCH</Calle>
    <Lat>34.394855</Lat>
    <Lon>58.741366</Lon>
    <Dis>1830.343</Dis>
    <Cta>1607</Cta>
    <CodSec>51</CodSec>
  </S>
  <S>
    <Calle>CURVO</Calle>
    <Lat>34.408382</Lat>
    <Lon>58.730457</Lon>
    <Dis>895.121</Dis>
    <Cta>1730</Cta>
    <CodSec>51</CodSec>
  </S>
  <S>
    <Calle>PTGA1</Calle>
    <Lat>34.414859</Lat>
    <Lon>58.724843</Lon>
    <Dis>2658.686</Dis>
    <Cta>1784</Cta>
    <CodSec>43</CodSec>
  </S>
  <S>
    <Calle>FORD1</Calle>
    <Lat>34.435328</Lat>
    <Lon>58.711058</Lon>
    <Dis>1550.399</Dis>
    <Cta>1947</Cta>
    <CodSec>43</CodSec>
  </S>
  <S>
    <Calle>FORD2</Calle>
    <Lat>34.446630</Lat>
    <Lon>58.701326</Lon>
    <Dis>5802.885</Dis>
    <Cta>2040</Cta>
    <CodSec>42</CodSec>
  </S>
  <S>
    <Calle>R1971</Calle>
    <Lat>34.474986</Lat>
    <Lon>58.666490</Lon>
    <Dis>1193.476</Dis>
    <Cta>2434</Cta>
    <CodSec>36</CodSec>
  </S>
  <S>
    <Calle>R1972</Calle>
    <Lat>34.477996</Lat>
    <Lon>58.654074</Lon>
    <Dis>3430.065</Dis>
    <Cta>2511</Cta>
    <CodSec>36</CodSec>
  </S>
  <S>
    <Calle>R2021</Calle>
    <Lat>34.485051</Lat>
    <Lon>58.617824</Lon>
    <Dis>982.199</Dis>
    <Cta>2679</Cta>
    <CodSec>14</CodSec>
  </S>
  <S>
    <Calle>R2022</Calle>
    <Lat>34.486493</Lat>
    <Lon>58.607559</Lon>
    <Dis>2091.441</Dis>
    <Cta>2750</Cta>
    <CodSec>14</CodSec>
  </S>
  <S>
    <Calle>BLGNE</Calle>
    <Lat>34.488246</Lat>
    <Lon>58.584929</Lon>
    <Dis>1871.947</Dis>
    <Cta>2853</Cta>
    <CodSec>14</CodSec>
  </S>
  <S>
    <Calle>JSMAR</Calle>
    <Lat>34.491705</Lat>
    <Lon>58.565296</Lon>
    <Dis>949.435</Dis>
    <Cta>2989</Cta>
    <CodSec>14</CodSec>
  </S>
  <S>
    <Calle>MARQ1</Calle>
    <Lat>34.495906</Lat>
    <Lon>58.556676</Lon>
    <Dis>1468.319</Dis>
    <Cta>3047</Cta>
    <CodSec>13</CodSec>
  </S>
  <S>
    <Calle>THAME</Calle>
    <Lat>34.502292</Lat>
    <Lon>58.543205</Lon>
    <Dis>987.619</Dis>
    <Cta>3142</Cta>
    <CodSec>13</CodSec>
  </S>
  <S>
    <Calle>EDISO</Calle>
    <Lat>34.506731</Lat>
    <Lon>58.533934</Lon>
    <Dis>4115.770</Dis>
    <Cta>3198</Cta>
    <CodSec>12</CodSec>
  </S>
  <S>
    <Calle>SMART</Calle>
    <Lat>34.533345</Lat>
    <Lon>58.504400</Lon>
    <Dis>3295.006</Dis>
    <Cta>3459</Cta>
    <CodSec>11</CodSec>
  </S>
  <S>
    <Calle>ZAPIO</Calle>
    <Lat>34.541931</Lat>
    <Lon>58.481159</Lon>
    <Dis>845.139</Dis>
    <Cta>3699</Cta>
    <CodSec>11</CodSec>
  </S>
  <S>
    <Calle>SAAVE</Calle>
    <Lat>34.537610</Lat>
    <Lon>58.476303</Lon>
    <Dis>0</Dis>
    <Cta>3754</Cta>
    <CodSec>1</CodSec>
  </S>
</Sector>