<?xml version="1.0" standalone="yes"?>
<Sector>
  <xs:schema id="Sector" xmlns="" xmlns:xs="http://www.w3.org/2001/XMLSchema" xmlns:msdata="urn:schemas-microsoft-com:xml-msdata">
    <xs:element name="Sector" msdata:IsDataSet="true" msdata:Locale="">
      <xs:complexType>
        <xs:choice minOccurs="0" maxOccurs="unbounded">
          <xs:element name="S" msdata:Locale="">
            <xs:complexType>
              <xs:sequence>
                <xs:element name="Calle" type="xs:string" minOccurs="0" />
                <xs:element name="Lat" type="xs:decimal" minOccurs="0" />
                <xs:element name="Lon" type="xs:decimal" minOccurs="0" />
                <xs:element name="Dis" type="xs:decimal" minOccurs="0" />
                <xs:element name="Cta" type="xs:int" minOccurs="0" />
                <xs:element name="CodSec" type="xs:int" minOccurs="0" />
              </xs:sequence>
            </xs:complexType>
          </xs:element>
        </xs:choice>
      </xs:complexType>
    </xs:element>
  </xs:schema>
  <S>
    <Calle>V.G.G</Calle>
    <Lat>33.038562</Lat>
    <Lon>60.660540</Lon>
    <Dis>4175.182</Dis>
    <Cta>1</Cta>
    <CodSec>12</CodSec>
  </S>
  <S>
    <Calle>FILIP</Calle>
    <Lat>33.028733</Lat>
    <Lon>60.637026</Lon>
    <Dis>1624.302</Dis>
    <Cta>273</Cta>
    <CodSec>12</CodSec>
  </S>
  <S>
    <Calle>CIRCU</Calle>
    <Lat>33.016555</Lat>
    <Lon>60.633030</Lon>
    <Dis>3267.714</Dis>
    <Cta>403</Cta>
    <CodSec>12</CodSec>
  </S>
  <S>
    <Calle>AvROS</Calle>
    <Lat>32.998884</Lat>
    <Lon>60.617562</Lon>
    <Dis>4499.364</Dis>
    <Cta>599</Cta>
    <CodSec>13</CodSec>
  </S>
  <S>
    <Calle>PELL.</Calle>
    <Lat>32.960669</Lat>
    <Lon>60.620983</Lon>
    <Dis>2322.561</Dis>
    <Cta>913</Cta>
    <CodSec>13</CodSec>
  </S>
  <S>
    <Calle>CORRI</Calle>
    <Lat>32.956426</Lat>
    <Lon>60.644994</Lon>
    <Dis>794.069</Dis>
    <Cta>1071</Cta>
    <CodSec>13</CodSec>
  </S>
  <S>
    <Calle>SJUAN</Calle>
    <Lat>32.949519</Lat>
    <Lon>60.643260</Lon>
    <Dis>0</Dis>
    <Cta>1115</Cta>
    <CodSec>13</CodSec>
  </S>
</Sector>