<?xml version="1.0" standalone="yes"?>
<Sector>
  <xs:schema id="Sector" xmlns="" xmlns:xs="http://www.w3.org/2001/XMLSchema" xmlns:msdata="urn:schemas-microsoft-com:xml-msdata">
    <xs:element name="Sector" msdata:IsDataSet="true" msdata:Locale="">
      <xs:complexType>
        <xs:choice minOccurs="0" maxOccurs="unbounded">
          <xs:element name="S" msdata:Locale="">
            <xs:complexType>
              <xs:sequence>
                <xs:element name="Calle" type="xs:string" minOccurs="0" />
                <xs:element name="Lat" type="xs:decimal" minOccurs="0" />
                <xs:element name="Lon" type="xs:decimal" minOccurs="0" />
                <xs:element name="Dis" type="xs:decimal" minOccurs="0" />
                <xs:element name="Cta" type="xs:int" minOccurs="0" />
                <xs:element name="CodSec" type="xs:int" minOccurs="0" />
              </xs:sequence>
            </xs:complexType>
          </xs:element>
        </xs:choice>
      </xs:complexType>
    </xs:element>
  </xs:schema>
  <S>
    <Calle>SJUAN</Calle>
    <Lat>32.949548</Lat>
    <Lon>60.643298</Lon>
    <Dis>1501.949</Dis>
    <Cta>1</Cta>
    <CodSec>13</CodSec>
  </S>
  <S>
    <Calle>SARMI</Calle>
    <Lat>32.957334</Lat>
    <Lon>60.640857</Lon>
    <Dis>1901.487</Dis>
    <Cta>90</Cta>
    <CodSec>13</CodSec>
  </S>
  <S>
    <Calle>BELGR</Calle>
    <Lat>32.960832</Lat>
    <Lon>60.621248</Lon>
    <Dis>4492.183</Dis>
    <Cta>197</Cta>
    <CodSec>13</CodSec>
  </S>
  <S>
    <Calle>AvROS</Calle>
    <Lat>32.999003</Lat>
    <Lon>60.617754</Lon>
    <Dis>3596.429</Dis>
    <Cta>482</Cta>
    <CodSec>12</CodSec>
  </S>
  <S>
    <Calle>CIRCU</Calle>
    <Lat>33.016744</Lat>
    <Lon>60.635768</Lon>
    <Dis>1382.203</Dis>
    <Cta>703</Cta>
    <CodSec>12</CodSec>
  </S>
  <S>
    <Calle>AGUIR</Calle>
    <Lat>33.028841</Lat>
    <Lon>60.636930</Lon>
    <Dis>4232.223</Dis>
    <Cta>811</Cta>
    <CodSec>12</CodSec>
  </S>
  <S>
    <Calle>V.G.G</Calle>
    <Lat>33.038562</Lat>
    <Lon>60.660524</Lon>
    <Dis>0</Dis>
    <Cta>1082</Cta>
    <CodSec>12</CodSec>
  </S>
</Sector>