<?xml version="1.0" standalone="yes"?>
<Sector>
  <xs:schema id="Sector" xmlns="" xmlns:xs="http://www.w3.org/2001/XMLSchema" xmlns:msdata="urn:schemas-microsoft-com:xml-msdata">
    <xs:element name="Sector" msdata:IsDataSet="true" msdata:Locale="">
      <xs:complexType>
        <xs:choice minOccurs="0" maxOccurs="unbounded">
          <xs:element name="S" msdata:Locale="">
            <xs:complexType>
              <xs:sequence>
                <xs:element name="Calle" type="xs:string" minOccurs="0" />
                <xs:element name="Lat" type="xs:decimal" minOccurs="0" />
                <xs:element name="Lon" type="xs:decimal" minOccurs="0" />
                <xs:element name="Dis" type="xs:decimal" minOccurs="0" />
                <xs:element name="Cta" type="xs:int" minOccurs="0" />
                <xs:element name="CodSec" type="xs:int" minOccurs="0" />
              </xs:sequence>
            </xs:complexType>
          </xs:element>
        </xs:choice>
      </xs:complexType>
    </xs:element>
  </xs:schema>
  <S>
    <Calle>JWATT</Calle>
    <Lat>34.569152</Lat>
    <Lon>58.766864</Lon>
    <Dis>1372.877</Dis>
    <Cta>1</Cta>
    <CodSec>18</CodSec>
  </S>
  <S>
    <Calle>PINTA</Calle>
    <Lat>34.560603</Lat>
    <Lon>58.769986</Lon>
    <Dis>1406.125</Dis>
    <Cta>71</Cta>
    <CodSec>18</CodSec>
  </S>
  <S>
    <Calle>MENDO</Calle>
    <Lat>34.551441</Lat>
    <Lon>58.766032</Lon>
    <Dis>1480.815</Dis>
    <Cta>143</Cta>
    <CodSec>18</CodSec>
  </S>
  <S>
    <Calle>JVGON</Calle>
    <Lat>34.544623</Lat>
    <Lon>58.755177</Lon>
    <Dis>1031.049</Dis>
    <Cta>221</Cta>
    <CodSec>18</CodSec>
  </S>
  <S>
    <Calle>BALCA</Calle>
    <Lat>34.537838</Lat>
    <Lon>58.747596</Lon>
    <Dis>2882.283</Dis>
    <Cta>278</Cta>
    <CodSec>18</CodSec>
  </S>
  <S>
    <Calle>ZAPIO</Calle>
    <Lat>34.543776</Lat>
    <Lon>58.728561</Lon>
    <Dis>785.811</Dis>
    <Cta>432</Cta>
    <CodSec>18</CodSec>
  </S>
  <S>
    <Calle>FRAGA</Calle>
    <Lat>34.538495</Lat>
    <Lon>58.722907</Lon>
    <Dis>1180.757</Dis>
    <Cta>472</Cta>
    <CodSec>18</CodSec>
  </S>
  <S>
    <Calle>RUT23</Calle>
    <Lat>34.542489</Lat>
    <Lon>58.713566</Lon>
    <Dis>894.222</Dis>
    <Cta>533</Cta>
    <CodSec>18</CodSec>
  </S>
  <S>
    <Calle>SANLO</Calle>
    <Lat>34.537602</Lat>
    <Lon>58.707080</Lon>
    <Dis>727.023</Dis>
    <Cta>577</Cta>
    <CodSec>18</CodSec>
  </S>
  <S>
    <Calle>RU.P8</Calle>
    <Lat>34.532799</Lat>
    <Lon>58.701742</Lon>
    <Dis>966.361</Dis>
    <Cta>617</Cta>
    <CodSec>18</CodSec>
  </S>
  <S>
    <Calle>JMGUT</Calle>
    <Lat>34.527993</Lat>
    <Lon>58.707842</Lon>
    <Dis>1018.000</Dis>
    <Cta>689</Cta>
    <CodSec>18</CodSec>
  </S>
  <S>
    <Calle>COLOM</Calle>
    <Lat>34.521101</Lat>
    <Lon>58.700579</Lon>
    <Dis>1042.030</Dis>
    <Cta>744</Cta>
    <CodSec>18</CodSec>
  </S>
  <S>
    <Calle>MOREN</Calle>
    <Lat>34.514358</Lat>
    <Lon>58.707059</Lon>
    <Dis>1089.032</Dis>
    <Cta>800</Cta>
    <CodSec>18</CodSec>
  </S>
  <S>
    <Calle>GANDH</Calle>
    <Lat>34.508219</Lat>
    <Lon>58.704557</Lon>
    <Dis>1363.682</Dis>
    <Cta>854</Cta>
    <CodSec>18</CodSec>
  </S>
  <S>
    <Calle>9JULI</Calle>
    <Lat>34.499532</Lat>
    <Lon>58.696560</Lon>
    <Dis>1719.936</Dis>
    <Cta>933</Cta>
    <CodSec>18</CodSec>
  </S>
  <S>
    <Calle>BACLE</Calle>
    <Lat>34.507538</Lat>
    <Lon>58.708689</Lon>
    <Dis>998.328</Dis>
    <Cta>1029</Cta>
    <CodSec>18</CodSec>
  </S>
  <S>
    <Calle>RUT24</Calle>
    <Lat>34.503342</Lat>
    <Lon>58.715421</Lon>
    <Dis>1377.501</Dis>
    <Cta>1086</Cta>
    <CodSec>18</CodSec>
  </S>
  <S>
    <Calle>RUTP8</Calle>
    <Lat>34.508992</Lat>
    <Lon>58.728477</Lon>
    <Dis>2492.457</Dis>
    <Cta>1162</Cta>
    <CodSec>18</CodSec>
  </S>
  <S>
    <Calle>ZU-LA</Calle>
    <Lat>34.519194</Lat>
    <Lon>58.752569</Lon>
    <Dis>1177.181</Dis>
    <Cta>1308</Cta>
    <CodSec>18</CodSec>
  </S>
  <S>
    <Calle>GCAMP</Calle>
    <Lat>34.524172</Lat>
    <Lon>58.754982</Lon>
    <Dis>1137.530</Dis>
    <Cta>1372</Cta>
    <CodSec>18</CodSec>
  </S>
  <S>
    <Calle>JBJUS</Calle>
    <Lat>34.532326</Lat>
    <Lon>58.747831</Lon>
    <Dis>2402.163</Dis>
    <Cta>1436</Cta>
    <CodSec>18</CodSec>
  </S>
  <S>
    <Calle>TUPAC</Calle>
    <Lat>34.546566</Lat>
    <Lon>58.728239</Lon>
    <Dis>2038.070</Dis>
    <Cta>1564</Cta>
    <CodSec>18</CodSec>
  </S>
  <S>
    <Calle>23-BE</Calle>
    <Lat>34.544681</Lat>
    <Lon>58.713814</Lon>
    <Dis>0</Dis>
    <Cta>1675</Cta>
    <CodSec>18</CodSec>
  </S>
</Sector>