<?xml version="1.0" standalone="yes"?>
<Sector>
  <xs:schema id="Sector" xmlns="" xmlns:xs="http://www.w3.org/2001/XMLSchema" xmlns:msdata="urn:schemas-microsoft-com:xml-msdata">
    <xs:element name="Sector" msdata:IsDataSet="true" msdata:Locale="">
      <xs:complexType>
        <xs:choice minOccurs="0" maxOccurs="unbounded">
          <xs:element name="S" msdata:Locale="">
            <xs:complexType>
              <xs:sequence>
                <xs:element name="Calle" type="xs:string" minOccurs="0" />
                <xs:element name="Lat" type="xs:decimal" minOccurs="0" />
                <xs:element name="Lon" type="xs:decimal" minOccurs="0" />
                <xs:element name="Dis" type="xs:decimal" minOccurs="0" />
                <xs:element name="Cta" type="xs:int" minOccurs="0" />
                <xs:element name="CodSec" type="xs:int" minOccurs="0" />
              </xs:sequence>
            </xs:complexType>
          </xs:element>
        </xs:choice>
      </xs:complexType>
    </xs:element>
  </xs:schema>
  <S>
    <Calle>ALEM.</Calle>
    <Lat>34.543485</Lat>
    <Lon>58.713708</Lon>
    <Dis>1160.381</Dis>
    <Cta>1</Cta>
    <CodSec>18</CodSec>
  </S>
  <S>
    <Calle>SANLO</Calle>
    <Lat>34.537725</Lat>
    <Lon>58.707205</Lon>
    <Dis>749.455</Dis>
    <Cta>67</Cta>
    <CodSec>18</CodSec>
  </S>
  <S>
    <Calle>RU.P8</Calle>
    <Lat>34.532798</Lat>
    <Lon>58.701743</Lon>
    <Dis>1625.620</Dis>
    <Cta>108</Cta>
    <CodSec>18</CodSec>
  </S>
  <S>
    <Calle>GLEMO</Calle>
    <Lat>34.529494</Lat>
    <Lon>58.689269</Lon>
    <Dis>2108.134</Dis>
    <Cta>195</Cta>
    <CodSec>18</CodSec>
  </S>
  <S>
    <Calle>PERON</Calle>
    <Lat>34.518350</Lat>
    <Lon>58.671460</Lon>
    <Dis>2808.587</Dis>
    <Cta>300</Cta>
    <CodSec>18</CodSec>
  </S>
  <S>
    <Calle>CRIVA</Calle>
    <Lat>34.500317</Lat>
    <Lon>58.692473</Lon>
    <Dis>1313.915</Dis>
    <Cta>448</Cta>
    <CodSec>18</CodSec>
  </S>
  <S>
    <Calle>LOREN</Calle>
    <Lat>34.503510</Lat>
    <Lon>58.703160</Lon>
    <Dis>1282.889</Dis>
    <Cta>517</Cta>
    <CodSec>18</CodSec>
  </S>
  <S>
    <Calle>RU.24</Calle>
    <Lat>34.495206</Lat>
    <Lon>58.705500</Lon>
    <Dis>1290.084</Dis>
    <Cta>633</Cta>
    <CodSec>18</CodSec>
  </S>
  <S>
    <Calle>CALLA</Calle>
    <Lat>34.502279</Lat>
    <Lon>58.713888</Lon>
    <Dis>1182.250</Dis>
    <Cta>710</Cta>
    <CodSec>18</CodSec>
  </S>
  <S>
    <Calle>PASCO</Calle>
    <Lat>34.493625</Lat>
    <Lon>58.720845</Lon>
    <Dis>1354.471</Dis>
    <Cta>774</Cta>
    <CodSec>18</CodSec>
  </S>
  <S>
    <Calle>DP-BE</Calle>
    <Lat>34.485728</Lat>
    <Lon>58.725036</Lon>
    <Dis>1472.701</Dis>
    <Cta>844</Cta>
    <CodSec>18</CodSec>
  </S>
  <S>
    <Calle>PASC.</Calle>
    <Lat>34.497699</Lat>
    <Lon>58.728867</Lon>
    <Dis>1174.370</Dis>
    <Cta>951</Cta>
    <CodSec>18</CodSec>
  </S>
  <S>
    <Calle>HERNZ</Calle>
    <Lat>34.499585</Lat>
    <Lon>58.738383</Lon>
    <Dis>1845.156</Dis>
    <Cta>1020</Cta>
    <CodSec>18</CodSec>
  </S>
  <S>
    <Calle>RU 24</Calle>
    <Lat>34.508961</Lat>
    <Lon>58.728680</Lon>
    <Dis>1057.550</Dis>
    <Cta>1128</Cta>
    <CodSec>18</CodSec>
  </S>
  <S>
    <Calle>CHILE</Calle>
    <Lat>34.516925</Lat>
    <Lon>58.722574</Lon>
    <Dis>1180.370</Dis>
    <Cta>1189</Cta>
    <CodSec>18</CodSec>
  </S>
  <S>
    <Calle>MU?OZ</Calle>
    <Lat>34.524433</Lat>
    <Lon>58.730363</Lon>
    <Dis>1717.790</Dis>
    <Cta>1248</Cta>
    <CodSec>18</CodSec>
  </S>
  <S>
    <Calle>IRIGO</Calle>
    <Lat>34.534716</Lat>
    <Lon>58.719234</Lon>
    <Dis>1244.065</Dis>
    <Cta>1330</Cta>
    <CodSec>18</CodSec>
  </S>
  <S>
    <Calle>TRIB.</Calle>
    <Lat>34.542420</Lat>
    <Lon>58.714836</Lon>
    <Dis>0</Dis>
    <Cta>1393</Cta>
    <CodSec>18</CodSec>
  </S>
</Sector>