<?xml version="1.0" standalone="yes"?>
<Sector>
  <xs:schema id="Sector" xmlns="" xmlns:xs="http://www.w3.org/2001/XMLSchema" xmlns:msdata="urn:schemas-microsoft-com:xml-msdata">
    <xs:element name="Sector" msdata:IsDataSet="true" msdata:Locale="">
      <xs:complexType>
        <xs:choice minOccurs="0" maxOccurs="unbounded">
          <xs:element name="S" msdata:Locale="">
            <xs:complexType>
              <xs:sequence>
                <xs:element name="Calle" type="xs:string" minOccurs="0" />
                <xs:element name="Lat" type="xs:decimal" minOccurs="0" />
                <xs:element name="Lon" type="xs:decimal" minOccurs="0" />
                <xs:element name="Dis" type="xs:decimal" minOccurs="0" />
                <xs:element name="Cta" type="xs:int" minOccurs="0" />
                <xs:element name="CodSec" type="xs:int" minOccurs="0" />
              </xs:sequence>
            </xs:complexType>
          </xs:element>
        </xs:choice>
      </xs:complexType>
    </xs:element>
  </xs:schema>
  <S>
    <Calle>RUTP8</Calle>
    <Lat>34.509217</Lat>
    <Lon>58.728921</Lon>
    <Dis>1375.488</Dis>
    <Cta>1</Cta>
    <CodSec>18</CodSec>
  </S>
  <S>
    <Calle>POLON</Calle>
    <Lat>34.514591</Lat>
    <Lon>58.742410</Lon>
    <Dis>1053.292</Dis>
    <Cta>79</Cta>
    <CodSec>18</CodSec>
  </S>
  <S>
    <Calle>ZU-LA</Calle>
    <Lat>34.519130</Lat>
    <Lon>58.752415</Lon>
    <Dis>1397.392</Dis>
    <Cta>146</Cta>
    <CodSec>18</CodSec>
  </S>
  <S>
    <Calle>JMART</Calle>
    <Lat>34.525186</Lat>
    <Lon>58.765693</Lon>
    <Dis>1356.437</Dis>
    <Cta>228</Cta>
    <CodSec>18</CodSec>
  </S>
  <S>
    <Calle>USTAR</Calle>
    <Lat>34.530377</Lat>
    <Lon>58.779015</Lon>
    <Dis>1675.029</Dis>
    <Cta>307</Cta>
    <CodSec>18</CodSec>
  </S>
  <S>
    <Calle>DERQU</Calle>
    <Lat>34.537616</Lat>
    <Lon>58.794865</Lon>
    <Dis>0</Dis>
    <Cta>406</Cta>
    <CodSec>18</CodSec>
  </S>
</Sector>