<?xml version="1.0" standalone="yes"?>
<Sector>
  <xs:schema id="Sector" xmlns="" xmlns:xs="http://www.w3.org/2001/XMLSchema" xmlns:msdata="urn:schemas-microsoft-com:xml-msdata">
    <xs:element name="Sector" msdata:IsDataSet="true" msdata:Locale="">
      <xs:complexType>
        <xs:choice minOccurs="0" maxOccurs="unbounded">
          <xs:element name="S" msdata:Locale="">
            <xs:complexType>
              <xs:sequence>
                <xs:element name="Calle" type="xs:string" minOccurs="0" />
                <xs:element name="Lat" type="xs:decimal" minOccurs="0" />
                <xs:element name="Lon" type="xs:decimal" minOccurs="0" />
                <xs:element name="Dis" type="xs:decimal" minOccurs="0" />
                <xs:element name="Cta" type="xs:int" minOccurs="0" />
                <xs:element name="CodSec" type="xs:int" minOccurs="0" />
              </xs:sequence>
            </xs:complexType>
          </xs:element>
        </xs:choice>
      </xs:complexType>
    </xs:element>
  </xs:schema>
  <S>
    <Calle>ROSAS</Calle>
    <Lat>32.475640</Lat>
    <Lon>61.578542</Lon>
    <Dis>9143.040</Dis>
    <Cta>1</Cta>
    <CodSec>208</CodSec>
  </S>
  <S>
    <Calle>CALIF</Calle>
    <Lat>32.545091</Lat>
    <Lon>61.550892</Lon>
    <Dis>16323.500</Dis>
    <Cta>321</Cta>
    <CodSec>207</CodSec>
  </S>
  <S>
    <Calle>L.PAR</Calle>
    <Lat>32.681829</Lat>
    <Lon>61.520565</Lon>
    <Dis>12201.340</Dis>
    <Cta>893</Cta>
    <CodSec>206</CodSec>
  </S>
  <S>
    <Calle>RUT9-</Calle>
    <Lat>32.784496</Lat>
    <Lon>61.544563</Lon>
    <Dis>11733.520</Dis>
    <Cta>1349</Cta>
    <CodSec>205</CodSec>
  </S>
  <S>
    <Calle>C.GOM</Calle>
    <Lat>32.805649</Lat>
    <Lon>61.421586</Lon>
    <Dis>2709.050</Dis>
    <Cta>1785</Cta>
    <CodSec>204</CodSec>
  </S>
  <S>
    <Calle>GOMEZ</Calle>
    <Lat>32.812122</Lat>
    <Lon>61.396586</Lon>
    <Dis>2880.900</Dis>
    <Cta>1888</Cta>
    <CodSec>204</CodSec>
  </S>
  <S>
    <Calle>CDASA</Calle>
    <Lat>32.814536</Lat>
    <Lon>61.369125</Lon>
    <Dis>11412.630</Dis>
    <Cta>1994</Cta>
    <CodSec>204</CodSec>
  </S>
  <S>
    <Calle>CORRE</Calle>
    <Lat>32.850872</Lat>
    <Lon>61.264741</Lon>
    <Dis>12318.320</Dis>
    <Cta>2407</Cta>
    <CodSec>203</CodSec>
  </S>
  <S>
    <Calle>CARCA</Calle>
    <Lat>32.865402</Lat>
    <Lon>61.134261</Lon>
    <Dis>0</Dis>
    <Cta>2837</Cta>
    <CodSec>202</CodSec>
  </S>
</Sector>