<?xml version="1.0" standalone="yes"?>
<Sector>
  <xs:schema id="Sector" xmlns="" xmlns:xs="http://www.w3.org/2001/XMLSchema" xmlns:msdata="urn:schemas-microsoft-com:xml-msdata">
    <xs:element name="Sector" msdata:IsDataSet="true" msdata:Locale="">
      <xs:complexType>
        <xs:choice minOccurs="0" maxOccurs="unbounded">
          <xs:element name="S" msdata:Locale="">
            <xs:complexType>
              <xs:sequence>
                <xs:element name="Calle" type="xs:string" minOccurs="0" />
                <xs:element name="Lat" type="xs:decimal" minOccurs="0" />
                <xs:element name="Lon" type="xs:decimal" minOccurs="0" />
                <xs:element name="Dis" type="xs:decimal" minOccurs="0" />
                <xs:element name="Cta" type="xs:int" minOccurs="0" />
                <xs:element name="CodSec" type="xs:int" minOccurs="0" />
              </xs:sequence>
            </xs:complexType>
          </xs:element>
        </xs:choice>
      </xs:complexType>
    </xs:element>
  </xs:schema>
  <S>
    <Calle>SAAVE</Calle>
    <Lat>34.537968</Lat>
    <Lon>58.476569</Lon>
    <Dis>556.237</Dis>
    <Cta>1</Cta>
    <CodSec>1</CodSec>
  </S>
  <S>
    <Calle>ZAPIO</Calle>
    <Lat>34.540662</Lat>
    <Lon>58.480857</Lon>
    <Dis>2913.677</Dis>
    <Cta>32</Cta>
    <CodSec>1</CodSec>
  </S>
  <S>
    <Calle>SMART</Calle>
    <Lat>34.534432</Lat>
    <Lon>58.502923</Lon>
    <Dis>3860.080</Dis>
    <Cta>233</Cta>
    <CodSec>11</CodSec>
  </S>
  <S>
    <Calle>EDISO</Calle>
    <Lat>34.508301</Lat>
    <Lon>58.529606</Lon>
    <Dis>1403.892</Dis>
    <Cta>415</Cta>
    <CodSec>12</CodSec>
  </S>
  <S>
    <Calle>THAME</Calle>
    <Lat>34.501954</Lat>
    <Lon>58.542704</Lon>
    <Dis>1379.360</Dis>
    <Cta>479</Cta>
    <CodSec>12</CodSec>
  </S>
  <S>
    <Calle>MARQ1</Calle>
    <Lat>34.495328</Lat>
    <Lon>58.555218</Lon>
    <Dis>1004.952</Dis>
    <Cta>544</Cta>
    <CodSec>13</CodSec>
  </S>
  <S>
    <Calle>JSMAR</Calle>
    <Lat>34.491388</Lat>
    <Lon>58.564888</Lon>
    <Dis>1884.814</Dis>
    <Cta>596</Cta>
    <CodSec>13</CodSec>
  </S>
  <S>
    <Calle>BLGNE</Calle>
    <Lat>34.487953</Lat>
    <Lon>58.584770</Lon>
    <Dis>2198.570</Dis>
    <Cta>689</Cta>
    <CodSec>13</CodSec>
  </S>
  <S>
    <Calle>R2022</Calle>
    <Lat>34.486024</Lat>
    <Lon>58.608465</Lon>
    <Dis>4452.326</Dis>
    <Cta>794</Cta>
    <CodSec>14</CodSec>
  </S>
  <S>
    <Calle>R1972</Calle>
    <Lat>34.477308</Lat>
    <Lon>58.655540</Lon>
    <Dis>5140.542</Dis>
    <Cta>987</Cta>
    <CodSec>36</CodSec>
  </S>
  <S>
    <Calle>PEAJ2</Calle>
    <Lat>34.461190</Lat>
    <Lon>58.707680</Lon>
    <Dis>214.555</Dis>
    <Cta>1232</Cta>
    <CodSec>37</CodSec>
  </S>
  <S>
    <Calle>PEAJ1</Calle>
    <Lat>34.460587</Lat>
    <Lon>58.709685</Lon>
    <Dis>790.396</Dis>
    <Cta>1244</Cta>
    <CodSec>37</CodSec>
  </S>
  <S>
    <Calle>SKF.2</Calle>
    <Lat>34.458219</Lat>
    <Lon>58.717568</Lon>
    <Dis>1187.772</Dis>
    <Cta>1284</Cta>
    <CodSec>37</CodSec>
  </S>
  <S>
    <Calle>FONA2</Calle>
    <Lat>34.454377</Lat>
    <Lon>58.729594</Lon>
    <Dis>1663.197</Dis>
    <Cta>1334</Cta>
    <CodSec>38</CodSec>
  </S>
  <S>
    <Calle>PTGA2</Calle>
    <Lat>34.449026</Lat>
    <Lon>58.746373</Lon>
    <Dis>1471.458</Dis>
    <Cta>1405</Cta>
    <CodSec>38</CodSec>
  </S>
  <S>
    <Calle>PTE52</Calle>
    <Lat>34.444641</Lat>
    <Lon>58.761416</Lon>
    <Dis>1811.227</Dis>
    <Cta>1473</Cta>
    <CodSec>38</CodSec>
  </S>
  <S>
    <Calle>RUT26</Calle>
    <Lat>34.440979</Lat>
    <Lon>58.780606</Lon>
    <Dis>4182.038</Dis>
    <Cta>1551</Cta>
    <CodSec>39</CodSec>
  </S>
  <S>
    <Calle>CABEC</Calle>
    <Lat>34.406906</Lat>
    <Lon>58.772795</Lon>
    <Dis>0</Dis>
    <Cta>1777</Cta>
    <CodSec>52</CodSec>
  </S>
</Sector>