<?xml version="1.0" standalone="yes"?>
<Sector>
  <xs:schema id="Sector" xmlns="" xmlns:xs="http://www.w3.org/2001/XMLSchema" xmlns:msdata="urn:schemas-microsoft-com:xml-msdata">
    <xs:element name="Sector" msdata:IsDataSet="true" msdata:Locale="">
      <xs:complexType>
        <xs:choice minOccurs="0" maxOccurs="unbounded">
          <xs:element name="S" msdata:Locale="">
            <xs:complexType>
              <xs:sequence>
                <xs:element name="Calle" type="xs:string" minOccurs="0" />
                <xs:element name="Lat" type="xs:decimal" minOccurs="0" />
                <xs:element name="Lon" type="xs:decimal" minOccurs="0" />
                <xs:element name="Dis" type="xs:decimal" minOccurs="0" />
                <xs:element name="Cta" type="xs:int" minOccurs="0" />
                <xs:element name="CodSec" type="xs:int" minOccurs="0" />
              </xs:sequence>
            </xs:complexType>
          </xs:element>
        </xs:choice>
      </xs:complexType>
    </xs:element>
  </xs:schema>
  <S>
    <Calle>SAAVE</Calle>
    <Lat>34.537650</Lat>
    <Lon>58.476290</Lon>
    <Dis>1661.979</Dis>
    <Cta>1</Cta>
    <CodSec>1</CodSec>
  </S>
  <S>
    <Calle>SMAR.</Calle>
    <Lat>34.524103</Lat>
    <Lon>58.483593</Lon>
    <Dis>1000.796</Dis>
    <Cta>89</Cta>
    <CodSec>1</CodSec>
  </S>
  <S>
    <Calle>E.MIT</Calle>
    <Lat>34.515921</Lat>
    <Lon>58.487988</Lon>
    <Dis>2990.295</Dis>
    <Cta>138</Cta>
    <CodSec>2</CodSec>
  </S>
  <S>
    <Calle>E.MAR</Calle>
    <Lat>34.491048</Lat>
    <Lon>58.499585</Lon>
    <Dis>2121.926</Dis>
    <Cta>382</Cta>
    <CodSec>3</CodSec>
  </S>
  <S>
    <Calle>E.SIS</Calle>
    <Lat>34.475022</Lat>
    <Lon>58.511809</Lon>
    <Dis>3351.973</Dis>
    <Cta>506</Cta>
    <CodSec>4</CodSec>
  </S>
  <S>
    <Calle>E.VIC</Calle>
    <Lat>34.454073</Lat>
    <Lon>58.537606</Lon>
    <Dis>1050.779</Dis>
    <Cta>690</Cta>
    <CodSec>5</CodSec>
  </S>
  <S>
    <Calle>GANDO</Calle>
    <Lat>34.447883</Lat>
    <Lon>58.546138</Lon>
    <Dis>2496.871</Dis>
    <Cta>750</Cta>
    <CodSec>5</CodSec>
  </S>
  <S>
    <Calle>SFER2</Calle>
    <Lat>34.432704</Lat>
    <Lon>58.564243</Lon>
    <Dis>2801.141</Dis>
    <Cta>880</Cta>
    <CodSec>6</CodSec>
  </S>
  <S>
    <Calle>DETAL</Calle>
    <Lat>34.446682</Lat>
    <Lon>58.587952</Lon>
    <Dis>1307.151</Dis>
    <Cta>1070</Cta>
    <CodSec>46</CodSec>
  </S>
  <S>
    <Calle>LINIE</Calle>
    <Lat>34.444364</Lat>
    <Lon>58.597336</Lon>
    <Dis>2987.624</Dis>
    <Cta>1166</Cta>
    <CodSec>46</CodSec>
  </S>
  <S>
    <Calle>PACHE</Calle>
    <Lat>34.455948</Lat>
    <Lon>58.626416</Lon>
    <Dis>2220.362</Dis>
    <Cta>1342</Cta>
    <CodSec>47</CodSec>
  </S>
  <S>
    <Calle>BLANC</Calle>
    <Lat>34.453525</Lat>
    <Lon>58.644462</Lon>
    <Dis>2690.288</Dis>
    <Cta>1465</Cta>
    <CodSec>48</CodSec>
  </S>
  <S>
    <Calle>CAMEL</Calle>
    <Lat>34.447312</Lat>
    <Lon>58.672527</Lon>
    <Dis>4586.357</Dis>
    <Cta>1622</Cta>
    <CodSec>49</CodSec>
  </S>
  <S>
    <Calle>LORET</Calle>
    <Lat>34.414397</Lat>
    <Lon>58.700949</Lon>
    <Dis>2832.234</Dis>
    <Cta>1887</Cta>
    <CodSec>50</CodSec>
  </S>
  <S>
    <Calle>CURVO</Calle>
    <Lat>34.407533</Lat>
    <Lon>58.729755</Lon>
    <Dis>1618.779</Dis>
    <Cta>2068</Cta>
    <CodSec>50</CodSec>
  </S>
  <S>
    <Calle>MASCH</Calle>
    <Lat>34.395426</Lat>
    <Lon>58.739284</Lon>
    <Dis>2383.897</Dis>
    <Cta>2151</Cta>
    <CodSec>50</CodSec>
  </S>
  <S>
    <Calle>A.C.A</Calle>
    <Lat>34.381350</Lat>
    <Lon>58.752309</Lon>
    <Dis>3595.610</Dis>
    <Cta>2291</Cta>
    <CodSec>51</CodSec>
  </S>
  <S>
    <Calle>E.SAV</Calle>
    <Lat>34.407339</Lat>
    <Lon>58.770860</Lon>
    <Dis>947.223</Dis>
    <Cta>2507</Cta>
    <CodSec>52</CodSec>
  </S>
  <S>
    <Calle>ASTER</Calle>
    <Lat>34.415143</Lat>
    <Lon>58.774660</Lon>
    <Dis>3006.265</Dis>
    <Cta>2561</Cta>
    <CodSec>52</CodSec>
  </S>
  <S>
    <Calle>RPILA</Calle>
    <Lat>34.441150</Lat>
    <Lon>58.782953</Lon>
    <Dis>1761.587</Dis>
    <Cta>2731</Cta>
    <CodSec>53</CodSec>
  </S>
  <S>
    <Calle>E.VIS</Calle>
    <Lat>34.450662</Lat>
    <Lon>58.797545</Lon>
    <Dis>1435.847</Dis>
    <Cta>2840</Cta>
    <CodSec>53</CodSec>
  </S>
  <S>
    <Calle>RUTP8</Calle>
    <Lat>34.459619</Lat>
    <Lon>58.808029</Lon>
    <Dis>2755.599</Dis>
    <Cta>2924</Cta>
    <CodSec>54</CodSec>
  </S>
  <S>
    <Calle>LONJA</Calle>
    <Lat>34.454026</Lat>
    <Lon>58.833501</Lon>
    <Dis>3030.327</Dis>
    <Cta>3157</Cta>
    <CodSec>55</CodSec>
  </S>
  <S>
    <Calle>JUMBO</Calle>
    <Lat>34.450220</Lat>
    <Lon>58.865864</Lon>
    <Dis>3735.639</Dis>
    <Cta>3324</Cta>
    <CodSec>56</CodSec>
  </S>
  <S>
    <Calle>RUT25</Calle>
    <Lat>34.456645</Lat>
    <Lon>58.905466</Lon>
    <Dis>2238.114</Dis>
    <Cta>3578</Cta>
    <CodSec>57</CodSec>
  </S>
  <S>
    <Calle>MAIPU</Calle>
    <Lat>34.468964</Lat>
    <Lon>58.905991</Lon>
    <Dis>599.684</Dis>
    <Cta>3721</Cta>
    <CodSec>60</CodSec>
  </S>
  <S>
    <Calle>PILAR</Calle>
    <Lat>34.473740</Lat>
    <Lon>58.903415</Lon>
    <Dis>0</Dis>
    <Cta>3763</Cta>
    <CodSec>60</CodSec>
  </S>
</Sector>