<?xml version="1.0" standalone="yes"?>
<Sector>
  <xs:schema id="Sector" xmlns="" xmlns:xs="http://www.w3.org/2001/XMLSchema" xmlns:msdata="urn:schemas-microsoft-com:xml-msdata">
    <xs:element name="Sector" msdata:IsDataSet="true" msdata:Locale="">
      <xs:complexType>
        <xs:choice minOccurs="0" maxOccurs="unbounded">
          <xs:element name="S" msdata:Locale="">
            <xs:complexType>
              <xs:sequence>
                <xs:element name="Calle" type="xs:string" minOccurs="0" />
                <xs:element name="Lat" type="xs:decimal" minOccurs="0" />
                <xs:element name="Lon" type="xs:decimal" minOccurs="0" />
                <xs:element name="Dis" type="xs:decimal" minOccurs="0" />
                <xs:element name="Cta" type="xs:int" minOccurs="0" />
                <xs:element name="CodSec" type="xs:int" minOccurs="0" />
              </xs:sequence>
            </xs:complexType>
          </xs:element>
        </xs:choice>
      </xs:complexType>
    </xs:element>
  </xs:schema>
  <S>
    <Calle>PILAR</Calle>
    <Lat>34.477876</Lat>
    <Lon>58.901249</Lon>
    <Dis>1149.670</Dis>
    <Cta>1</Cta>
    <CodSec>60</CodSec>
  </S>
  <S>
    <Calle>NAZAR</Calle>
    <Lat>34.469000</Lat>
    <Lon>58.905856</Lon>
    <Dis>2442.203</Dis>
    <Cta>71</Cta>
    <CodSec>60</CodSec>
  </S>
  <S>
    <Calle>RUT25</Calle>
    <Lat>34.456794</Lat>
    <Lon>58.905975</Lon>
    <Dis>3374.227</Dis>
    <Cta>218</Cta>
    <CodSec>57</CodSec>
  </S>
  <S>
    <Calle>JUMBO</Calle>
    <Lat>34.450089</Lat>
    <Lon>58.870331</Lon>
    <Dis>3080.200</Dis>
    <Cta>452</Cta>
    <CodSec>56</CodSec>
  </S>
  <S>
    <Calle>LONJA</Calle>
    <Lat>34.454444</Lat>
    <Lon>58.837336</Lon>
    <Dis>2714.762</Dis>
    <Cta>634</Cta>
    <CodSec>55</CodSec>
  </S>
  <S>
    <Calle>RUT26</Calle>
    <Lat>34.458979</Lat>
    <Lon>58.811813</Lon>
    <Dis>1470.564</Dis>
    <Cta>813</Cta>
    <CodSec>54</CodSec>
  </S>
  <S>
    <Calle>E.VIS</Calle>
    <Lat>34.453880</Lat>
    <Lon>58.799554</Lon>
    <Dis>2147.891</Dis>
    <Cta>891</Cta>
    <CodSec>54</CodSec>
  </S>
  <S>
    <Calle>RPILA</Calle>
    <Lat>34.441314</Lat>
    <Lon>58.782833</Lon>
    <Dis>2789.484</Dis>
    <Cta>1019</Cta>
    <CodSec>53</CodSec>
  </S>
  <S>
    <Calle>ASTER</Calle>
    <Lat>34.417253</Lat>
    <Lon>58.775391</Lon>
    <Dis>1055.124</Dis>
    <Cta>1181</Cta>
    <CodSec>53</CodSec>
  </S>
  <S>
    <Calle>E.SAV</Calle>
    <Lat>34.408427</Lat>
    <Lon>58.771395</Lon>
    <Dis>3623.590</Dis>
    <Cta>1242</Cta>
    <CodSec>52</CodSec>
  </S>
  <S>
    <Calle>COLEC</Calle>
    <Lat>34.381805</Lat>
    <Lon>58.753064</Lon>
    <Dis>1900.645</Dis>
    <Cta>1440</Cta>
    <CodSec>51</CodSec>
  </S>
  <S>
    <Calle>MASCH</Calle>
    <Lat>34.394855</Lat>
    <Lon>58.741366</Lon>
    <Dis>1830.909</Dis>
    <Cta>1555</Cta>
    <CodSec>51</CodSec>
  </S>
  <S>
    <Calle>CURVO</Calle>
    <Lat>34.408551</Lat>
    <Lon>58.730490</Lon>
    <Dis>902.917</Dis>
    <Cta>1662</Cta>
    <CodSec>51</CodSec>
  </S>
  <S>
    <Calle>PTGA1</Calle>
    <Lat>34.414859</Lat>
    <Lon>58.724843</Lon>
    <Dis>2657.288</Dis>
    <Cta>1712</Cta>
    <CodSec>43</CodSec>
  </S>
  <S>
    <Calle>FORD1</Calle>
    <Lat>34.435328</Lat>
    <Lon>58.711058</Lon>
    <Dis>1548.433</Dis>
    <Cta>1859</Cta>
    <CodSec>43</CodSec>
  </S>
  <S>
    <Calle>FORD2</Calle>
    <Lat>34.446630</Lat>
    <Lon>58.701326</Lon>
    <Dis>5803.940</Dis>
    <Cta>1943</Cta>
    <CodSec>42</CodSec>
  </S>
  <S>
    <Calle>R1971</Calle>
    <Lat>34.474986</Lat>
    <Lon>58.666490</Lon>
    <Dis>1191.532</Dis>
    <Cta>2301</Cta>
    <CodSec>36</CodSec>
  </S>
  <S>
    <Calle>R1972</Calle>
    <Lat>34.477996</Lat>
    <Lon>58.654074</Lon>
    <Dis>3431.855</Dis>
    <Cta>2374</Cta>
    <CodSec>36</CodSec>
  </S>
  <S>
    <Calle>R2021</Calle>
    <Lat>34.485051</Lat>
    <Lon>58.617824</Lon>
    <Dis>974.200</Dis>
    <Cta>2532</Cta>
    <CodSec>14</CodSec>
  </S>
  <S>
    <Calle>R2022</Calle>
    <Lat>34.486493</Lat>
    <Lon>58.607559</Lon>
    <Dis>2084.687</Dis>
    <Cta>2594</Cta>
    <CodSec>14</CodSec>
  </S>
  <S>
    <Calle>BLGNE</Calle>
    <Lat>34.488273</Lat>
    <Lon>58.585025</Lon>
    <Dis>1886.180</Dis>
    <Cta>2695</Cta>
    <CodSec>14</CodSec>
  </S>
  <S>
    <Calle>JSMAR</Calle>
    <Lat>34.491705</Lat>
    <Lon>58.565296</Lon>
    <Dis>949.714</Dis>
    <Cta>2817</Cta>
    <CodSec>14</CodSec>
  </S>
  <S>
    <Calle>MARQ1</Calle>
    <Lat>34.495906</Lat>
    <Lon>58.556676</Lon>
    <Dis>1462.047</Dis>
    <Cta>2870</Cta>
    <CodSec>13</CodSec>
  </S>
  <S>
    <Calle>THAME</Calle>
    <Lat>34.502292</Lat>
    <Lon>58.543119</Lon>
    <Dis>982.597</Dis>
    <Cta>2947</Cta>
    <CodSec>13</CodSec>
  </S>
  <S>
    <Calle>EDISO</Calle>
    <Lat>34.506731</Lat>
    <Lon>58.533933</Lon>
    <Dis>4098.438</Dis>
    <Cta>2992</Cta>
    <CodSec>12</CodSec>
  </S>
  <S>
    <Calle>SMART</Calle>
    <Lat>34.533379</Lat>
    <Lon>58.504533</Lon>
    <Dis>2233.506</Dis>
    <Cta>3235</Cta>
    <CodSec>11</CodSec>
  </S>
  <S>
    <Calle>MAIPU</Calle>
    <Lat>34.524047</Lat>
    <Lon>58.483973</Lon>
    <Dis>1720.335</Dis>
    <Cta>3358</Cta>
    <CodSec>11</CodSec>
  </S>
  <S>
    <Calle>SAAVE</Calle>
    <Lat>34.537975</Lat>
    <Lon>58.476434</Lon>
    <Dis>0</Dis>
    <Cta>3446</Cta>
    <CodSec>1</CodSec>
  </S>
</Sector>