<?xml version="1.0" standalone="yes"?>
<Sector>
  <xs:schema id="Sector" xmlns="" xmlns:xs="http://www.w3.org/2001/XMLSchema" xmlns:msdata="urn:schemas-microsoft-com:xml-msdata">
    <xs:element name="Sector" msdata:IsDataSet="true" msdata:Locale="">
      <xs:complexType>
        <xs:choice minOccurs="0" maxOccurs="unbounded">
          <xs:element name="S" msdata:Locale="">
            <xs:complexType>
              <xs:sequence>
                <xs:element name="Calle" type="xs:string" minOccurs="0" />
                <xs:element name="Lat" type="xs:decimal" minOccurs="0" />
                <xs:element name="Lon" type="xs:decimal" minOccurs="0" />
                <xs:element name="Dis" type="xs:decimal" minOccurs="0" />
                <xs:element name="Cta" type="xs:int" minOccurs="0" />
                <xs:element name="CodSec" type="xs:int" minOccurs="0" />
              </xs:sequence>
            </xs:complexType>
          </xs:element>
        </xs:choice>
      </xs:complexType>
    </xs:element>
  </xs:schema>
  <S>
    <Calle>PILAR</Calle>
    <Lat>34.477876</Lat>
    <Lon>58.901248</Lon>
    <Dis>1149.592</Dis>
    <Cta>1</Cta>
    <CodSec>60</CodSec>
  </S>
  <S>
    <Calle>NAZAR</Calle>
    <Lat>34.469000</Lat>
    <Lon>58.905856</Lon>
    <Dis>2432.143</Dis>
    <Cta>71</Cta>
    <CodSec>60</CodSec>
  </S>
  <S>
    <Calle>RUT25</Calle>
    <Lat>34.456794</Lat>
    <Lon>58.905975</Lon>
    <Dis>3374.227</Dis>
    <Cta>219</Cta>
    <CodSec>57</CodSec>
  </S>
  <S>
    <Calle>JUMBO</Calle>
    <Lat>34.450089</Lat>
    <Lon>58.870329</Lon>
    <Dis>3080.200</Dis>
    <Cta>453</Cta>
    <CodSec>56</CodSec>
  </S>
  <S>
    <Calle>LONJA</Calle>
    <Lat>34.454444</Lat>
    <Lon>58.837336</Lon>
    <Dis>2714.772</Dis>
    <Cta>635</Cta>
    <CodSec>55</CodSec>
  </S>
  <S>
    <Calle>RUT26</Calle>
    <Lat>34.458979</Lat>
    <Lon>58.811813</Lon>
    <Dis>1470.584</Dis>
    <Cta>815</Cta>
    <CodSec>54</CodSec>
  </S>
  <S>
    <Calle>E.VIS</Calle>
    <Lat>34.453880</Lat>
    <Lon>58.799553</Lon>
    <Dis>2148.054</Dis>
    <Cta>893</Cta>
    <CodSec>54</CodSec>
  </S>
  <S>
    <Calle>RPILA</Calle>
    <Lat>34.441316</Lat>
    <Lon>58.782831</Lon>
    <Dis>2125.115</Dis>
    <Cta>1021</Cta>
    <CodSec>39</CodSec>
  </S>
  <S>
    <Calle>PTE52</Calle>
    <Lat>34.444851</Lat>
    <Lon>58.761718</Lon>
    <Dis>1480.748</Dis>
    <Cta>1173</Cta>
    <CodSec>39</CodSec>
  </S>
  <S>
    <Calle>PTGA2</Calle>
    <Lat>34.449110</Lat>
    <Lon>58.746973</Lon>
    <Dis>1266.527</Dis>
    <Cta>1273</Cta>
    <CodSec>39</CodSec>
  </S>
  <S>
    <Calle>FONA1</Calle>
    <Lat>34.453388</Lat>
    <Lon>58.734256</Lon>
    <Dis>396.870</Dis>
    <Cta>1332</Cta>
    <CodSec>38</CodSec>
  </S>
  <S>
    <Calle>FONA2</Calle>
    <Lat>34.454425</Lat>
    <Lon>58.730367</Lon>
    <Dis>1040.085</Dis>
    <Cta>1361</Cta>
    <CodSec>38</CodSec>
  </S>
  <S>
    <Calle>SKF.1</Calle>
    <Lat>34.457730</Lat>
    <Lon>58.720028</Lon>
    <Dis>358.724</Dis>
    <Cta>1409</Cta>
    <CodSec>38</CodSec>
  </S>
  <S>
    <Calle>SKF.2</Calle>
    <Lat>34.458570</Lat>
    <Lon>58.717366</Lon>
    <Dis>746.488</Dis>
    <Cta>1465</Cta>
    <CodSec>38</CodSec>
  </S>
  <S>
    <Calle>PEAJ1</Calle>
    <Lat>34.460956</Lat>
    <Lon>58.709812</Lon>
    <Dis>192.465</Dis>
    <Cta>1500</Cta>
    <CodSec>37</CodSec>
  </S>
  <S>
    <Calle>PEAJ2</Calle>
    <Lat>34.461546</Lat>
    <Lon>58.707854</Lon>
    <Dis>4095.793</Dis>
    <Cta>1514</Cta>
    <CodSec>37</CodSec>
  </S>
  <S>
    <Calle>R1971</Calle>
    <Lat>34.474733</Lat>
    <Lon>58.666405</Lon>
    <Dis>1198.066</Dis>
    <Cta>1728</Cta>
    <CodSec>36</CodSec>
  </S>
  <S>
    <Calle>R1972</Calle>
    <Lat>34.477996</Lat>
    <Lon>58.654074</Lon>
    <Dis>3431.855</Dis>
    <Cta>1803</Cta>
    <CodSec>36</CodSec>
  </S>
  <S>
    <Calle>R2021</Calle>
    <Lat>34.485051</Lat>
    <Lon>58.617824</Lon>
    <Dis>974.200</Dis>
    <Cta>1961</Cta>
    <CodSec>14</CodSec>
  </S>
  <S>
    <Calle>R2022</Calle>
    <Lat>34.486493</Lat>
    <Lon>58.607559</Lon>
    <Dis>2101.146</Dis>
    <Cta>2023</Cta>
    <CodSec>14</CodSec>
  </S>
  <S>
    <Calle>BLGNE</Calle>
    <Lat>34.488272</Lat>
    <Lon>58.584832</Lon>
    <Dis>1878.263</Dis>
    <Cta>2127</Cta>
    <CodSec>14</CodSec>
  </S>
  <S>
    <Calle>JSMAR</Calle>
    <Lat>34.491705</Lat>
    <Lon>58.565296</Lon>
    <Dis>949.714</Dis>
    <Cta>2251</Cta>
    <CodSec>14</CodSec>
  </S>
  <S>
    <Calle>MARQ1</Calle>
    <Lat>34.495906</Lat>
    <Lon>58.556676</Lon>
    <Dis>1462.047</Dis>
    <Cta>2304</Cta>
    <CodSec>13</CodSec>
  </S>
  <S>
    <Calle>THAME</Calle>
    <Lat>34.502292</Lat>
    <Lon>58.543119</Lon>
    <Dis>982.601</Dis>
    <Cta>2381</Cta>
    <CodSec>13</CodSec>
  </S>
  <S>
    <Calle>EDISO</Calle>
    <Lat>34.506731</Lat>
    <Lon>58.533933</Lon>
    <Dis>4097.088</Dis>
    <Cta>2430</Cta>
    <CodSec>12</CodSec>
  </S>
  <S>
    <Calle>SMART</Calle>
    <Lat>34.533345</Lat>
    <Lon>58.504400</Lon>
    <Dis>3291.447</Dis>
    <Cta>2669</Cta>
    <CodSec>11</CodSec>
  </S>
  <S>
    <Calle>ZAPIO</Calle>
    <Lat>34.541931</Lat>
    <Lon>58.481159</Lon>
    <Dis>785.802</Dis>
    <Cta>2903</Cta>
    <CodSec>11</CodSec>
  </S>
  <S>
    <Calle>SAAVE</Calle>
    <Lat>34.537644</Lat>
    <Lon>58.476338</Lon>
    <Dis>0</Dis>
    <Cta>2950</Cta>
    <CodSec>1</CodSec>
  </S>
</Sector>