<?xml version="1.0" standalone="yes"?>
<Sector>
  <xs:schema id="Sector" xmlns="" xmlns:xs="http://www.w3.org/2001/XMLSchema" xmlns:msdata="urn:schemas-microsoft-com:xml-msdata">
    <xs:element name="Sector" msdata:IsDataSet="true" msdata:Locale="">
      <xs:complexType>
        <xs:choice minOccurs="0" maxOccurs="unbounded">
          <xs:element name="S" msdata:Locale="">
            <xs:complexType>
              <xs:sequence>
                <xs:element name="Calle" type="xs:string" minOccurs="0" />
                <xs:element name="Lat" type="xs:decimal" minOccurs="0" />
                <xs:element name="Lon" type="xs:decimal" minOccurs="0" />
                <xs:element name="Dis" type="xs:decimal" minOccurs="0" />
                <xs:element name="Cta" type="xs:int" minOccurs="0" />
                <xs:element name="CodSec" type="xs:int" minOccurs="0" />
              </xs:sequence>
            </xs:complexType>
          </xs:element>
        </xs:choice>
      </xs:complexType>
    </xs:element>
  </xs:schema>
  <S>
    <Calle>SAAVE</Calle>
    <Lat>34.537561</Lat>
    <Lon>58.476483</Lon>
    <Dis>1636.407</Dis>
    <Cta>1</Cta>
    <CodSec>1</CodSec>
  </S>
  <S>
    <Calle>SMAR.</Calle>
    <Lat>34.524103</Lat>
    <Lon>58.483593</Lon>
    <Dis>3102.388</Dis>
    <Cta>89</Cta>
    <CodSec>1</CodSec>
  </S>
  <S>
    <Calle>SMART</Calle>
    <Lat>34.533419</Lat>
    <Lon>58.503137</Lon>
    <Dis>3785.659</Dis>
    <Cta>262</Cta>
    <CodSec>11</CodSec>
  </S>
  <S>
    <Calle>EDISO</Calle>
    <Lat>34.508168</Lat>
    <Lon>58.529510</Lon>
    <Dis>1392.987</Dis>
    <Cta>478</Cta>
    <CodSec>12</CodSec>
  </S>
  <S>
    <Calle>THAME</Calle>
    <Lat>34.501787</Lat>
    <Lon>58.542530</Lon>
    <Dis>975.427</Dis>
    <Cta>552</Cta>
    <CodSec>12</CodSec>
  </S>
  <S>
    <Calle>MARQ2</Calle>
    <Lat>34.497111</Lat>
    <Lon>58.551385</Lon>
    <Dis>404.582</Dis>
    <Cta>603</Cta>
    <CodSec>13</CodSec>
  </S>
  <S>
    <Calle>MARQ1</Calle>
    <Lat>34.494648</Lat>
    <Lon>58.554545</Lon>
    <Dis>1050.658</Dis>
    <Cta>632</Cta>
    <CodSec>13</CodSec>
  </S>
  <S>
    <Calle>JSMAR</Calle>
    <Lat>34.491259</Lat>
    <Lon>58.564773</Lon>
    <Dis>1901.068</Dis>
    <Cta>699</Cta>
    <CodSec>13</CodSec>
  </S>
  <S>
    <Calle>BLGNE</Calle>
    <Lat>34.487860</Lat>
    <Lon>58.584753</Lon>
    <Dis>2195.415</Dis>
    <Cta>816</Cta>
    <CodSec>13</CodSec>
  </S>
  <S>
    <Calle>R2022</Calle>
    <Lat>34.485933</Lat>
    <Lon>58.608469</Lon>
    <Dis>822.247</Dis>
    <Cta>926</Cta>
    <CodSec>14</CodSec>
  </S>
  <S>
    <Calle>R2021</Calle>
    <Lat>34.484754</Lat>
    <Lon>58.617231</Lon>
    <Dis>3627.250</Dis>
    <Cta>976</Cta>
    <CodSec>14</CodSec>
  </S>
  <S>
    <Calle>R1972</Calle>
    <Lat>34.477086</Lat>
    <Lon>58.655488</Lon>
    <Dis>865.764</Dis>
    <Cta>1143</Cta>
    <CodSec>36</CodSec>
  </S>
  <S>
    <Calle>R1971</Calle>
    <Lat>34.474616</Lat>
    <Lon>58.664267</Lon>
    <Dis>4283.056</Dis>
    <Cta>1193</Cta>
    <CodSec>36</CodSec>
  </S>
  <S>
    <Calle>PEAJ2</Calle>
    <Lat>34.461189</Lat>
    <Lon>58.707683</Lon>
    <Dis>214.560</Dis>
    <Cta>1404</Cta>
    <CodSec>37</CodSec>
  </S>
  <S>
    <Calle>PEAJ1</Calle>
    <Lat>34.460588</Lat>
    <Lon>58.709685</Lon>
    <Dis>788.918</Dis>
    <Cta>1416</Cta>
    <CodSec>37</CodSec>
  </S>
  <S>
    <Calle>SKF.2</Calle>
    <Lat>34.458166</Lat>
    <Lon>58.717529</Lon>
    <Dis>1323.314</Dis>
    <Cta>1456</Cta>
    <CodSec>38</CodSec>
  </S>
  <S>
    <Calle>FONA2</Calle>
    <Lat>34.454367</Lat>
    <Lon>58.729370</Lon>
    <Dis>436.866</Dis>
    <Cta>1573</Cta>
    <CodSec>38</CodSec>
  </S>
  <S>
    <Calle>FONA1</Calle>
    <Lat>34.453096</Lat>
    <Lon>58.733503</Lon>
    <Dis>1682.591</Dis>
    <Cta>1608</Cta>
    <CodSec>38</CodSec>
  </S>
  <S>
    <Calle>PTGA1</Calle>
    <Lat>34.447692</Lat>
    <Lon>58.750187</Lon>
    <Dis>1064.548</Dis>
    <Cta>1707</Cta>
    <CodSec>38</CodSec>
  </S>
  <S>
    <Calle>PTE52</Calle>
    <Lat>34.444675</Lat>
    <Lon>58.761163</Lon>
    <Dis>803.886</Dis>
    <Cta>1758</Cta>
    <CodSec>38</CodSec>
  </S>
  <S>
    <Calle>PTE51</Calle>
    <Lat>34.443149</Lat>
    <Lon>58.768432</Lon>
    <Dis>1146.690</Dis>
    <Cta>1828</Cta>
    <CodSec>38</CodSec>
  </S>
  <S>
    <Calle>RUT26</Calle>
    <Lat>34.440979</Lat>
    <Lon>58.780606</Lon>
    <Dis>2069.888</Dis>
    <Cta>1881</Cta>
    <CodSec>39</CodSec>
  </S>
  <S>
    <Calle>E.VIS</Calle>
    <Lat>34.450662</Lat>
    <Lon>58.797544</Lon>
    <Dis>1435.937</Dis>
    <Cta>2027</Cta>
    <CodSec>39</CodSec>
  </S>
  <S>
    <Calle>RUTP8</Calle>
    <Lat>34.459619</Lat>
    <Lon>58.808029</Lon>
    <Dis>2755.599</Dis>
    <Cta>2111</Cta>
    <CodSec>54</CodSec>
  </S>
  <S>
    <Calle>LONJA</Calle>
    <Lat>34.454026</Lat>
    <Lon>58.833501</Lon>
    <Dis>3031.193</Dis>
    <Cta>2344</Cta>
    <CodSec>55</CodSec>
  </S>
  <S>
    <Calle>JUMBO</Calle>
    <Lat>34.450220</Lat>
    <Lon>58.865868</Lon>
    <Dis>3734.668</Dis>
    <Cta>2511</Cta>
    <CodSec>56</CodSec>
  </S>
  <S>
    <Calle>RUT25</Calle>
    <Lat>34.456645</Lat>
    <Lon>58.905466</Lon>
    <Dis>2221.225</Dis>
    <Cta>2765</Cta>
    <CodSec>57</CodSec>
  </S>
  <S>
    <Calle>MAIPU</Calle>
    <Lat>34.468964</Lat>
    <Lon>58.905992</Lon>
    <Dis>1146.691</Dis>
    <Cta>2907</Cta>
    <CodSec>60</CodSec>
  </S>
  <S>
    <Calle>PILAR</Calle>
    <Lat>34.477843</Lat>
    <Lon>58.901269</Lon>
    <Dis>0</Dis>
    <Cta>2977</Cta>
    <CodSec>60</CodSec>
  </S>
</Sector>