<?xml version="1.0" standalone="yes"?>
<Sector>
  <xs:schema id="Sector" xmlns="" xmlns:xs="http://www.w3.org/2001/XMLSchema" xmlns:msdata="urn:schemas-microsoft-com:xml-msdata">
    <xs:element name="Sector" msdata:IsDataSet="true" msdata:Locale="">
      <xs:complexType>
        <xs:choice minOccurs="0" maxOccurs="unbounded">
          <xs:element name="S" msdata:Locale="">
            <xs:complexType>
              <xs:sequence>
                <xs:element name="Calle" type="xs:string" minOccurs="0" />
                <xs:element name="Lat" type="xs:decimal" minOccurs="0" />
                <xs:element name="Lon" type="xs:decimal" minOccurs="0" />
                <xs:element name="Dis" type="xs:decimal" minOccurs="0" />
                <xs:element name="Cta" type="xs:int" minOccurs="0" />
                <xs:element name="CodSec" type="xs:int" minOccurs="0" />
              </xs:sequence>
            </xs:complexType>
          </xs:element>
        </xs:choice>
      </xs:complexType>
    </xs:element>
  </xs:schema>
  <S>
    <Calle>PILAR</Calle>
    <Lat>34.477876</Lat>
    <Lon>58.901248</Lon>
    <Dis>1149.592</Dis>
    <Cta>1</Cta>
    <CodSec>60</CodSec>
  </S>
  <S>
    <Calle>NAZAR</Calle>
    <Lat>34.469000</Lat>
    <Lon>58.905856</Lon>
    <Dis>2403.092</Dis>
    <Cta>71</Cta>
    <CodSec>60</CodSec>
  </S>
  <S>
    <Calle>RUT25</Calle>
    <Lat>34.456794</Lat>
    <Lon>58.905975</Lon>
    <Dis>3374.227</Dis>
    <Cta>215</Cta>
    <CodSec>57</CodSec>
  </S>
  <S>
    <Calle>JUMBO</Calle>
    <Lat>34.450090</Lat>
    <Lon>58.870331</Lon>
    <Dis>3079.978</Dis>
    <Cta>449</Cta>
    <CodSec>56</CodSec>
  </S>
  <S>
    <Calle>LONJA</Calle>
    <Lat>34.454444</Lat>
    <Lon>58.837336</Lon>
    <Dis>2714.772</Dis>
    <Cta>631</Cta>
    <CodSec>55</CodSec>
  </S>
  <S>
    <Calle>RUT26</Calle>
    <Lat>34.458979</Lat>
    <Lon>58.811813</Lon>
    <Dis>1470.584</Dis>
    <Cta>811</Cta>
    <CodSec>54</CodSec>
  </S>
  <S>
    <Calle>E.VIS</Calle>
    <Lat>34.453880</Lat>
    <Lon>58.799554</Lon>
    <Dis>2147.891</Dis>
    <Cta>889</Cta>
    <CodSec>54</CodSec>
  </S>
  <S>
    <Calle>RPILA</Calle>
    <Lat>34.441314</Lat>
    <Lon>58.782833</Lon>
    <Dis>2789.484</Dis>
    <Cta>1017</Cta>
    <CodSec>53</CodSec>
  </S>
  <S>
    <Calle>ASTER</Calle>
    <Lat>34.417253</Lat>
    <Lon>58.775391</Lon>
    <Dis>1055.124</Dis>
    <Cta>1179</Cta>
    <CodSec>53</CodSec>
  </S>
  <S>
    <Calle>E.SAV</Calle>
    <Lat>34.408427</Lat>
    <Lon>58.771395</Lon>
    <Dis>3623.590</Dis>
    <Cta>1240</Cta>
    <CodSec>52</CodSec>
  </S>
  <S>
    <Calle>COLEC</Calle>
    <Lat>34.381804</Lat>
    <Lon>58.753064</Lon>
    <Dis>1913.490</Dis>
    <Cta>1438</Cta>
    <CodSec>51</CodSec>
  </S>
  <S>
    <Calle>MASCH</Calle>
    <Lat>34.394855</Lat>
    <Lon>58.741366</Lon>
    <Dis>1835.017</Dis>
    <Cta>1552</Cta>
    <CodSec>51</CodSec>
  </S>
  <S>
    <Calle>CURVO</Calle>
    <Lat>34.408550</Lat>
    <Lon>58.730490</Lon>
    <Dis>2471.834</Dis>
    <Cta>1659</Cta>
    <CodSec>51</CodSec>
  </S>
  <S>
    <Calle>LORET</Calle>
    <Lat>34.412860</Lat>
    <Lon>58.704746</Lon>
    <Dis>4236.859</Dis>
    <Cta>1786</Cta>
    <CodSec>50</CodSec>
  </S>
  <S>
    <Calle>CAMEL</Calle>
    <Lat>34.443278</Lat>
    <Lon>58.678514</Lon>
    <Dis>2942.443</Dis>
    <Cta>2032</Cta>
    <CodSec>49</CodSec>
  </S>
  <S>
    <Calle>BLANC</Calle>
    <Lat>34.453227</Lat>
    <Lon>58.649976</Lon>
    <Dis>2563.516</Dis>
    <Cta>2216</Cta>
    <CodSec>48</CodSec>
  </S>
  <S>
    <Calle>PACHE</Calle>
    <Lat>34.456621</Lat>
    <Lon>58.627492</Lon>
    <Dis>3066.791</Dis>
    <Cta>2358</Cta>
    <CodSec>47</CodSec>
  </S>
  <S>
    <Calle>LINIE</Calle>
    <Lat>34.444614</Lat>
    <Lon>58.597659</Lon>
    <Dis>1148.784</Dis>
    <Cta>2524</Cta>
    <CodSec>46</CodSec>
  </S>
  <S>
    <Calle>DETAL</Calle>
    <Lat>34.447004</Lat>
    <Lon>58.589254</Lon>
    <Dis>2938.819</Dis>
    <Cta>2600</Cta>
    <CodSec>46</CodSec>
  </S>
  <S>
    <Calle>SFER1</Calle>
    <Lat>34.435394</Lat>
    <Lon>58.566887</Lon>
    <Dis>2516.224</Dis>
    <Cta>2799</Cta>
    <CodSec>6</CodSec>
  </S>
  <S>
    <Calle>QUINT</Calle>
    <Lat>34.447340</Lat>
    <Lon>58.546943</Lon>
    <Dis>793.966</Dis>
    <Cta>2939</Cta>
    <CodSec>6</CodSec>
  </S>
  <S>
    <Calle>E.VIC</Calle>
    <Lat>34.451825</Lat>
    <Lon>58.540273</Lon>
    <Dis>3250.575</Dis>
    <Cta>2984</Cta>
    <CodSec>5</CodSec>
  </S>
  <S>
    <Calle>E.SIS</Calle>
    <Lat>34.471889</Lat>
    <Lon>58.515055</Lon>
    <Dis>2202.448</Dis>
    <Cta>3165</Cta>
    <CodSec>4</CodSec>
  </S>
  <S>
    <Calle>E.MAR</Calle>
    <Lat>34.488062</Lat>
    <Lon>58.501428</Lon>
    <Dis>2927.041</Dis>
    <Cta>3294</Cta>
    <CodSec>3</CodSec>
  </S>
  <S>
    <Calle>E.MIT</Calle>
    <Lat>34.512304</Lat>
    <Lon>58.489938</Lon>
    <Dis>1406.943</Dis>
    <Cta>3558</Cta>
    <CodSec>2</CodSec>
  </S>
  <S>
    <Calle>SMAR.</Calle>
    <Lat>34.523846</Lat>
    <Lon>58.483829</Lon>
    <Dis>1689.994</Dis>
    <Cta>3631</Cta>
    <CodSec>2</CodSec>
  </S>
  <S>
    <Calle>SAAVE</Calle>
    <Lat>34.537692</Lat>
    <Lon>58.476590</Lon>
    <Dis>0</Dis>
    <Cta>3716</Cta>
    <CodSec>1</CodSec>
  </S>
</Sector>