<?xml version="1.0" standalone="yes"?>
<Sector>
  <xs:schema id="Sector" xmlns="" xmlns:xs="http://www.w3.org/2001/XMLSchema" xmlns:msdata="urn:schemas-microsoft-com:xml-msdata">
    <xs:element name="Sector" msdata:IsDataSet="true" msdata:Locale="">
      <xs:complexType>
        <xs:choice minOccurs="0" maxOccurs="unbounded">
          <xs:element name="S" msdata:Locale="">
            <xs:complexType>
              <xs:sequence>
                <xs:element name="Calle" type="xs:string" minOccurs="0" />
                <xs:element name="Lat" type="xs:decimal" minOccurs="0" />
                <xs:element name="Lon" type="xs:decimal" minOccurs="0" />
                <xs:element name="Dis" type="xs:decimal" minOccurs="0" />
                <xs:element name="Cta" type="xs:int" minOccurs="0" />
                <xs:element name="CodSec" type="xs:int" minOccurs="0" />
              </xs:sequence>
            </xs:complexType>
          </xs:element>
        </xs:choice>
      </xs:complexType>
    </xs:element>
  </xs:schema>
  <S>
    <Calle>SAAVE</Calle>
    <Lat>34.537862</Lat>
    <Lon>58.476569</Lon>
    <Dis>562.844</Dis>
    <Cta>1</Cta>
    <CodSec>1</CodSec>
  </S>
  <S>
    <Calle>ZAPIO</Calle>
    <Lat>34.540662</Lat>
    <Lon>58.480857</Lon>
    <Dis>2862.016</Dis>
    <Cta>33</Cta>
    <CodSec>1</CodSec>
  </S>
  <S>
    <Calle>SMART</Calle>
    <Lat>34.534374</Lat>
    <Lon>58.502723</Lon>
    <Dis>3884.993</Dis>
    <Cta>231</Cta>
    <CodSec>11</CodSec>
  </S>
  <S>
    <Calle>EDISO</Calle>
    <Lat>34.508167</Lat>
    <Lon>58.529510</Lon>
    <Dis>1393.173</Dis>
    <Cta>446</Cta>
    <CodSec>12</CodSec>
  </S>
  <S>
    <Calle>THAME</Calle>
    <Lat>34.501787</Lat>
    <Lon>58.542530</Lon>
    <Dis>975.427</Dis>
    <Cta>520</Cta>
    <CodSec>12</CodSec>
  </S>
  <S>
    <Calle>MARQ2</Calle>
    <Lat>34.497111</Lat>
    <Lon>58.551385</Lon>
    <Dis>404.582</Dis>
    <Cta>571</Cta>
    <CodSec>13</CodSec>
  </S>
  <S>
    <Calle>MARQ1</Calle>
    <Lat>34.494648</Lat>
    <Lon>58.554544</Lon>
    <Dis>1050.722</Dis>
    <Cta>600</Cta>
    <CodSec>13</CodSec>
  </S>
  <S>
    <Calle>JSMAR</Calle>
    <Lat>34.491259</Lat>
    <Lon>58.564773</Lon>
    <Dis>1901.068</Dis>
    <Cta>667</Cta>
    <CodSec>13</CodSec>
  </S>
  <S>
    <Calle>BLGNE</Calle>
    <Lat>34.487860</Lat>
    <Lon>58.584753</Lon>
    <Dis>2195.415</Dis>
    <Cta>784</Cta>
    <CodSec>13</CodSec>
  </S>
  <S>
    <Calle>R2022</Calle>
    <Lat>34.485933</Lat>
    <Lon>58.608469</Lon>
    <Dis>822.247</Dis>
    <Cta>894</Cta>
    <CodSec>14</CodSec>
  </S>
  <S>
    <Calle>R2021</Calle>
    <Lat>34.484753</Lat>
    <Lon>58.617231</Lon>
    <Dis>3627.471</Dis>
    <Cta>944</Cta>
    <CodSec>14</CodSec>
  </S>
  <S>
    <Calle>R1972</Calle>
    <Lat>34.477086</Lat>
    <Lon>58.655488</Lon>
    <Dis>865.764</Dis>
    <Cta>1111</Cta>
    <CodSec>36</CodSec>
  </S>
  <S>
    <Calle>R1971</Calle>
    <Lat>34.474616</Lat>
    <Lon>58.664267</Lon>
    <Dis>4283.056</Dis>
    <Cta>1161</Cta>
    <CodSec>36</CodSec>
  </S>
  <S>
    <Calle>PEAJ2</Calle>
    <Lat>34.461189</Lat>
    <Lon>58.707683</Lon>
    <Dis>214.560</Dis>
    <Cta>1372</Cta>
    <CodSec>37</CodSec>
  </S>
  <S>
    <Calle>PEAJ1</Calle>
    <Lat>34.460588</Lat>
    <Lon>58.709685</Lon>
    <Dis>791.850</Dis>
    <Cta>1384</Cta>
    <CodSec>37</CodSec>
  </S>
  <S>
    <Calle>SKF.2</Calle>
    <Lat>34.458132</Lat>
    <Lon>58.717530</Lon>
    <Dis>456.640</Dis>
    <Cta>1427</Cta>
    <CodSec>37</CodSec>
  </S>
  <S>
    <Calle>SKF.1</Calle>
    <Lat>34.457190</Lat>
    <Lon>58.720533</Lon>
    <Dis>872.336</Dis>
    <Cta>1500</Cta>
    <CodSec>37</CodSec>
  </S>
  <S>
    <Calle>FONA2</Calle>
    <Lat>34.454341</Lat>
    <Lon>58.729338</Lon>
    <Dis>441.616</Dis>
    <Cta>1536</Cta>
    <CodSec>38</CodSec>
  </S>
  <S>
    <Calle>FONA1</Calle>
    <Lat>34.453078</Lat>
    <Lon>58.733557</Lon>
    <Dis>1251.161</Dis>
    <Cta>1574</Cta>
    <CodSec>38</CodSec>
  </S>
  <S>
    <Calle>PTGA2</Calle>
    <Lat>34.448973</Lat>
    <Lon>58.746201</Lon>
    <Dis>436.627</Dis>
    <Cta>1631</Cta>
    <CodSec>38</CodSec>
  </S>
  <S>
    <Calle>PTGA1</Calle>
    <Lat>34.447682</Lat>
    <Lon>58.750294</Lon>
    <Dis>1087.982</Dis>
    <Cta>1673</Cta>
    <CodSec>38</CodSec>
  </S>
  <S>
    <Calle>PTE52</Calle>
    <Lat>34.444516</Lat>
    <Lon>58.761431</Lon>
    <Dis>767.238</Dis>
    <Cta>1727</Cta>
    <CodSec>38</CodSec>
  </S>
  <S>
    <Calle>PTE51</Calle>
    <Lat>34.443149</Lat>
    <Lon>58.768433</Lon>
    <Dis>1146.731</Dis>
    <Cta>1794</Cta>
    <CodSec>38</CodSec>
  </S>
  <S>
    <Calle>RUT26</Calle>
    <Lat>34.440979</Lat>
    <Lon>58.780606</Lon>
    <Dis>4182.038</Dis>
    <Cta>1847</Cta>
    <CodSec>39</CodSec>
  </S>
  <S>
    <Calle>CABEC</Calle>
    <Lat>34.406907</Lat>
    <Lon>58.772795</Lon>
    <Dis>0</Dis>
    <Cta>2073</Cta>
    <CodSec>52</CodSec>
  </S>
</Sector>