<?xml version="1.0" standalone="yes"?>
<Sector>
  <xs:schema id="Sector" xmlns="" xmlns:xs="http://www.w3.org/2001/XMLSchema" xmlns:msdata="urn:schemas-microsoft-com:xml-msdata">
    <xs:element name="Sector" msdata:IsDataSet="true" msdata:Locale="">
      <xs:complexType>
        <xs:choice minOccurs="0" maxOccurs="unbounded">
          <xs:element name="S" msdata:Locale="">
            <xs:complexType>
              <xs:sequence>
                <xs:element name="Calle" type="xs:string" minOccurs="0" />
                <xs:element name="Lat" type="xs:decimal" minOccurs="0" />
                <xs:element name="Lon" type="xs:decimal" minOccurs="0" />
                <xs:element name="Dis" type="xs:decimal" minOccurs="0" />
                <xs:element name="Cta" type="xs:int" minOccurs="0" />
                <xs:element name="CodSec" type="xs:int" minOccurs="0" />
              </xs:sequence>
            </xs:complexType>
          </xs:element>
        </xs:choice>
      </xs:complexType>
    </xs:element>
  </xs:schema>
  <S>
    <Calle>SAAVE</Calle>
    <Lat>34.537720</Lat>
    <Lon>58.476569</Lon>
    <Dis>571.385</Dis>
    <Cta>1</Cta>
    <CodSec>1</CodSec>
  </S>
  <S>
    <Calle>ZAPIO</Calle>
    <Lat>34.540662</Lat>
    <Lon>58.480858</Lon>
    <Dis>2861.885</Dis>
    <Cta>33</Cta>
    <CodSec>1</CodSec>
  </S>
  <S>
    <Calle>SMART</Calle>
    <Lat>34.534374</Lat>
    <Lon>58.502723</Lon>
    <Dis>3841.919</Dis>
    <Cta>231</Cta>
    <CodSec>11</CodSec>
  </S>
  <S>
    <Calle>EDISO</Calle>
    <Lat>34.508451</Lat>
    <Lon>58.529167</Lon>
    <Dis>1456.471</Dis>
    <Cta>447</Cta>
    <CodSec>12</CodSec>
  </S>
  <S>
    <Calle>THAME</Calle>
    <Lat>34.501786</Lat>
    <Lon>58.542532</Lon>
    <Dis>972.887</Dis>
    <Cta>531</Cta>
    <CodSec>12</CodSec>
  </S>
  <S>
    <Calle>MARQ2</Calle>
    <Lat>34.497111</Lat>
    <Lon>58.551385</Lon>
    <Dis>404.582</Dis>
    <Cta>582</Cta>
    <CodSec>13</CodSec>
  </S>
  <S>
    <Calle>MARQ1</Calle>
    <Lat>34.494647</Lat>
    <Lon>58.554544</Lon>
    <Dis>1050.929</Dis>
    <Cta>611</Cta>
    <CodSec>13</CodSec>
  </S>
  <S>
    <Calle>JSMAR</Calle>
    <Lat>34.491259</Lat>
    <Lon>58.564773</Lon>
    <Dis>1901.068</Dis>
    <Cta>678</Cta>
    <CodSec>13</CodSec>
  </S>
  <S>
    <Calle>BLGNE</Calle>
    <Lat>34.487860</Lat>
    <Lon>58.584753</Lon>
    <Dis>2195.415</Dis>
    <Cta>795</Cta>
    <CodSec>13</CodSec>
  </S>
  <S>
    <Calle>R2022</Calle>
    <Lat>34.485933</Lat>
    <Lon>58.608469</Lon>
    <Dis>822.247</Dis>
    <Cta>905</Cta>
    <CodSec>14</CodSec>
  </S>
  <S>
    <Calle>R2021</Calle>
    <Lat>34.484754</Lat>
    <Lon>58.617231</Lon>
    <Dis>3627.250</Dis>
    <Cta>955</Cta>
    <CodSec>14</CodSec>
  </S>
  <S>
    <Calle>R1972</Calle>
    <Lat>34.477086</Lat>
    <Lon>58.655488</Lon>
    <Dis>865.764</Dis>
    <Cta>1122</Cta>
    <CodSec>36</CodSec>
  </S>
  <S>
    <Calle>R1971</Calle>
    <Lat>34.474616</Lat>
    <Lon>58.664267</Lon>
    <Dis>4554.970</Dis>
    <Cta>1172</Cta>
    <CodSec>36</CodSec>
  </S>
  <S>
    <Calle>FORD2</Calle>
    <Lat>34.448026</Lat>
    <Lon>58.698738</Lon>
    <Dis>1867.171</Dis>
    <Cta>1429</Cta>
    <CodSec>42</CodSec>
  </S>
  <S>
    <Calle>FORD1</Calle>
    <Lat>34.434911</Lat>
    <Lon>58.711022</Lon>
    <Dis>2114.292</Dis>
    <Cta>1538</Cta>
    <CodSec>42</CodSec>
  </S>
  <S>
    <Calle>PTGA1</Calle>
    <Lat>34.418405</Lat>
    <Lon>58.721619</Lon>
    <Dis>1456.456</Dis>
    <Cta>1664</Cta>
    <CodSec>43</CodSec>
  </S>
  <S>
    <Calle>CURVO</Calle>
    <Lat>34.407533</Lat>
    <Lon>58.729755</Lon>
    <Dis>1618.779</Dis>
    <Cta>1762</Cta>
    <CodSec>43</CodSec>
  </S>
  <S>
    <Calle>MASCH</Calle>
    <Lat>34.395427</Lat>
    <Lon>58.739284</Lon>
    <Dis>2323.256</Dis>
    <Cta>1845</Cta>
    <CodSec>43</CodSec>
  </S>
  <S>
    <Calle>A.C.A</Calle>
    <Lat>34.381350</Lat>
    <Lon>58.752309</Lon>
    <Dis>3595.610</Dis>
    <Cta>1981</Cta>
    <CodSec>51</CodSec>
  </S>
  <S>
    <Calle>E.SAV</Calle>
    <Lat>34.407339</Lat>
    <Lon>58.770860</Lon>
    <Dis>947.223</Dis>
    <Cta>2197</Cta>
    <CodSec>52</CodSec>
  </S>
  <S>
    <Calle>ASTER</Calle>
    <Lat>34.415143</Lat>
    <Lon>58.774661</Lon>
    <Dis>3006.435</Dis>
    <Cta>2251</Cta>
    <CodSec>52</CodSec>
  </S>
  <S>
    <Calle>RPILA</Calle>
    <Lat>34.441150</Lat>
    <Lon>58.782952</Lon>
    <Dis>1761.754</Dis>
    <Cta>2421</Cta>
    <CodSec>53</CodSec>
  </S>
  <S>
    <Calle>E.VIS</Calle>
    <Lat>34.450662</Lat>
    <Lon>58.797544</Lon>
    <Dis>1435.937</Dis>
    <Cta>2530</Cta>
    <CodSec>53</CodSec>
  </S>
  <S>
    <Calle>RUTP8</Calle>
    <Lat>34.459619</Lat>
    <Lon>58.808028</Lon>
    <Dis>2755.681</Dis>
    <Cta>2614</Cta>
    <CodSec>54</CodSec>
  </S>
  <S>
    <Calle>LONJA</Calle>
    <Lat>34.454026</Lat>
    <Lon>58.833501</Lon>
    <Dis>3030.327</Dis>
    <Cta>2847</Cta>
    <CodSec>55</CodSec>
  </S>
  <S>
    <Calle>JUMBO</Calle>
    <Lat>34.450220</Lat>
    <Lon>58.865865</Lon>
    <Dis>3735.702</Dis>
    <Cta>3014</Cta>
    <CodSec>56</CodSec>
  </S>
  <S>
    <Calle>RUT25</Calle>
    <Lat>34.456645</Lat>
    <Lon>58.905466</Lon>
    <Dis>2244.651</Dis>
    <Cta>3268</Cta>
    <CodSec>57</CodSec>
  </S>
  <S>
    <Calle>MAIPU</Calle>
    <Lat>34.468964</Lat>
    <Lon>58.905991</Lon>
    <Dis>1145.447</Dis>
    <Cta>3407</Cta>
    <CodSec>60</CodSec>
  </S>
  <S>
    <Calle>PILAR</Calle>
    <Lat>34.477843</Lat>
    <Lon>58.901268</Lon>
    <Dis>0</Dis>
    <Cta>3477</Cta>
    <CodSec>60</CodSec>
  </S>
</Sector>