<?xml version="1.0" standalone="yes"?>
<Sector>
  <xs:schema id="Sector" xmlns="" xmlns:xs="http://www.w3.org/2001/XMLSchema" xmlns:msdata="urn:schemas-microsoft-com:xml-msdata">
    <xs:element name="Sector" msdata:IsDataSet="true" msdata:Locale="">
      <xs:complexType>
        <xs:choice minOccurs="0" maxOccurs="unbounded">
          <xs:element name="S" msdata:Locale="">
            <xs:complexType>
              <xs:sequence>
                <xs:element name="Calle" type="xs:string" minOccurs="0" />
                <xs:element name="Lat" type="xs:decimal" minOccurs="0" />
                <xs:element name="Lon" type="xs:decimal" minOccurs="0" />
                <xs:element name="Dis" type="xs:decimal" minOccurs="0" />
                <xs:element name="Cta" type="xs:int" minOccurs="0" />
                <xs:element name="CodSec" type="xs:int" minOccurs="0" />
              </xs:sequence>
            </xs:complexType>
          </xs:element>
        </xs:choice>
      </xs:complexType>
    </xs:element>
  </xs:schema>
  <S>
    <Calle>CABEC</Calle>
    <Lat>34.406905</Lat>
    <Lon>58.772792</Lon>
    <Dis>4114.221</Dis>
    <Cta>1</Cta>
    <CodSec>52</CodSec>
  </S>
  <S>
    <Calle>RPILA</Calle>
    <Lat>34.441314</Lat>
    <Lon>58.782833</Lon>
    <Dis>2012.033</Dis>
    <Cta>249</Cta>
    <CodSec>39</CodSec>
  </S>
  <S>
    <Calle>PTE52</Calle>
    <Lat>34.444728</Lat>
    <Lon>58.761690</Lon>
    <Dis>2704.253</Dis>
    <Cta>357</Cta>
    <CodSec>39</CodSec>
  </S>
  <S>
    <Calle>FONA1</Calle>
    <Lat>34.453388</Lat>
    <Lon>58.734257</Lon>
    <Dis>1424.098</Dis>
    <Cta>484</Cta>
    <CodSec>38</CodSec>
  </S>
  <S>
    <Calle>SKF.1</Calle>
    <Lat>34.457655</Lat>
    <Lon>58.719913</Lon>
    <Dis>1003.112</Dis>
    <Cta>557</Cta>
    <CodSec>38</CodSec>
  </S>
  <S>
    <Calle>PEAJ1</Calle>
    <Lat>34.461093</Lat>
    <Lon>58.709918</Lon>
    <Dis>229.367</Dis>
    <Cta>603</Cta>
    <CodSec>37</CodSec>
  </S>
  <S>
    <Calle>PEAJ2</Calle>
    <Lat>34.461639</Lat>
    <Lon>58.707875</Lon>
    <Dis>4129.589</Dis>
    <Cta>617</Cta>
    <CodSec>37</CodSec>
  </S>
  <S>
    <Calle>R1971</Calle>
    <Lat>34.474580</Lat>
    <Lon>58.666158</Lon>
    <Dis>1188.516</Dis>
    <Cta>829</Cta>
    <CodSec>36</CodSec>
  </S>
  <S>
    <Calle>R1972</Calle>
    <Lat>34.477959</Lat>
    <Lon>58.654082</Lon>
    <Dis>3435.411</Dis>
    <Cta>884</Cta>
    <CodSec>36</CodSec>
  </S>
  <S>
    <Calle>R2021</Calle>
    <Lat>34.485042</Lat>
    <Lon>58.617773</Lon>
    <Dis>962.839</Dis>
    <Cta>1035</Cta>
    <CodSec>14</CodSec>
  </S>
  <S>
    <Calle>R2022</Calle>
    <Lat>34.486438</Lat>
    <Lon>58.607539</Lon>
    <Dis>2112.124</Dis>
    <Cta>1084</Cta>
    <CodSec>14</CodSec>
  </S>
  <S>
    <Calle>BLGNE</Calle>
    <Lat>34.488237</Lat>
    <Lon>58.584682</Lon>
    <Dis>1845.263</Dis>
    <Cta>1186</Cta>
    <CodSec>14</CodSec>
  </S>
  <S>
    <Calle>JSMAR</Calle>
    <Lat>34.491513</Lat>
    <Lon>58.565263</Lon>
    <Dis>961.103</Dis>
    <Cta>1277</Cta>
    <CodSec>14</CodSec>
  </S>
  <S>
    <Calle>MARQ1</Calle>
    <Lat>34.495264</Lat>
    <Lon>58.555937</Lon>
    <Dis>1421.063</Dis>
    <Cta>1330</Cta>
    <CodSec>13</CodSec>
  </S>
  <S>
    <Calle>THAME</Calle>
    <Lat>34.502137</Lat>
    <Lon>58.543039</Lon>
    <Dis>984.898</Dis>
    <Cta>1401</Cta>
    <CodSec>13</CodSec>
  </S>
  <S>
    <Calle>EDISO</Calle>
    <Lat>34.506626</Lat>
    <Lon>58.533840</Lon>
    <Dis>4119.160</Dis>
    <Cta>1446</Cta>
    <CodSec>12</CodSec>
  </S>
  <S>
    <Calle>SMART</Calle>
    <Lat>34.533257</Lat>
    <Lon>58.504131</Lon>
    <Dis>3286.181</Dis>
    <Cta>1637</Cta>
    <CodSec>11</CodSec>
  </S>
  <S>
    <Calle>ZAPIO</Calle>
    <Lat>34.541931</Lat>
    <Lon>58.481160</Lon>
    <Dis>775.795</Dis>
    <Cta>1851</Cta>
    <CodSec>11</CodSec>
  </S>
  <S>
    <Calle>SAAVE</Calle>
    <Lat>34.537768</Lat>
    <Lon>58.476413</Lon>
    <Dis>0</Dis>
    <Cta>1898</Cta>
    <CodSec>1</CodSec>
  </S>
</Sector>