<?xml version="1.0" standalone="yes"?>
<Sector>
  <xs:schema id="Sector" xmlns="" xmlns:xs="http://www.w3.org/2001/XMLSchema" xmlns:msdata="urn:schemas-microsoft-com:xml-msdata">
    <xs:element name="Sector" msdata:IsDataSet="true" msdata:Locale="">
      <xs:complexType>
        <xs:choice minOccurs="0" maxOccurs="unbounded">
          <xs:element name="S" msdata:Locale="">
            <xs:complexType>
              <xs:sequence>
                <xs:element name="Calle" type="xs:string" minOccurs="0" />
                <xs:element name="Lat" type="xs:decimal" minOccurs="0" />
                <xs:element name="Lon" type="xs:decimal" minOccurs="0" />
                <xs:element name="Dis" type="xs:decimal" minOccurs="0" />
                <xs:element name="Cta" type="xs:int" minOccurs="0" />
                <xs:element name="CodSec" type="xs:int" minOccurs="0" />
              </xs:sequence>
            </xs:complexType>
          </xs:element>
        </xs:choice>
      </xs:complexType>
    </xs:element>
  </xs:schema>
  <S>
    <Calle>SAAVE</Calle>
    <Lat>34.537579</Lat>
    <Lon>58.476311</Lon>
    <Dis>1654.526</Dis>
    <Cta>1</Cta>
    <CodSec>1</CodSec>
  </S>
  <S>
    <Calle>SMAR.</Calle>
    <Lat>34.524103</Lat>
    <Lon>58.483593</Lon>
    <Dis>3231.283</Dis>
    <Cta>89</Cta>
    <CodSec>1</CodSec>
  </S>
  <S>
    <Calle>SMART</Calle>
    <Lat>34.533419</Lat>
    <Lon>58.503137</Lon>
    <Dis>3785.677</Dis>
    <Cta>262</Cta>
    <CodSec>11</CodSec>
  </S>
  <S>
    <Calle>EDISO</Calle>
    <Lat>34.508168</Lat>
    <Lon>58.529510</Lon>
    <Dis>1404.957</Dis>
    <Cta>481</Cta>
    <CodSec>12</CodSec>
  </S>
  <S>
    <Calle>THAME</Calle>
    <Lat>34.501769</Lat>
    <Lon>58.542637</Lon>
    <Dis>958.749</Dis>
    <Cta>563</Cta>
    <CodSec>12</CodSec>
  </S>
  <S>
    <Calle>MARQ2</Calle>
    <Lat>34.497111</Lat>
    <Lon>58.551385</Lon>
    <Dis>404.582</Dis>
    <Cta>614</Cta>
    <CodSec>13</CodSec>
  </S>
  <S>
    <Calle>MARQ1</Calle>
    <Lat>34.494647</Lat>
    <Lon>58.554544</Lon>
    <Dis>1050.929</Dis>
    <Cta>643</Cta>
    <CodSec>13</CodSec>
  </S>
  <S>
    <Calle>JSMAR</Calle>
    <Lat>34.491260</Lat>
    <Lon>58.564773</Lon>
    <Dis>1900.873</Dis>
    <Cta>710</Cta>
    <CodSec>13</CodSec>
  </S>
  <S>
    <Calle>BLGNE</Calle>
    <Lat>34.487860</Lat>
    <Lon>58.584753</Lon>
    <Dis>2195.417</Dis>
    <Cta>827</Cta>
    <CodSec>13</CodSec>
  </S>
  <S>
    <Calle>R2022</Calle>
    <Lat>34.485933</Lat>
    <Lon>58.608469</Lon>
    <Dis>822.259</Dis>
    <Cta>938</Cta>
    <CodSec>14</CodSec>
  </S>
  <S>
    <Calle>R2021</Calle>
    <Lat>34.484754</Lat>
    <Lon>58.617231</Lon>
    <Dis>3627.250</Dis>
    <Cta>990</Cta>
    <CodSec>14</CodSec>
  </S>
  <S>
    <Calle>R1972</Calle>
    <Lat>34.477086</Lat>
    <Lon>58.655488</Lon>
    <Dis>865.764</Dis>
    <Cta>1157</Cta>
    <CodSec>36</CodSec>
  </S>
  <S>
    <Calle>R1971</Calle>
    <Lat>34.474616</Lat>
    <Lon>58.664267</Lon>
    <Dis>4534.368</Dis>
    <Cta>1207</Cta>
    <CodSec>36</CodSec>
  </S>
  <S>
    <Calle>FORD2</Calle>
    <Lat>34.448026</Lat>
    <Lon>58.698738</Lon>
    <Dis>1867.171</Dis>
    <Cta>1465</Cta>
    <CodSec>42</CodSec>
  </S>
  <S>
    <Calle>FORD1</Calle>
    <Lat>34.434911</Lat>
    <Lon>58.711022</Lon>
    <Dis>2123.610</Dis>
    <Cta>1574</Cta>
    <CodSec>42</CodSec>
  </S>
  <S>
    <Calle>PTGA1</Calle>
    <Lat>34.418316</Lat>
    <Lon>58.721619</Lon>
    <Dis>1433.889</Dis>
    <Cta>1700</Cta>
    <CodSec>43</CodSec>
  </S>
  <S>
    <Calle>CURVO</Calle>
    <Lat>34.407533</Lat>
    <Lon>58.729755</Lon>
    <Dis>1618.779</Dis>
    <Cta>1795</Cta>
    <CodSec>43</CodSec>
  </S>
  <S>
    <Calle>MASCH</Calle>
    <Lat>34.395427</Lat>
    <Lon>58.739284</Lon>
    <Dis>2322.143</Dis>
    <Cta>1878</Cta>
    <CodSec>43</CodSec>
  </S>
  <S>
    <Calle>A.C.A</Calle>
    <Lat>34.381350</Lat>
    <Lon>58.752309</Lon>
    <Dis>3595.610</Dis>
    <Cta>2014</Cta>
    <CodSec>51</CodSec>
  </S>
  <S>
    <Calle>E.SAV</Calle>
    <Lat>34.407339</Lat>
    <Lon>58.770860</Lon>
    <Dis>947.223</Dis>
    <Cta>2230</Cta>
    <CodSec>52</CodSec>
  </S>
  <S>
    <Calle>ASTER</Calle>
    <Lat>34.415143</Lat>
    <Lon>58.774661</Lon>
    <Dis>3006.435</Dis>
    <Cta>2284</Cta>
    <CodSec>52</CodSec>
  </S>
  <S>
    <Calle>RPILA</Calle>
    <Lat>34.441150</Lat>
    <Lon>58.782952</Lon>
    <Dis>1761.754</Dis>
    <Cta>2454</Cta>
    <CodSec>53</CodSec>
  </S>
  <S>
    <Calle>E.VIS</Calle>
    <Lat>34.450662</Lat>
    <Lon>58.797544</Lon>
    <Dis>1435.937</Dis>
    <Cta>2563</Cta>
    <CodSec>53</CodSec>
  </S>
  <S>
    <Calle>RUTP8</Calle>
    <Lat>34.459619</Lat>
    <Lon>58.808028</Lon>
    <Dis>2793.414</Dis>
    <Cta>2647</Cta>
    <CodSec>54</CodSec>
  </S>
  <S>
    <Calle>LONJA</Calle>
    <Lat>34.454026</Lat>
    <Lon>58.833501</Lon>
    <Dis>3030.327</Dis>
    <Cta>2887</Cta>
    <CodSec>55</CodSec>
  </S>
  <S>
    <Calle>JUMBO</Calle>
    <Lat>34.450220</Lat>
    <Lon>58.865866</Lon>
    <Dis>3735.778</Dis>
    <Cta>3054</Cta>
    <CodSec>56</CodSec>
  </S>
  <S>
    <Calle>RUT25</Calle>
    <Lat>34.456645</Lat>
    <Lon>58.905466</Lon>
    <Dis>2257.654</Dis>
    <Cta>3308</Cta>
    <CodSec>57</CodSec>
  </S>
  <S>
    <Calle>MAIPU</Calle>
    <Lat>34.468964</Lat>
    <Lon>58.905992</Lon>
    <Dis>1146.691</Dis>
    <Cta>3452</Cta>
    <CodSec>60</CodSec>
  </S>
  <S>
    <Calle>PILAR</Calle>
    <Lat>34.477843</Lat>
    <Lon>58.901269</Lon>
    <Dis>0</Dis>
    <Cta>3522</Cta>
    <CodSec>60</CodSec>
  </S>
</Sector>