<?xml version="1.0" standalone="yes"?>
<Sector>
  <xs:schema id="Sector" xmlns="" xmlns:xs="http://www.w3.org/2001/XMLSchema" xmlns:msdata="urn:schemas-microsoft-com:xml-msdata">
    <xs:element name="Sector" msdata:IsDataSet="true" msdata:Locale="">
      <xs:complexType>
        <xs:choice minOccurs="0" maxOccurs="unbounded">
          <xs:element name="S" msdata:Locale="">
            <xs:complexType>
              <xs:sequence>
                <xs:element name="Calle" type="xs:string" minOccurs="0" />
                <xs:element name="Lat" type="xs:decimal" minOccurs="0" />
                <xs:element name="Lon" type="xs:decimal" minOccurs="0" />
                <xs:element name="Dis" type="xs:decimal" minOccurs="0" />
                <xs:element name="Cta" type="xs:int" minOccurs="0" />
                <xs:element name="CodSec" type="xs:int" minOccurs="0" />
              </xs:sequence>
            </xs:complexType>
          </xs:element>
        </xs:choice>
      </xs:complexType>
    </xs:element>
  </xs:schema>
  <S>
    <Calle>CABEC</Calle>
    <Lat>34.406904</Lat>
    <Lon>58.772797</Lon>
    <Dis>4115.793</Dis>
    <Cta>1</Cta>
    <CodSec>52</CodSec>
  </S>
  <S>
    <Calle>RPILA</Calle>
    <Lat>34.441314</Lat>
    <Lon>58.782833</Lon>
    <Dis>2125.204</Dis>
    <Cta>249</Cta>
    <CodSec>39</CodSec>
  </S>
  <S>
    <Calle>PTE52</Calle>
    <Lat>34.444851</Lat>
    <Lon>58.761718</Lon>
    <Dis>1057.145</Dis>
    <Cta>401</Cta>
    <CodSec>39</CodSec>
  </S>
  <S>
    <Calle>PTGA1</Calle>
    <Lat>34.447830</Lat>
    <Lon>58.750976</Lon>
    <Dis>455.691</Dis>
    <Cta>456</Cta>
    <CodSec>39</CodSec>
  </S>
  <S>
    <Calle>PTGA2</Calle>
    <Lat>34.449111</Lat>
    <Lon>58.746973</Lon>
    <Dis>1266.337</Dis>
    <Cta>502</Cta>
    <CodSec>39</CodSec>
  </S>
  <S>
    <Calle>FONA1</Calle>
    <Lat>34.453388</Lat>
    <Lon>58.734256</Lon>
    <Dis>396.870</Dis>
    <Cta>561</Cta>
    <CodSec>38</CodSec>
  </S>
  <S>
    <Calle>FONA2</Calle>
    <Lat>34.454425</Lat>
    <Lon>58.730368</Lon>
    <Dis>1040.145</Dis>
    <Cta>590</Cta>
    <CodSec>38</CodSec>
  </S>
  <S>
    <Calle>SKF.1</Calle>
    <Lat>34.457730</Lat>
    <Lon>58.720028</Lon>
    <Dis>365.216</Dis>
    <Cta>638</Cta>
    <CodSec>38</CodSec>
  </S>
  <S>
    <Calle>SKF.2</Calle>
    <Lat>34.458547</Lat>
    <Lon>58.717296</Lon>
    <Dis>742.759</Dis>
    <Cta>695</Cta>
    <CodSec>38</CodSec>
  </S>
  <S>
    <Calle>PEAJ1</Calle>
    <Lat>34.461093</Lat>
    <Lon>58.709919</Lon>
    <Dis>229.443</Dis>
    <Cta>728</Cta>
    <CodSec>37</CodSec>
  </S>
  <S>
    <Calle>PEAJ2</Calle>
    <Lat>34.461639</Lat>
    <Lon>58.707875</Lon>
    <Dis>4091.773</Dis>
    <Cta>742</Cta>
    <CodSec>37</CodSec>
  </S>
  <S>
    <Calle>R1971</Calle>
    <Lat>34.474527</Lat>
    <Lon>58.666567</Lon>
    <Dis>1213.227</Dis>
    <Cta>951</Cta>
    <CodSec>36</CodSec>
  </S>
  <S>
    <Calle>R1972</Calle>
    <Lat>34.477958</Lat>
    <Lon>58.654082</Lon>
    <Dis>3435.196</Dis>
    <Cta>1008</Cta>
    <CodSec>36</CodSec>
  </S>
  <S>
    <Calle>R2021</Calle>
    <Lat>34.485042</Lat>
    <Lon>58.617772</Lon>
    <Dis>962.803</Dis>
    <Cta>1159</Cta>
    <CodSec>14</CodSec>
  </S>
  <S>
    <Calle>R2022</Calle>
    <Lat>34.486438</Lat>
    <Lon>58.607539</Lon>
    <Dis>2101.062</Dis>
    <Cta>1208</Cta>
    <CodSec>14</CodSec>
  </S>
  <S>
    <Calle>BLGNE</Calle>
    <Lat>34.488255</Lat>
    <Lon>58.584832</Lon>
    <Dis>1862.505</Dis>
    <Cta>1311</Cta>
    <CodSec>14</CodSec>
  </S>
  <S>
    <Calle>JSMAR</Calle>
    <Lat>34.491705</Lat>
    <Lon>58.565296</Lon>
    <Dis>949.714</Dis>
    <Cta>1432</Cta>
    <CodSec>14</CodSec>
  </S>
  <S>
    <Calle>MARQ1</Calle>
    <Lat>34.495906</Lat>
    <Lon>58.556676</Lon>
    <Dis>1462.047</Dis>
    <Cta>1485</Cta>
    <CodSec>13</CodSec>
  </S>
  <S>
    <Calle>THAME</Calle>
    <Lat>34.502292</Lat>
    <Lon>58.543119</Lon>
    <Dis>982.597</Dis>
    <Cta>1562</Cta>
    <CodSec>13</CodSec>
  </S>
  <S>
    <Calle>EDISO</Calle>
    <Lat>34.506731</Lat>
    <Lon>58.533933</Lon>
    <Dis>4097.107</Dis>
    <Cta>1607</Cta>
    <CodSec>12</CodSec>
  </S>
  <S>
    <Calle>SMART</Calle>
    <Lat>34.533344</Lat>
    <Lon>58.504398</Lon>
    <Dis>3286.981</Dis>
    <Cta>1845</Cta>
    <CodSec>11</CodSec>
  </S>
  <S>
    <Calle>ZAPIO</Calle>
    <Lat>34.541931</Lat>
    <Lon>58.481159</Lon>
    <Dis>777.192</Dis>
    <Cta>2084</Cta>
    <CodSec>11</CodSec>
  </S>
  <S>
    <Calle>SAAVE</Calle>
    <Lat>34.537680</Lat>
    <Lon>58.476198</Lon>
    <Dis>0</Dis>
    <Cta>2131</Cta>
    <CodSec>1</CodSec>
  </S>
</Sector>