<?xml version="1.0" standalone="yes"?>
<Version>
  <xs:schema id="Version" xmlns="" xmlns:xs="http://www.w3.org/2001/XMLSchema" xmlns:msdata="urn:schemas-microsoft-com:xml-msdata">
    <xs:element name="Version" msdata:IsDataSet="true" msdata:UseCurrentLocale="true">
      <xs:complexType>
        <xs:choice minOccurs="0" maxOccurs="unbounded">
          <xs:element name="datosVersion">
            <xs:complexType>
              <xs:sequence>
                <xs:element name="nroVersion" type="xs:int" minOccurs="0" />
                <xs:element name="fechaActivacion" type="xs:dateTime" minOccurs="0" />
              </xs:sequence>
            </xs:complexType>
          </xs:element>
          <xs:element name="archivos">
            <xs:complexType>
              <xs:sequence>
                <xs:element name="archivo" type="xs:string" minOccurs="0" />
                <xs:element name="hash" type="xs:string" minOccurs="0" />
              </xs:sequence>
            </xs:complexType>
          </xs:element>
        </xs:choice>
      </xs:complexType>
    </xs:element>
  </xs:schema>
  <datosVersion>
    <nroVersion>29</nroVersion>
    <fechaActivacion>2020-07-27T00:00:00-03:00</fechaActivacion>
  </datosVersion>
  <archivos>
    <archivo>s01592742.xml</archivo>
    <hash>1E5DDC69F6A631A5126DAE0069D4ED42</hash>
  </archivos>
  <archivos>
    <archivo>s01592743.xml</archivo>
    <hash>CB876E7FD2C964240662D61C5AA08740</hash>
  </archivos>
  <archivos>
    <archivo>s01592744.xml</archivo>
    <hash>F2D7E14DAF074EBEE627734032B23BE6</hash>
  </archivos>
  <archivos>
    <archivo>s01592745.xml</archivo>
    <hash>FA58BF566E09DE122C3CF2D6CBFDEFB9</hash>
  </archivos>
  <archivos>
    <archivo>s01592746.xml</archivo>
    <hash>3BF5EF9DB02B35025A78FD4D7F03380F</hash>
  </archivos>
  <archivos>
    <archivo>s01592747.xml</archivo>
    <hash>43F0614ECAA4DB5044939B26B5468663</hash>
  </archivos>
  <archivos>
    <archivo>s01592748.xml</archivo>
    <hash>6CEFF006787D5C869E87708C42833F08</hash>
  </archivos>
  <archivos>
    <archivo>s01592749.xml</archivo>
    <hash>B7B1A0767D2B10EB68E2AEDF7FF8EAA0</hash>
  </archivos>
  <archivos>
    <archivo>s01592750.xml</archivo>
    <hash>04FEA01D1FB938C7F41C3B4D05C456AA</hash>
  </archivos>
  <archivos>
    <archivo>s01592751.xml</archivo>
    <hash>D3443404E79463BC3B630F7DA8AEF250</hash>
  </archivos>
  <archivos>
    <archivo>s01592752.xml</archivo>
    <hash>6AB64B9C34A94B2B7CFE7F1A1FFF86AB</hash>
  </archivos>
  <archivos>
    <archivo>s01592753.xml</archivo>
    <hash>3C4EE5C11CC06B09A7A836DBF4193852</hash>
  </archivos>
  <archivos>
    <archivo>s01592754.xml</archivo>
    <hash>78E9CC0694031D9AE37BE74188604C91</hash>
  </archivos>
  <archivos>
    <archivo>s01592755.xml</archivo>
    <hash>090B31F9B189518ED9BD551C377F2FE5</hash>
  </archivos>
  <archivos>
    <archivo>s01592756.xml</archivo>
    <hash>8260001B60E5DC98E4F91004BFFA851E</hash>
  </archivos>
  <archivos>
    <archivo>s01592757.xml</archivo>
    <hash>F80DE9EE10A7CE3D3BC8EB2D555D3738</hash>
  </archivos>
  <archivos>
    <archivo>s01592758.xml</archivo>
    <hash>1A89980999840349F494E013F87DFBC2</hash>
  </archivos>
  <archivos>
    <archivo>s01592759.xml</archivo>
    <hash>FA2267CB8C01C8B698185D18B241DD93</hash>
  </archivos>
  <archivos>
    <archivo>s01592760.xml</archivo>
    <hash>736EA2888DADFB5CB0812A7C87EE7707</hash>
  </archivos>
  <archivos>
    <archivo>r01592742.txt</archivo>
    <hash>EA08F7EC544871B57DB112122657A4B4</hash>
  </archivos>
  <archivos>
    <archivo>r01592743.txt</archivo>
    <hash>012C05A059F8D9A346AC6746EA3B0EE5</hash>
  </archivos>
  <archivos>
    <archivo>r01592744.txt</archivo>
    <hash>4115208A897F2C0D2652AD1F08016600</hash>
  </archivos>
  <archivos>
    <archivo>r01592745.txt</archivo>
    <hash>3EA761DB0F7E9177936B13F709B2F8F2</hash>
  </archivos>
  <archivos>
    <archivo>r01592746.txt</archivo>
    <hash>A31BC1F511613E6A404359AB2AB4DB81</hash>
  </archivos>
  <archivos>
    <archivo>r01592747.txt</archivo>
    <hash>2E7D4E374A97D708F2C99FEDFF4B13FA</hash>
  </archivos>
  <archivos>
    <archivo>r01592748.txt</archivo>
    <hash>909F778E4616F2A35D941E7EB34B65EA</hash>
  </archivos>
  <archivos>
    <archivo>r01592749.txt</archivo>
    <hash>90087A5123B57BC067941DAAAA0C2506</hash>
  </archivos>
  <archivos>
    <archivo>r01592750.txt</archivo>
    <hash>9B2A2B990570A18BEB1294115D17F1AA</hash>
  </archivos>
  <archivos>
    <archivo>r01592751.txt</archivo>
    <hash>B117D96733E655FC0EE9BF4985F7960D</hash>
  </archivos>
  <archivos>
    <archivo>r01592752.txt</archivo>
    <hash>2E063FD750A6684D3D97ACC68F3F31FE</hash>
  </archivos>
  <archivos>
    <archivo>r01592753.txt</archivo>
    <hash>6B6016BF4ADA79ABD637791E8423C406</hash>
  </archivos>
  <archivos>
    <archivo>r01592754.txt</archivo>
    <hash>8D0113D3AF2A67967E526867A109C953</hash>
  </archivos>
  <archivos>
    <archivo>r01592755.txt</archivo>
    <hash>9B306B6524BAC269CA177B96AAC921C9</hash>
  </archivos>
  <archivos>
    <archivo>r01592756.txt</archivo>
    <hash>1DAB9C5D2611BF7B3674C81BD7FC9AC1</hash>
  </archivos>
  <archivos>
    <archivo>r01592757.txt</archivo>
    <hash>0969E05DB1525F30A4F454BC6BBE6996</hash>
  </archivos>
  <archivos>
    <archivo>r01592758.txt</archivo>
    <hash>25C5C486E0E5CF88DD806DEAEAB92B6E</hash>
  </archivos>
  <archivos>
    <archivo>r01592759.txt</archivo>
    <hash>B8D7ED799815294C1EC8D2BECFC39978</hash>
  </archivos>
  <archivos>
    <archivo>r01592760.txt</archivo>
    <hash>BA2CB4CD3588A2C86DE76285129C27C9</hash>
  </archivos>
  <archivos>
    <archivo>sectoresTarifarios.xml</archivo>
    <hash>BDF89E6995DF3961B085471C0FD7AC9E</hash>
  </archivos>
</Version>