<?xml version="1.0" standalone="yes"?>
<Sector>
  <xs:schema id="Sector" xmlns="" xmlns:xs="http://www.w3.org/2001/XMLSchema" xmlns:msdata="urn:schemas-microsoft-com:xml-msdata">
    <xs:element name="Sector" msdata:IsDataSet="true" msdata:Locale="">
      <xs:complexType>
        <xs:choice minOccurs="0" maxOccurs="unbounded">
          <xs:element name="S" msdata:Locale="">
            <xs:complexType>
              <xs:sequence>
                <xs:element name="Calle" type="xs:string" minOccurs="0" />
                <xs:element name="Lat" type="xs:decimal" minOccurs="0" />
                <xs:element name="Lon" type="xs:decimal" minOccurs="0" />
                <xs:element name="Dis" type="xs:decimal" minOccurs="0" />
                <xs:element name="Cta" type="xs:int" minOccurs="0" />
                <xs:element name="CodSec" type="xs:int" minOccurs="0" />
              </xs:sequence>
            </xs:complexType>
          </xs:element>
        </xs:choice>
      </xs:complexType>
    </xs:element>
  </xs:schema>
  <S>
    <Calle>CARAP</Calle>
    <Lat>34.528274</Lat>
    <Lon>58.543786</Lon>
    <Dis>1461.223</Dis>
    <Cta>1</Cta>
    <CodSec>1</CodSec>
  </S>
  <S>
    <Calle>M.OCA</Calle>
    <Lat>34.534046</Lat>
    <Lon>58.542861</Lon>
    <Dis>881.073</Dis>
    <Cta>89</Cta>
    <CodSec>1</CodSec>
  </S>
  <S>
    <Calle>INDEP</Calle>
    <Lat>34.535329</Lat>
    <Lon>58.535682</Lon>
    <Dis>1038.278</Dis>
    <Cta>139</Cta>
    <CodSec>1</CodSec>
  </S>
  <S>
    <Calle>BAIGO</Calle>
    <Lat>34.531224</Lat>
    <Lon>58.525736</Lon>
    <Dis>1681.901</Dis>
    <Cta>200</Cta>
    <CodSec>1</CodSec>
  </S>
  <S>
    <Calle>YRIGO</Calle>
    <Lat>34.532957</Lat>
    <Lon>58.510338</Lon>
    <Dis>1406.479</Dis>
    <Cta>294</Cta>
    <CodSec>1</CodSec>
  </S>
  <S>
    <Calle>LAVAL</Calle>
    <Lat>34.543946</Lat>
    <Lon>58.503401</Lon>
    <Dis>1113.654</Dis>
    <Cta>379</Cta>
    <CodSec>1</CodSec>
  </S>
  <S>
    <Calle>PICO</Calle>
    <Lat>34.551936</Lat>
    <Lon>58.499026</Lon>
    <Dis>2487.343</Dis>
    <Cta>462</Cta>
    <CodSec>1</CodSec>
  </S>
  <S>
    <Calle>M.ACH</Calle>
    <Lat>34.565854</Lat>
    <Lon>58.482823</Lon>
    <Dis>2177.742</Dis>
    <Cta>620</Cta>
    <CodSec>1</CodSec>
  </S>
  <S>
    <Calle>CABIL</Calle>
    <Lat>34.555612</Lat>
    <Lon>58.462827</Lon>
    <Dis>1720.686</Dis>
    <Cta>757</Cta>
    <CodSec>1</CodSec>
  </S>
  <S>
    <Calle>ARREN</Calle>
    <Lat>34.567032</Lat>
    <Lon>58.450770</Lon>
    <Dis>1718.609</Dis>
    <Cta>869</Cta>
    <CodSec>1</CodSec>
  </S>
  <S>
    <Calle>VIADU</Calle>
    <Lat>34.575233</Lat>
    <Lon>58.434935</Lon>
    <Dis>1720.532</Dis>
    <Cta>974</Cta>
    <CodSec>1</CodSec>
  </S>
  <S>
    <Calle>J.BOT</Calle>
    <Lat>34.581453</Lat>
    <Lon>58.418768</Lon>
    <Dis>1069.450</Dis>
    <Cta>1094</Cta>
    <CodSec>1</CodSec>
  </S>
  <S>
    <Calle>BULNE</Calle>
    <Lat>34.583251</Lat>
    <Lon>58.407473</Lon>
    <Dis>1123.374</Dis>
    <Cta>1155</Cta>
    <CodSec>1</CodSec>
  </S>
  <S>
    <Calle>PUEYR</Calle>
    <Lat>34.587293</Lat>
    <Lon>58.397520</Lon>
    <Dis>1328.184</Dis>
    <Cta>1231</Cta>
    <CodSec>1</CodSec>
  </S>
  <S>
    <Calle>PARAG</Calle>
    <Lat>34.597427</Lat>
    <Lon>58.403271</Lon>
    <Dis>1204.910</Dis>
    <Cta>1313</Cta>
    <CodSec>1</CodSec>
  </S>
  <S>
    <Calle>PERON</Calle>
    <Lat>34.607717</Lat>
    <Lon>58.406108</Lon>
    <Dis>1757.622</Dis>
    <Cta>1385</Cta>
    <CodSec>1</CodSec>
  </S>
  <S>
    <Calle>INDE.</Calle>
    <Lat>34.620018</Lat>
    <Lon>58.409258</Lon>
    <Dis>1030.751</Dis>
    <Cta>1482</Cta>
    <CodSec>1</CodSec>
  </S>
  <S>
    <Calle>BARCA</Calle>
    <Lat>34.626707</Lat>
    <Lon>58.412086</Lon>
    <Dis>0</Dis>
    <Cta>1543</Cta>
    <CodSec>1</CodSec>
  </S>
</Sector>