<?xml version="1.0" standalone="yes"?>
<Sector>
  <xs:schema id="Sector" xmlns="" xmlns:xs="http://www.w3.org/2001/XMLSchema" xmlns:msdata="urn:schemas-microsoft-com:xml-msdata">
    <xs:element name="Sector" msdata:IsDataSet="true" msdata:Locale="">
      <xs:complexType>
        <xs:choice minOccurs="0" maxOccurs="unbounded">
          <xs:element name="S" msdata:Locale="">
            <xs:complexType>
              <xs:sequence>
                <xs:element name="Calle" type="xs:string" minOccurs="0" />
                <xs:element name="Lat" type="xs:decimal" minOccurs="0" />
                <xs:element name="Lon" type="xs:decimal" minOccurs="0" />
                <xs:element name="Dis" type="xs:decimal" minOccurs="0" />
                <xs:element name="Cta" type="xs:int" minOccurs="0" />
                <xs:element name="CodSec" type="xs:int" minOccurs="0" />
              </xs:sequence>
            </xs:complexType>
          </xs:element>
        </xs:choice>
      </xs:complexType>
    </xs:element>
  </xs:schema>
  <S>
    <Calle>BARCA</Calle>
    <Lat>34.627050</Lat>
    <Lon>58.411952</Lon>
    <Dis>1358.405</Dis>
    <Cta>1</Cta>
    <CodSec>9</CodSec>
  </S>
  <S>
    <Calle>AvIND</Calle>
    <Lat>34.619858</Lat>
    <Lon>58.407752</Lon>
    <Dis>1677.016</Dis>
    <Cta>78</Cta>
    <CodSec>9</CodSec>
  </S>
  <S>
    <Calle>PERON</Calle>
    <Lat>34.607709</Lat>
    <Lon>58.406084</Lon>
    <Dis>1246.877</Dis>
    <Cta>183</Cta>
    <CodSec>9</CodSec>
  </S>
  <S>
    <Calle>PARAG</Calle>
    <Lat>34.597560</Lat>
    <Lon>58.403398</Lon>
    <Dis>1295.958</Dis>
    <Cta>264</Cta>
    <CodSec>9</CodSec>
  </S>
  <S>
    <Calle>PUEYR</Calle>
    <Lat>34.587509</Lat>
    <Lon>58.397314</Lon>
    <Dis>1142.127</Dis>
    <Cta>343</Cta>
    <CodSec>9</CodSec>
  </S>
  <S>
    <Calle>BULNE</Calle>
    <Lat>34.583175</Lat>
    <Lon>58.407224</Lon>
    <Dis>1183.531</Dis>
    <Cta>417</Cta>
    <CodSec>9</CodSec>
  </S>
  <S>
    <Calle>ZOO</Calle>
    <Lat>34.581362</Lat>
    <Lon>58.419820</Lon>
    <Dis>1481.450</Dis>
    <Cta>484</Cta>
    <CodSec>9</CodSec>
  </S>
  <S>
    <Calle>VIADU</Calle>
    <Lat>34.575571</Lat>
    <Lon>58.434020</Lon>
    <Dis>2337.734</Dis>
    <Cta>596</Cta>
    <CodSec>9</CodSec>
  </S>
  <S>
    <Calle>SUCRE</Calle>
    <Lat>34.563909</Lat>
    <Lon>58.455054</Lon>
    <Dis>1129.054</Dis>
    <Cta>736</Cta>
    <CodSec>9</CodSec>
  </S>
  <S>
    <Calle>CONGR</Calle>
    <Lat>34.555678</Lat>
    <Lon>58.462214</Lon>
    <Dis>2237.348</Dis>
    <Cta>811</Cta>
    <CodSec>9</CodSec>
  </S>
  <S>
    <Calle>M.ACH</Calle>
    <Lat>34.565720</Lat>
    <Lon>58.482686</Lon>
    <Dis>2382.075</Dis>
    <Cta>950</Cta>
    <CodSec>9</CodSec>
  </S>
  <S>
    <Calle>PICO</Calle>
    <Lat>34.551986</Lat>
    <Lon>58.498614</Lon>
    <Dis>1105.274</Dis>
    <Cta>1104</Cta>
    <CodSec>9</CodSec>
  </S>
  <S>
    <Calle>LAVAL</Calle>
    <Lat>34.543992</Lat>
    <Lon>58.503175</Lon>
    <Dis>1392.774</Dis>
    <Cta>1185</Cta>
    <CodSec>9</CodSec>
  </S>
  <S>
    <Calle>YRIGO</Calle>
    <Lat>34.533169</Lat>
    <Lon>58.509975</Lon>
    <Dis>1618.216</Dis>
    <Cta>1268</Cta>
    <CodSec>9</CodSec>
  </S>
  <S>
    <Calle>VSARF</Calle>
    <Lat>34.529984</Lat>
    <Lon>58.523366</Lon>
    <Dis>1300.122</Dis>
    <Cta>1363</Cta>
    <CodSec>9</CodSec>
  </S>
  <S>
    <Calle>ROSAR</Calle>
    <Lat>34.535318</Lat>
    <Lon>58.535844</Lon>
    <Dis>1463.042</Dis>
    <Cta>1441</Cta>
    <CodSec>9</CodSec>
  </S>
  <S>
    <Calle>R.OBL</Calle>
    <Lat>34.530171</Lat>
    <Lon>58.547281</Lon>
    <Dis>1118.526</Dis>
    <Cta>1523</Cta>
    <CodSec>9</CodSec>
  </S>
  <S>
    <Calle>CARAP</Calle>
    <Lat>34.528053</Lat>
    <Lon>58.543530</Lon>
    <Dis>0</Dis>
    <Cta>1580</Cta>
    <CodSec>9</CodSec>
  </S>
</Sector>