<?xml version="1.0" standalone="yes"?>
<Version>
  <xs:schema id="Version" xmlns="" xmlns:xs="http://www.w3.org/2001/XMLSchema" xmlns:msdata="urn:schemas-microsoft-com:xml-msdata">
    <xs:element name="Version" msdata:IsDataSet="true" msdata:UseCurrentLocale="true">
      <xs:complexType>
        <xs:choice minOccurs="0" maxOccurs="unbounded">
          <xs:element name="datosVersion">
            <xs:complexType>
              <xs:sequence>
                <xs:element name="nroVersion" type="xs:int" minOccurs="0" />
                <xs:element name="fechaActivacion" type="xs:dateTime" minOccurs="0" />
              </xs:sequence>
            </xs:complexType>
          </xs:element>
          <xs:element name="archivos">
            <xs:complexType>
              <xs:sequence>
                <xs:element name="archivo" type="xs:string" minOccurs="0" />
                <xs:element name="hash" type="xs:string" minOccurs="0" />
              </xs:sequence>
            </xs:complexType>
          </xs:element>
        </xs:choice>
      </xs:complexType>
    </xs:element>
  </xs:schema>
  <datosVersion>
    <nroVersion>18</nroVersion>
    <fechaActivacion>2020-02-03T00:00:00-03:00</fechaActivacion>
  </datosVersion>
  <archivos>
    <archivo>s01270555.xml</archivo>
    <hash>2F3E0CCAA0BA2FFE5FBFEE32B793C88A</hash>
  </archivos>
  <archivos>
    <archivo>s01270556.xml</archivo>
    <hash>83B2310667B943A03BD7796DC9C08151</hash>
  </archivos>
  <archivos>
    <archivo>s01272853.xml</archivo>
    <hash>60BA80FEEBAE85872B4E2BA3F40BAB28</hash>
  </archivos>
  <archivos>
    <archivo>r01270555.txt</archivo>
    <hash>C9E5AE7B6EB9ECB9BE438B92B84F5475</hash>
  </archivos>
  <archivos>
    <archivo>r01270556.txt</archivo>
    <hash>3E98729202FB6EDFF6C8BC4DA3E9239E</hash>
  </archivos>
  <archivos>
    <archivo>r01272853.txt</archivo>
    <hash>B7A0D9152EC1806F40052BB6C78D29E1</hash>
  </archivos>
  <archivos>
    <archivo>sectoresTarifarios.xml</archivo>
    <hash>B04B3DB4757B0CC8EAE099C10636BB7A</hash>
  </archivos>
</Version>