<?xml version="1.0" standalone="yes"?>
<Version>
  <xs:schema id="Version" xmlns="" xmlns:xs="http://www.w3.org/2001/XMLSchema" xmlns:msdata="urn:schemas-microsoft-com:xml-msdata">
    <xs:element name="Version" msdata:IsDataSet="true" msdata:UseCurrentLocale="true">
      <xs:complexType>
        <xs:choice minOccurs="0" maxOccurs="unbounded">
          <xs:element name="datosVersion">
            <xs:complexType>
              <xs:sequence>
                <xs:element name="nroVersion" type="xs:int" minOccurs="0" />
                <xs:element name="fechaActivacion" type="xs:dateTime" minOccurs="0" />
              </xs:sequence>
            </xs:complexType>
          </xs:element>
          <xs:element name="archivos">
            <xs:complexType>
              <xs:sequence>
                <xs:element name="archivo" type="xs:string" minOccurs="0" />
                <xs:element name="hash" type="xs:string" minOccurs="0" />
              </xs:sequence>
            </xs:complexType>
          </xs:element>
        </xs:choice>
      </xs:complexType>
    </xs:element>
  </xs:schema>
  <datosVersion>
    <nroVersion>36</nroVersion>
    <fechaActivacion>2021-03-03T00:00:00-03:00</fechaActivacion>
  </datosVersion>
  <archivos>
    <archivo>s01631034.xml</archivo>
    <hash>D66659DCD6B52E193B2B4D0E9C43F2C7</hash>
  </archivos>
  <archivos>
    <archivo>s01631061.xml</archivo>
    <hash>AB5DC5139BB58EF510311672BEA86D0B</hash>
  </archivos>
  <archivos>
    <archivo>s01632669.xml</archivo>
    <hash>8C215BA9C11918BC8D121576F9A37CDC</hash>
  </archivos>
  <archivos>
    <archivo>s01632670.xml</archivo>
    <hash>99F0380792F8C4D5AA47A08B253E0A48</hash>
  </archivos>
  <archivos>
    <archivo>s01632763.xml</archivo>
    <hash>00784FEC7E4A082C6D8B2E3ABFBABEB5</hash>
  </archivos>
  <archivos>
    <archivo>s01632766.xml</archivo>
    <hash>D2C20E897B68691BAADAC28EF9F2CAFB</hash>
  </archivos>
  <archivos>
    <archivo>s01632768.xml</archivo>
    <hash>07603DD621EFF641248A8F2096B5E3E2</hash>
  </archivos>
  <archivos>
    <archivo>s01632769.xml</archivo>
    <hash>98FAC8FCE34D19388EF958CBF2F54C13</hash>
  </archivos>
  <archivos>
    <archivo>s01632770.xml</archivo>
    <hash>4EFDECBADAA0CDBEEBB6D71992054657</hash>
  </archivos>
  <archivos>
    <archivo>s01632771.xml</archivo>
    <hash>0ED8F661496381D4C29F7E8210E36E09</hash>
  </archivos>
  <archivos>
    <archivo>s01632772.xml</archivo>
    <hash>D9F535E2764E1A6396CD81552238B18A</hash>
  </archivos>
  <archivos>
    <archivo>s01632773.xml</archivo>
    <hash>60E59C171DA4BE37AE6FE127C39EDB1B</hash>
  </archivos>
  <archivos>
    <archivo>s01632774.xml</archivo>
    <hash>A7B593F29D0FE6480904939A5B06E91A</hash>
  </archivos>
  <archivos>
    <archivo>s01632775.xml</archivo>
    <hash>1808A661509E58AB23A8D807BB34D709</hash>
  </archivos>
  <archivos>
    <archivo>s01632776.xml</archivo>
    <hash>DFA9792E1EC9F26EC85022EE75A30AF4</hash>
  </archivos>
  <archivos>
    <archivo>s01632777.xml</archivo>
    <hash>42B05A96226689319774FC1EDB713354</hash>
  </archivos>
  <archivos>
    <archivo>s01632783.xml</archivo>
    <hash>EE965F46A0D092B810053724D55258AE</hash>
  </archivos>
  <archivos>
    <archivo>s01632894.xml</archivo>
    <hash>01FFF7505339FE064F504B668A990627</hash>
  </archivos>
  <archivos>
    <archivo>s01632895.xml</archivo>
    <hash>160C4E1158632E0BC8BB69C1E841A4C1</hash>
  </archivos>
  <archivos>
    <archivo>s01633225.xml</archivo>
    <hash>5A2086EFBBD636663194A3EF5141A623</hash>
  </archivos>
  <archivos>
    <archivo>s01633226.xml</archivo>
    <hash>A8B61E6CC189295E98AC80810FF70B16</hash>
  </archivos>
  <archivos>
    <archivo>s01633260.xml</archivo>
    <hash>9B575745876FA22100303679C9779850</hash>
  </archivos>
  <archivos>
    <archivo>s01633261.xml</archivo>
    <hash>6B980889D0D97CE51E99558D14B7227A</hash>
  </archivos>
  <archivos>
    <archivo>r01631034.txt</archivo>
    <hash>71D9478344A4EE8570A492598B411141</hash>
  </archivos>
  <archivos>
    <archivo>r01631061.txt</archivo>
    <hash>9628AC8CC3F2CD80970CC6E3DAB0B45B</hash>
  </archivos>
  <archivos>
    <archivo>r01632669.txt</archivo>
    <hash>04563AA30C542DC5247D1EA125FAAF43</hash>
  </archivos>
  <archivos>
    <archivo>r01632670.txt</archivo>
    <hash>E69D653B0A7D8C646B411E8F07BF7F5F</hash>
  </archivos>
  <archivos>
    <archivo>r01632763.txt</archivo>
    <hash>A1A5305015763915212C005F6940CB87</hash>
  </archivos>
  <archivos>
    <archivo>r01632766.txt</archivo>
    <hash>E54AC43304FEB8326BDA48F7D9A95EE3</hash>
  </archivos>
  <archivos>
    <archivo>r01632768.txt</archivo>
    <hash>89E1754A8615AC73D34B5CBEF3A49DBD</hash>
  </archivos>
  <archivos>
    <archivo>r01632769.txt</archivo>
    <hash>6D08C79BCD5C487B2B63BBDACF8E8574</hash>
  </archivos>
  <archivos>
    <archivo>r01632770.txt</archivo>
    <hash>EE832E212874442DB3E70EF54F100F38</hash>
  </archivos>
  <archivos>
    <archivo>r01632771.txt</archivo>
    <hash>FC38CEB2005B389068ACBB0533D06E77</hash>
  </archivos>
  <archivos>
    <archivo>r01632772.txt</archivo>
    <hash>855F9977126F37F87A6A016939808548</hash>
  </archivos>
  <archivos>
    <archivo>r01632773.txt</archivo>
    <hash>75C73631CC05146789C2799FDA427FD7</hash>
  </archivos>
  <archivos>
    <archivo>r01632774.txt</archivo>
    <hash>337810C5F422CD5AC4B8F21C28C20A08</hash>
  </archivos>
  <archivos>
    <archivo>r01632775.txt</archivo>
    <hash>2F39F73CE601D914FD57C67E8BDB1E37</hash>
  </archivos>
  <archivos>
    <archivo>r01632776.txt</archivo>
    <hash>16AAC2CE153152B7C47C4E60A4F2D22A</hash>
  </archivos>
  <archivos>
    <archivo>r01632777.txt</archivo>
    <hash>36EC230113957CEE531B7D8D9D304312</hash>
  </archivos>
  <archivos>
    <archivo>r01632783.txt</archivo>
    <hash>CCF18FA8DB574FF7C78E8056608053CB</hash>
  </archivos>
  <archivos>
    <archivo>r01632894.txt</archivo>
    <hash>C84063081D2C1089F521B7B5606CCD3D</hash>
  </archivos>
  <archivos>
    <archivo>r01632895.txt</archivo>
    <hash>FFD6E732D688E0295876CB910A47F37E</hash>
  </archivos>
  <archivos>
    <archivo>r01633225.txt</archivo>
    <hash>92B7B9299C97A4771F1E51BF1E796346</hash>
  </archivos>
  <archivos>
    <archivo>r01633226.txt</archivo>
    <hash>E40183420AA062BB387A08BFA8AB125C</hash>
  </archivos>
  <archivos>
    <archivo>r01633260.txt</archivo>
    <hash>BD30FE5AF1B4A2138E11513FE06E3739</hash>
  </archivos>
  <archivos>
    <archivo>r01633261.txt</archivo>
    <hash>CE3A6CD74D3DBE15D40BC6EBE59826D8</hash>
  </archivos>
  <archivos>
    <archivo>sectoresTarifarios.xml</archivo>
    <hash>60171EA54EACC0797C3F9D8AD4147D9E</hash>
  </archivos>
</Version>