<?xml version="1.0" standalone="yes"?>
<Sector>
  <xs:schema id="Sector" xmlns="" xmlns:xs="http://www.w3.org/2001/XMLSchema" xmlns:msdata="urn:schemas-microsoft-com:xml-msdata">
    <xs:element name="Sector" msdata:IsDataSet="true" msdata:Locale="">
      <xs:complexType>
        <xs:choice minOccurs="0" maxOccurs="unbounded">
          <xs:element name="S" msdata:Locale="">
            <xs:complexType>
              <xs:sequence>
                <xs:element name="Calle" type="xs:string" minOccurs="0" />
                <xs:element name="Lat" type="xs:decimal" minOccurs="0" />
                <xs:element name="Lon" type="xs:decimal" minOccurs="0" />
                <xs:element name="Dis" type="xs:decimal" minOccurs="0" />
                <xs:element name="Cta" type="xs:int" minOccurs="0" />
                <xs:element name="CodSec" type="xs:int" minOccurs="0" />
              </xs:sequence>
            </xs:complexType>
          </xs:element>
        </xs:choice>
      </xs:complexType>
    </xs:element>
  </xs:schema>
  <S>
    <Calle>RU 23</Calle>
    <Lat>34.483597</Lat>
    <Lon>58.611936</Lon>
    <Dis>2199.834</Dis>
    <Cta>1</Cta>
    <CodSec>18</CodSec>
  </S>
  <S>
    <Calle>ARATA</Calle>
    <Lat>34.494291</Lat>
    <Lon>58.631795</Lon>
    <Dis>1278.650</Dis>
    <Cta>141</Cta>
    <CodSec>18</CodSec>
  </S>
  <S>
    <Calle>TORCU</Calle>
    <Lat>34.500553</Lat>
    <Lon>58.643394</Lon>
    <Dis>3266.181</Dis>
    <Cta>219</Cta>
    <CodSec>18</CodSec>
  </S>
  <S>
    <Calle>PERON</Calle>
    <Lat>34.518321</Lat>
    <Lon>58.671433</Lon>
    <Dis>2020.180</Dis>
    <Cta>402</Cta>
    <CodSec>18</CodSec>
  </S>
  <S>
    <Calle>SUARE</Calle>
    <Lat>34.529771</Lat>
    <Lon>58.688411</Lon>
    <Dis>1734.602</Dis>
    <Cta>506</Cta>
    <CodSec>18</CodSec>
  </S>
  <S>
    <Calle>TRIBU</Calle>
    <Lat>34.531786</Lat>
    <Lon>58.701950</Lon>
    <Dis>882.032</Dis>
    <Cta>638</Cta>
    <CodSec>18</CodSec>
  </S>
  <S>
    <Calle>S.LOR</Calle>
    <Lat>34.536572</Lat>
    <Lon>58.708573</Lon>
    <Dis>1204.671</Dis>
    <Cta>692</Cta>
    <CodSec>18</CodSec>
  </S>
  <S>
    <Calle>PELUF</Calle>
    <Lat>34.544513</Lat>
    <Lon>58.714493</Lon>
    <Dis>984.200</Dis>
    <Cta>764</Cta>
    <CodSec>18</CodSec>
  </S>
  <S>
    <Calle>GCAMP</Calle>
    <Lat>34.551151</Lat>
    <Lon>58.721521</Lon>
    <Dis>2837.252</Dis>
    <Cta>818</Cta>
    <CodSec>18</CodSec>
  </S>
  <S>
    <Calle>ESPA?</Calle>
    <Lat>34.566745</Lat>
    <Lon>58.743324</Lon>
    <Dis>1639.844</Dis>
    <Cta>994</Cta>
    <CodSec>18</CodSec>
  </S>
  <S>
    <Calle>EDISO</Calle>
    <Lat>34.558503</Lat>
    <Lon>58.756431</Lon>
    <Dis>1425.695</Dis>
    <Cta>1079</Cta>
    <CodSec>18</CodSec>
  </S>
  <S>
    <Calle>TGUID</Calle>
    <Lat>34.550073</Lat>
    <Lon>58.767917</Lon>
    <Dis>3832.313</Dis>
    <Cta>1170</Cta>
    <CodSec>18</CodSec>
  </S>
  <S>
    <Calle>RU 24</Calle>
    <Lat>34.538217</Lat>
    <Lon>58.794368</Lon>
    <Dis>1778.020</Dis>
    <Cta>1400</Cta>
    <CodSec>18</CodSec>
  </S>
  <S>
    <Calle>USTAR</Calle>
    <Lat>34.530409</Lat>
    <Lon>58.778941</Lon>
    <Dis>2830.370</Dis>
    <Cta>1520</Cta>
    <CodSec>18</CodSec>
  </S>
  <S>
    <Calle>ZUVIR</Calle>
    <Lat>34.518974</Lat>
    <Lon>58.751668</Lon>
    <Dis>0</Dis>
    <Cta>1705</Cta>
    <CodSec>18</CodSec>
  </S>
</Sector>