<?xml version="1.0" standalone="yes"?>
<Sector>
  <xs:schema id="Sector" xmlns="" xmlns:xs="http://www.w3.org/2001/XMLSchema" xmlns:msdata="urn:schemas-microsoft-com:xml-msdata">
    <xs:element name="Sector" msdata:IsDataSet="true" msdata:Locale="">
      <xs:complexType>
        <xs:choice minOccurs="0" maxOccurs="unbounded">
          <xs:element name="S" msdata:Locale="">
            <xs:complexType>
              <xs:sequence>
                <xs:element name="Calle" type="xs:string" minOccurs="0" />
                <xs:element name="Lat" type="xs:decimal" minOccurs="0" />
                <xs:element name="Lon" type="xs:decimal" minOccurs="0" />
                <xs:element name="Dis" type="xs:decimal" minOccurs="0" />
                <xs:element name="Cta" type="xs:int" minOccurs="0" />
                <xs:element name="CodSec" type="xs:int" minOccurs="0" />
              </xs:sequence>
            </xs:complexType>
          </xs:element>
        </xs:choice>
      </xs:complexType>
    </xs:element>
  </xs:schema>
  <S>
    <Calle>PAVON</Calle>
    <Lat>34.532229</Lat>
    <Lon>58.703906</Lon>
    <Dis>633.300</Dis>
    <Cta>1</Cta>
    <CodSec>18</CodSec>
  </S>
  <S>
    <Calle>SANLO</Calle>
    <Lat>34.536544</Lat>
    <Lon>58.708584</Lon>
    <Dis>1144.230</Dis>
    <Cta>67</Cta>
    <CodSec>18</CodSec>
  </S>
  <S>
    <Calle>FRAGA</Calle>
    <Lat>34.544213</Lat>
    <Lon>58.714213</Lon>
    <Dis>1029.350</Dis>
    <Cta>189</Cta>
    <CodSec>18</CodSec>
  </S>
  <S>
    <Calle>CAMPO</Calle>
    <Lat>34.551182</Lat>
    <Lon>58.721608</Lon>
    <Dis>2333.340</Dis>
    <Cta>297</Cta>
    <CodSec>18</CodSec>
  </S>
  <S>
    <Calle>ALBAR</Calle>
    <Lat>34.566005</Lat>
    <Lon>58.739584</Lon>
    <Dis>2577.050</Dis>
    <Cta>540</Cta>
    <CodSec>18</CodSec>
  </S>
  <S>
    <Calle>ISABE</Calle>
    <Lat>34.580519</Lat>
    <Lon>58.738646</Lon>
    <Dis>2140.280</Dis>
    <Cta>806</Cta>
    <CodSec>18</CodSec>
  </S>
  <S>
    <Calle>VESPU</Calle>
    <Lat>34.589487</Lat>
    <Lon>58.730481</Lon>
    <Dis>1520.710</Dis>
    <Cta>1024</Cta>
    <CodSec>18</CodSec>
  </S>
  <S>
    <Calle>MAYOR</Calle>
    <Lat>34.598710</Lat>
    <Lon>58.720667</Lon>
    <Dis>2190.360</Dis>
    <Cta>1178</Cta>
    <CodSec>18</CodSec>
  </S>
  <S>
    <Calle>CHAPE</Calle>
    <Lat>34.584808</Lat>
    <Lon>58.703990</Lon>
    <Dis>1681.720</Dis>
    <Cta>1400</Cta>
    <CodSec>18</CodSec>
  </S>
  <S>
    <Calle>GASPA</Calle>
    <Lat>34.572896</Lat>
    <Lon>58.692788</Lon>
    <Dis>1417.800</Dis>
    <Cta>1572</Cta>
    <CodSec>18</CodSec>
  </S>
  <S>
    <Calle>PI?ER</Calle>
    <Lat>34.563593</Lat>
    <Lon>58.682540</Lon>
    <Dis>0</Dis>
    <Cta>1719</Cta>
    <CodSec>18</CodSec>
  </S>
</Sector>