<?xml version="1.0" standalone="yes"?>
<Sector>
  <xs:schema id="Sector" xmlns="" xmlns:xs="http://www.w3.org/2001/XMLSchema" xmlns:msdata="urn:schemas-microsoft-com:xml-msdata">
    <xs:element name="Sector" msdata:IsDataSet="true" msdata:Locale="">
      <xs:complexType>
        <xs:choice minOccurs="0" maxOccurs="unbounded">
          <xs:element name="S" msdata:Locale="">
            <xs:complexType>
              <xs:sequence>
                <xs:element name="Calle" type="xs:string" minOccurs="0" />
                <xs:element name="Lat" type="xs:decimal" minOccurs="0" />
                <xs:element name="Lon" type="xs:decimal" minOccurs="0" />
                <xs:element name="Dis" type="xs:decimal" minOccurs="0" />
                <xs:element name="Cta" type="xs:int" minOccurs="0" />
                <xs:element name="CodSec" type="xs:int" minOccurs="0" />
              </xs:sequence>
            </xs:complexType>
          </xs:element>
        </xs:choice>
      </xs:complexType>
    </xs:element>
  </xs:schema>
  <S>
    <Calle>CALLA</Calle>
    <Lat>34.563781</Lat>
    <Lon>58.765672</Lon>
    <Dis>972.970</Dis>
    <Cta>1</Cta>
    <CodSec>18</CodSec>
  </S>
  <S>
    <Calle>EDIS</Calle>
    <Lat>34.561139</Lat>
    <Lon>58.758336</Lon>
    <Dis>707.770</Dis>
    <Cta>109</Cta>
    <CodSec>18</CodSec>
  </S>
  <S>
    <Calle>SARMI</Calle>
    <Lat>34.556213</Lat>
    <Lon>58.753733</Lon>
    <Dis>1789.180</Dis>
    <Cta>185</Cta>
    <CodSec>18</CodSec>
  </S>
  <S>
    <Calle>IBA?E</Calle>
    <Lat>34.544195</Lat>
    <Lon>58.742384</Lon>
    <Dis>1379.610</Dis>
    <Cta>375</Cta>
    <CodSec>18</CodSec>
  </S>
  <S>
    <Calle>CONST</Calle>
    <Lat>34.546318</Lat>
    <Lon>58.731306</Lon>
    <Dis>1492.660</Dis>
    <Cta>560</Cta>
    <CodSec>18</CodSec>
  </S>
  <S>
    <Calle>IRIG.</Calle>
    <Lat>34.536259</Lat>
    <Lon>58.720517</Lon>
    <Dis>1242.630</Dis>
    <Cta>719</Cta>
    <CodSec>18</CodSec>
  </S>
  <S>
    <Calle>BALB.</Calle>
    <Lat>34.543547</Lat>
    <Lon>58.713568</Lon>
    <Dis>0</Dis>
    <Cta>850</Cta>
    <CodSec>18</CodSec>
  </S>
</Sector>