<?xml version="1.0" standalone="yes"?>
<Sector>
  <xs:schema id="Sector" xmlns="" xmlns:xs="http://www.w3.org/2001/XMLSchema" xmlns:msdata="urn:schemas-microsoft-com:xml-msdata">
    <xs:element name="Sector" msdata:IsDataSet="true" msdata:Locale="">
      <xs:complexType>
        <xs:choice minOccurs="0" maxOccurs="unbounded">
          <xs:element name="S" msdata:Locale="">
            <xs:complexType>
              <xs:sequence>
                <xs:element name="Calle" type="xs:string" minOccurs="0" />
                <xs:element name="Lat" type="xs:decimal" minOccurs="0" />
                <xs:element name="Lon" type="xs:decimal" minOccurs="0" />
                <xs:element name="Dis" type="xs:decimal" minOccurs="0" />
                <xs:element name="Cta" type="xs:int" minOccurs="0" />
                <xs:element name="CodSec" type="xs:int" minOccurs="0" />
              </xs:sequence>
            </xs:complexType>
          </xs:element>
        </xs:choice>
      </xs:complexType>
    </xs:element>
  </xs:schema>
  <S>
    <Calle>BALBI</Calle>
    <Lat>34.544601</Lat>
    <Lon>58.713965</Lon>
    <Dis>1212.850</Dis>
    <Cta>1</Cta>
    <CodSec>18</CodSec>
  </S>
  <S>
    <Calle>G.CAM</Calle>
    <Lat>34.550140</Lat>
    <Lon>58.723100</Lon>
    <Dis>840.040</Dis>
    <Cta>50</Cta>
    <CodSec>18</CodSec>
  </S>
  <S>
    <Calle>BLASC</Calle>
    <Lat>34.555697</Lat>
    <Lon>58.726420</Lon>
    <Dis>1470.070</Dis>
    <Cta>85</Cta>
    <CodSec>18</CodSec>
  </S>
  <S>
    <Calle>1JUNT</Calle>
    <Lat>34.547005</Lat>
    <Lon>58.738389</Lon>
    <Dis>880.830</Dis>
    <Cta>145</Cta>
    <CodSec>18</CodSec>
  </S>
  <S>
    <Calle>ARRIC</Calle>
    <Lat>34.541740</Lat>
    <Lon>58.745570</Lon>
    <Dis>0</Dis>
    <Cta>179</Cta>
    <CodSec>18</CodSec>
  </S>
</Sector>