<?xml version="1.0" standalone="yes"?>
<Sector>
  <xs:schema id="Sector" xmlns="" xmlns:xs="http://www.w3.org/2001/XMLSchema" xmlns:msdata="urn:schemas-microsoft-com:xml-msdata">
    <xs:element name="Sector" msdata:IsDataSet="true" msdata:Locale="">
      <xs:complexType>
        <xs:choice minOccurs="0" maxOccurs="unbounded">
          <xs:element name="S" msdata:Locale="">
            <xs:complexType>
              <xs:sequence>
                <xs:element name="Calle" type="xs:string" minOccurs="0" />
                <xs:element name="Lat" type="xs:decimal" minOccurs="0" />
                <xs:element name="Lon" type="xs:decimal" minOccurs="0" />
                <xs:element name="Dis" type="xs:decimal" minOccurs="0" />
                <xs:element name="Cta" type="xs:int" minOccurs="0" />
                <xs:element name="CodSec" type="xs:int" minOccurs="0" />
              </xs:sequence>
            </xs:complexType>
          </xs:element>
        </xs:choice>
      </xs:complexType>
    </xs:element>
  </xs:schema>
  <S>
    <Calle>PAVON</Calle>
    <Lat>34.532330</Lat>
    <Lon>58.704040</Lon>
    <Dis>602.390</Dis>
    <Cta>1</Cta>
    <CodSec>18</CodSec>
  </S>
  <S>
    <Calle>SANLO</Calle>
    <Lat>34.536573</Lat>
    <Lon>58.708562</Lon>
    <Dis>963.440</Dis>
    <Cta>25</Cta>
    <CodSec>18</CodSec>
  </S>
  <S>
    <Calle>BALBI</Calle>
    <Lat>34.542954</Lat>
    <Lon>58.712958</Lon>
    <Dis>1083.390</Dis>
    <Cta>62</Cta>
    <CodSec>18</CodSec>
  </S>
  <S>
    <Calle>BALB.</Calle>
    <Lat>34.543812</Lat>
    <Lon>58.715053</Lon>
    <Dis>1114.940</Dis>
    <Cta>119</Cta>
    <CodSec>18</CodSec>
  </S>
  <S>
    <Calle>CAMPO</Calle>
    <Lat>34.551284</Lat>
    <Lon>58.721648</Lon>
    <Dis>2913.990</Dis>
    <Cta>163</Cta>
    <CodSec>18</CodSec>
  </S>
  <S>
    <Calle>FERR2</Calle>
    <Lat>34.567567</Lat>
    <Lon>58.744214</Lon>
    <Dis>2280.300</Dis>
    <Cta>283</Cta>
    <CodSec>18</CodSec>
  </S>
  <S>
    <Calle>CANE</Calle>
    <Lat>34.553909</Lat>
    <Lon>58.762760</Lon>
    <Dis>993.540</Dis>
    <Cta>372</Cta>
    <CodSec>18</CodSec>
  </S>
  <S>
    <Calle>LPINT</Calle>
    <Lat>34.560587</Lat>
    <Lon>58.769966</Lon>
    <Dis>1380.650</Dis>
    <Cta>410</Cta>
    <CodSec>18</CodSec>
  </S>
  <S>
    <Calle>WATT</Calle>
    <Lat>34.569270</Lat>
    <Lon>58.766810</Lon>
    <Dis>0</Dis>
    <Cta>465</Cta>
    <CodSec>18</CodSec>
  </S>
</Sector>