<?xml version="1.0" standalone="yes"?>
<Sector>
  <xs:schema id="Sector" xmlns="" xmlns:xs="http://www.w3.org/2001/XMLSchema" xmlns:msdata="urn:schemas-microsoft-com:xml-msdata">
    <xs:element name="Sector" msdata:IsDataSet="true" msdata:Locale="">
      <xs:complexType>
        <xs:choice minOccurs="0" maxOccurs="unbounded">
          <xs:element name="S" msdata:Locale="">
            <xs:complexType>
              <xs:sequence>
                <xs:element name="Calle" type="xs:string" minOccurs="0" />
                <xs:element name="Lat" type="xs:decimal" minOccurs="0" />
                <xs:element name="Lon" type="xs:decimal" minOccurs="0" />
                <xs:element name="Dis" type="xs:decimal" minOccurs="0" />
                <xs:element name="Cta" type="xs:int" minOccurs="0" />
                <xs:element name="CodSec" type="xs:int" minOccurs="0" />
              </xs:sequence>
            </xs:complexType>
          </xs:element>
        </xs:choice>
      </xs:complexType>
    </xs:element>
  </xs:schema>
  <S>
    <Calle>MOINE</Calle>
    <Lat>34.563442</Lat>
    <Lon>58.684737</Lon>
    <Dis>1389.200</Dis>
    <Cta>1</Cta>
    <CodSec>18</CodSec>
  </S>
  <S>
    <Calle>GASPA</Calle>
    <Lat>34.572632</Lat>
    <Lon>58.692186</Lon>
    <Dis>1746.720</Dis>
    <Cta>143</Cta>
    <CodSec>18</CodSec>
  </S>
  <S>
    <Calle>CHAPE</Calle>
    <Lat>34.584675</Lat>
    <Lon>58.703932</Lon>
    <Dis>2176.330</Dis>
    <Cta>324</Cta>
    <CodSec>18</CodSec>
  </S>
  <S>
    <Calle>DURAN</Calle>
    <Lat>34.598706</Lat>
    <Lon>58.720470</Lon>
    <Dis>1524.520</Dis>
    <Cta>545</Cta>
    <CodSec>18</CodSec>
  </S>
  <S>
    <Calle>VESPU</Calle>
    <Lat>34.589545</Lat>
    <Lon>58.730452</Lon>
    <Dis>2123.910</Dis>
    <Cta>701</Cta>
    <CodSec>18</CodSec>
  </S>
  <S>
    <Calle>ISABE</Calle>
    <Lat>34.580683</Lat>
    <Lon>58.738616</Lon>
    <Dis>2548.910</Dis>
    <Cta>919</Cta>
    <CodSec>18</CodSec>
  </S>
  <S>
    <Calle>BALBI</Calle>
    <Lat>34.566352</Lat>
    <Lon>58.739619</Lon>
    <Dis>2327.030</Dis>
    <Cta>1180</Cta>
    <CodSec>18</CodSec>
  </S>
  <S>
    <Calle>CAMPO</Calle>
    <Lat>34.551566</Lat>
    <Lon>58.721760</Lon>
    <Dis>1030.480</Dis>
    <Cta>1424</Cta>
    <CodSec>18</CodSec>
  </S>
  <S>
    <Calle>FRAGA</Calle>
    <Lat>34.544527</Lat>
    <Lon>58.714471</Lon>
    <Dis>1017.190</Dis>
    <Cta>1532</Cta>
    <CodSec>18</CodSec>
  </S>
  <S>
    <Calle>SLO.</Calle>
    <Lat>34.537647</Lat>
    <Lon>58.707149</Lon>
    <Dis>726.500</Dis>
    <Cta>1636</Cta>
    <CodSec>18</CodSec>
  </S>
  <S>
    <Calle>ILLI</Calle>
    <Lat>34.532812</Lat>
    <Lon>58.701828</Lon>
    <Dis>0</Dis>
    <Cta>1712</Cta>
    <CodSec>18</CodSec>
  </S>
</Sector>