<?xml version="1.0" standalone="yes"?>
<Sector>
  <xs:schema id="Sector" xmlns="" xmlns:xs="http://www.w3.org/2001/XMLSchema" xmlns:msdata="urn:schemas-microsoft-com:xml-msdata">
    <xs:element name="Sector" msdata:IsDataSet="true" msdata:Locale="">
      <xs:complexType>
        <xs:choice minOccurs="0" maxOccurs="unbounded">
          <xs:element name="S" msdata:Locale="">
            <xs:complexType>
              <xs:sequence>
                <xs:element name="Calle" type="xs:string" minOccurs="0" />
                <xs:element name="Lat" type="xs:decimal" minOccurs="0" />
                <xs:element name="Lon" type="xs:decimal" minOccurs="0" />
                <xs:element name="Dis" type="xs:decimal" minOccurs="0" />
                <xs:element name="Cta" type="xs:int" minOccurs="0" />
                <xs:element name="CodSec" type="xs:int" minOccurs="0" />
              </xs:sequence>
            </xs:complexType>
          </xs:element>
        </xs:choice>
      </xs:complexType>
    </xs:element>
  </xs:schema>
  <S>
    <Calle>LINI1</Calle>
    <Lat>32.858527</Lat>
    <Lon>60.715525</Lon>
    <Dis>3379.140</Dis>
    <Cta>1</Cta>
    <CodSec>14</CodSec>
  </S>
  <S>
    <Calle>RU 11</Calle>
    <Lat>32.863795</Lat>
    <Lon>60.701973</Lon>
    <Dis>770.110</Dis>
    <Cta>354</Cta>
    <CodSec>14</CodSec>
  </S>
  <S>
    <Calle>CIUDA</Calle>
    <Lat>32.870476</Lat>
    <Lon>60.699870</Lon>
    <Dis>2805.240</Dis>
    <Cta>434</Cta>
    <CodSec>13</CodSec>
  </S>
  <S>
    <Calle>PUCCI</Calle>
    <Lat>32.894925</Lat>
    <Lon>60.692470</Lon>
    <Dis>1400.610</Dis>
    <Cta>720</Cta>
    <CodSec>13</CodSec>
  </S>
  <S>
    <Calle>SORRE</Calle>
    <Lat>32.907124</Lat>
    <Lon>60.688749</Lon>
    <Dis>3550.470</Dis>
    <Cta>863</Cta>
    <CodSec>13</CodSec>
  </S>
  <S>
    <Calle>CAFER</Calle>
    <Lat>32.933596</Lat>
    <Lon>60.669257</Lon>
    <Dis>1670.050</Dis>
    <Cta>1226</Cta>
    <CodSec>13</CodSec>
  </S>
  <S>
    <Calle>ORO?O</Calle>
    <Lat>32.936705</Lat>
    <Lon>60.651752</Lon>
    <Dis>1570.230</Dis>
    <Cta>1396</Cta>
    <CodSec>13</CodSec>
  </S>
  <S>
    <Calle>S. F1</Calle>
    <Lat>32.944079</Lat>
    <Lon>60.643407</Lon>
    <Dis>1388.530</Dis>
    <Cta>1555</Cta>
    <CodSec>13</CodSec>
  </S>
  <S>
    <Calle>PELE1</Calle>
    <Lat>32.956298</Lat>
    <Lon>60.646480</Lon>
    <Dis>1172.970</Dis>
    <Cta>1696</Cta>
    <CodSec>13</CodSec>
  </S>
  <S>
    <Calle>27FEB</Calle>
    <Lat>32.966614</Lat>
    <Lon>60.649084</Lon>
    <Dis>1965.380</Dis>
    <Cta>1814</Cta>
    <CodSec>13</CodSec>
  </S>
  <S>
    <Calle>SEGUI</Calle>
    <Lat>32.979439</Lat>
    <Lon>60.644441</Lon>
    <Dis>1269.670</Dis>
    <Cta>2018</Cta>
    <CodSec>13</CodSec>
  </S>
  <S>
    <Calle>URIBU</Calle>
    <Lat>32.990683</Lat>
    <Lon>60.646801</Lon>
    <Dis>1394.330</Dis>
    <Cta>2147</Cta>
    <CodSec>13</CodSec>
  </S>
  <S>
    <Calle>ARIJO</Calle>
    <Lat>33.003026</Lat>
    <Lon>60.649437</Lon>
    <Dis>3282.060</Dis>
    <Cta>2289</Cta>
    <CodSec>13</CodSec>
  </S>
  <S>
    <Calle>CIRCU</Calle>
    <Lat>33.015790</Lat>
    <Lon>60.634780</Lon>
    <Dis>1724.990</Dis>
    <Cta>2625</Cta>
    <CodSec>12</CodSec>
  </S>
  <S>
    <Calle>AGUIR</Calle>
    <Lat>33.028850</Lat>
    <Lon>60.637139</Lon>
    <Dis>2324.790</Dis>
    <Cta>2805</Cta>
    <CodSec>12</CodSec>
  </S>
  <S>
    <Calle>RICHG</Calle>
    <Lat>33.036699</Lat>
    <Lon>60.655143</Lon>
    <Dis>0</Dis>
    <Cta>3061</Cta>
    <CodSec>12</CodSec>
  </S>
</Sector>