<?xml version="1.0" standalone="yes"?>
<Sector>
  <xs:schema id="Sector" xmlns="" xmlns:xs="http://www.w3.org/2001/XMLSchema" xmlns:msdata="urn:schemas-microsoft-com:xml-msdata">
    <xs:element name="Sector" msdata:IsDataSet="true" msdata:Locale="">
      <xs:complexType>
        <xs:choice minOccurs="0" maxOccurs="unbounded">
          <xs:element name="S" msdata:Locale="">
            <xs:complexType>
              <xs:sequence>
                <xs:element name="Calle" type="xs:string" minOccurs="0" />
                <xs:element name="Lat" type="xs:decimal" minOccurs="0" />
                <xs:element name="Lon" type="xs:decimal" minOccurs="0" />
                <xs:element name="Dis" type="xs:decimal" minOccurs="0" />
                <xs:element name="Cta" type="xs:int" minOccurs="0" />
                <xs:element name="CodSec" type="xs:int" minOccurs="0" />
              </xs:sequence>
            </xs:complexType>
          </xs:element>
        </xs:choice>
      </xs:complexType>
    </xs:element>
  </xs:schema>
  <S>
    <Calle>RICHG</Calle>
    <Lat>33.036670</Lat>
    <Lon>60.655147</Lon>
    <Dis>1492.679</Dis>
    <Cta>1</Cta>
    <CodSec>12</CodSec>
  </S>
  <S>
    <Calle>SALAD</Calle>
    <Lat>33.025072</Lat>
    <Lon>60.654140</Lon>
    <Dis>2486.562</Dis>
    <Cta>65</Cta>
    <CodSec>13</CodSec>
  </S>
  <S>
    <Calle>ARIJO</Calle>
    <Lat>33.003075</Lat>
    <Lon>60.649344</Lon>
    <Dis>1401.573</Dis>
    <Cta>151</Cta>
    <CodSec>13</CodSec>
  </S>
  <S>
    <Calle>URIBU</Calle>
    <Lat>32.990674</Lat>
    <Lon>60.646649</Lon>
    <Dis>1264.384</Dis>
    <Cta>199</Cta>
    <CodSec>13</CodSec>
  </S>
  <S>
    <Calle>SEGUI</Calle>
    <Lat>32.979474</Lat>
    <Lon>60.644314</Lon>
    <Dis>1871.110</Dis>
    <Cta>243</Cta>
    <CodSec>13</CodSec>
  </S>
  <S>
    <Calle>CORR1</Calle>
    <Lat>32.966773</Lat>
    <Lon>60.647684</Lon>
    <Dis>1817.292</Dis>
    <Cta>311</Cta>
    <CodSec>13</CodSec>
  </S>
  <S>
    <Calle>MENDZ</Calle>
    <Lat>32.950783</Lat>
    <Lon>60.643653</Lon>
    <Dis>1370.392</Dis>
    <Cta>374</Cta>
    <CodSec>13</CodSec>
  </S>
  <S>
    <Calle>PARAG</Calle>
    <Lat>32.939631</Lat>
    <Lon>60.642285</Lon>
    <Dis>914.016</Dis>
    <Cta>421</Cta>
    <CodSec>13</CodSec>
  </S>
  <S>
    <Calle>ORO?O</Calle>
    <Lat>32.937888</Lat>
    <Lon>60.651857</Lon>
    <Dis>1684.946</Dis>
    <Cta>452</Cta>
    <CodSec>13</CodSec>
  </S>
  <S>
    <Calle>CAFER</Calle>
    <Lat>32.934712</Lat>
    <Lon>60.669511</Lon>
    <Dis>3653.249</Dis>
    <Cta>510</Cta>
    <CodSec>13</CodSec>
  </S>
  <S>
    <Calle>SORRE</Calle>
    <Lat>32.907219</Lat>
    <Lon>60.688390</Lon>
    <Dis>3340.033</Dis>
    <Cta>640</Cta>
    <CodSec>13</CodSec>
  </S>
  <S>
    <Calle>BAIG1</Calle>
    <Lat>32.893979</Lat>
    <Lon>60.716300</Lon>
    <Dis>992.744</Dis>
    <Cta>759</Cta>
    <CodSec>13</CodSec>
  </S>
  <S>
    <Calle>MANZI</Calle>
    <Lat>32.887090</Lat>
    <Lon>60.716397</Lon>
    <Dis>0</Dis>
    <Cta>802</Cta>
    <CodSec>13</CodSec>
  </S>
</Sector>