<?xml version="1.0" standalone="yes"?>
<Sector>
  <xs:schema id="Sector" xmlns="" xmlns:xs="http://www.w3.org/2001/XMLSchema" xmlns:msdata="urn:schemas-microsoft-com:xml-msdata">
    <xs:element name="Sector" msdata:IsDataSet="true" msdata:Locale="">
      <xs:complexType>
        <xs:choice minOccurs="0" maxOccurs="unbounded">
          <xs:element name="S" msdata:Locale="">
            <xs:complexType>
              <xs:sequence>
                <xs:element name="Calle" type="xs:string" minOccurs="0" />
                <xs:element name="Lat" type="xs:decimal" minOccurs="0" />
                <xs:element name="Lon" type="xs:decimal" minOccurs="0" />
                <xs:element name="Dis" type="xs:decimal" minOccurs="0" />
                <xs:element name="Cta" type="xs:int" minOccurs="0" />
                <xs:element name="CodSec" type="xs:int" minOccurs="0" />
              </xs:sequence>
            </xs:complexType>
          </xs:element>
        </xs:choice>
      </xs:complexType>
    </xs:element>
  </xs:schema>
  <S>
    <Calle>MANZI</Calle>
    <Lat>32.887083</Lat>
    <Lon>60.716438</Lon>
    <Dis>1505.874</Dis>
    <Cta>1</Cta>
    <CodSec>13</CodSec>
  </S>
  <S>
    <Calle>BAIG1</Calle>
    <Lat>32.893972</Lat>
    <Lon>60.716292</Lon>
    <Dis>3306.686</Dis>
    <Cta>164</Cta>
    <CodSec>13</CodSec>
  </S>
  <S>
    <Calle>RONDE</Calle>
    <Lat>32.907168</Lat>
    <Lon>60.688818</Lon>
    <Dis>3556.136</Dis>
    <Cta>505</Cta>
    <CodSec>13</CodSec>
  </S>
  <S>
    <Calle>CAFER</Calle>
    <Lat>32.933606</Lat>
    <Lon>60.669259</Lon>
    <Dis>1669.777</Dis>
    <Cta>869</Cta>
    <CodSec>13</CodSec>
  </S>
  <S>
    <Calle>ORO?O</Calle>
    <Lat>32.936706</Lat>
    <Lon>60.651752</Lon>
    <Dis>1570.727</Dis>
    <Cta>1040</Cta>
    <CodSec>13</CodSec>
  </S>
  <S>
    <Calle>S. F1</Calle>
    <Lat>32.944077</Lat>
    <Lon>60.643413</Lon>
    <Dis>1388.773</Dis>
    <Cta>1198</Cta>
    <CodSec>13</CodSec>
  </S>
  <S>
    <Calle>PELE1</Calle>
    <Lat>32.956299</Lat>
    <Lon>60.646476</Lon>
    <Dis>1172.560</Dis>
    <Cta>1338</Cta>
    <CodSec>13</CodSec>
  </S>
  <S>
    <Calle>27FEB</Calle>
    <Lat>32.966617</Lat>
    <Lon>60.649073</Lon>
    <Dis>1964.897</Dis>
    <Cta>1456</Cta>
    <CodSec>13</CodSec>
  </S>
  <S>
    <Calle>SEGUI</Calle>
    <Lat>32.979445</Lat>
    <Lon>60.644409</Lon>
    <Dis>1269.545</Dis>
    <Cta>1657</Cta>
    <CodSec>13</CodSec>
  </S>
  <S>
    <Calle>URIBU</Calle>
    <Lat>32.990688</Lat>
    <Lon>60.646776</Lon>
    <Dis>1394.090</Dis>
    <Cta>1785</Cta>
    <CodSec>13</CodSec>
  </S>
  <S>
    <Calle>ARIJO</Calle>
    <Lat>33.003023</Lat>
    <Lon>60.649450</Lon>
    <Dis>2498.218</Dis>
    <Cta>1926</Cta>
    <CodSec>13</CodSec>
  </S>
  <S>
    <Calle>SALAD</Calle>
    <Lat>33.025134</Lat>
    <Lon>60.654201</Lon>
    <Dis>1638.261</Dis>
    <Cta>2177</Cta>
    <CodSec>12</CodSec>
  </S>
  <S>
    <Calle>RICHG</Calle>
    <Lat>33.036666</Lat>
    <Lon>60.655143</Lon>
    <Dis>0</Dis>
    <Cta>2354</Cta>
    <CodSec>12</CodSec>
  </S>
</Sector>