<?xml version="1.0" standalone="yes"?>
<Sector>
  <xs:schema id="Sector" xmlns="" xmlns:xs="http://www.w3.org/2001/XMLSchema" xmlns:msdata="urn:schemas-microsoft-com:xml-msdata">
    <xs:element name="Sector" msdata:IsDataSet="true" msdata:Locale="">
      <xs:complexType>
        <xs:choice minOccurs="0" maxOccurs="unbounded">
          <xs:element name="S" msdata:Locale="">
            <xs:complexType>
              <xs:sequence>
                <xs:element name="Calle" type="xs:string" minOccurs="0" />
                <xs:element name="Lat" type="xs:decimal" minOccurs="0" />
                <xs:element name="Lon" type="xs:decimal" minOccurs="0" />
                <xs:element name="Dis" type="xs:decimal" minOccurs="0" />
                <xs:element name="Cta" type="xs:int" minOccurs="0" />
                <xs:element name="CodSec" type="xs:int" minOccurs="0" />
              </xs:sequence>
            </xs:complexType>
          </xs:element>
        </xs:choice>
      </xs:complexType>
    </xs:element>
  </xs:schema>
  <S>
    <Calle>RICHG</Calle>
    <Lat>33.036702</Lat>
    <Lon>60.655143</Lon>
    <Dis>2306.590</Dis>
    <Cta>1</Cta>
    <CodSec>12</CodSec>
  </S>
  <S>
    <Calle>FILIP</Calle>
    <Lat>33.028952</Lat>
    <Lon>60.637114</Lon>
    <Dis>1783.222</Dis>
    <Cta>108</Cta>
    <CodSec>12</CodSec>
  </S>
  <S>
    <Calle>CIRCU</Calle>
    <Lat>33.015769</Lat>
    <Lon>60.634642</Lon>
    <Dis>2844.740</Dis>
    <Cta>179</Cta>
    <CodSec>13</CodSec>
  </S>
  <S>
    <Calle>ARIJO</Calle>
    <Lat>33.003061</Lat>
    <Lon>60.649313</Lon>
    <Dis>1399.573</Dis>
    <Cta>282</Cta>
    <CodSec>13</CodSec>
  </S>
  <S>
    <Calle>URIBU</Calle>
    <Lat>32.990673</Lat>
    <Lon>60.646655</Lon>
    <Dis>1264.228</Dis>
    <Cta>331</Cta>
    <CodSec>13</CodSec>
  </S>
  <S>
    <Calle>SEGUI</Calle>
    <Lat>32.979477</Lat>
    <Lon>60.644294</Lon>
    <Dis>1871.570</Dis>
    <Cta>374</Cta>
    <CodSec>13</CodSec>
  </S>
  <S>
    <Calle>CORR1</Calle>
    <Lat>32.966720</Lat>
    <Lon>60.647655</Lon>
    <Dis>1812.148</Dis>
    <Cta>443</Cta>
    <CodSec>13</CodSec>
  </S>
  <S>
    <Calle>MENDZ</Calle>
    <Lat>32.950783</Lat>
    <Lon>60.643653</Lon>
    <Dis>1369.581</Dis>
    <Cta>507</Cta>
    <CodSec>13</CodSec>
  </S>
  <S>
    <Calle>PARAG</Calle>
    <Lat>32.939625</Lat>
    <Lon>60.642284</Lon>
    <Dis>913.970</Dis>
    <Cta>557</Cta>
    <CodSec>13</CodSec>
  </S>
  <S>
    <Calle>ORO?O</Calle>
    <Lat>32.937889</Lat>
    <Lon>60.651857</Lon>
    <Dis>1684.859</Dis>
    <Cta>588</Cta>
    <CodSec>13</CodSec>
  </S>
  <S>
    <Calle>CAFER</Calle>
    <Lat>32.934726</Lat>
    <Lon>60.669513</Lon>
    <Dis>3650.012</Dis>
    <Cta>646</Cta>
    <CodSec>13</CodSec>
  </S>
  <S>
    <Calle>SORRE</Calle>
    <Lat>32.907212</Lat>
    <Lon>60.688359</Lon>
    <Dis>4210.613</Dis>
    <Cta>776</Cta>
    <CodSec>13</CodSec>
  </S>
  <S>
    <Calle>CIUDA</Calle>
    <Lat>32.870529</Lat>
    <Lon>60.699536</Lon>
    <Dis>4106.320</Dis>
    <Cta>922</Cta>
    <CodSec>14</CodSec>
  </S>
  <S>
    <Calle>LINI1</Calle>
    <Lat>32.858542</Lat>
    <Lon>60.715521</Lon>
    <Dis>0</Dis>
    <Cta>1074</Cta>
    <CodSec>14</CodSec>
  </S>
</Sector>