<?xml version="1.0" standalone="yes"?>
<Version>
  <xs:schema id="Version" xmlns="" xmlns:xs="http://www.w3.org/2001/XMLSchema" xmlns:msdata="urn:schemas-microsoft-com:xml-msdata">
    <xs:element name="Version" msdata:IsDataSet="true" msdata:UseCurrentLocale="true">
      <xs:complexType>
        <xs:choice minOccurs="0" maxOccurs="unbounded">
          <xs:element name="datosVersion">
            <xs:complexType>
              <xs:sequence>
                <xs:element name="nroVersion" type="xs:int" minOccurs="0" />
                <xs:element name="fechaActivacion" type="xs:dateTime" minOccurs="0" />
              </xs:sequence>
            </xs:complexType>
          </xs:element>
          <xs:element name="archivos">
            <xs:complexType>
              <xs:sequence>
                <xs:element name="archivo" type="xs:string" minOccurs="0" />
                <xs:element name="hash" type="xs:string" minOccurs="0" />
              </xs:sequence>
            </xs:complexType>
          </xs:element>
        </xs:choice>
      </xs:complexType>
    </xs:element>
  </xs:schema>
  <datosVersion>
    <nroVersion>12</nroVersion>
    <fechaActivacion>2018-08-23T00:00:00-03:00</fechaActivacion>
  </datosVersion>
  <archivos>
    <archivo>s00010018.xml</archivo>
    <hash>74383F4FC402460DED19D7C932739122</hash>
  </archivos>
  <archivos>
    <archivo>s00010019.xml</archivo>
    <hash>701E438B1350612209A7DBCEACE6B273</hash>
  </archivos>
  <archivos>
    <archivo>s00010545.xml</archivo>
    <hash>D8D02334D907EA66978CB9456F72208A</hash>
  </archivos>
  <archivos>
    <archivo>s00010546.xml</archivo>
    <hash>FFA24C0D18D27524D838DCB3AE795E20</hash>
  </archivos>
  <archivos>
    <archivo>s00010883.xml</archivo>
    <hash>AEF1EBAC735EFA89E7CB26A1CDA14D89</hash>
  </archivos>
  <archivos>
    <archivo>s00010884.xml</archivo>
    <hash>1248FC52828C1BCABCF7AC4312CCD85F</hash>
  </archivos>
  <archivos>
    <archivo>r00010018.txt</archivo>
    <hash>A79D356AC0A9A7FCC721AD9F0D28FC9E</hash>
  </archivos>
  <archivos>
    <archivo>r00010019.txt</archivo>
    <hash>4A7BB4D9C6F3765ADAD9C2669863D6C4</hash>
  </archivos>
  <archivos>
    <archivo>r00010545.txt</archivo>
    <hash>5B2105D96B5577EAFBDFA09D546C66DC</hash>
  </archivos>
  <archivos>
    <archivo>r00010546.txt</archivo>
    <hash>E91BF659606BA38838EA42A7EE0996E8</hash>
  </archivos>
  <archivos>
    <archivo>r00010883.txt</archivo>
    <hash>DD2BF9C115A92F3D45442DE7A0DCBC43</hash>
  </archivos>
  <archivos>
    <archivo>r00010884.txt</archivo>
    <hash>A90A151895E7081C38543056740AB14B</hash>
  </archivos>
  <archivos>
    <archivo>sectoresTarifarios.xml</archivo>
    <hash>C282C416C45E0AA34563BD1C8BE14D29</hash>
  </archivos>
</Version>