<?xml version="1.0" standalone="yes"?>
<Sector>
  <xs:schema id="Sector" xmlns="" xmlns:xs="http://www.w3.org/2001/XMLSchema" xmlns:msdata="urn:schemas-microsoft-com:xml-msdata">
    <xs:element name="Sector" msdata:IsDataSet="true" msdata:Locale="">
      <xs:complexType>
        <xs:choice minOccurs="0" maxOccurs="unbounded">
          <xs:element name="S" msdata:Locale="">
            <xs:complexType>
              <xs:sequence>
                <xs:element name="Calle" type="xs:string" minOccurs="0" />
                <xs:element name="Lat" type="xs:decimal" minOccurs="0" />
                <xs:element name="Lon" type="xs:decimal" minOccurs="0" />
                <xs:element name="Dis" type="xs:decimal" minOccurs="0" />
                <xs:element name="Cta" type="xs:int" minOccurs="0" />
                <xs:element name="CodSec" type="xs:int" minOccurs="0" />
              </xs:sequence>
            </xs:complexType>
          </xs:element>
        </xs:choice>
      </xs:complexType>
    </xs:element>
  </xs:schema>
  <S>
    <Calle>PAVON</Calle>
    <Lat>34.532229</Lat>
    <Lon>58.703906</Lon>
    <Dis>639.961</Dis>
    <Cta>1</Cta>
    <CodSec>18</CodSec>
  </S>
  <S>
    <Calle>S.LOR</Calle>
    <Lat>34.536509</Lat>
    <Lon>58.708541</Lon>
    <Dis>1181.969</Dis>
    <Cta>31</Cta>
    <CodSec>18</CodSec>
  </S>
  <S>
    <Calle>PELUF</Calle>
    <Lat>34.544213</Lat>
    <Lon>58.714213</Lon>
    <Dis>1038.625</Dis>
    <Cta>93</Cta>
    <CodSec>18</CodSec>
  </S>
  <S>
    <Calle>GCAMP</Calle>
    <Lat>34.551182</Lat>
    <Lon>58.721608</Lon>
    <Dis>2602.212</Dis>
    <Cta>144</Cta>
    <CodSec>18</CodSec>
  </S>
  <S>
    <Calle>ALBAR</Calle>
    <Lat>34.567681</Lat>
    <Lon>58.741548</Lon>
    <Dis>2460.879</Dis>
    <Cta>281</Cta>
    <CodSec>18</CodSec>
  </S>
  <S>
    <Calle>ICATO</Calle>
    <Lat>34.580519</Lat>
    <Lon>58.738646</Lon>
    <Dis>2176.102</Dis>
    <Cta>411</Cta>
    <CodSec>18</CodSec>
  </S>
  <S>
    <Calle>CORRI</Calle>
    <Lat>34.589487</Lat>
    <Lon>58.730481</Lon>
    <Dis>1528.128</Dis>
    <Cta>524</Cta>
    <CodSec>18</CodSec>
  </S>
  <S>
    <Calle>IRUST</Calle>
    <Lat>34.598710</Lat>
    <Lon>58.720667</Lon>
    <Dis>2201.591</Dis>
    <Cta>604</Cta>
    <CodSec>18</CodSec>
  </S>
  <S>
    <Calle>CHAPE</Calle>
    <Lat>34.584808</Lat>
    <Lon>58.703990</Lon>
    <Dis>1690.482</Dis>
    <Cta>727</Cta>
    <CodSec>18</CodSec>
  </S>
  <S>
    <Calle>GCAM.</Calle>
    <Lat>34.572896</Lat>
    <Lon>58.692788</Lon>
    <Dis>1460.282</Dis>
    <Cta>815</Cta>
    <CodSec>18</CodSec>
  </S>
  <S>
    <Calle>PI?ER</Calle>
    <Lat>34.563593</Lat>
    <Lon>58.682540</Lon>
    <Dis>0</Dis>
    <Cta>937</Cta>
    <CodSec>18</CodSec>
  </S>
</Sector>