<?xml version="1.0" standalone="yes"?>
<Sector>
  <xs:schema id="Sector" xmlns="" xmlns:xs="http://www.w3.org/2001/XMLSchema" xmlns:msdata="urn:schemas-microsoft-com:xml-msdata">
    <xs:element name="Sector" msdata:IsDataSet="true" msdata:Locale="">
      <xs:complexType>
        <xs:choice minOccurs="0" maxOccurs="unbounded">
          <xs:element name="S" msdata:Locale="">
            <xs:complexType>
              <xs:sequence>
                <xs:element name="Calle" type="xs:string" minOccurs="0" />
                <xs:element name="Lat" type="xs:decimal" minOccurs="0" />
                <xs:element name="Lon" type="xs:decimal" minOccurs="0" />
                <xs:element name="Dis" type="xs:decimal" minOccurs="0" />
                <xs:element name="Cta" type="xs:int" minOccurs="0" />
                <xs:element name="CodSec" type="xs:int" minOccurs="0" />
              </xs:sequence>
            </xs:complexType>
          </xs:element>
        </xs:choice>
      </xs:complexType>
    </xs:element>
  </xs:schema>
  <S>
    <Calle>CASER</Calle>
    <Lat>34.573770</Lat>
    <Lon>58.721100</Lon>
    <Dis>1593.185</Dis>
    <Cta>1</Cta>
    <CodSec>18</CodSec>
  </S>
  <S>
    <Calle>RPENA</Calle>
    <Lat>34.569266</Lat>
    <Lon>58.733622</Lon>
    <Dis>774.722</Dis>
    <Cta>79</Cta>
    <CodSec>18</CodSec>
  </S>
  <S>
    <Calle>RUT23</Calle>
    <Lat>34.564522</Lat>
    <Lon>58.737488</Lon>
    <Dis>1394.872</Dis>
    <Cta>121</Cta>
    <CodSec>18</CodSec>
  </S>
  <S>
    <Calle>BIBA?</Calle>
    <Lat>34.555920</Lat>
    <Lon>58.726521</Lon>
    <Dis>658.691</Dis>
    <Cta>196</Cta>
    <CodSec>18</CodSec>
  </S>
  <S>
    <Calle>GCAMP</Calle>
    <Lat>34.551538</Lat>
    <Lon>58.721689</Lon>
    <Dis>1256.494</Dis>
    <Cta>236</Cta>
    <CodSec>18</CodSec>
  </S>
  <S>
    <Calle>23-BE</Calle>
    <Lat>34.544688</Lat>
    <Lon>58.713860</Lon>
    <Dis>0</Dis>
    <Cta>301</Cta>
    <CodSec>18</CodSec>
  </S>
</Sector>