<?xml version="1.0" standalone="yes"?>
<Sector>
  <xs:schema id="Sector" xmlns="" xmlns:xs="http://www.w3.org/2001/XMLSchema" xmlns:msdata="urn:schemas-microsoft-com:xml-msdata">
    <xs:element name="Sector" msdata:IsDataSet="true" msdata:Locale="">
      <xs:complexType>
        <xs:choice minOccurs="0" maxOccurs="unbounded">
          <xs:element name="S" msdata:Locale="">
            <xs:complexType>
              <xs:sequence>
                <xs:element name="Calle" type="xs:string" minOccurs="0" />
                <xs:element name="Lat" type="xs:decimal" minOccurs="0" />
                <xs:element name="Lon" type="xs:decimal" minOccurs="0" />
                <xs:element name="Dis" type="xs:decimal" minOccurs="0" />
                <xs:element name="Cta" type="xs:int" minOccurs="0" />
                <xs:element name="CodSec" type="xs:int" minOccurs="0" />
              </xs:sequence>
            </xs:complexType>
          </xs:element>
        </xs:choice>
      </xs:complexType>
    </xs:element>
  </xs:schema>
  <S>
    <Calle>DAMIC</Calle>
    <Lat>34.478431</Lat>
    <Lon>58.740143</Lon>
    <Dis>1058.039</Dis>
    <Cta>1</Cta>
    <CodSec>18</CodSec>
  </S>
  <S>
    <Calle>PLUME</Calle>
    <Lat>34.483020</Lat>
    <Lon>58.729810</Lon>
    <Dis>1456.643</Dis>
    <Cta>62</Cta>
    <CodSec>18</CodSec>
  </S>
  <S>
    <Calle>DP-BE</Calle>
    <Lat>34.485570</Lat>
    <Lon>58.725284</Lon>
    <Dis>1265.067</Dis>
    <Cta>154</Cta>
    <CodSec>18</CodSec>
  </S>
  <S>
    <Calle>PASCO</Calle>
    <Lat>34.493382</Lat>
    <Lon>58.721061</Lon>
    <Dis>1182.483</Dis>
    <Cta>270</Cta>
    <CodSec>18</CodSec>
  </S>
  <S>
    <Calle>RUT24</Calle>
    <Lat>34.502303</Lat>
    <Lon>58.714099</Lon>
    <Dis>1329.848</Dis>
    <Cta>334</Cta>
    <CodSec>18</CodSec>
  </S>
  <S>
    <Calle>9JULI</Calle>
    <Lat>34.511028</Lat>
    <Lon>58.711466</Lon>
    <Dis>1509.018</Dis>
    <Cta>410</Cta>
    <CodSec>18</CodSec>
  </S>
  <S>
    <Calle>JMGUT</Calle>
    <Lat>34.520378</Lat>
    <Lon>58.699972</Lon>
    <Dis>1121.347</Dis>
    <Cta>491</Cta>
    <CodSec>18</CodSec>
  </S>
  <S>
    <Calle>RU P8</Calle>
    <Lat>34.527933</Lat>
    <Lon>58.707861</Lon>
    <Dis>590.336</Dis>
    <Cta>551</Cta>
    <CodSec>18</CodSec>
  </S>
  <S>
    <Calle>TRIBU</Calle>
    <Lat>34.531426</Lat>
    <Lon>58.703333</Lon>
    <Dis>762.802</Dis>
    <Cta>586</Cta>
    <CodSec>18</CodSec>
  </S>
  <S>
    <Calle>S.LOR</Calle>
    <Lat>34.536499</Lat>
    <Lon>58.708527</Lon>
    <Dis>1408.060</Dis>
    <Cta>624</Cta>
    <CodSec>18</CodSec>
  </S>
  <S>
    <Calle>BLOIS</Calle>
    <Lat>34.545496</Lat>
    <Lon>58.715586</Lon>
    <Dis>0</Dis>
    <Cta>693</Cta>
    <CodSec>18</CodSec>
  </S>
</Sector>