<?xml version="1.0" standalone="yes"?>
<Sector>
  <xs:schema id="Sector" xmlns="" xmlns:xs="http://www.w3.org/2001/XMLSchema" xmlns:msdata="urn:schemas-microsoft-com:xml-msdata">
    <xs:element name="Sector" msdata:IsDataSet="true" msdata:Locale="">
      <xs:complexType>
        <xs:choice minOccurs="0" maxOccurs="unbounded">
          <xs:element name="S" msdata:Locale="">
            <xs:complexType>
              <xs:sequence>
                <xs:element name="Calle" type="xs:string" minOccurs="0" />
                <xs:element name="Lat" type="xs:decimal" minOccurs="0" />
                <xs:element name="Lon" type="xs:decimal" minOccurs="0" />
                <xs:element name="Dis" type="xs:decimal" minOccurs="0" />
                <xs:element name="Cta" type="xs:int" minOccurs="0" />
                <xs:element name="CodSec" type="xs:int" minOccurs="0" />
              </xs:sequence>
            </xs:complexType>
          </xs:element>
        </xs:choice>
      </xs:complexType>
    </xs:element>
  </xs:schema>
  <S>
    <Calle>ACEVE</Calle>
    <Lat>34.530244</Lat>
    <Lon>58.815375</Lon>
    <Dis>1039.451</Dis>
    <Cta>1</Cta>
    <CodSec>18</CodSec>
  </S>
  <S>
    <Calle>DERQU</Calle>
    <Lat>34.524215</Lat>
    <Lon>58.808474</Lon>
    <Dis>1050.521</Dis>
    <Cta>53</Cta>
    <CodSec>18</CodSec>
  </S>
  <S>
    <Calle>ALSIN</Calle>
    <Lat>34.531259</Lat>
    <Lon>58.801305</Lon>
    <Dis>1040.176</Dis>
    <Cta>117</Cta>
    <CodSec>18</CodSec>
  </S>
  <S>
    <Calle>SALVA</Calle>
    <Lat>34.526045</Lat>
    <Lon>58.792806</Lon>
    <Dis>860.748</Dis>
    <Cta>172</Cta>
    <CodSec>18</CodSec>
  </S>
  <S>
    <Calle>POTOS</Calle>
    <Lat>34.530242</Lat>
    <Lon>58.787658</Lon>
    <Dis>889.442</Dis>
    <Cta>217</Cta>
    <CodSec>18</CodSec>
  </S>
  <S>
    <Calle>USTAR</Calle>
    <Lat>34.530311</Lat>
    <Lon>58.779350</Lon>
    <Dis>1882.543</Dis>
    <Cta>278</Cta>
    <CodSec>18</CodSec>
  </S>
  <S>
    <Calle>WILLI</Calle>
    <Lat>34.522907</Lat>
    <Lon>58.761225</Lon>
    <Dis>722.962</Dis>
    <Cta>381</Cta>
    <CodSec>18</CodSec>
  </S>
  <S>
    <Calle>LACRO</Calle>
    <Lat>34.520060</Lat>
    <Lon>58.754183</Lon>
    <Dis>431.293</Dis>
    <Cta>426</Cta>
    <CodSec>18</CodSec>
  </S>
  <S>
    <Calle>ALTUB</Calle>
    <Lat>34.521048</Lat>
    <Lon>58.749871</Lon>
    <Dis>542.979</Dis>
    <Cta>450</Cta>
    <CodSec>18</CodSec>
  </S>
  <S>
    <Calle>PUEYR</Calle>
    <Lat>34.525018</Lat>
    <Lon>58.746726</Lon>
    <Dis>1521.920</Dis>
    <Cta>486</Cta>
    <CodSec>18</CodSec>
  </S>
  <S>
    <Calle>GCAMP</Calle>
    <Lat>34.534327</Lat>
    <Lon>58.744899</Lon>
    <Dis>1388.911</Dis>
    <Cta>565</Cta>
    <CodSec>18</CodSec>
  </S>
  <S>
    <Calle>BLOIS</Calle>
    <Lat>34.531760</Lat>
    <Lon>58.734838</Lon>
    <Dis>1523.307</Dis>
    <Cta>643</Cta>
    <CodSec>18</CodSec>
  </S>
  <S>
    <Calle>ZUVIR</Calle>
    <Lat>34.540684</Lat>
    <Lon>58.725424</Lon>
    <Dis>1514.442</Dis>
    <Cta>727</Cta>
    <CodSec>18</CodSec>
  </S>
  <S>
    <Calle>PELUF</Calle>
    <Lat>34.544512</Lat>
    <Lon>58.714470</Lon>
    <Dis>1012.855</Dis>
    <Cta>811</Cta>
    <CodSec>18</CodSec>
  </S>
  <S>
    <Calle>SANLO</Calle>
    <Lat>34.537711</Lat>
    <Lon>58.707192</Lon>
    <Dis>744.534</Dis>
    <Cta>864</Cta>
    <CodSec>18</CodSec>
  </S>
  <S>
    <Calle>RU.P8</Calle>
    <Lat>34.532798</Lat>
    <Lon>58.701744</Lon>
    <Dis>0</Dis>
    <Cta>905</Cta>
    <CodSec>18</CodSec>
  </S>
</Sector>