<?xml version="1.0" standalone="yes"?>
<Sector>
  <xs:schema id="Sector" xmlns="" xmlns:xs="http://www.w3.org/2001/XMLSchema" xmlns:msdata="urn:schemas-microsoft-com:xml-msdata">
    <xs:element name="Sector" msdata:IsDataSet="true" msdata:Locale="">
      <xs:complexType>
        <xs:choice minOccurs="0" maxOccurs="unbounded">
          <xs:element name="S" msdata:Locale="">
            <xs:complexType>
              <xs:sequence>
                <xs:element name="Calle" type="xs:string" minOccurs="0" />
                <xs:element name="Lat" type="xs:decimal" minOccurs="0" />
                <xs:element name="Lon" type="xs:decimal" minOccurs="0" />
                <xs:element name="Dis" type="xs:decimal" minOccurs="0" />
                <xs:element name="Cta" type="xs:int" minOccurs="0" />
                <xs:element name="CodSec" type="xs:int" minOccurs="0" />
              </xs:sequence>
            </xs:complexType>
          </xs:element>
        </xs:choice>
      </xs:complexType>
    </xs:element>
  </xs:schema>
  <S>
    <Calle>SUARE</Calle>
    <Lat>34.520693</Lat>
    <Lon>58.700138</Lon>
    <Dis>1051.419</Dis>
    <Cta>1</Cta>
    <CodSec>18</CodSec>
  </S>
  <S>
    <Calle>RU P8</Calle>
    <Lat>34.527759</Lat>
    <Lon>58.707695</Lon>
    <Dis>611.687</Dis>
    <Cta>56</Cta>
    <CodSec>18</CodSec>
  </S>
  <S>
    <Calle>TRIBU</Calle>
    <Lat>34.531426</Lat>
    <Lon>58.703333</Lon>
    <Dis>757.841</Dis>
    <Cta>93</Cta>
    <CodSec>18</CodSec>
  </S>
  <S>
    <Calle>S.LOR</Calle>
    <Lat>34.536499</Lat>
    <Lon>58.708527</Lon>
    <Dis>1052.266</Dis>
    <Cta>129</Cta>
    <CodSec>18</CodSec>
  </S>
  <S>
    <Calle>RU 23</Calle>
    <Lat>34.543412</Lat>
    <Lon>58.713712</Lon>
    <Dis>1156.694</Dis>
    <Cta>182</Cta>
    <CodSec>18</CodSec>
  </S>
  <S>
    <Calle>GCAMP</Calle>
    <Lat>34.551157</Lat>
    <Lon>58.721598</Lon>
    <Dis>2748.129</Dis>
    <Cta>239</Cta>
    <CodSec>18</CodSec>
  </S>
  <S>
    <Calle>FERRE</Calle>
    <Lat>34.568606</Lat>
    <Lon>58.742640</Lon>
    <Dis>1477.437</Dis>
    <Cta>385</Cta>
    <CodSec>18</CodSec>
  </S>
  <S>
    <Calle>MGARC</Calle>
    <Lat>34.581505</Lat>
    <Lon>58.745425</Lon>
    <Dis>2010.853</Dis>
    <Cta>467</Cta>
    <CodSec>18</CodSec>
  </S>
  <S>
    <Calle>M.SAS</Calle>
    <Lat>34.569751</Lat>
    <Lon>58.757433</Lon>
    <Dis>2064.904</Dis>
    <Cta>567</Cta>
    <CodSec>18</CodSec>
  </S>
  <S>
    <Calle>PICHI</Calle>
    <Lat>34.556866</Lat>
    <Lon>58.742553</Lon>
    <Dis>1908.140</Dis>
    <Cta>674</Cta>
    <CodSec>18</CodSec>
  </S>
  <S>
    <Calle>GCAM.</Calle>
    <Lat>34.545325</Lat>
    <Lon>58.730239</Lon>
    <Dis>890.735</Dis>
    <Cta>786</Cta>
    <CodSec>18</CodSec>
  </S>
  <S>
    <Calle>BLOIS</Calle>
    <Lat>34.539341</Lat>
    <Lon>58.723815</Lon>
    <Dis>1368.447</Dis>
    <Cta>830</Cta>
    <CodSec>18</CodSec>
  </S>
  <S>
    <Calle>RUT23</Calle>
    <Lat>34.542873</Lat>
    <Lon>58.713084</Lon>
    <Dis>816.460</Dis>
    <Cta>899</Cta>
    <CodSec>18</CodSec>
  </S>
  <S>
    <Calle>SANLO</Calle>
    <Lat>34.537701</Lat>
    <Lon>58.707165</Lon>
    <Dis>743.867</Dis>
    <Cta>939</Cta>
    <CodSec>18</CodSec>
  </S>
  <S>
    <Calle>RU.P8</Calle>
    <Lat>34.532799</Lat>
    <Lon>58.701744</Lon>
    <Dis>0</Dis>
    <Cta>980</Cta>
    <CodSec>18</CodSec>
  </S>
</Sector>