<?xml version="1.0" standalone="yes"?>
<Sector>
  <xs:schema id="Sector" xmlns="" xmlns:xs="http://www.w3.org/2001/XMLSchema" xmlns:msdata="urn:schemas-microsoft-com:xml-msdata">
    <xs:element name="Sector" msdata:IsDataSet="true" msdata:Locale="">
      <xs:complexType>
        <xs:choice minOccurs="0" maxOccurs="unbounded">
          <xs:element name="S" msdata:Locale="">
            <xs:complexType>
              <xs:sequence>
                <xs:element name="Calle" type="xs:string" minOccurs="0" />
                <xs:element name="Lat" type="xs:decimal" minOccurs="0" />
                <xs:element name="Lon" type="xs:decimal" minOccurs="0" />
                <xs:element name="Dis" type="xs:decimal" minOccurs="0" />
                <xs:element name="Cta" type="xs:int" minOccurs="0" />
                <xs:element name="CodSec" type="xs:int" minOccurs="0" />
              </xs:sequence>
            </xs:complexType>
          </xs:element>
        </xs:choice>
      </xs:complexType>
    </xs:element>
  </xs:schema>
  <S>
    <Calle>LROSA</Calle>
    <Lat>32.475838</Lat>
    <Lon>61.578922</Lon>
    <Dis>9155.367</Dis>
    <Cta>1</Cta>
    <CodSec>208</CodSec>
  </S>
  <S>
    <Calle>CALI1</Calle>
    <Lat>32.545093</Lat>
    <Lon>61.550841</Lon>
    <Dis>16310.699</Dis>
    <Cta>466</Cta>
    <CodSec>207</CodSec>
  </S>
  <S>
    <Calle>PAREJ</Calle>
    <Lat>32.681908</Lat>
    <Lon>61.521013</Lon>
    <Dis>18318.002</Dis>
    <Cta>1239</Cta>
    <CodSec>206</CodSec>
  </S>
  <S>
    <Calle>ARMST</Calle>
    <Lat>32.785737</Lat>
    <Lon>61.603329</Lon>
    <Dis>7081.325</Dis>
    <Cta>2043</Cta>
    <CodSec>220</CodSec>
  </S>
  <S>
    <Calle>RUTA9</Calle>
    <Lat>32.784510</Lat>
    <Lon>61.545546</Lon>
    <Dis>11855.609</Dis>
    <Cta>2381</Cta>
    <CodSec>205</CodSec>
  </S>
  <S>
    <Calle>C.GO1</Calle>
    <Lat>32.805611</Lat>
    <Lon>61.421411</Lon>
    <Dis>2755.288</Dis>
    <Cta>2886</Cta>
    <CodSec>204</CodSec>
  </S>
  <S>
    <Calle>C.GOM</Calle>
    <Lat>32.812490</Lat>
    <Lon>61.396621</Lon>
    <Dis>2858.126</Dis>
    <Cta>3017</Cta>
    <CodSec>204</CodSec>
  </S>
  <S>
    <Calle>C.GO2</Calle>
    <Lat>32.814525</Lat>
    <Lon>61.369150</Lon>
    <Dis>11469.662</Dis>
    <Cta>3156</Cta>
    <CodSec>204</CodSec>
  </S>
  <S>
    <Calle>CORR1</Calle>
    <Lat>32.850882</Lat>
    <Lon>61.264474</Lon>
    <Dis>12319.972</Dis>
    <Cta>3729</Cta>
    <CodSec>203</CodSec>
  </S>
  <S>
    <Calle>ANTAR</Calle>
    <Lat>32.865494</Lat>
    <Lon>61.134174</Lon>
    <Dis>0</Dis>
    <Cta>4363</Cta>
    <CodSec>202</CodSec>
  </S>
</Sector>