<?xml version="1.0" standalone="yes"?>
<Sector>
  <xs:schema id="Sector" xmlns="" xmlns:xs="http://www.w3.org/2001/XMLSchema" xmlns:msdata="urn:schemas-microsoft-com:xml-msdata">
    <xs:element name="Sector" msdata:IsDataSet="true" msdata:Locale="">
      <xs:complexType>
        <xs:choice minOccurs="0" maxOccurs="unbounded">
          <xs:element name="S" msdata:Locale="">
            <xs:complexType>
              <xs:sequence>
                <xs:element name="Calle" type="xs:string" minOccurs="0" />
                <xs:element name="Lat" type="xs:decimal" minOccurs="0" />
                <xs:element name="Lon" type="xs:decimal" minOccurs="0" />
                <xs:element name="Dis" type="xs:decimal" minOccurs="0" />
                <xs:element name="Cta" type="xs:int" minOccurs="0" />
                <xs:element name="CodSec" type="xs:int" minOccurs="0" />
              </xs:sequence>
            </xs:complexType>
          </xs:element>
        </xs:choice>
      </xs:complexType>
    </xs:element>
  </xs:schema>
  <S>
    <Calle>ESMER</Calle>
    <Lat>32.965994</Lat>
    <Lon>60.625593</Lon>
    <Dis>886.189</Dis>
    <Cta>1</Cta>
    <CodSec>13</CodSec>
  </S>
  <S>
    <Calle>PELLE</Calle>
    <Lat>32.960028</Lat>
    <Lon>60.626924</Lon>
    <Dis>1104.996</Dis>
    <Cta>48</Cta>
    <CodSec>13</CodSec>
  </S>
  <S>
    <Calle>LAPRI</Calle>
    <Lat>32.957747</Lat>
    <Lon>60.637965</Lon>
    <Dis>1485.078</Dis>
    <Cta>114</Cta>
    <CodSec>13</CodSec>
  </S>
  <S>
    <Calle>SJUAN</Calle>
    <Lat>32.949419</Lat>
    <Lon>60.643262</Lon>
    <Dis>1623.039</Dis>
    <Cta>198</Cta>
    <CodSec>13</CodSec>
  </S>
  <S>
    <Calle>ORO?O</Calle>
    <Lat>32.942411</Lat>
    <Lon>60.652609</Lon>
    <Dis>1713.117</Dis>
    <Cta>292</Cta>
    <CodSec>13</CodSec>
  </S>
  <S>
    <Calle>CAFFE</Calle>
    <Lat>32.939230</Lat>
    <Lon>60.670453</Lon>
    <Dis>886.249</Dis>
    <Cta>392</Cta>
    <CodSec>13</CodSec>
  </S>
  <S>
    <Calle>SLORE</Calle>
    <Lat>32.936952</Lat>
    <Lon>60.678529</Lon>
    <Dis>1119.149</Dis>
    <Cta>445</Cta>
    <CodSec>13</CodSec>
  </S>
  <S>
    <Calle>SABIN</Calle>
    <Lat>32.928177</Lat>
    <Lon>60.677498</Lon>
    <Dis>2886.404</Dis>
    <Cta>518</Cta>
    <CodSec>13</CodSec>
  </S>
  <S>
    <Calle>CCASA</Calle>
    <Lat>32.907415</Lat>
    <Lon>60.693335</Lon>
    <Dis>2311.785</Dis>
    <Cta>708</Cta>
    <CodSec>13</CodSec>
  </S>
  <S>
    <Calle>C.GRA</Calle>
    <Lat>32.893807</Lat>
    <Lon>60.706232</Lon>
    <Dis>1490.473</Dis>
    <Cta>846</Cta>
    <CodSec>13</CodSec>
  </S>
  <S>
    <Calle>MAKRO</Calle>
    <Lat>32.881577</Lat>
    <Lon>60.712082</Lon>
    <Dis>13430.250</Dis>
    <Cta>928</Cta>
    <CodSec>90</CodSec>
  </S>
  <S>
    <Calle>A012.</Calle>
    <Lat>32.769348</Lat>
    <Lon>60.750003</Lon>
    <Dis>2088.384</Dis>
    <Cta>1605</Cta>
    <CodSec>17</CodSec>
  </S>
  <S>
    <Calle>A012</Calle>
    <Lat>32.768522</Lat>
    <Lon>60.730903</Lon>
    <Dis>1501.384</Dis>
    <Cta>1767</Cta>
    <CodSec>17</CodSec>
  </S>
  <S>
    <Calle>BORGH</Calle>
    <Lat>32.755889</Lat>
    <Lon>60.734345</Lon>
    <Dis>2012.206</Dis>
    <Cta>1923</Cta>
    <CodSec>17</CodSec>
  </S>
  <S>
    <Calle>FALUC</Calle>
    <Lat>32.737900</Lat>
    <Lon>60.733900</Lon>
    <Dis>1950.459</Dis>
    <Cta>2053</Cta>
    <CodSec>17</CodSec>
  </S>
  <S>
    <Calle>P.PSM</Calle>
    <Lat>32.720594</Lat>
    <Lon>60.731834</Lon>
    <Dis>6156.640</Dis>
    <Cta>2171</Cta>
    <CodSec>18</CodSec>
  </S>
  <S>
    <Calle>VIAS.</Calle>
    <Lat>32.691469</Lat>
    <Lon>60.773837</Lon>
    <Dis>4101.974</Dis>
    <Cta>2596</Cta>
    <CodSec>19</CodSec>
  </S>
  <S>
    <Calle>TIMBU</Calle>
    <Lat>32.660576</Lat>
    <Lon>60.797482</Lon>
    <Dis>0</Dis>
    <Cta>2799</Cta>
    <CodSec>19</CodSec>
  </S>
</Sector>