<?xml version="1.0" standalone="yes"?>
<Sector>
  <xs:schema id="Sector" xmlns="" xmlns:xs="http://www.w3.org/2001/XMLSchema" xmlns:msdata="urn:schemas-microsoft-com:xml-msdata">
    <xs:element name="Sector" msdata:IsDataSet="true" msdata:Locale="">
      <xs:complexType>
        <xs:choice minOccurs="0" maxOccurs="unbounded">
          <xs:element name="S" msdata:Locale="">
            <xs:complexType>
              <xs:sequence>
                <xs:element name="Calle" type="xs:string" minOccurs="0" />
                <xs:element name="Lat" type="xs:decimal" minOccurs="0" />
                <xs:element name="Lon" type="xs:decimal" minOccurs="0" />
                <xs:element name="Dis" type="xs:decimal" minOccurs="0" />
                <xs:element name="Cta" type="xs:int" minOccurs="0" />
                <xs:element name="CodSec" type="xs:int" minOccurs="0" />
              </xs:sequence>
            </xs:complexType>
          </xs:element>
        </xs:choice>
      </xs:complexType>
    </xs:element>
  </xs:schema>
  <S>
    <Calle>TIMBU</Calle>
    <Lat>32.660541</Lat>
    <Lon>60.797531</Lon>
    <Dis>4125.053</Dis>
    <Cta>1</Cta>
    <CodSec>19</CodSec>
  </S>
  <S>
    <Calle>VIAS.</Calle>
    <Lat>32.691481</Lat>
    <Lon>60.773883</Lon>
    <Dis>5975.348</Dis>
    <Cta>210</Cta>
    <CodSec>18</CodSec>
  </S>
  <S>
    <Calle>P.PSM</Calle>
    <Lat>32.720607</Lat>
    <Lon>60.731848</Lon>
    <Dis>1954.219</Dis>
    <Cta>631</Cta>
    <CodSec>17</CodSec>
  </S>
  <S>
    <Calle>FALUC</Calle>
    <Lat>32.737904</Lat>
    <Lon>60.733939</Lon>
    <Dis>991.045</Dis>
    <Cta>767</Cta>
    <CodSec>17</CodSec>
  </S>
  <S>
    <Calle>BELGR</Calle>
    <Lat>32.746726</Lat>
    <Lon>60.734133</Lon>
    <Dis>950.295</Dis>
    <Cta>831</Cta>
    <CodSec>17</CodSec>
  </S>
  <S>
    <Calle>JMROS</Calle>
    <Lat>32.747547</Lat>
    <Lon>60.743075</Lon>
    <Dis>1836.290</Dis>
    <Cta>892</Cta>
    <CodSec>17</CodSec>
  </S>
  <S>
    <Calle>PEAJE</Calle>
    <Lat>32.748154</Lat>
    <Lon>60.759159</Lon>
    <Dis>16231.812</Dis>
    <Cta>1080</Cta>
    <CodSec>17</CodSec>
  </S>
  <S>
    <Calle>MAKRO</Calle>
    <Lat>32.881157</Lat>
    <Lon>60.712473</Lon>
    <Dis>1534.856</Dis>
    <Cta>1874</Cta>
    <CodSec>13</CodSec>
  </S>
  <S>
    <Calle>BAIGO</Calle>
    <Lat>32.893741</Lat>
    <Lon>60.706493</Lon>
    <Dis>1961.982</Dis>
    <Cta>1963</Cta>
    <CodSec>13</CodSec>
  </S>
  <S>
    <Calle>SORRE</Calle>
    <Lat>32.907128</Lat>
    <Lon>60.696013</Lon>
    <Dis>3247.153</Dis>
    <Cta>2076</Cta>
    <CodSec>13</CodSec>
  </S>
  <S>
    <Calle>AVELL</Calle>
    <Lat>32.928829</Lat>
    <Lon>60.676693</Lon>
    <Dis>923.599</Dis>
    <Cta>2273</Cta>
    <CodSec>13</CodSec>
  </S>
  <S>
    <Calle>SLORE</Calle>
    <Lat>32.936784</Lat>
    <Lon>60.678534</Lon>
    <Dis>1569.258</Dis>
    <Cta>2334</Cta>
    <CodSec>13</CodSec>
  </S>
  <S>
    <Calle>AvFRA</Calle>
    <Lat>32.936852</Lat>
    <Lon>60.664530</Lon>
    <Dis>1446.759</Dis>
    <Cta>2439</Cta>
    <CodSec>13</CodSec>
  </S>
  <S>
    <Calle>ORO?O</Calle>
    <Lat>32.941390</Lat>
    <Lon>60.652970</Lon>
    <Dis>2482.171</Dis>
    <Cta>2523</Cta>
    <CodSec>13</CodSec>
  </S>
  <S>
    <Calle>PELLE</Calle>
    <Lat>32.956174</Lat>
    <Lon>60.646453</Lon>
    <Dis>896.267</Dis>
    <Cta>2667</Cta>
    <CodSec>13</CodSec>
  </S>
  <S>
    <Calle>LAPRI</Calle>
    <Lat>32.957920</Lat>
    <Lon>60.637321</Lon>
    <Dis>866.675</Dis>
    <Cta>2722</Cta>
    <CodSec>13</CodSec>
  </S>
  <S>
    <Calle>COLON</Calle>
    <Lat>32.959615</Lat>
    <Lon>60.628396</Lon>
    <Dis>1313.118</Dis>
    <Cta>2770</Cta>
    <CodSec>13</CodSec>
  </S>
  <S>
    <Calle>ESMER</Calle>
    <Lat>32.965987</Lat>
    <Lon>60.625605</Lon>
    <Dis>0</Dis>
    <Cta>2842</Cta>
    <CodSec>90</CodSec>
  </S>
</Sector>