<?xml version="1.0" standalone="yes"?>
<Sector>
  <xs:schema id="Sector" xmlns="" xmlns:xs="http://www.w3.org/2001/XMLSchema" xmlns:msdata="urn:schemas-microsoft-com:xml-msdata">
    <xs:element name="Sector" msdata:IsDataSet="true" msdata:Locale="">
      <xs:complexType>
        <xs:choice minOccurs="0" maxOccurs="unbounded">
          <xs:element name="S" msdata:Locale="">
            <xs:complexType>
              <xs:sequence>
                <xs:element name="Calle" type="xs:string" minOccurs="0" />
                <xs:element name="Lat" type="xs:decimal" minOccurs="0" />
                <xs:element name="Lon" type="xs:decimal" minOccurs="0" />
                <xs:element name="Dis" type="xs:decimal" minOccurs="0" />
                <xs:element name="Cta" type="xs:int" minOccurs="0" />
                <xs:element name="CodSec" type="xs:int" minOccurs="0" />
              </xs:sequence>
            </xs:complexType>
          </xs:element>
        </xs:choice>
      </xs:complexType>
    </xs:element>
  </xs:schema>
  <S>
    <Calle>PGSMA</Calle>
    <Lat>32.717262</Lat>
    <Lon>60.730048</Lon>
    <Dis>863.116</Dis>
    <Cta>1</Cta>
    <CodSec>18</CodSec>
  </S>
  <S>
    <Calle>P.PSM</Calle>
    <Lat>32.720792</Lat>
    <Lon>60.731852</Lon>
    <Dis>1895.790</Dis>
    <Cta>58</Cta>
    <CodSec>17</CodSec>
  </S>
  <S>
    <Calle>FALUC</Calle>
    <Lat>32.737603</Lat>
    <Lon>60.733962</Lon>
    <Dis>2046.286</Dis>
    <Cta>192</Cta>
    <CodSec>17</CodSec>
  </S>
  <S>
    <Calle>BORGH</Calle>
    <Lat>32.755842</Lat>
    <Lon>60.734396</Lon>
    <Dis>1251.608</Dis>
    <Cta>330</Cta>
    <CodSec>17</CodSec>
  </S>
  <S>
    <Calle>A012</Calle>
    <Lat>32.766664</Lat>
    <Lon>60.731414</Lon>
    <Dis>2169.290</Dis>
    <Cta>429</Cta>
    <CodSec>17</CodSec>
  </S>
  <S>
    <Calle>AuSFE</Calle>
    <Lat>32.768783</Lat>
    <Lon>60.750481</Lon>
    <Dis>13825.869</Dis>
    <Cta>580</Cta>
    <CodSec>13</CodSec>
  </S>
  <S>
    <Calle>MAKRO</Calle>
    <Lat>32.880998</Lat>
    <Lon>60.712475</Lon>
    <Dis>1528.964</Dis>
    <Cta>1260</Cta>
    <CodSec>13</CodSec>
  </S>
  <S>
    <Calle>BAIGO</Calle>
    <Lat>32.893647</Lat>
    <Lon>60.706414</Lon>
    <Dis>1961.156</Dis>
    <Cta>1350</Cta>
    <CodSec>13</CodSec>
  </S>
  <S>
    <Calle>SORRE</Calle>
    <Lat>32.907062</Lat>
    <Lon>60.696062</Lon>
    <Dis>3251.030</Dis>
    <Cta>1466</Cta>
    <CodSec>13</CodSec>
  </S>
  <S>
    <Calle>AVELL</Calle>
    <Lat>32.928812</Lat>
    <Lon>60.676820</Lon>
    <Dis>916.803</Dis>
    <Cta>1670</Cta>
    <CodSec>13</CodSec>
  </S>
  <S>
    <Calle>SLORE</Calle>
    <Lat>32.936784</Lat>
    <Lon>60.678627</Lon>
    <Dis>1517.821</Dis>
    <Cta>1731</Cta>
    <CodSec>13</CodSec>
  </S>
  <S>
    <Calle>AvFRA</Calle>
    <Lat>32.936734</Lat>
    <Lon>60.665180</Lon>
    <Dis>1548.339</Dis>
    <Cta>1837</Cta>
    <CodSec>13</CodSec>
  </S>
  <S>
    <Calle>ORO?O</Calle>
    <Lat>32.941396</Lat>
    <Lon>60.652716</Lon>
    <Dis>2449.847</Dis>
    <Cta>1924</Cta>
    <CodSec>13</CodSec>
  </S>
  <S>
    <Calle>PELLE</Calle>
    <Lat>32.956267</Lat>
    <Lon>60.646450</Lon>
    <Dis>942.552</Dis>
    <Cta>2065</Cta>
    <CodSec>13</CodSec>
  </S>
  <S>
    <Calle>LAPRI</Calle>
    <Lat>32.958040</Lat>
    <Lon>60.636926</Lon>
    <Dis>843.325</Dis>
    <Cta>2121</Cta>
    <CodSec>13</CodSec>
  </S>
  <S>
    <Calle>COLON</Calle>
    <Lat>32.959736</Lat>
    <Lon>60.628291</Lon>
    <Dis>1347.552</Dis>
    <Cta>2166</Cta>
    <CodSec>13</CodSec>
  </S>
  <S>
    <Calle>ESMER</Calle>
    <Lat>32.965950</Lat>
    <Lon>60.625808</Lon>
    <Dis>0</Dis>
    <Cta>2243</Cta>
    <CodSec>13</CodSec>
  </S>
</Sector>