<?xml version="1.0" standalone="yes"?>
<Version>
  <xs:schema id="Version" xmlns="" xmlns:xs="http://www.w3.org/2001/XMLSchema" xmlns:msdata="urn:schemas-microsoft-com:xml-msdata">
    <xs:element name="Version" msdata:IsDataSet="true" msdata:UseCurrentLocale="true">
      <xs:complexType>
        <xs:choice minOccurs="0" maxOccurs="unbounded">
          <xs:element name="datosVersion">
            <xs:complexType>
              <xs:sequence>
                <xs:element name="nroVersion" type="xs:int" minOccurs="0" />
                <xs:element name="fechaActivacion" type="xs:dateTime" minOccurs="0" />
              </xs:sequence>
            </xs:complexType>
          </xs:element>
          <xs:element name="archivos">
            <xs:complexType>
              <xs:sequence>
                <xs:element name="archivo" type="xs:string" minOccurs="0" />
                <xs:element name="hash" type="xs:string" minOccurs="0" />
              </xs:sequence>
            </xs:complexType>
          </xs:element>
        </xs:choice>
      </xs:complexType>
    </xs:element>
  </xs:schema>
  <datosVersion>
    <nroVersion>34</nroVersion>
    <fechaActivacion>2021-02-17T00:00:00-03:00</fechaActivacion>
  </datosVersion>
  <archivos>
    <archivo>s01033340.xml</archivo>
    <hash>7B7F0950D671BA92A44FFFB8E2167DEB</hash>
  </archivos>
  <archivos>
    <archivo>s01033341.xml</archivo>
    <hash>A405F08DD01CE394326229651F7D20A3</hash>
  </archivos>
  <archivos>
    <archivo>s01033342.xml</archivo>
    <hash>1E76DEF77B25B801BD6C2E66DAA82B6F</hash>
  </archivos>
  <archivos>
    <archivo>s01033343.xml</archivo>
    <hash>FDAA2E701B95A4569857D773F01C4607</hash>
  </archivos>
  <archivos>
    <archivo>s01033344.xml</archivo>
    <hash>0B286061A326DFAFF60D5248AA624476</hash>
  </archivos>
  <archivos>
    <archivo>s01033345.xml</archivo>
    <hash>988514E31B29E4E328C2B2416691A053</hash>
  </archivos>
  <archivos>
    <archivo>s01033346.xml</archivo>
    <hash>45FCEFA3FC226D7CE84A06664CD43004</hash>
  </archivos>
  <archivos>
    <archivo>s01033347.xml</archivo>
    <hash>352C24C14B9D72722DCBB501E004E3A1</hash>
  </archivos>
  <archivos>
    <archivo>s01033348.xml</archivo>
    <hash>8EDDC64700AAE7D1A6B333894CC92EAA</hash>
  </archivos>
  <archivos>
    <archivo>s01033349.xml</archivo>
    <hash>F6011CF1FE9867009CCD26F241C4316C</hash>
  </archivos>
  <archivos>
    <archivo>s01033350.xml</archivo>
    <hash>18BC653B20D55AF9AB40E665D506A044</hash>
  </archivos>
  <archivos>
    <archivo>s01033351.xml</archivo>
    <hash>3365205B76BEE802ECDD0BF633FADF9D</hash>
  </archivos>
  <archivos>
    <archivo>s01033352.xml</archivo>
    <hash>4BB01EAD6AB48CD7E314121B222A2ACF</hash>
  </archivos>
  <archivos>
    <archivo>s01033353.xml</archivo>
    <hash>E98BA384AC40BDBAC36256BA90090ADF</hash>
  </archivos>
  <archivos>
    <archivo>s01033354.xml</archivo>
    <hash>2A5ACA212762E2DB9C21AC4F72929B43</hash>
  </archivos>
  <archivos>
    <archivo>s01033355.xml</archivo>
    <hash>4F8C8CDF085663DD11F580AFC848FF7E</hash>
  </archivos>
  <archivos>
    <archivo>s01033408.xml</archivo>
    <hash>E6F553C01F07BACE1DC9FB7A633C295F</hash>
  </archivos>
  <archivos>
    <archivo>s01033409.xml</archivo>
    <hash>2E68767BEC9973FD74BEC2B98AB6BF80</hash>
  </archivos>
  <archivos>
    <archivo>s01033410.xml</archivo>
    <hash>01A9D70A10085BDB36114F7710695A58</hash>
  </archivos>
  <archivos>
    <archivo>s01033411.xml</archivo>
    <hash>648E6274993C82131E1010E3429012D1</hash>
  </archivos>
  <archivos>
    <archivo>r01033340.txt</archivo>
    <hash>74FEB7624F576EC2B94354E4CFB78511</hash>
  </archivos>
  <archivos>
    <archivo>r01033341.txt</archivo>
    <hash>B22B59D153F6FE85EFE0AB0498E4EF02</hash>
  </archivos>
  <archivos>
    <archivo>r01033342.txt</archivo>
    <hash>F78693D1D6D8C668B4632BE0CC812AC0</hash>
  </archivos>
  <archivos>
    <archivo>r01033343.txt</archivo>
    <hash>A7E7BE5EE9E91DCA28DAA8F2431F6E37</hash>
  </archivos>
  <archivos>
    <archivo>r01033344.txt</archivo>
    <hash>9F7B01ED7CFEF0716C47784E73EA3659</hash>
  </archivos>
  <archivos>
    <archivo>r01033345.txt</archivo>
    <hash>65678F4B5DC8897C690715D75D5BF18E</hash>
  </archivos>
  <archivos>
    <archivo>r01033346.txt</archivo>
    <hash>170ECC48E926D9DFC5400B77231A146A</hash>
  </archivos>
  <archivos>
    <archivo>r01033347.txt</archivo>
    <hash>1655B9DA431DB0FD303E1C68A8B5B0F3</hash>
  </archivos>
  <archivos>
    <archivo>r01033348.txt</archivo>
    <hash>360027B13078CCE1F7161C001C84E92C</hash>
  </archivos>
  <archivos>
    <archivo>r01033349.txt</archivo>
    <hash>26BC6E0C71FA6D3AFE18C10A71AA2CD7</hash>
  </archivos>
  <archivos>
    <archivo>r01033350.txt</archivo>
    <hash>4803F20705748BF4C9EC5FDE1938F0EA</hash>
  </archivos>
  <archivos>
    <archivo>r01033351.txt</archivo>
    <hash>879A0E90637E76A807BB283DEE0CC6BD</hash>
  </archivos>
  <archivos>
    <archivo>r01033352.txt</archivo>
    <hash>096BF72386D1C89409B63E7789CE94BE</hash>
  </archivos>
  <archivos>
    <archivo>r01033353.txt</archivo>
    <hash>6E8B57CFDEB220697C0A063D64B3619A</hash>
  </archivos>
  <archivos>
    <archivo>r01033354.txt</archivo>
    <hash>06F9825CA5B3AB83A99A23A6C52CCE22</hash>
  </archivos>
  <archivos>
    <archivo>r01033355.txt</archivo>
    <hash>2AC5D3DD1C9F93479934C54F36E40BF3</hash>
  </archivos>
  <archivos>
    <archivo>r01033408.txt</archivo>
    <hash>AC1F2573C9BD23497A1DA40030A4A6A5</hash>
  </archivos>
  <archivos>
    <archivo>r01033409.txt</archivo>
    <hash>1070326FA678D95615A77C4148E3EBE7</hash>
  </archivos>
  <archivos>
    <archivo>r01033410.txt</archivo>
    <hash>D82E5680FE8253071FB63780E7B13EF9</hash>
  </archivos>
  <archivos>
    <archivo>r01033411.txt</archivo>
    <hash>31C405CC9C30ECFCCFA565C4A44D97CA</hash>
  </archivos>
  <archivos>
    <archivo>sectoresTarifarios.xml</archivo>
    <hash>F3A9DA74097E020FB0BE19DFEE8F04E4</hash>
  </archivos>
</Version>