<?xml version="1.0" standalone="yes"?>
<Sector>
  <xs:schema id="Sector" xmlns="" xmlns:xs="http://www.w3.org/2001/XMLSchema" xmlns:msdata="urn:schemas-microsoft-com:xml-msdata">
    <xs:element name="Sector" msdata:IsDataSet="true" msdata:Locale="">
      <xs:complexType>
        <xs:choice minOccurs="0" maxOccurs="unbounded">
          <xs:element name="S" msdata:Locale="">
            <xs:complexType>
              <xs:sequence>
                <xs:element name="Calle" type="xs:string" minOccurs="0" />
                <xs:element name="Lat" type="xs:decimal" minOccurs="0" />
                <xs:element name="Lon" type="xs:decimal" minOccurs="0" />
                <xs:element name="Dis" type="xs:decimal" minOccurs="0" />
                <xs:element name="Cta" type="xs:int" minOccurs="0" />
                <xs:element name="CodSec" type="xs:int" minOccurs="0" />
              </xs:sequence>
            </xs:complexType>
          </xs:element>
        </xs:choice>
      </xs:complexType>
    </xs:element>
  </xs:schema>
  <S>
    <Calle>MGARC</Calle>
    <Lat>34.576641</Lat>
    <Lon>58.751982</Lon>
    <Dis>634.597</Dis>
    <Cta>1</Cta>
    <CodSec>18</CodSec>
  </S>
  <S>
    <Calle>ARGUE</Calle>
    <Lat>34.573003</Lat>
    <Lon>58.753076</Lon>
    <Dis>2012.157</Dis>
    <Cta>40</Cta>
    <CodSec>18</CodSec>
  </S>
  <S>
    <Calle>PICHI</Calle>
    <Lat>34.559556</Lat>
    <Lon>58.738805</Lon>
    <Dis>942.552</Dis>
    <Cta>163</Cta>
    <CodSec>18</CodSec>
  </S>
  <S>
    <Calle>PJUNT</Calle>
    <Lat>34.554105</Lat>
    <Lon>58.745973</Lon>
    <Dis>1055.926</Dis>
    <Cta>222</Cta>
    <CodSec>18</CodSec>
  </S>
  <S>
    <Calle>BIBA?</Calle>
    <Lat>34.547043</Lat>
    <Lon>58.738591</Lon>
    <Dis>892.310</Dis>
    <Cta>293</Cta>
    <CodSec>18</CodSec>
  </S>
  <S>
    <Calle>M.SAS</Calle>
    <Lat>34.544610</Lat>
    <Lon>58.731015</Lon>
    <Dis>1330.392</Dis>
    <Cta>380</Cta>
    <CodSec>18</CodSec>
  </S>
  <S>
    <Calle>BLOIS</Calle>
    <Lat>34.539341</Lat>
    <Lon>58.723814</Lon>
    <Dis>1389.910</Dis>
    <Cta>460</Cta>
    <CodSec>18</CodSec>
  </S>
  <S>
    <Calle>RUT23</Calle>
    <Lat>34.542960</Lat>
    <Lon>58.712951</Lon>
    <Dis>796.634</Dis>
    <Cta>540</Cta>
    <CodSec>18</CodSec>
  </S>
  <S>
    <Calle>SANLO</Calle>
    <Lat>34.537702</Lat>
    <Lon>58.707186</Lon>
    <Dis>739.385</Dis>
    <Cta>584</Cta>
    <CodSec>18</CodSec>
  </S>
  <S>
    <Calle>RU.P8</Calle>
    <Lat>34.532820</Lat>
    <Lon>58.701870</Lon>
    <Dis>0</Dis>
    <Cta>627</Cta>
    <CodSec>18</CodSec>
  </S>
</Sector>