<?xml version="1.0" standalone="yes"?>
<Sector>
  <xs:schema id="Sector" xmlns="" xmlns:xs="http://www.w3.org/2001/XMLSchema" xmlns:msdata="urn:schemas-microsoft-com:xml-msdata">
    <xs:element name="Sector" msdata:IsDataSet="true" msdata:Locale="">
      <xs:complexType>
        <xs:choice minOccurs="0" maxOccurs="unbounded">
          <xs:element name="S" msdata:Locale="">
            <xs:complexType>
              <xs:sequence>
                <xs:element name="Calle" type="xs:string" minOccurs="0" />
                <xs:element name="Lat" type="xs:decimal" minOccurs="0" />
                <xs:element name="Lon" type="xs:decimal" minOccurs="0" />
                <xs:element name="Dis" type="xs:decimal" minOccurs="0" />
                <xs:element name="Cta" type="xs:int" minOccurs="0" />
                <xs:element name="CodSec" type="xs:int" minOccurs="0" />
              </xs:sequence>
            </xs:complexType>
          </xs:element>
        </xs:choice>
      </xs:complexType>
    </xs:element>
  </xs:schema>
  <S>
    <Calle>CORRI</Calle>
    <Lat>34.589520</Lat>
    <Lon>58.730360</Lon>
    <Dis>1518.625</Dis>
    <Cta>1</Cta>
    <CodSec>18</CodSec>
  </S>
  <S>
    <Calle>IRUST</Calle>
    <Lat>34.598653</Lat>
    <Lon>58.720590</Lon>
    <Dis>2187.987</Dis>
    <Cta>97</Cta>
    <CodSec>18</CodSec>
  </S>
  <S>
    <Calle>CHAPE</Calle>
    <Lat>34.584788</Lat>
    <Lon>58.704029</Lon>
    <Dis>1692.546</Dis>
    <Cta>235</Cta>
    <CodSec>18</CodSec>
  </S>
  <S>
    <Calle>GCAM.</Calle>
    <Lat>34.572880</Lat>
    <Lon>58.692820</Lon>
    <Dis>1463.223</Dis>
    <Cta>336</Cta>
    <CodSec>18</CodSec>
  </S>
  <S>
    <Calle>PI?ER</Calle>
    <Lat>34.563608</Lat>
    <Lon>58.682542</Lon>
    <Dis>0</Dis>
    <Cta>472</Cta>
    <CodSec>18</CodSec>
  </S>
</Sector>