<?xml version="1.0" standalone="yes"?>
<Sector>
  <xs:schema id="Sector" xmlns="" xmlns:xs="http://www.w3.org/2001/XMLSchema" xmlns:msdata="urn:schemas-microsoft-com:xml-msdata">
    <xs:element name="Sector" msdata:IsDataSet="true" msdata:Locale="">
      <xs:complexType>
        <xs:choice minOccurs="0" maxOccurs="unbounded">
          <xs:element name="S" msdata:Locale="">
            <xs:complexType>
              <xs:sequence>
                <xs:element name="Calle" type="xs:string" minOccurs="0" />
                <xs:element name="Lat" type="xs:decimal" minOccurs="0" />
                <xs:element name="Lon" type="xs:decimal" minOccurs="0" />
                <xs:element name="Dis" type="xs:decimal" minOccurs="0" />
                <xs:element name="Cta" type="xs:int" minOccurs="0" />
                <xs:element name="CodSec" type="xs:int" minOccurs="0" />
              </xs:sequence>
            </xs:complexType>
          </xs:element>
        </xs:choice>
      </xs:complexType>
    </xs:element>
  </xs:schema>
  <S>
    <Calle>ESMER</Calle>
    <Lat>32.965993</Lat>
    <Lon>60.625597</Lon>
    <Dis>898.594</Dis>
    <Cta>1</Cta>
    <CodSec>13</CodSec>
  </S>
  <S>
    <Calle>PELLE</Calle>
    <Lat>32.960027</Lat>
    <Lon>60.626931</Lon>
    <Dis>1116.745</Dis>
    <Cta>48</Cta>
    <CodSec>13</CodSec>
  </S>
  <S>
    <Calle>MAIPU</Calle>
    <Lat>32.957744</Lat>
    <Lon>60.637966</Lon>
    <Dis>1484.872</Dis>
    <Cta>113</Cta>
    <CodSec>13</CodSec>
  </S>
  <S>
    <Calle>SJUAN</Calle>
    <Lat>32.949424</Lat>
    <Lon>60.643265</Lon>
    <Dis>1607.040</Dis>
    <Cta>199</Cta>
    <CodSec>13</CodSec>
  </S>
  <S>
    <Calle>ORO?O</Calle>
    <Lat>32.942409</Lat>
    <Lon>60.652620</Lon>
    <Dis>1714.895</Dis>
    <Cta>294</Cta>
    <CodSec>13</CodSec>
  </S>
  <S>
    <Calle>CAFFE</Calle>
    <Lat>32.939227</Lat>
    <Lon>60.670471</Lon>
    <Dis>896.108</Dis>
    <Cta>395</Cta>
    <CodSec>13</CodSec>
  </S>
  <S>
    <Calle>SLORE</Calle>
    <Lat>32.936952</Lat>
    <Lon>60.678529</Lon>
    <Dis>1119.149</Dis>
    <Cta>448</Cta>
    <CodSec>13</CodSec>
  </S>
  <S>
    <Calle>SABIN</Calle>
    <Lat>32.928175</Lat>
    <Lon>60.677498</Lon>
    <Dis>2892.328</Dis>
    <Cta>521</Cta>
    <CodSec>13</CodSec>
  </S>
  <S>
    <Calle>CCASA</Calle>
    <Lat>32.907415</Lat>
    <Lon>60.693337</Lon>
    <Dis>2314.063</Dis>
    <Cta>710</Cta>
    <CodSec>13</CodSec>
  </S>
  <S>
    <Calle>C.GRA</Calle>
    <Lat>32.893807</Lat>
    <Lon>60.706232</Lon>
    <Dis>1490.409</Dis>
    <Cta>847</Cta>
    <CodSec>13</CodSec>
  </S>
  <S>
    <Calle>MAKRO</Calle>
    <Lat>32.881576</Lat>
    <Lon>60.712073</Lon>
    <Dis>13432.549</Dis>
    <Cta>933</Cta>
    <CodSec>13</CodSec>
  </S>
  <S>
    <Calle>A012.</Calle>
    <Lat>32.769348</Lat>
    <Lon>60.750003</Lon>
    <Dis>2112.756</Dis>
    <Cta>1634</Cta>
    <CodSec>17</CodSec>
  </S>
  <S>
    <Calle>RUT11</Calle>
    <Lat>32.768540</Lat>
    <Lon>60.730694</Lon>
    <Dis>1514.784</Dis>
    <Cta>1799</Cta>
    <CodSec>17</CodSec>
  </S>
  <S>
    <Calle>BORGH</Calle>
    <Lat>32.755889</Lat>
    <Lon>60.734345</Lon>
    <Dis>2014.095</Dis>
    <Cta>2002</Cta>
    <CodSec>17</CodSec>
  </S>
  <S>
    <Calle>FALUC</Calle>
    <Lat>32.737900</Lat>
    <Lon>60.733900</Lon>
    <Dis>1954.027</Dis>
    <Cta>2133</Cta>
    <CodSec>17</CodSec>
  </S>
  <S>
    <Calle>P.PSM</Calle>
    <Lat>32.720594</Lat>
    <Lon>60.731834</Lon>
    <Dis>6177.976</Dis>
    <Cta>2259</Cta>
    <CodSec>18</CodSec>
  </S>
  <S>
    <Calle>VIAS.</Calle>
    <Lat>32.691469</Lat>
    <Lon>60.773837</Lon>
    <Dis>2541.471</Dis>
    <Cta>2682</Cta>
    <CodSec>19</CodSec>
  </S>
  <S>
    <Calle>TRENE</Calle>
    <Lat>32.672377</Lat>
    <Lon>60.788623</Lon>
    <Dis>4455.730</Dis>
    <Cta>2799</Cta>
    <CodSec>19</CodSec>
  </S>
  <S>
    <Calle>CRUCE</Calle>
    <Lat>32.638896</Lat>
    <Lon>60.814392</Lon>
    <Dis>7862.564</Dis>
    <Cta>3026</Cta>
    <CodSec>21</CodSec>
  </S>
  <S>
    <Calle>CIRC.</Calle>
    <Lat>32.664624</Lat>
    <Lon>60.876392</Lon>
    <Dis>11172.047</Dis>
    <Cta>3525</Cta>
    <CodSec>21</CodSec>
  </S>
  <S>
    <Calle>SARMI</Calle>
    <Lat>32.606953</Lat>
    <Lon>60.939789</Lon>
    <Dis>1761.655</Dis>
    <Cta>4112</Cta>
    <CodSec>22</CodSec>
  </S>
  <S>
    <Calle>ROQUE</Calle>
    <Lat>32.601720</Lat>
    <Lon>60.944197</Lon>
    <Dis>14026.232</Dis>
    <Cta>4211</Cta>
    <CodSec>22</CodSec>
  </S>
  <S>
    <Calle>MOREN</Calle>
    <Lat>32.509286</Lat>
    <Lon>61.027824</Lon>
    <Dis>0</Dis>
    <Cta>4898</Cta>
    <CodSec>23</CodSec>
  </S>
</Sector>