<?xml version="1.0" standalone="yes"?>
<Version>
  <xs:schema id="Version" xmlns="" xmlns:xs="http://www.w3.org/2001/XMLSchema" xmlns:msdata="urn:schemas-microsoft-com:xml-msdata">
    <xs:element name="Version" msdata:IsDataSet="true" msdata:UseCurrentLocale="true">
      <xs:complexType>
        <xs:choice minOccurs="0" maxOccurs="unbounded">
          <xs:element name="datosVersion">
            <xs:complexType>
              <xs:sequence>
                <xs:element name="nroVersion" type="xs:int" minOccurs="0" />
                <xs:element name="fechaActivacion" type="xs:dateTime" minOccurs="0" />
              </xs:sequence>
            </xs:complexType>
          </xs:element>
          <xs:element name="archivos">
            <xs:complexType>
              <xs:sequence>
                <xs:element name="archivo" type="xs:string" minOccurs="0" />
                <xs:element name="hash" type="xs:string" minOccurs="0" />
              </xs:sequence>
            </xs:complexType>
          </xs:element>
        </xs:choice>
      </xs:complexType>
    </xs:element>
  </xs:schema>
  <datosVersion>
    <nroVersion>42</nroVersion>
    <fechaActivacion>2023-01-30T00:00:00-03:00</fechaActivacion>
  </datosVersion>
  <archivos>
    <archivo>s01030214.xml</archivo>
    <hash>A560E4F177FCBF41AB0052BAE2C5DB97</hash>
  </archivos>
  <archivos>
    <archivo>s01030215.xml</archivo>
    <hash>12A93693FE6C7542B9F089114EFF9D6B</hash>
  </archivos>
  <archivos>
    <archivo>s01030823.xml</archivo>
    <hash>ADC609313BB4CDFF18554890A13C21E9</hash>
  </archivos>
  <archivos>
    <archivo>s01030825.xml</archivo>
    <hash>959E3D0E509C05E5621615C1772B6956</hash>
  </archivos>
  <archivos>
    <archivo>s01033256.xml</archivo>
    <hash>7ADDCFCB46642EFE82565BA3EA0C551D</hash>
  </archivos>
  <archivos>
    <archivo>s01033258.xml</archivo>
    <hash>8CC2B4A0E2235E7DB302FF2F03817AB6</hash>
  </archivos>
  <archivos>
    <archivo>s01033259.xml</archivo>
    <hash>75F52322FB9F01C74276145DAAAF1FDD</hash>
  </archivos>
  <archivos>
    <archivo>s01033340.xml</archivo>
    <hash>7B7F0950D671BA92A44FFFB8E2167DEB</hash>
  </archivos>
  <archivos>
    <archivo>s01033341.xml</archivo>
    <hash>A405F08DD01CE394326229651F7D20A3</hash>
  </archivos>
  <archivos>
    <archivo>s01033342.xml</archivo>
    <hash>1E76DEF77B25B801BD6C2E66DAA82B6F</hash>
  </archivos>
  <archivos>
    <archivo>s01033343.xml</archivo>
    <hash>F7553A1E0F4337E03E97F91EAB430F7B</hash>
  </archivos>
  <archivos>
    <archivo>s01033344.xml</archivo>
    <hash>0B286061A326DFAFF60D5248AA624476</hash>
  </archivos>
  <archivos>
    <archivo>s01033345.xml</archivo>
    <hash>988514E31B29E4E328C2B2416691A053</hash>
  </archivos>
  <archivos>
    <archivo>s01033346.xml</archivo>
    <hash>45FCEFA3FC226D7CE84A06664CD43004</hash>
  </archivos>
  <archivos>
    <archivo>s01033347.xml</archivo>
    <hash>352C24C14B9D72722DCBB501E004E3A1</hash>
  </archivos>
  <archivos>
    <archivo>s01033348.xml</archivo>
    <hash>8EDDC64700AAE7D1A6B333894CC92EAA</hash>
  </archivos>
  <archivos>
    <archivo>s01033349.xml</archivo>
    <hash>F6011CF1FE9867009CCD26F241C4316C</hash>
  </archivos>
  <archivos>
    <archivo>s01033350.xml</archivo>
    <hash>18BC653B20D55AF9AB40E665D506A044</hash>
  </archivos>
  <archivos>
    <archivo>s01033351.xml</archivo>
    <hash>3365205B76BEE802ECDD0BF633FADF9D</hash>
  </archivos>
  <archivos>
    <archivo>s01033352.xml</archivo>
    <hash>4BB01EAD6AB48CD7E314121B222A2ACF</hash>
  </archivos>
  <archivos>
    <archivo>s01033353.xml</archivo>
    <hash>E98BA384AC40BDBAC36256BA90090ADF</hash>
  </archivos>
  <archivos>
    <archivo>s01033354.xml</archivo>
    <hash>2A5ACA212762E2DB9C21AC4F72929B43</hash>
  </archivos>
  <archivos>
    <archivo>s01033355.xml</archivo>
    <hash>4F8C8CDF085663DD11F580AFC848FF7E</hash>
  </archivos>
  <archivos>
    <archivo>s01033408.xml</archivo>
    <hash>E6F553C01F07BACE1DC9FB7A633C295F</hash>
  </archivos>
  <archivos>
    <archivo>s01033409.xml</archivo>
    <hash>2E68767BEC9973FD74BEC2B98AB6BF80</hash>
  </archivos>
  <archivos>
    <archivo>s01033410.xml</archivo>
    <hash>01A9D70A10085BDB36114F7710695A58</hash>
  </archivos>
  <archivos>
    <archivo>s01033411.xml</archivo>
    <hash>648E6274993C82131E1010E3429012D1</hash>
  </archivos>
  <archivos>
    <archivo>s01033412.xml</archivo>
    <hash>0543795A9083771A00CB345F07D0AF55</hash>
  </archivos>
  <archivos>
    <archivo>s01033420.xml</archivo>
    <hash>6F4129B5C49F362476F97EBAC49EDAD6</hash>
  </archivos>
  <archivos>
    <archivo>s01033425.xml</archivo>
    <hash>18DB76107A56707865B48BE166DB0E03</hash>
  </archivos>
  <archivos>
    <archivo>s01033483.xml</archivo>
    <hash>FFBCEB25F4FA0FF0C2A2A708E23DFB72</hash>
  </archivos>
  <archivos>
    <archivo>s01033486.xml</archivo>
    <hash>5D704A7F58232E5D0B8F5404DC64125F</hash>
  </archivos>
  <archivos>
    <archivo>s01033488.xml</archivo>
    <hash>6C8583DE07D770014F2E2A41D9188404</hash>
  </archivos>
  <archivos>
    <archivo>s01033490.xml</archivo>
    <hash>6F96E53716D692F914D6D98AC4140A93</hash>
  </archivos>
  <archivos>
    <archivo>s01033491.xml</archivo>
    <hash>323BB3318B904C7C1AD2A6CF7A6C2722</hash>
  </archivos>
  <archivos>
    <archivo>s01033492.xml</archivo>
    <hash>FD5640CA9033F96EDC6E608C85B4CA5A</hash>
  </archivos>
  <archivos>
    <archivo>r01030214.txt</archivo>
    <hash>73030AE8F5231ECEA8A5C6E97C513432</hash>
  </archivos>
  <archivos>
    <archivo>r01030215.txt</archivo>
    <hash>CC63D37CF4C0A0B63A887C34EE1701E4</hash>
  </archivos>
  <archivos>
    <archivo>r01030823.txt</archivo>
    <hash>AA9594707631656063749F268DF737F1</hash>
  </archivos>
  <archivos>
    <archivo>r01030825.txt</archivo>
    <hash>C73FDD4C3CEB663D48E23B51839EE6A4</hash>
  </archivos>
  <archivos>
    <archivo>r01033256.txt</archivo>
    <hash>2310F68D8FD7812F3E2B3DF6528F36BE</hash>
  </archivos>
  <archivos>
    <archivo>r01033258.txt</archivo>
    <hash>1CA2551E8AB6C39B88E70484E204BDE4</hash>
  </archivos>
  <archivos>
    <archivo>r01033259.txt</archivo>
    <hash>B1D295CC028198A09225E8FCA8DC7F9D</hash>
  </archivos>
  <archivos>
    <archivo>r01033340.txt</archivo>
    <hash>74FEB7624F576EC2B94354E4CFB78511</hash>
  </archivos>
  <archivos>
    <archivo>r01033341.txt</archivo>
    <hash>B22B59D153F6FE85EFE0AB0498E4EF02</hash>
  </archivos>
  <archivos>
    <archivo>r01033342.txt</archivo>
    <hash>F78693D1D6D8C668B4632BE0CC812AC0</hash>
  </archivos>
  <archivos>
    <archivo>r01033343.txt</archivo>
    <hash>082AB856706FBAC6E2F089F6838687AD</hash>
  </archivos>
  <archivos>
    <archivo>r01033344.txt</archivo>
    <hash>9F7B01ED7CFEF0716C47784E73EA3659</hash>
  </archivos>
  <archivos>
    <archivo>r01033345.txt</archivo>
    <hash>65678F4B5DC8897C690715D75D5BF18E</hash>
  </archivos>
  <archivos>
    <archivo>r01033346.txt</archivo>
    <hash>170ECC48E926D9DFC5400B77231A146A</hash>
  </archivos>
  <archivos>
    <archivo>r01033347.txt</archivo>
    <hash>1655B9DA431DB0FD303E1C68A8B5B0F3</hash>
  </archivos>
  <archivos>
    <archivo>r01033348.txt</archivo>
    <hash>360027B13078CCE1F7161C001C84E92C</hash>
  </archivos>
  <archivos>
    <archivo>r01033349.txt</archivo>
    <hash>26BC6E0C71FA6D3AFE18C10A71AA2CD7</hash>
  </archivos>
  <archivos>
    <archivo>r01033350.txt</archivo>
    <hash>4803F20705748BF4C9EC5FDE1938F0EA</hash>
  </archivos>
  <archivos>
    <archivo>r01033351.txt</archivo>
    <hash>879A0E90637E76A807BB283DEE0CC6BD</hash>
  </archivos>
  <archivos>
    <archivo>r01033352.txt</archivo>
    <hash>096BF72386D1C89409B63E7789CE94BE</hash>
  </archivos>
  <archivos>
    <archivo>r01033353.txt</archivo>
    <hash>6E8B57CFDEB220697C0A063D64B3619A</hash>
  </archivos>
  <archivos>
    <archivo>r01033354.txt</archivo>
    <hash>06F9825CA5B3AB83A99A23A6C52CCE22</hash>
  </archivos>
  <archivos>
    <archivo>r01033355.txt</archivo>
    <hash>2AC5D3DD1C9F93479934C54F36E40BF3</hash>
  </archivos>
  <archivos>
    <archivo>r01033408.txt</archivo>
    <hash>AC1F2573C9BD23497A1DA40030A4A6A5</hash>
  </archivos>
  <archivos>
    <archivo>r01033409.txt</archivo>
    <hash>1070326FA678D95615A77C4148E3EBE7</hash>
  </archivos>
  <archivos>
    <archivo>r01033410.txt</archivo>
    <hash>D82E5680FE8253071FB63780E7B13EF9</hash>
  </archivos>
  <archivos>
    <archivo>r01033411.txt</archivo>
    <hash>31C405CC9C30ECFCCFA565C4A44D97CA</hash>
  </archivos>
  <archivos>
    <archivo>r01033412.txt</archivo>
    <hash>9CC73D885375D484ED3DCDA1F39AF488</hash>
  </archivos>
  <archivos>
    <archivo>r01033420.txt</archivo>
    <hash>7DDE0FCB147CD4185BF4351A2C36D126</hash>
  </archivos>
  <archivos>
    <archivo>r01033425.txt</archivo>
    <hash>E677B2BDB16C195F1DBD096A2FDB72FF</hash>
  </archivos>
  <archivos>
    <archivo>r01033483.txt</archivo>
    <hash>A624D0A529E53199B3FB69CB9903227D</hash>
  </archivos>
  <archivos>
    <archivo>r01033486.txt</archivo>
    <hash>821A91ADE5264C959C2BEF2B5EF01208</hash>
  </archivos>
  <archivos>
    <archivo>r01033488.txt</archivo>
    <hash>7D4D98D41BA1B7BA3500287373803A3A</hash>
  </archivos>
  <archivos>
    <archivo>r01033490.txt</archivo>
    <hash>8CE87356DE49881FBAFC17B46C0B36D3</hash>
  </archivos>
  <archivos>
    <archivo>r01033491.txt</archivo>
    <hash>945CBCFB0DA3DA1BBA05ABDA57BA7E1E</hash>
  </archivos>
  <archivos>
    <archivo>r01033492.txt</archivo>
    <hash>1D74A53956AD45FEECF31FE4F14E9065</hash>
  </archivos>
  <archivos>
    <archivo>sectoresTarifarios.xml</archivo>
    <hash>4DD8984D0F96C3A5CB8483023F9D1246</hash>
  </archivos>
</Version>