<?xml version="1.0" standalone="yes"?>
<Sector>
  <xs:schema id="Sector" xmlns="" xmlns:xs="http://www.w3.org/2001/XMLSchema" xmlns:msdata="urn:schemas-microsoft-com:xml-msdata">
    <xs:element name="Sector" msdata:IsDataSet="true" msdata:Locale="">
      <xs:complexType>
        <xs:choice minOccurs="0" maxOccurs="unbounded">
          <xs:element name="S" msdata:Locale="">
            <xs:complexType>
              <xs:sequence>
                <xs:element name="Calle" type="xs:string" minOccurs="0" />
                <xs:element name="Lat" type="xs:decimal" minOccurs="0" />
                <xs:element name="Lon" type="xs:decimal" minOccurs="0" />
                <xs:element name="Dis" type="xs:decimal" minOccurs="0" />
                <xs:element name="Cta" type="xs:int" minOccurs="0" />
                <xs:element name="CodSec" type="xs:int" minOccurs="0" />
              </xs:sequence>
            </xs:complexType>
          </xs:element>
        </xs:choice>
      </xs:complexType>
    </xs:element>
  </xs:schema>
  <S>
    <Calle>BRAND</Calle>
    <Lat>34.519296</Lat>
    <Lon>58.756758</Lon>
    <Dis>2877.154</Dis>
    <Cta>1</Cta>
    <CodSec>18</CodSec>
  </S>
  <S>
    <Calle>USTAR</Calle>
    <Lat>34.530385</Lat>
    <Lon>58.779154</Lon>
    <Dis>1722.209</Dis>
    <Cta>182</Cta>
    <CodSec>18</CodSec>
  </S>
  <S>
    <Calle>DERQU</Calle>
    <Lat>34.537634</Lat>
    <Lon>58.795487</Lon>
    <Dis>3967.627</Dis>
    <Cta>314</Cta>
    <CodSec>18</CodSec>
  </S>
  <S>
    <Calle>FERRE</Calle>
    <Lat>34.549988</Lat>
    <Lon>58.768132</Lon>
    <Dis>1454.885</Dis>
    <Cta>581</Cta>
    <CodSec>18</CodSec>
  </S>
  <S>
    <Calle>EDISO</Calle>
    <Lat>34.558558</Lat>
    <Lon>58.756446</Lon>
    <Dis>1714.461</Dis>
    <Cta>671</Cta>
    <CodSec>18</CodSec>
  </S>
  <S>
    <Calle>RUT23</Calle>
    <Lat>34.568758</Lat>
    <Lon>58.742634</Lon>
    <Dis>2716.862</Dis>
    <Cta>779</Cta>
    <CodSec>18</CodSec>
  </S>
  <S>
    <Calle>GCAMP</Calle>
    <Lat>34.551605</Lat>
    <Lon>58.721770</Lon>
    <Dis>992.165</Dis>
    <Cta>946</Cta>
    <CodSec>18</CodSec>
  </S>
  <S>
    <Calle>PELUF</Calle>
    <Lat>34.544856</Lat>
    <Lon>58.714853</Lon>
    <Dis>1073.724</Dis>
    <Cta>1002</Cta>
    <CodSec>18</CodSec>
  </S>
  <S>
    <Calle>SANLO</Calle>
    <Lat>34.537648</Lat>
    <Lon>58.707136</Lon>
    <Dis>671.752</Dis>
    <Cta>1064</Cta>
    <CodSec>18</CodSec>
  </S>
  <S>
    <Calle>RU.P8</Calle>
    <Lat>34.533165</Lat>
    <Lon>58.702378</Lon>
    <Dis>1726.790</Dis>
    <Cta>1103</Cta>
    <CodSec>18</CodSec>
  </S>
  <S>
    <Calle>GLEMO</Calle>
    <Lat>34.529647</Lat>
    <Lon>58.689110</Lon>
    <Dis>2106.546</Dis>
    <Cta>1206</Cta>
    <CodSec>18</CodSec>
  </S>
  <S>
    <Calle>PERON</Calle>
    <Lat>34.518219</Lat>
    <Lon>58.671275</Lon>
    <Dis>3199.493</Dis>
    <Cta>1323</Cta>
    <CodSec>18</CodSec>
  </S>
  <S>
    <Calle>DTORC</Calle>
    <Lat>34.500836</Lat>
    <Lon>58.643810</Lon>
    <Dis>533.819</Dis>
    <Cta>1502</Cta>
    <CodSec>18</CodSec>
  </S>
  <S>
    <Calle>TORCU</Calle>
    <Lat>34.500563</Lat>
    <Lon>58.643236</Lon>
    <Dis>1267.046</Dis>
    <Cta>1536</Cta>
    <CodSec>18</CodSec>
  </S>
  <S>
    <Calle>ARATA</Calle>
    <Lat>34.494352</Lat>
    <Lon>58.631759</Lon>
    <Dis>2612.308</Dis>
    <Cta>1605</Cta>
    <CodSec>18</CodSec>
  </S>
  <S>
    <Calle>RU 23</Calle>
    <Lat>34.483708</Lat>
    <Lon>58.611932</Lon>
    <Dis>0</Dis>
    <Cta>1770</Cta>
    <CodSec>18</CodSec>
  </S>
</Sector>