<?xml version="1.0" standalone="yes"?>
<Sector>
  <xs:schema id="Sector" xmlns="" xmlns:xs="http://www.w3.org/2001/XMLSchema" xmlns:msdata="urn:schemas-microsoft-com:xml-msdata">
    <xs:element name="Sector" msdata:IsDataSet="true" msdata:Locale="">
      <xs:complexType>
        <xs:choice minOccurs="0" maxOccurs="unbounded">
          <xs:element name="S" msdata:Locale="">
            <xs:complexType>
              <xs:sequence>
                <xs:element name="Calle" type="xs:string" minOccurs="0" />
                <xs:element name="Lat" type="xs:decimal" minOccurs="0" />
                <xs:element name="Lon" type="xs:decimal" minOccurs="0" />
                <xs:element name="Dis" type="xs:decimal" minOccurs="0" />
                <xs:element name="Cta" type="xs:int" minOccurs="0" />
                <xs:element name="CodSec" type="xs:int" minOccurs="0" />
              </xs:sequence>
            </xs:complexType>
          </xs:element>
        </xs:choice>
      </xs:complexType>
    </xs:element>
  </xs:schema>
  <S>
    <Calle>CABEC</Calle>
    <Lat>34.406905</Lat>
    <Lon>58.772792</Lon>
    <Dis>4129.878</Dis>
    <Cta>1</Cta>
    <CodSec>52</CodSec>
  </S>
  <S>
    <Calle>RPILA</Calle>
    <Lat>34.441314</Lat>
    <Lon>58.782833</Lon>
    <Dis>2019.098</Dis>
    <Cta>278</Cta>
    <CodSec>39</CodSec>
  </S>
  <S>
    <Calle>PTE52</Calle>
    <Lat>34.444728</Lat>
    <Lon>58.761690</Lon>
    <Dis>2706.208</Dis>
    <Cta>400</Cta>
    <CodSec>39</CodSec>
  </S>
  <S>
    <Calle>FONA1</Calle>
    <Lat>34.453388</Lat>
    <Lon>58.734257</Lon>
    <Dis>1425.153</Dis>
    <Cta>530</Cta>
    <CodSec>38</CodSec>
  </S>
  <S>
    <Calle>SKF.1</Calle>
    <Lat>34.457655</Lat>
    <Lon>58.719913</Lon>
    <Dis>1003.136</Dis>
    <Cta>607</Cta>
    <CodSec>38</CodSec>
  </S>
  <S>
    <Calle>PEAJ1</Calle>
    <Lat>34.461093</Lat>
    <Lon>58.709918</Lon>
    <Dis>229.393</Dis>
    <Cta>658</Cta>
    <CodSec>37</CodSec>
  </S>
  <S>
    <Calle>PEAJ2</Calle>
    <Lat>34.461639</Lat>
    <Lon>58.707875</Lon>
    <Dis>4088.226</Dis>
    <Cta>671</Cta>
    <CodSec>37</CodSec>
  </S>
  <S>
    <Calle>R1971</Calle>
    <Lat>34.474474</Lat>
    <Lon>58.666587</Lon>
    <Dis>1239.010</Dis>
    <Cta>879</Cta>
    <CodSec>36</CodSec>
  </S>
  <S>
    <Calle>R1972</Calle>
    <Lat>34.477959</Lat>
    <Lon>58.654082</Lon>
    <Dis>3435.432</Dis>
    <Cta>938</Cta>
    <CodSec>36</CodSec>
  </S>
  <S>
    <Calle>R2021</Calle>
    <Lat>34.485042</Lat>
    <Lon>58.617773</Lon>
    <Dis>962.839</Dis>
    <Cta>1094</Cta>
    <CodSec>14</CodSec>
  </S>
  <S>
    <Calle>R2022</Calle>
    <Lat>34.486438</Lat>
    <Lon>58.607539</Lon>
    <Dis>2112.113</Dis>
    <Cta>1143</Cta>
    <CodSec>14</CodSec>
  </S>
  <S>
    <Calle>BLGNE</Calle>
    <Lat>34.488237</Lat>
    <Lon>58.584682</Lon>
    <Dis>1845.263</Dis>
    <Cta>1248</Cta>
    <CodSec>14</CodSec>
  </S>
  <S>
    <Calle>JSMAR</Calle>
    <Lat>34.491513</Lat>
    <Lon>58.565263</Lon>
    <Dis>961.103</Dis>
    <Cta>1339</Cta>
    <CodSec>14</CodSec>
  </S>
  <S>
    <Calle>MARQ1</Calle>
    <Lat>34.495264</Lat>
    <Lon>58.555937</Lon>
    <Dis>1421.071</Dis>
    <Cta>1392</Cta>
    <CodSec>13</CodSec>
  </S>
  <S>
    <Calle>THAME</Calle>
    <Lat>34.502137</Lat>
    <Lon>58.543039</Lon>
    <Dis>984.898</Dis>
    <Cta>1466</Cta>
    <CodSec>13</CodSec>
  </S>
  <S>
    <Calle>EDISO</Calle>
    <Lat>34.506626</Lat>
    <Lon>58.533840</Lon>
    <Dis>4119.255</Dis>
    <Cta>1511</Cta>
    <CodSec>12</CodSec>
  </S>
  <S>
    <Calle>SMART</Calle>
    <Lat>34.533257</Lat>
    <Lon>58.504131</Lon>
    <Dis>3283.240</Dis>
    <Cta>1708</Cta>
    <CodSec>11</CodSec>
  </S>
  <S>
    <Calle>ZAPIO</Calle>
    <Lat>34.541931</Lat>
    <Lon>58.481160</Lon>
    <Dis>1010.853</Dis>
    <Cta>1923</Cta>
    <CodSec>11</CodSec>
  </S>
  <S>
    <Calle>SAAVE</Calle>
    <Lat>34.537768</Lat>
    <Lon>58.476413</Lon>
    <Dis>0</Dis>
    <Cta>1994</Cta>
    <CodSec>1</CodSec>
  </S>
</Sector>