<?xml version="1.0" standalone="yes"?>
<Sector>
  <xs:schema id="Sector" xmlns="" xmlns:xs="http://www.w3.org/2001/XMLSchema" xmlns:msdata="urn:schemas-microsoft-com:xml-msdata">
    <xs:element name="Sector" msdata:IsDataSet="true" msdata:Locale="">
      <xs:complexType>
        <xs:choice minOccurs="0" maxOccurs="unbounded">
          <xs:element name="S" msdata:Locale="">
            <xs:complexType>
              <xs:sequence>
                <xs:element name="Calle" type="xs:string" minOccurs="0" />
                <xs:element name="Lat" type="xs:decimal" minOccurs="0" />
                <xs:element name="Lon" type="xs:decimal" minOccurs="0" />
                <xs:element name="Dis" type="xs:decimal" minOccurs="0" />
                <xs:element name="Cta" type="xs:int" minOccurs="0" />
                <xs:element name="CodSec" type="xs:int" minOccurs="0" />
              </xs:sequence>
            </xs:complexType>
          </xs:element>
        </xs:choice>
      </xs:complexType>
    </xs:element>
  </xs:schema>
  <S>
    <Calle>NAZAR</Calle>
    <Lat>34.469000</Lat>
    <Lon>58.905856</Lon>
    <Dis>2404.344</Dis>
    <Cta>1</Cta>
    <CodSec>60</CodSec>
  </S>
  <S>
    <Calle>RUT25</Calle>
    <Lat>34.456794</Lat>
    <Lon>58.905975</Lon>
    <Dis>3415.171</Dis>
    <Cta>156</Cta>
    <CodSec>57</CodSec>
  </S>
  <S>
    <Calle>JUMBO</Calle>
    <Lat>34.450090</Lat>
    <Lon>58.870331</Lon>
    <Dis>3092.293</Dis>
    <Cta>365</Cta>
    <CodSec>56</CodSec>
  </S>
  <S>
    <Calle>LONJA</Calle>
    <Lat>34.454444</Lat>
    <Lon>58.837336</Lon>
    <Dis>2728.159</Dis>
    <Cta>570</Cta>
    <CodSec>55</CodSec>
  </S>
  <S>
    <Calle>RUT26</Calle>
    <Lat>34.458979</Lat>
    <Lon>58.811813</Lon>
    <Dis>1478.451</Dis>
    <Cta>772</Cta>
    <CodSec>54</CodSec>
  </S>
  <S>
    <Calle>E.VIS</Calle>
    <Lat>34.453880</Lat>
    <Lon>58.799554</Lon>
    <Dis>2151.986</Dis>
    <Cta>861</Cta>
    <CodSec>54</CodSec>
  </S>
  <S>
    <Calle>RPILA</Calle>
    <Lat>34.441314</Lat>
    <Lon>58.782833</Lon>
    <Dis>2785.302</Dis>
    <Cta>1000</Cta>
    <CodSec>53</CodSec>
  </S>
  <S>
    <Calle>ASTER</Calle>
    <Lat>34.417288</Lat>
    <Lon>58.775412</Lon>
    <Dis>1065.302</Dis>
    <Cta>1189</Cta>
    <CodSec>53</CodSec>
  </S>
  <S>
    <Calle>E.SAV</Calle>
    <Lat>34.408427</Lat>
    <Lon>58.771395</Lon>
    <Dis>3641.696</Dis>
    <Cta>1257</Cta>
    <CodSec>52</CodSec>
  </S>
  <S>
    <Calle>COLEC</Calle>
    <Lat>34.381804</Lat>
    <Lon>58.753064</Lon>
    <Dis>1906.890</Dis>
    <Cta>1479</Cta>
    <CodSec>51</CodSec>
  </S>
  <S>
    <Calle>MASCH</Calle>
    <Lat>34.394855</Lat>
    <Lon>58.741366</Lon>
    <Dis>1840.426</Dis>
    <Cta>1601</Cta>
    <CodSec>51</CodSec>
  </S>
  <S>
    <Calle>CURVO</Calle>
    <Lat>34.408550</Lat>
    <Lon>58.730490</Lon>
    <Dis>2488.563</Dis>
    <Cta>1726</Cta>
    <CodSec>51</CodSec>
  </S>
  <S>
    <Calle>LORET</Calle>
    <Lat>34.412904</Lat>
    <Lon>58.704735</Lon>
    <Dis>4919.258</Dis>
    <Cta>1881</Cta>
    <CodSec>50</CodSec>
  </S>
  <S>
    <Calle>CAMEL</Calle>
    <Lat>34.443278</Lat>
    <Lon>58.678514</Lon>
    <Dis>2966.613</Dis>
    <Cta>2216</Cta>
    <CodSec>49</CodSec>
  </S>
  <S>
    <Calle>BLANC</Calle>
    <Lat>34.453227</Lat>
    <Lon>58.649976</Lon>
    <Dis>2577.282</Dis>
    <Cta>2433</Cta>
    <CodSec>48</CodSec>
  </S>
  <S>
    <Calle>PACHE</Calle>
    <Lat>34.456621</Lat>
    <Lon>58.627492</Lon>
    <Dis>3083.240</Dis>
    <Cta>2600</Cta>
    <CodSec>47</CodSec>
  </S>
  <S>
    <Calle>LINIE</Calle>
    <Lat>34.444614</Lat>
    <Lon>58.597659</Lon>
    <Dis>1163.198</Dis>
    <Cta>2806</Cta>
    <CodSec>46</CodSec>
  </S>
  <S>
    <Calle>DETAL</Calle>
    <Lat>34.447004</Lat>
    <Lon>58.589254</Lon>
    <Dis>2970.890</Dis>
    <Cta>2894</Cta>
    <CodSec>46</CodSec>
  </S>
  <S>
    <Calle>SFER1</Calle>
    <Lat>34.435394</Lat>
    <Lon>58.566887</Lon>
    <Dis>2529.562</Dis>
    <Cta>3096</Cta>
    <CodSec>6</CodSec>
  </S>
  <S>
    <Calle>QUINT</Calle>
    <Lat>34.447340</Lat>
    <Lon>58.546943</Lon>
    <Dis>795.848</Dis>
    <Cta>3262</Cta>
    <CodSec>6</CodSec>
  </S>
  <S>
    <Calle>E.VIC</Calle>
    <Lat>34.451825</Lat>
    <Lon>58.540273</Lon>
    <Dis>3262.500</Dis>
    <Cta>3316</Cta>
    <CodSec>5</CodSec>
  </S>
  <S>
    <Calle>E.SIS</Calle>
    <Lat>34.471889</Lat>
    <Lon>58.515055</Lon>
    <Dis>2211.067</Dis>
    <Cta>3531</Cta>
    <CodSec>4</CodSec>
  </S>
  <S>
    <Calle>E.MAR</Calle>
    <Lat>34.488062</Lat>
    <Lon>58.501428</Lon>
    <Dis>2962.967</Dis>
    <Cta>3674</Cta>
    <CodSec>3</CodSec>
  </S>
  <S>
    <Calle>E.MIT</Calle>
    <Lat>34.512304</Lat>
    <Lon>58.489938</Lon>
    <Dis>1411.387</Dis>
    <Cta>3926</Cta>
    <CodSec>2</CodSec>
  </S>
  <S>
    <Calle>SMAR.</Calle>
    <Lat>34.523846</Lat>
    <Lon>58.483829</Lon>
    <Dis>2644.802</Dis>
    <Cta>4006</Cta>
    <CodSec>2</CodSec>
  </S>
  <S>
    <Calle>SAAVE</Calle>
    <Lat>34.537500</Lat>
    <Lon>58.475610</Lon>
    <Dis>0</Dis>
    <Cta>4155</Cta>
    <CodSec>1</CodSec>
  </S>
</Sector>