<?xml version="1.0" standalone="yes"?>
<Sector>
  <xs:schema id="Sector" xmlns="" xmlns:xs="http://www.w3.org/2001/XMLSchema" xmlns:msdata="urn:schemas-microsoft-com:xml-msdata">
    <xs:element name="Sector" msdata:IsDataSet="true" msdata:Locale="">
      <xs:complexType>
        <xs:choice minOccurs="0" maxOccurs="unbounded">
          <xs:element name="S" msdata:Locale="">
            <xs:complexType>
              <xs:sequence>
                <xs:element name="Calle" type="xs:string" minOccurs="0" />
                <xs:element name="Lat" type="xs:decimal" minOccurs="0" />
                <xs:element name="Lon" type="xs:decimal" minOccurs="0" />
                <xs:element name="Dis" type="xs:decimal" minOccurs="0" />
                <xs:element name="Cta" type="xs:int" minOccurs="0" />
                <xs:element name="CodSec" type="xs:int" minOccurs="0" />
              </xs:sequence>
            </xs:complexType>
          </xs:element>
        </xs:choice>
      </xs:complexType>
    </xs:element>
  </xs:schema>
  <S>
    <Calle>CABEC</Calle>
    <Lat>34.406901</Lat>
    <Lon>58.772797</Lon>
    <Dis>4130.947</Dis>
    <Cta>1</Cta>
    <CodSec>52</CodSec>
  </S>
  <S>
    <Calle>RPILA</Calle>
    <Lat>34.441314</Lat>
    <Lon>58.782833</Lon>
    <Dis>2148.217</Dis>
    <Cta>285</Cta>
    <CodSec>52</CodSec>
  </S>
  <S>
    <Calle>PTE52</Calle>
    <Lat>34.444851</Lat>
    <Lon>58.761718</Lon>
    <Dis>1050.901</Dis>
    <Cta>454</Cta>
    <CodSec>52</CodSec>
  </S>
  <S>
    <Calle>PTGA1</Calle>
    <Lat>34.447830</Lat>
    <Lon>58.750976</Lon>
    <Dis>438.758</Dis>
    <Cta>509</Cta>
    <CodSec>52</CodSec>
  </S>
  <S>
    <Calle>PTGA2</Calle>
    <Lat>34.449111</Lat>
    <Lon>58.746973</Lon>
    <Dis>1265.613</Dis>
    <Cta>566</Cta>
    <CodSec>52</CodSec>
  </S>
  <S>
    <Calle>FONA1</Calle>
    <Lat>34.453388</Lat>
    <Lon>58.734257</Lon>
    <Dis>393.563</Dis>
    <Cta>635</Cta>
    <CodSec>52</CodSec>
  </S>
  <S>
    <Calle>FONA2</Calle>
    <Lat>34.454426</Lat>
    <Lon>58.730367</Lon>
    <Dis>1024.448</Dis>
    <Cta>670</Cta>
    <CodSec>52</CodSec>
  </S>
  <S>
    <Calle>SKF.1</Calle>
    <Lat>34.457730</Lat>
    <Lon>58.720028</Lon>
    <Dis>352.904</Dis>
    <Cta>729</Cta>
    <CodSec>52</CodSec>
  </S>
  <S>
    <Calle>SKF.2</Calle>
    <Lat>34.458512</Lat>
    <Lon>58.717468</Lon>
    <Dis>752.520</Dis>
    <Cta>791</Cta>
    <CodSec>52</CodSec>
  </S>
  <S>
    <Calle>PEAJ1</Calle>
    <Lat>34.461093</Lat>
    <Lon>58.709919</Lon>
    <Dis>229.468</Dis>
    <Cta>834</Cta>
    <CodSec>52</CodSec>
  </S>
  <S>
    <Calle>PEAJ2</Calle>
    <Lat>34.461639</Lat>
    <Lon>58.707875</Lon>
    <Dis>4115.155</Dis>
    <Cta>847</Cta>
    <CodSec>52</CodSec>
  </S>
  <S>
    <Calle>R1971</Calle>
    <Lat>34.474731</Lat>
    <Lon>58.666404</Lon>
    <Dis>0</Dis>
    <Cta>1061</Cta>
    <CodSec>36</CodSec>
  </S>
</Sector>