<?xml version="1.0" standalone="yes"?>
<Sector>
  <xs:schema id="Sector" xmlns="" xmlns:xs="http://www.w3.org/2001/XMLSchema" xmlns:msdata="urn:schemas-microsoft-com:xml-msdata">
    <xs:element name="Sector" msdata:IsDataSet="true" msdata:Locale="">
      <xs:complexType>
        <xs:choice minOccurs="0" maxOccurs="unbounded">
          <xs:element name="S" msdata:Locale="">
            <xs:complexType>
              <xs:sequence>
                <xs:element name="Calle" type="xs:string" minOccurs="0" />
                <xs:element name="Lat" type="xs:decimal" minOccurs="0" />
                <xs:element name="Lon" type="xs:decimal" minOccurs="0" />
                <xs:element name="Dis" type="xs:decimal" minOccurs="0" />
                <xs:element name="Cta" type="xs:int" minOccurs="0" />
                <xs:element name="CodSec" type="xs:int" minOccurs="0" />
              </xs:sequence>
            </xs:complexType>
          </xs:element>
        </xs:choice>
      </xs:complexType>
    </xs:element>
  </xs:schema>
  <S>
    <Calle>SAAVE</Calle>
    <Lat>34.537411</Lat>
    <Lon>58.475871</Lon>
    <Dis>659.267</Dis>
    <Cta>1</Cta>
    <CodSec>1</CodSec>
  </S>
  <S>
    <Calle>ZAPIO</Calle>
    <Lat>34.540662</Lat>
    <Lon>58.480858</Lon>
    <Dis>2864.178</Dis>
    <Cta>44</Cta>
    <CodSec>1</CodSec>
  </S>
  <S>
    <Calle>SMART</Calle>
    <Lat>34.534374</Lat>
    <Lon>58.502723</Lon>
    <Dis>3891.671</Dis>
    <Cta>244</Cta>
    <CodSec>11</CodSec>
  </S>
  <S>
    <Calle>EDISO</Calle>
    <Lat>34.508168</Lat>
    <Lon>58.529510</Lon>
    <Dis>1400.200</Dis>
    <Cta>479</Cta>
    <CodSec>12</CodSec>
  </S>
  <S>
    <Calle>THAME</Calle>
    <Lat>34.501787</Lat>
    <Lon>58.542530</Lon>
    <Dis>973.365</Dis>
    <Cta>565</Cta>
    <CodSec>12</CodSec>
  </S>
  <S>
    <Calle>MARQ2</Calle>
    <Lat>34.497111</Lat>
    <Lon>58.551385</Lon>
    <Dis>407.995</Dis>
    <Cta>623</Cta>
    <CodSec>13</CodSec>
  </S>
  <S>
    <Calle>MARQ1</Calle>
    <Lat>34.494647</Lat>
    <Lon>58.554544</Lon>
    <Dis>1050.995</Dis>
    <Cta>655</Cta>
    <CodSec>13</CodSec>
  </S>
  <S>
    <Calle>JSMAR</Calle>
    <Lat>34.491259</Lat>
    <Lon>58.564773</Lon>
    <Dis>1903.165</Dis>
    <Cta>724</Cta>
    <CodSec>13</CodSec>
  </S>
  <S>
    <Calle>BLGNE</Calle>
    <Lat>34.487859</Lat>
    <Lon>58.584753</Lon>
    <Dis>2195.598</Dis>
    <Cta>854</Cta>
    <CodSec>13</CodSec>
  </S>
  <S>
    <Calle>R2022</Calle>
    <Lat>34.485933</Lat>
    <Lon>58.608469</Lon>
    <Dis>824.053</Dis>
    <Cta>969</Cta>
    <CodSec>14</CodSec>
  </S>
  <S>
    <Calle>R2021</Calle>
    <Lat>34.484754</Lat>
    <Lon>58.617231</Lon>
    <Dis>3626.365</Dis>
    <Cta>1025</Cta>
    <CodSec>14</CodSec>
  </S>
  <S>
    <Calle>R1972</Calle>
    <Lat>34.477086</Lat>
    <Lon>58.655488</Lon>
    <Dis>867.439</Dis>
    <Cta>1204</Cta>
    <CodSec>36</CodSec>
  </S>
  <S>
    <Calle>R1971</Calle>
    <Lat>34.474616</Lat>
    <Lon>58.664267</Lon>
    <Dis>4282.775</Dis>
    <Cta>1262</Cta>
    <CodSec>36</CodSec>
  </S>
  <S>
    <Calle>PEAJ2</Calle>
    <Lat>34.461189</Lat>
    <Lon>58.707683</Lon>
    <Dis>221.630</Dis>
    <Cta>1477</Cta>
    <CodSec>37</CodSec>
  </S>
  <S>
    <Calle>PEAJ1</Calle>
    <Lat>34.460588</Lat>
    <Lon>58.709685</Lon>
    <Dis>789.937</Dis>
    <Cta>1492</Cta>
    <CodSec>37</CodSec>
  </S>
  <S>
    <Calle>SKF.2</Calle>
    <Lat>34.458166</Lat>
    <Lon>58.717529</Lon>
    <Dis>1503.329</Dis>
    <Cta>1540</Cta>
    <CodSec>37</CodSec>
  </S>
  <S>
    <Calle>FONA2</Calle>
    <Lat>34.453243</Lat>
    <Lon>58.731787</Lon>
    <Dis>0</Dis>
    <Cta>1680</Cta>
    <CodSec>38</CodSec>
  </S>
</Sector>