<?xml version="1.0" standalone="yes"?>
<Sector>
  <xs:schema id="Sector" xmlns="" xmlns:xs="http://www.w3.org/2001/XMLSchema" xmlns:msdata="urn:schemas-microsoft-com:xml-msdata">
    <xs:element name="Sector" msdata:IsDataSet="true" msdata:Locale="">
      <xs:complexType>
        <xs:choice minOccurs="0" maxOccurs="unbounded">
          <xs:element name="S" msdata:Locale="">
            <xs:complexType>
              <xs:sequence>
                <xs:element name="Calle" type="xs:string" minOccurs="0" />
                <xs:element name="Lat" type="xs:decimal" minOccurs="0" />
                <xs:element name="Lon" type="xs:decimal" minOccurs="0" />
                <xs:element name="Dis" type="xs:decimal" minOccurs="0" />
                <xs:element name="Cta" type="xs:int" minOccurs="0" />
                <xs:element name="CodSec" type="xs:int" minOccurs="0" />
              </xs:sequence>
            </xs:complexType>
          </xs:element>
        </xs:choice>
      </xs:complexType>
    </xs:element>
  </xs:schema>
  <S>
    <Calle>R1971</Calle>
    <Lat>34.474616</Lat>
    <Lon>58.664267</Lon>
    <Dis>4281.193</Dis>
    <Cta>1</Cta>
    <CodSec>36</CodSec>
  </S>
  <S>
    <Calle>PEAJ2</Calle>
    <Lat>34.461189</Lat>
    <Lon>58.707683</Lon>
    <Dis>221.630</Dis>
    <Cta>216</Cta>
    <CodSec>36</CodSec>
  </S>
  <S>
    <Calle>PEAJ1</Calle>
    <Lat>34.460588</Lat>
    <Lon>58.709685</Lon>
    <Dis>792.080</Dis>
    <Cta>231</Cta>
    <CodSec>36</CodSec>
  </S>
  <S>
    <Calle>SKF.2</Calle>
    <Lat>34.458132</Lat>
    <Lon>58.717530</Lon>
    <Dis>457.739</Dis>
    <Cta>279</Cta>
    <CodSec>36</CodSec>
  </S>
  <S>
    <Calle>SKF.1</Calle>
    <Lat>34.457190</Lat>
    <Lon>58.720533</Lon>
    <Dis>878.476</Dis>
    <Cta>350</Cta>
    <CodSec>36</CodSec>
  </S>
  <S>
    <Calle>FONA2</Calle>
    <Lat>34.454341</Lat>
    <Lon>58.729338</Lon>
    <Dis>441.966</Dis>
    <Cta>394</Cta>
    <CodSec>36</CodSec>
  </S>
  <S>
    <Calle>FONA1</Calle>
    <Lat>34.453078</Lat>
    <Lon>58.733557</Lon>
    <Dis>1254.648</Dis>
    <Cta>432</Cta>
    <CodSec>36</CodSec>
  </S>
  <S>
    <Calle>PTGA2</Calle>
    <Lat>34.448973</Lat>
    <Lon>58.746201</Lon>
    <Dis>449.593</Dis>
    <Cta>497</Cta>
    <CodSec>36</CodSec>
  </S>
  <S>
    <Calle>PTGA1</Calle>
    <Lat>34.447682</Lat>
    <Lon>58.750294</Lon>
    <Dis>1090.147</Dis>
    <Cta>545</Cta>
    <CodSec>36</CodSec>
  </S>
  <S>
    <Calle>PTE52</Calle>
    <Lat>34.444516</Lat>
    <Lon>58.761431</Lon>
    <Dis>786.725</Dis>
    <Cta>606</Cta>
    <CodSec>36</CodSec>
  </S>
  <S>
    <Calle>PTE51</Calle>
    <Lat>34.443149</Lat>
    <Lon>58.768433</Lon>
    <Dis>1157.795</Dis>
    <Cta>666</Cta>
    <CodSec>36</CodSec>
  </S>
  <S>
    <Calle>RUT26</Calle>
    <Lat>34.440979</Lat>
    <Lon>58.780606</Lon>
    <Dis>4194.350</Dis>
    <Cta>725</Cta>
    <CodSec>36</CodSec>
  </S>
  <S>
    <Calle>CABEC</Calle>
    <Lat>34.406907</Lat>
    <Lon>58.772795</Lon>
    <Dis>0</Dis>
    <Cta>988</Cta>
    <CodSec>36</CodSec>
  </S>
</Sector>