<?xml version="1.0" standalone="yes"?>
<Version>
  <xs:schema id="Version" xmlns="" xmlns:xs="http://www.w3.org/2001/XMLSchema" xmlns:msdata="urn:schemas-microsoft-com:xml-msdata">
    <xs:element name="Version" msdata:IsDataSet="true" msdata:UseCurrentLocale="true">
      <xs:complexType>
        <xs:choice minOccurs="0" maxOccurs="unbounded">
          <xs:element name="datosVersion">
            <xs:complexType>
              <xs:sequence>
                <xs:element name="nroVersion" type="xs:int" minOccurs="0" />
                <xs:element name="fechaActivacion" type="xs:dateTime" minOccurs="0" />
              </xs:sequence>
            </xs:complexType>
          </xs:element>
          <xs:element name="archivos">
            <xs:complexType>
              <xs:sequence>
                <xs:element name="archivo" type="xs:string" minOccurs="0" />
                <xs:element name="hash" type="xs:string" minOccurs="0" />
              </xs:sequence>
            </xs:complexType>
          </xs:element>
        </xs:choice>
      </xs:complexType>
    </xs:element>
  </xs:schema>
  <datosVersion>
    <nroVersion>34</nroVersion>
    <fechaActivacion>2022-09-12T00:00:00-03:00</fechaActivacion>
  </datosVersion>
  <archivos>
    <archivo>s01592742.xml</archivo>
    <hash>C8899CBF549F160BE78E5C9E175F6FC5</hash>
  </archivos>
  <archivos>
    <archivo>s01592743.xml</archivo>
    <hash>69B99F9635AA9E69CAE2DBA13239BF6C</hash>
  </archivos>
  <archivos>
    <archivo>s01592744.xml</archivo>
    <hash>A943D7AC78C4C92A122A07B7FB1C77EA</hash>
  </archivos>
  <archivos>
    <archivo>s01592745.xml</archivo>
    <hash>217135930044A75F849A0D3C1861B8A8</hash>
  </archivos>
  <archivos>
    <archivo>s01592746.xml</archivo>
    <hash>6D6E505231704FD8BDA2A15634149BAB</hash>
  </archivos>
  <archivos>
    <archivo>s01592747.xml</archivo>
    <hash>556EAFD9065F7C0849FCBCC9ACF4D688</hash>
  </archivos>
  <archivos>
    <archivo>s01592748.xml</archivo>
    <hash>D7E20CD7106F60FC5F337B19B8A082F5</hash>
  </archivos>
  <archivos>
    <archivo>s01592749.xml</archivo>
    <hash>FF2EABFF7BD76A961440299E74793BC6</hash>
  </archivos>
  <archivos>
    <archivo>s01592750.xml</archivo>
    <hash>8F8B7879171AE0CD8DAB08A62B433BA6</hash>
  </archivos>
  <archivos>
    <archivo>s01592751.xml</archivo>
    <hash>D3443404E79463BC3B630F7DA8AEF250</hash>
  </archivos>
  <archivos>
    <archivo>s01592752.xml</archivo>
    <hash>6AB64B9C34A94B2B7CFE7F1A1FFF86AB</hash>
  </archivos>
  <archivos>
    <archivo>s01592753.xml</archivo>
    <hash>B9B425755142172CE630177BA5E881A3</hash>
  </archivos>
  <archivos>
    <archivo>s01592754.xml</archivo>
    <hash>CD16866971D024CF4FEBBD7F52A50C77</hash>
  </archivos>
  <archivos>
    <archivo>s01592755.xml</archivo>
    <hash>F9DC11DB45953C020B7FC3A30B369DE6</hash>
  </archivos>
  <archivos>
    <archivo>s01592756.xml</archivo>
    <hash>382B74F6E345F7236E6D12CE647CC79C</hash>
  </archivos>
  <archivos>
    <archivo>s01592757.xml</archivo>
    <hash>833012512DF4975548B1A87B0BC1D94B</hash>
  </archivos>
  <archivos>
    <archivo>s01592758.xml</archivo>
    <hash>2A68DE935A562445FEDECED1CB1D92F9</hash>
  </archivos>
  <archivos>
    <archivo>s01592759.xml</archivo>
    <hash>8A1E5B3BE63210701870235A788BAD71</hash>
  </archivos>
  <archivos>
    <archivo>s01592760.xml</archivo>
    <hash>E4828435A449E52784027D3A8BE2F83F</hash>
  </archivos>
  <archivos>
    <archivo>s01593450.xml</archivo>
    <hash>9773E5BD5D904473AB28C94165689B5A</hash>
  </archivos>
  <archivos>
    <archivo>s01593451.xml</archivo>
    <hash>D75B72414B288CF3B253BD40FC6E0538</hash>
  </archivos>
  <archivos>
    <archivo>s01593452.xml</archivo>
    <hash>ED6C086937856D338ED0C244CA9E922C</hash>
  </archivos>
  <archivos>
    <archivo>s01593453.xml</archivo>
    <hash>78E58B3A1553D4C51BA3FC8DB2B32F45</hash>
  </archivos>
  <archivos>
    <archivo>s01593454.xml</archivo>
    <hash>9AFD87F609BFAD2F462E1907BAAF0EEA</hash>
  </archivos>
  <archivos>
    <archivo>s01593455.xml</archivo>
    <hash>31D91BED5A6F392CF3DD022C56F276C8</hash>
  </archivos>
  <archivos>
    <archivo>s01593456.xml</archivo>
    <hash>F752BC594146E34446CEF96B9A515B87</hash>
  </archivos>
  <archivos>
    <archivo>s01593467.xml</archivo>
    <hash>EC35970555910F6593D37A9E11515B0A</hash>
  </archivos>
  <archivos>
    <archivo>s01593468.xml</archivo>
    <hash>307496B30029F96F50AD60FF5C4229D7</hash>
  </archivos>
  <archivos>
    <archivo>s01593469.xml</archivo>
    <hash>3359AC0A245A10A5A05FFC4CDD848611</hash>
  </archivos>
  <archivos>
    <archivo>s01593470.xml</archivo>
    <hash>3DDF222B71AA493A318BD037FE8279BD</hash>
  </archivos>
  <archivos>
    <archivo>s01593471.xml</archivo>
    <hash>748D84B74E9F37EA8BAB3991C26B43AE</hash>
  </archivos>
  <archivos>
    <archivo>s01593472.xml</archivo>
    <hash>CB0D0B5558EE413EC20D3920F68E4CFB</hash>
  </archivos>
  <archivos>
    <archivo>s01593473.xml</archivo>
    <hash>DD5EA7CE408CB406B8D57B8BCA3F56D1</hash>
  </archivos>
  <archivos>
    <archivo>s01593474.xml</archivo>
    <hash>A6433D578F0D6E6E332C1938DE5EAE3A</hash>
  </archivos>
  <archivos>
    <archivo>s01593475.xml</archivo>
    <hash>F575AEB363AB4A7B2A99789E58DF97E0</hash>
  </archivos>
  <archivos>
    <archivo>s01593476.xml</archivo>
    <hash>F34492D15FC59FD3C221AC447D8EEED6</hash>
  </archivos>
  <archivos>
    <archivo>s01593477.xml</archivo>
    <hash>567B14BB21387A51681F74E5F8774288</hash>
  </archivos>
  <archivos>
    <archivo>s01593478.xml</archivo>
    <hash>AC5352589BE3D5E22A5239095FBEABF0</hash>
  </archivos>
  <archivos>
    <archivo>r01592742.txt</archivo>
    <hash>B0D17E5CDDE67D91C610ECC2A956F188</hash>
  </archivos>
  <archivos>
    <archivo>r01592743.txt</archivo>
    <hash>5E3C6309F2006860D604049F6A09D247</hash>
  </archivos>
  <archivos>
    <archivo>r01592744.txt</archivo>
    <hash>9455775CC95D6C11CE58E8EE15FF3C6F</hash>
  </archivos>
  <archivos>
    <archivo>r01592745.txt</archivo>
    <hash>B4C579C5CFF1FA3470138AA58AC8484D</hash>
  </archivos>
  <archivos>
    <archivo>r01592746.txt</archivo>
    <hash>134E8DBDDE47C173147AA17534004AFC</hash>
  </archivos>
  <archivos>
    <archivo>r01592747.txt</archivo>
    <hash>0CF0A3A18A97F248C3D4BE350255A9EB</hash>
  </archivos>
  <archivos>
    <archivo>r01592748.txt</archivo>
    <hash>C3992D4C9C73DF366141DD2E6385BC19</hash>
  </archivos>
  <archivos>
    <archivo>r01592749.txt</archivo>
    <hash>FD6809E0759EEDC59E92517E4C2E12F3</hash>
  </archivos>
  <archivos>
    <archivo>r01592750.txt</archivo>
    <hash>29155A245657BA4A1C96E257A98C1AEF</hash>
  </archivos>
  <archivos>
    <archivo>r01592751.txt</archivo>
    <hash>B117D96733E655FC0EE9BF4985F7960D</hash>
  </archivos>
  <archivos>
    <archivo>r01592752.txt</archivo>
    <hash>2E063FD750A6684D3D97ACC68F3F31FE</hash>
  </archivos>
  <archivos>
    <archivo>r01592753.txt</archivo>
    <hash>B517EE589FB05C0B36228F4898C14A9F</hash>
  </archivos>
  <archivos>
    <archivo>r01592754.txt</archivo>
    <hash>C5005ECF47E7F0E12861E1BF162B0FC5</hash>
  </archivos>
  <archivos>
    <archivo>r01592755.txt</archivo>
    <hash>C072D00E2B741F9C2D18509E801FB584</hash>
  </archivos>
  <archivos>
    <archivo>r01592756.txt</archivo>
    <hash>9517C0162DBB5E17D3D408E2E11E9B68</hash>
  </archivos>
  <archivos>
    <archivo>r01592757.txt</archivo>
    <hash>39439F22697F22C33793E4806C1FAFC4</hash>
  </archivos>
  <archivos>
    <archivo>r01592758.txt</archivo>
    <hash>4D60F6547A7ADEFAD59C5F24C6F9CA12</hash>
  </archivos>
  <archivos>
    <archivo>r01592759.txt</archivo>
    <hash>D0E360F4D2751D7B252111BE132F1F86</hash>
  </archivos>
  <archivos>
    <archivo>r01592760.txt</archivo>
    <hash>995F05ED0B888930193F67AF9321B5A3</hash>
  </archivos>
  <archivos>
    <archivo>r01593450.txt</archivo>
    <hash>A0CCD65BDFED8BEEAE562A3983B24A58</hash>
  </archivos>
  <archivos>
    <archivo>r01593451.txt</archivo>
    <hash>EFD191DF14A62C5CA756F3E060E3955F</hash>
  </archivos>
  <archivos>
    <archivo>r01593452.txt</archivo>
    <hash>93646B2EC194306F956175F4D03EE5B6</hash>
  </archivos>
  <archivos>
    <archivo>r01593453.txt</archivo>
    <hash>3E8484AD917FAE6DD981036730605130</hash>
  </archivos>
  <archivos>
    <archivo>r01593454.txt</archivo>
    <hash>9E028281A69C04D9798D4156475EBC54</hash>
  </archivos>
  <archivos>
    <archivo>r01593455.txt</archivo>
    <hash>3390FB3C6492F61D50B9F792C75CBBC4</hash>
  </archivos>
  <archivos>
    <archivo>r01593456.txt</archivo>
    <hash>D7190E6F6129DC7B4827826C7631CCA3</hash>
  </archivos>
  <archivos>
    <archivo>r01593467.txt</archivo>
    <hash>CBE6EEE6CAC8F9F5912D1275F1A0FA5B</hash>
  </archivos>
  <archivos>
    <archivo>r01593468.txt</archivo>
    <hash>109CC253BBA255DBCD986219B1AC32A0</hash>
  </archivos>
  <archivos>
    <archivo>r01593469.txt</archivo>
    <hash>662F178612251FCCA260CDE1BF751DB8</hash>
  </archivos>
  <archivos>
    <archivo>r01593470.txt</archivo>
    <hash>EEF275CF01D4CBEED59AFCF023497B06</hash>
  </archivos>
  <archivos>
    <archivo>r01593471.txt</archivo>
    <hash>8955B8E8B44537B958B650955DBD0CFE</hash>
  </archivos>
  <archivos>
    <archivo>r01593472.txt</archivo>
    <hash>915EC652CE1C0475CE57263388CD050A</hash>
  </archivos>
  <archivos>
    <archivo>r01593473.txt</archivo>
    <hash>A6C17B7ECB800023AAA697CDF132FDEC</hash>
  </archivos>
  <archivos>
    <archivo>r01593474.txt</archivo>
    <hash>BC7EE8350F51E6D96C8C1427120FAD3E</hash>
  </archivos>
  <archivos>
    <archivo>r01593475.txt</archivo>
    <hash>A22A9563416E48C3EB4D75DE802CFFFE</hash>
  </archivos>
  <archivos>
    <archivo>r01593476.txt</archivo>
    <hash>C8F57308A1538E7EFCC57AB909941825</hash>
  </archivos>
  <archivos>
    <archivo>r01593477.txt</archivo>
    <hash>8771272F7D72EF9BBA43A12168F568DF</hash>
  </archivos>
  <archivos>
    <archivo>r01593478.txt</archivo>
    <hash>3EA1865FBE653B4946FE963003698DCF</hash>
  </archivos>
  <archivos>
    <archivo>sectoresTarifarios.xml</archivo>
    <hash>BDF89E6995DF3961B085471C0FD7AC9E</hash>
  </archivos>
</Version>