<?xml version="1.0" standalone="yes"?>
<Sector>
  <xs:schema id="Sector" xmlns="" xmlns:xs="http://www.w3.org/2001/XMLSchema" xmlns:msdata="urn:schemas-microsoft-com:xml-msdata">
    <xs:element name="Sector" msdata:IsDataSet="true" msdata:Locale="">
      <xs:complexType>
        <xs:choice minOccurs="0" maxOccurs="unbounded">
          <xs:element name="S" msdata:Locale="">
            <xs:complexType>
              <xs:sequence>
                <xs:element name="Calle" type="xs:string" minOccurs="0" />
                <xs:element name="Lat" type="xs:decimal" minOccurs="0" />
                <xs:element name="Lon" type="xs:decimal" minOccurs="0" />
                <xs:element name="Dis" type="xs:decimal" minOccurs="0" />
                <xs:element name="Cta" type="xs:int" minOccurs="0" />
                <xs:element name="CodSec" type="xs:int" minOccurs="0" />
              </xs:sequence>
            </xs:complexType>
          </xs:element>
        </xs:choice>
      </xs:complexType>
    </xs:element>
  </xs:schema>
  <S>
    <Calle>RUT23</Calle>
    <Lat>34.542817</Lat>
    <Lon>58.713075</Lon>
    <Dis>818.217</Dis>
    <Cta>1</Cta>
    <CodSec>18</CodSec>
  </S>
  <S>
    <Calle>SANLO</Calle>
    <Lat>34.537698</Lat>
    <Lon>58.707184</Lon>
    <Dis>751.062</Dis>
    <Cta>50</Cta>
    <CodSec>18</CodSec>
  </S>
  <S>
    <Calle>RU.P8</Calle>
    <Lat>34.532798</Lat>
    <Lon>58.701743</Lon>
    <Dis>1635.515</Dis>
    <Cta>95</Cta>
    <CodSec>18</CodSec>
  </S>
  <S>
    <Calle>GLEMO</Calle>
    <Lat>34.529494</Lat>
    <Lon>58.689269</Lon>
    <Dis>2111.207</Dis>
    <Cta>191</Cta>
    <CodSec>18</CodSec>
  </S>
  <S>
    <Calle>PERON</Calle>
    <Lat>34.518350</Lat>
    <Lon>58.671460</Lon>
    <Dis>3218.237</Dis>
    <Cta>307</Cta>
    <CodSec>18</CodSec>
  </S>
  <S>
    <Calle>SANMA</Calle>
    <Lat>34.500025</Lat>
    <Lon>58.696000</Lon>
    <Dis>914.164</Dis>
    <Cta>506</Cta>
    <CodSec>18</CodSec>
  </S>
  <S>
    <Calle>LOREN</Calle>
    <Lat>34.503510</Lat>
    <Lon>58.703160</Lon>
    <Dis>1317.868</Dis>
    <Cta>559</Cta>
    <CodSec>18</CodSec>
  </S>
  <S>
    <Calle>RU.24</Calle>
    <Lat>34.495029</Lat>
    <Lon>58.705607</Lon>
    <Dis>1265.035</Dis>
    <Cta>684</Cta>
    <CodSec>18</CodSec>
  </S>
  <S>
    <Calle>CALLA</Calle>
    <Lat>34.502279</Lat>
    <Lon>58.713888</Lon>
    <Dis>1190.272</Dis>
    <Cta>770</Cta>
    <CodSec>18</CodSec>
  </S>
  <S>
    <Calle>PASCO</Calle>
    <Lat>34.493625</Lat>
    <Lon>58.720845</Lon>
    <Dis>1360.531</Dis>
    <Cta>847</Cta>
    <CodSec>18</CodSec>
  </S>
  <S>
    <Calle>DP-BE</Calle>
    <Lat>34.485728</Lat>
    <Lon>58.725036</Lon>
    <Dis>1775.145</Dis>
    <Cta>922</Cta>
    <CodSec>18</CodSec>
  </S>
  <S>
    <Calle>PASC.</Calle>
    <Lat>34.497699</Lat>
    <Lon>58.728867</Lon>
    <Dis>1177.765</Dis>
    <Cta>1045</Cta>
    <CodSec>18</CodSec>
  </S>
  <S>
    <Calle>HERNZ</Calle>
    <Lat>34.499585</Lat>
    <Lon>58.738383</Lon>
    <Dis>1856.768</Dis>
    <Cta>1126</Cta>
    <CodSec>18</CodSec>
  </S>
  <S>
    <Calle>RU 24</Calle>
    <Lat>34.508961</Lat>
    <Lon>58.728680</Lon>
    <Dis>1060.304</Dis>
    <Cta>1245</Cta>
    <CodSec>18</CodSec>
  </S>
  <S>
    <Calle>CHILE</Calle>
    <Lat>34.516925</Lat>
    <Lon>58.722574</Lon>
    <Dis>1189.281</Dis>
    <Cta>1314</Cta>
    <CodSec>18</CodSec>
  </S>
  <S>
    <Calle>MU?OZ</Calle>
    <Lat>34.524433</Lat>
    <Lon>58.730363</Lon>
    <Dis>1723.166</Dis>
    <Cta>1393</Cta>
    <CodSec>18</CodSec>
  </S>
  <S>
    <Calle>IRIGO</Calle>
    <Lat>34.534716</Lat>
    <Lon>58.719234</Lon>
    <Dis>1244.065</Dis>
    <Cta>1483</Cta>
    <CodSec>18</CodSec>
  </S>
  <S>
    <Calle>TRIB.</Calle>
    <Lat>34.542420</Lat>
    <Lon>58.714836</Lon>
    <Dis>0</Dis>
    <Cta>1546</Cta>
    <CodSec>18</CodSec>
  </S>
</Sector>