<?xml version="1.0" standalone="yes"?>
<Sector>
  <xs:schema id="Sector" xmlns="" xmlns:xs="http://www.w3.org/2001/XMLSchema" xmlns:msdata="urn:schemas-microsoft-com:xml-msdata">
    <xs:element name="Sector" msdata:IsDataSet="true" msdata:Locale="">
      <xs:complexType>
        <xs:choice minOccurs="0" maxOccurs="unbounded">
          <xs:element name="S" msdata:Locale="">
            <xs:complexType>
              <xs:sequence>
                <xs:element name="Calle" type="xs:string" minOccurs="0" />
                <xs:element name="Lat" type="xs:decimal" minOccurs="0" />
                <xs:element name="Lon" type="xs:decimal" minOccurs="0" />
                <xs:element name="Dis" type="xs:decimal" minOccurs="0" />
                <xs:element name="Cta" type="xs:int" minOccurs="0" />
                <xs:element name="CodSec" type="xs:int" minOccurs="0" />
              </xs:sequence>
            </xs:complexType>
          </xs:element>
        </xs:choice>
      </xs:complexType>
    </xs:element>
  </xs:schema>
  <S>
    <Calle>ACEVE</Calle>
    <Lat>34.530293</Lat>
    <Lon>58.815337</Lon>
    <Dis>1326.889</Dis>
    <Cta>1</Cta>
    <CodSec>18</CodSec>
  </S>
  <S>
    <Calle>DERQU</Calle>
    <Lat>34.527761</Lat>
    <Lon>58.804849</Lon>
    <Dis>714.107</Dis>
    <Cta>84</Cta>
    <CodSec>18</CodSec>
  </S>
  <S>
    <Calle>POTOS</Calle>
    <Lat>34.532592</Lat>
    <Lon>58.800016</Lon>
    <Dis>1855.017</Dis>
    <Cta>130</Cta>
    <CodSec>18</CodSec>
  </S>
  <S>
    <Calle>CROAC</Calle>
    <Lat>34.529179</Lat>
    <Lon>58.780561</Lon>
    <Dis>1978.931</Dis>
    <Cta>254</Cta>
    <CodSec>18</CodSec>
  </S>
  <S>
    <Calle>WILLI</Calle>
    <Lat>34.522898</Lat>
    <Lon>58.761226</Lon>
    <Dis>725.021</Dis>
    <Cta>394</Cta>
    <CodSec>18</CodSec>
  </S>
  <S>
    <Calle>LACRO</Calle>
    <Lat>34.520048</Lat>
    <Lon>58.754172</Lon>
    <Dis>422.088</Dis>
    <Cta>445</Cta>
    <CodSec>18</CodSec>
  </S>
  <S>
    <Calle>ALTUB</Calle>
    <Lat>34.521042</Lat>
    <Lon>58.749873</Lon>
    <Dis>1315.300</Dis>
    <Cta>471</Cta>
    <CodSec>18</CodSec>
  </S>
  <S>
    <Calle>PUEYR</Calle>
    <Lat>34.529161</Lat>
    <Lon>58.751086</Lon>
    <Dis>1484.639</Dis>
    <Cta>550</Cta>
    <CodSec>18</CodSec>
  </S>
  <S>
    <Calle>BIBA?</Calle>
    <Lat>34.539140</Lat>
    <Lon>58.748984</Lon>
    <Dis>2300.580</Dis>
    <Cta>649</Cta>
    <CodSec>18</CodSec>
  </S>
  <S>
    <Calle>FERR.</Calle>
    <Lat>34.551292</Lat>
    <Lon>58.766092</Lon>
    <Dis>3624.582</Dis>
    <Cta>798</Cta>
    <CodSec>18</CodSec>
  </S>
  <S>
    <Calle>FERRE</Calle>
    <Lat>34.560910</Lat>
    <Lon>58.753491</Lon>
    <Dis>1334.254</Dis>
    <Cta>1032</Cta>
    <CodSec>18</CodSec>
  </S>
  <S>
    <Calle>RUT23</Calle>
    <Lat>34.568631</Lat>
    <Lon>58.742792</Lon>
    <Dis>2760.353</Dis>
    <Cta>1115</Cta>
    <CodSec>18</CodSec>
  </S>
  <S>
    <Calle>GCAMP</Calle>
    <Lat>34.551479</Lat>
    <Lon>58.721707</Lon>
    <Dis>1286.320</Dis>
    <Cta>1290</Cta>
    <CodSec>18</CodSec>
  </S>
  <S>
    <Calle>RU 23</Calle>
    <Lat>34.544429</Lat>
    <Lon>58.714163</Lon>
    <Dis>0</Dis>
    <Cta>1363</Cta>
    <CodSec>18</CodSec>
  </S>
</Sector>