<?xml version="1.0" standalone="yes"?>
<Sector>
  <xs:schema id="Sector" xmlns="" xmlns:xs="http://www.w3.org/2001/XMLSchema" xmlns:msdata="urn:schemas-microsoft-com:xml-msdata">
    <xs:element name="Sector" msdata:IsDataSet="true" msdata:Locale="">
      <xs:complexType>
        <xs:choice minOccurs="0" maxOccurs="unbounded">
          <xs:element name="S" msdata:Locale="">
            <xs:complexType>
              <xs:sequence>
                <xs:element name="Calle" type="xs:string" minOccurs="0" />
                <xs:element name="Lat" type="xs:decimal" minOccurs="0" />
                <xs:element name="Lon" type="xs:decimal" minOccurs="0" />
                <xs:element name="Dis" type="xs:decimal" minOccurs="0" />
                <xs:element name="Cta" type="xs:int" minOccurs="0" />
                <xs:element name="CodSec" type="xs:int" minOccurs="0" />
              </xs:sequence>
            </xs:complexType>
          </xs:element>
        </xs:choice>
      </xs:complexType>
    </xs:element>
  </xs:schema>
  <S>
    <Calle>BELGR</Calle>
    <Lat>34.533167</Lat>
    <Lon>58.701000</Lon>
    <Dis>1243.313</Dis>
    <Cta>1</Cta>
    <CodSec>18</CodSec>
  </S>
  <S>
    <Calle>S.LOR</Calle>
    <Lat>34.536501</Lat>
    <Lon>58.708524</Lon>
    <Dis>890.663</Dis>
    <Cta>70</Cta>
    <CodSec>18</CodSec>
  </S>
  <S>
    <Calle>ALEM.</Calle>
    <Lat>34.542447</Lat>
    <Lon>58.714838</Lon>
    <Dis>1265.491</Dis>
    <Cta>123</Cta>
    <CodSec>18</CodSec>
  </S>
  <S>
    <Calle>IRIGO</Calle>
    <Lat>34.537505</Lat>
    <Lon>58.721795</Lon>
    <Dis>1159.322</Dis>
    <Cta>213</Cta>
    <CodSec>18</CodSec>
  </S>
  <S>
    <Calle>GCAM.</Calle>
    <Lat>34.545076</Lat>
    <Lon>58.730031</Lon>
    <Dis>1923.967</Dis>
    <Cta>286</Cta>
    <CodSec>18</CodSec>
  </S>
  <S>
    <Calle>IRIG.</Calle>
    <Lat>34.556663</Lat>
    <Lon>58.742527</Lon>
    <Dis>2419.895</Dis>
    <Cta>406</Cta>
    <CodSec>18</CodSec>
  </S>
  <S>
    <Calle>PINTA</Calle>
    <Lat>34.569761</Lat>
    <Lon>58.757507</Lon>
    <Dis>1987.084</Dis>
    <Cta>540</Cta>
    <CodSec>18</CodSec>
  </S>
  <S>
    <Calle>MGARC</Calle>
    <Lat>34.581627</Lat>
    <Lon>58.745610</Lon>
    <Dis>1502.645</Dis>
    <Cta>662</Cta>
    <CodSec>18</CodSec>
  </S>
  <S>
    <Calle>FERRE</Calle>
    <Lat>34.568905</Lat>
    <Lon>58.742705</Lon>
    <Dis>2804.833</Dis>
    <Cta>757</Cta>
    <CodSec>18</CodSec>
  </S>
  <S>
    <Calle>GCAMP</Calle>
    <Lat>34.551121</Lat>
    <Lon>58.721403</Lon>
    <Dis>1007.600</Dis>
    <Cta>932</Cta>
    <CodSec>18</CodSec>
  </S>
  <S>
    <Calle>PELUF</Calle>
    <Lat>34.544425</Lat>
    <Lon>58.714333</Lon>
    <Dis>1005.952</Dis>
    <Cta>991</Cta>
    <CodSec>18</CodSec>
  </S>
  <S>
    <Calle>SANLO</Calle>
    <Lat>34.537720</Lat>
    <Lon>58.707184</Lon>
    <Dis>737.372</Dis>
    <Cta>1049</Cta>
    <CodSec>18</CodSec>
  </S>
  <S>
    <Calle>RU.P8</Calle>
    <Lat>34.532941</Lat>
    <Lon>58.701869</Lon>
    <Dis>0</Dis>
    <Cta>1090</Cta>
    <CodSec>18</CodSec>
  </S>
</Sector>