<?xml version="1.0" standalone="yes"?>
<Sector>
  <xs:schema id="Sector" xmlns="" xmlns:xs="http://www.w3.org/2001/XMLSchema" xmlns:msdata="urn:schemas-microsoft-com:xml-msdata">
    <xs:element name="Sector" msdata:IsDataSet="true" msdata:Locale="">
      <xs:complexType>
        <xs:choice minOccurs="0" maxOccurs="unbounded">
          <xs:element name="S" msdata:Locale="">
            <xs:complexType>
              <xs:sequence>
                <xs:element name="Calle" type="xs:string" minOccurs="0" />
                <xs:element name="Lat" type="xs:decimal" minOccurs="0" />
                <xs:element name="Lon" type="xs:decimal" minOccurs="0" />
                <xs:element name="Dis" type="xs:decimal" minOccurs="0" />
                <xs:element name="Cta" type="xs:int" minOccurs="0" />
                <xs:element name="CodSec" type="xs:int" minOccurs="0" />
              </xs:sequence>
            </xs:complexType>
          </xs:element>
        </xs:choice>
      </xs:complexType>
    </xs:element>
  </xs:schema>
  <S>
    <Calle>LLAVA</Calle>
    <Lat>34.484248</Lat>
    <Lon>58.740894</Lon>
    <Dis>1123.180</Dis>
    <Cta>1</Cta>
    <CodSec>18</CodSec>
  </S>
  <S>
    <Calle>SMART</Calle>
    <Lat>34.489623</Lat>
    <Lon>58.733369</Lon>
    <Dis>1807.244</Dis>
    <Cta>75</Cta>
    <CodSec>18</CodSec>
  </S>
  <S>
    <Calle>DP-BE</Calle>
    <Lat>34.485646</Lat>
    <Lon>58.725156</Lon>
    <Dis>1419.697</Dis>
    <Cta>203</Cta>
    <CodSec>18</CodSec>
  </S>
  <S>
    <Calle>PASCO</Calle>
    <Lat>34.493395</Lat>
    <Lon>58.721030</Lon>
    <Dis>1179.995</Dis>
    <Cta>329</Cta>
    <CodSec>18</CodSec>
  </S>
  <S>
    <Calle>RUT24</Calle>
    <Lat>34.502281</Lat>
    <Lon>58.714110</Lon>
    <Dis>1529.893</Dis>
    <Cta>408</Cta>
    <CodSec>18</CodSec>
  </S>
  <S>
    <Calle>RUTP8</Calle>
    <Lat>34.508936</Lat>
    <Lon>58.728353</Lon>
    <Dis>2513.542</Dis>
    <Cta>508</Cta>
    <CodSec>18</CodSec>
  </S>
  <S>
    <Calle>ZU-LA</Calle>
    <Lat>34.519193</Lat>
    <Lon>58.752570</Lon>
    <Dis>2521.213</Dis>
    <Cta>674</Cta>
    <CodSec>18</CodSec>
  </S>
  <S>
    <Calle>JMART</Calle>
    <Lat>34.525142</Lat>
    <Lon>58.765652</Lon>
    <Dis>1591.517</Dis>
    <Cta>833</Cta>
    <CodSec>18</CodSec>
  </S>
  <S>
    <Calle>LAZZA</Calle>
    <Lat>34.531225</Lat>
    <Lon>58.781175</Lon>
    <Dis>1001.142</Dis>
    <Cta>937</Cta>
    <CodSec>18</CodSec>
  </S>
  <S>
    <Calle>ARIAS</Calle>
    <Lat>34.537471</Lat>
    <Lon>58.774450</Lon>
    <Dis>1626.670</Dis>
    <Cta>1004</Cta>
    <CodSec>18</CodSec>
  </S>
  <S>
    <Calle>MENDO</Calle>
    <Lat>34.548810</Lat>
    <Lon>58.763446</Lon>
    <Dis>1546.617</Dis>
    <Cta>1114</Cta>
    <CodSec>18</CodSec>
  </S>
  <S>
    <Calle>PJUNT</Calle>
    <Lat>34.558062</Lat>
    <Lon>58.750986</Lon>
    <Dis>1354.427</Dis>
    <Cta>1199</Cta>
    <CodSec>18</CodSec>
  </S>
  <S>
    <Calle>RUT23</Calle>
    <Lat>34.566124</Lat>
    <Lon>58.740043</Lon>
    <Dis>2373.894</Dis>
    <Cta>1271</Cta>
    <CodSec>18</CodSec>
  </S>
  <S>
    <Calle>GCAMP</Calle>
    <Lat>34.551583</Lat>
    <Lon>58.721744</Lon>
    <Dis>1037.518</Dis>
    <Cta>1420</Cta>
    <CodSec>18</CodSec>
  </S>
  <S>
    <Calle>PELUF</Calle>
    <Lat>34.544512</Lat>
    <Lon>58.714470</Lon>
    <Dis>1024.257</Dis>
    <Cta>1475</Cta>
    <CodSec>18</CodSec>
  </S>
  <S>
    <Calle>SANLO</Calle>
    <Lat>34.537711</Lat>
    <Lon>58.707235</Lon>
    <Dis>749.613</Dis>
    <Cta>1537</Cta>
    <CodSec>18</CodSec>
  </S>
  <S>
    <Calle>RU.P8</Calle>
    <Lat>34.532798</Lat>
    <Lon>58.701743</Lon>
    <Dis>0</Dis>
    <Cta>1581</Cta>
    <CodSec>18</CodSec>
  </S>
</Sector>