<?xml version="1.0" standalone="yes"?>
<Sector>
  <xs:schema id="Sector" xmlns="" xmlns:xs="http://www.w3.org/2001/XMLSchema" xmlns:msdata="urn:schemas-microsoft-com:xml-msdata">
    <xs:element name="Sector" msdata:IsDataSet="true" msdata:Locale="">
      <xs:complexType>
        <xs:choice minOccurs="0" maxOccurs="unbounded">
          <xs:element name="S" msdata:Locale="">
            <xs:complexType>
              <xs:sequence>
                <xs:element name="Calle" type="xs:string" minOccurs="0" />
                <xs:element name="Lat" type="xs:decimal" minOccurs="0" />
                <xs:element name="Lon" type="xs:decimal" minOccurs="0" />
                <xs:element name="Dis" type="xs:decimal" minOccurs="0" />
                <xs:element name="Cta" type="xs:int" minOccurs="0" />
                <xs:element name="CodSec" type="xs:int" minOccurs="0" />
              </xs:sequence>
            </xs:complexType>
          </xs:element>
        </xs:choice>
      </xs:complexType>
    </xs:element>
  </xs:schema>
  <S>
    <Calle>Ru.23</Calle>
    <Lat>34.543912</Lat>
    <Lon>58.714959</Lon>
    <Dis>1086.089</Dis>
    <Cta>1</Cta>
    <CodSec>18</CodSec>
  </S>
  <S>
    <Calle>GCAMP</Calle>
    <Lat>34.551135</Lat>
    <Lon>58.721604</Lon>
    <Dis>2642.707</Dis>
    <Cta>60</Cta>
    <CodSec>18</CodSec>
  </S>
  <S>
    <Calle>ALBAR</Calle>
    <Lat>34.567818</Lat>
    <Lon>58.741732</Lon>
    <Dis>1454.607</Dis>
    <Cta>218</Cta>
    <CodSec>18</CodSec>
  </S>
  <S>
    <Calle>FERRE</Calle>
    <Lat>34.560765</Lat>
    <Lon>58.753364</Lon>
    <Dis>3581.053</Dis>
    <Cta>291</Cta>
    <CodSec>18</CodSec>
  </S>
  <S>
    <Calle>MENDO</Calle>
    <Lat>34.551486</Lat>
    <Lon>58.766024</Lon>
    <Dis>2312.361</Dis>
    <Cta>517</Cta>
    <CodSec>18</CodSec>
  </S>
  <S>
    <Calle>BIBA?</Calle>
    <Lat>34.539266</Lat>
    <Lon>58.749134</Lon>
    <Dis>1492.861</Dis>
    <Cta>665</Cta>
    <CodSec>18</CodSec>
  </S>
  <S>
    <Calle>PUEYR</Calle>
    <Lat>34.529242</Lat>
    <Lon>58.750968</Lon>
    <Dis>1339.049</Dis>
    <Cta>764</Cta>
    <CodSec>18</CodSec>
  </S>
  <S>
    <Calle>LACRO</Calle>
    <Lat>34.520130</Lat>
    <Lon>58.754299</Lon>
    <Dis>443.758</Dis>
    <Cta>845</Cta>
    <CodSec>18</CodSec>
  </S>
  <S>
    <Calle>ALTUB</Calle>
    <Lat>34.521049</Lat>
    <Lon>58.749876</Lon>
    <Dis>1389.159</Dis>
    <Cta>871</Cta>
    <CodSec>18</CodSec>
  </S>
  <S>
    <Calle>CAPDE</Calle>
    <Lat>34.522645</Lat>
    <Lon>58.760818</Lon>
    <Dis>1950.578</Dis>
    <Cta>953</Cta>
    <CodSec>18</CodSec>
  </S>
  <S>
    <Calle>CROAC</Calle>
    <Lat>34.529051</Lat>
    <Lon>58.780363</Lon>
    <Dis>1827.603</Dis>
    <Cta>1093</Cta>
    <CodSec>18</CodSec>
  </S>
  <S>
    <Calle>DERQU</Calle>
    <Lat>34.532591</Lat>
    <Lon>58.799658</Lon>
    <Dis>728.847</Dis>
    <Cta>1215</Cta>
    <CodSec>18</CodSec>
  </S>
  <S>
    <Calle>ESCRU</Calle>
    <Lat>34.527707</Lat>
    <Lon>58.804686</Lon>
    <Dis>1586.779</Dis>
    <Cta>1266</Cta>
    <CodSec>18</CodSec>
  </S>
  <S>
    <Calle>PINAZ</Calle>
    <Lat>34.528825</Lat>
    <Lon>58.815350</Lon>
    <Dis>0</Dis>
    <Cta>1376</Cta>
    <CodSec>18</CodSec>
  </S>
</Sector>