<?xml version="1.0" standalone="yes"?>
<Sector>
  <xs:schema id="Sector" xmlns="" xmlns:xs="http://www.w3.org/2001/XMLSchema" xmlns:msdata="urn:schemas-microsoft-com:xml-msdata">
    <xs:element name="Sector" msdata:IsDataSet="true" msdata:Locale="">
      <xs:complexType>
        <xs:choice minOccurs="0" maxOccurs="unbounded">
          <xs:element name="S" msdata:Locale="">
            <xs:complexType>
              <xs:sequence>
                <xs:element name="Calle" type="xs:string" minOccurs="0" />
                <xs:element name="Lat" type="xs:decimal" minOccurs="0" />
                <xs:element name="Lon" type="xs:decimal" minOccurs="0" />
                <xs:element name="Dis" type="xs:decimal" minOccurs="0" />
                <xs:element name="Cta" type="xs:int" minOccurs="0" />
                <xs:element name="CodSec" type="xs:int" minOccurs="0" />
              </xs:sequence>
            </xs:complexType>
          </xs:element>
        </xs:choice>
      </xs:complexType>
    </xs:element>
  </xs:schema>
  <S>
    <Calle>AVSAR</Calle>
    <Lat>34.542858</Lat>
    <Lon>58.712691</Lon>
    <Dis>762.949</Dis>
    <Cta>1</Cta>
    <CodSec>18</CodSec>
  </S>
  <S>
    <Calle>SANLO</Calle>
    <Lat>34.537782</Lat>
    <Lon>58.707364</Lon>
    <Dis>766.333</Dis>
    <Cta>47</Cta>
    <CodSec>18</CodSec>
  </S>
  <S>
    <Calle>RU.P8</Calle>
    <Lat>34.532798</Lat>
    <Lon>58.701743</Lon>
    <Dis>1721.125</Dis>
    <Cta>92</Cta>
    <CodSec>18</CodSec>
  </S>
  <S>
    <Calle>PJUNT</Calle>
    <Lat>34.523579</Lat>
    <Lon>58.713957</Lon>
    <Dis>1443.452</Dis>
    <Cta>215</Cta>
    <CodSec>18</CodSec>
  </S>
  <S>
    <Calle>SNIGN</Calle>
    <Lat>34.513925</Lat>
    <Lon>58.707589</Lon>
    <Dis>2326.331</Dis>
    <Cta>311</Cta>
    <CodSec>18</CodSec>
  </S>
  <S>
    <Calle>SM-25</Calle>
    <Lat>34.499612</Lat>
    <Lon>58.694119</Lon>
    <Dis>0</Dis>
    <Cta>456</Cta>
    <CodSec>18</CodSec>
  </S>
</Sector>