<?xml version="1.0" standalone="yes"?>
<Version>
  <xs:schema id="Version" xmlns="" xmlns:xs="http://www.w3.org/2001/XMLSchema" xmlns:msdata="urn:schemas-microsoft-com:xml-msdata">
    <xs:element name="Version" msdata:IsDataSet="true" msdata:UseCurrentLocale="true">
      <xs:complexType>
        <xs:choice minOccurs="0" maxOccurs="unbounded">
          <xs:element name="datosVersion">
            <xs:complexType>
              <xs:sequence>
                <xs:element name="nroVersion" type="xs:int" minOccurs="0" />
                <xs:element name="fechaActivacion" type="xs:dateTime" minOccurs="0" />
              </xs:sequence>
            </xs:complexType>
          </xs:element>
          <xs:element name="archivos">
            <xs:complexType>
              <xs:sequence>
                <xs:element name="archivo" type="xs:string" minOccurs="0" />
                <xs:element name="hash" type="xs:string" minOccurs="0" />
              </xs:sequence>
            </xs:complexType>
          </xs:element>
        </xs:choice>
      </xs:complexType>
    </xs:element>
  </xs:schema>
  <datosVersion>
    <nroVersion>52</nroVersion>
    <fechaActivacion>2022-08-01T00:00:00-03:00</fechaActivacion>
  </datosVersion>
  <archivos>
    <archivo>s01660896.xml</archivo>
    <hash>92F8FCC01DEE99DC08A186A24A0F9A01</hash>
  </archivos>
  <archivos>
    <archivo>s01661075.xml</archivo>
    <hash>B408B15D9126541B7CF5E66A396E48EA</hash>
  </archivos>
  <archivos>
    <archivo>s01661076.xml</archivo>
    <hash>0DBA5FFB156CF00DBE89E91DFBCF59FE</hash>
  </archivos>
  <archivos>
    <archivo>s01661077.xml</archivo>
    <hash>AD6EB330ADF3A90CD39F06499D70344F</hash>
  </archivos>
  <archivos>
    <archivo>s01661078.xml</archivo>
    <hash>04C5342AFB66841077D20194697F8C96</hash>
  </archivos>
  <archivos>
    <archivo>s01661080.xml</archivo>
    <hash>750EE365FA00E422DCF0901CEA73207F</hash>
  </archivos>
  <archivos>
    <archivo>s01661081.xml</archivo>
    <hash>8661839AA01E6ED9596EC7AEB991FDD8</hash>
  </archivos>
  <archivos>
    <archivo>s01661082.xml</archivo>
    <hash>071E1C0EECA58B5D8912BA480B2EA49C</hash>
  </archivos>
  <archivos>
    <archivo>s01661083.xml</archivo>
    <hash>38AD7E56B2775E44F0566D7BC8956C66</hash>
  </archivos>
  <archivos>
    <archivo>s01661084.xml</archivo>
    <hash>D3027A8DF85B73680E2333A9EA7540E6</hash>
  </archivos>
  <archivos>
    <archivo>s01661085.xml</archivo>
    <hash>14119251F9E5C25A223D20B0EBC6466F</hash>
  </archivos>
  <archivos>
    <archivo>s01661087.xml</archivo>
    <hash>1EF6E3616380704D8C85EB86CF13ED11</hash>
  </archivos>
  <archivos>
    <archivo>s01662784.xml</archivo>
    <hash>8E3DDB54476C5DADBD4B71C72719B3EE</hash>
  </archivos>
  <archivos>
    <archivo>s01662785.xml</archivo>
    <hash>7EE7E63C997025E93FE95E5B41411017</hash>
  </archivos>
  <archivos>
    <archivo>s01662786.xml</archivo>
    <hash>C3A1AC61E5E93262C72A70615C68D794</hash>
  </archivos>
  <archivos>
    <archivo>s01662787.xml</archivo>
    <hash>5BDBB0054F132ECF357754C667EB47E9</hash>
  </archivos>
  <archivos>
    <archivo>s01662788.xml</archivo>
    <hash>E246B5EF54FA84267FE78F124F81FF03</hash>
  </archivos>
  <archivos>
    <archivo>s01662789.xml</archivo>
    <hash>8B2B7EE1EBC87DDA608F985D42D295D9</hash>
  </archivos>
  <archivos>
    <archivo>s01662790.xml</archivo>
    <hash>CDA9FBD368C60365AD1764D8B6692AE5</hash>
  </archivos>
  <archivos>
    <archivo>s01662791.xml</archivo>
    <hash>3D275557C7978C5FD25952CFB593C001</hash>
  </archivos>
  <archivos>
    <archivo>s01662792.xml</archivo>
    <hash>15E8027406ED73EFD4E2307B04A45F36</hash>
  </archivos>
  <archivos>
    <archivo>s01662798.xml</archivo>
    <hash>BED9C4589DB110F645E548AEE11EF0B0</hash>
  </archivos>
  <archivos>
    <archivo>s01662800.xml</archivo>
    <hash>99D9988A998193C7B500CC237BCBFAFF</hash>
  </archivos>
  <archivos>
    <archivo>s01662801.xml</archivo>
    <hash>7419C6B95331639B1AAEC8FB98BD3D25</hash>
  </archivos>
  <archivos>
    <archivo>s01662802.xml</archivo>
    <hash>1FB2CC97B9BF9CED6D6F0F51262B5DA4</hash>
  </archivos>
  <archivos>
    <archivo>s01662828.xml</archivo>
    <hash>74A2571513156D6B64B4A7A989BE70A0</hash>
  </archivos>
  <archivos>
    <archivo>s01662829.xml</archivo>
    <hash>8C6902862BED3E8B651000B15BEC1EB1</hash>
  </archivos>
  <archivos>
    <archivo>s01662830.xml</archivo>
    <hash>E18150C0B6E6FC3685C4DCA769F28AD0</hash>
  </archivos>
  <archivos>
    <archivo>s01662832.xml</archivo>
    <hash>BC2B9A6860178B7AB2D8E7998E114FDB</hash>
  </archivos>
  <archivos>
    <archivo>s01662834.xml</archivo>
    <hash>71E3439C572F78748887FCEC94A01855</hash>
  </archivos>
  <archivos>
    <archivo>s01662836.xml</archivo>
    <hash>A97E1F970466754FF2FF82ED4434D33E</hash>
  </archivos>
  <archivos>
    <archivo>s01662849.xml</archivo>
    <hash>2AE27A9B79D077BDB34C12CE9713C719</hash>
  </archivos>
  <archivos>
    <archivo>s01662850.xml</archivo>
    <hash>F7CEF4FCAF0FACFCD3FFB5642A5FB2BD</hash>
  </archivos>
  <archivos>
    <archivo>s01662853.xml</archivo>
    <hash>60BA80FEEBAE85872B4E2BA3F40BAB28</hash>
  </archivos>
  <archivos>
    <archivo>s01662897.xml</archivo>
    <hash>201D41CB09126F6FDFA7294D739610B9</hash>
  </archivos>
  <archivos>
    <archivo>s01662985.xml</archivo>
    <hash>524E21C0BD883FC49218C0C328A8CC3F</hash>
  </archivos>
  <archivos>
    <archivo>s01662986.xml</archivo>
    <hash>0BF494EFEE94C64635E4C75943F63584</hash>
  </archivos>
  <archivos>
    <archivo>s01663047.xml</archivo>
    <hash>223A508DFC609588953CB42B9E2E7BA6</hash>
  </archivos>
  <archivos>
    <archivo>s01663048.xml</archivo>
    <hash>757A9FE4F9141A6CD92F091DDA642FD1</hash>
  </archivos>
  <archivos>
    <archivo>s01663087.xml</archivo>
    <hash>864A2A6ABE2C7D9C575C3F269BB3E82C</hash>
  </archivos>
  <archivos>
    <archivo>s01663088.xml</archivo>
    <hash>24E30D67B704C44F81C4527838854EF3</hash>
  </archivos>
  <archivos>
    <archivo>s01663090.xml</archivo>
    <hash>377345A098BD4533F143674222DCF67A</hash>
  </archivos>
  <archivos>
    <archivo>s01663093.xml</archivo>
    <hash>16F00F82EBAEC7E28ABD2056029DB031</hash>
  </archivos>
  <archivos>
    <archivo>s01663102.xml</archivo>
    <hash>9C5DAAE56AAD45D3AE9DFD14F7420E7B</hash>
  </archivos>
  <archivos>
    <archivo>s01663103.xml</archivo>
    <hash>FE2B861F605DC4EC1F36BE757C16BAB0</hash>
  </archivos>
  <archivos>
    <archivo>s01663106.xml</archivo>
    <hash>C1EAE5CD0DA6422028D6707A123EC95E</hash>
  </archivos>
  <archivos>
    <archivo>s01663109.xml</archivo>
    <hash>4A909C9D60D5DB8FFF904F818C359488</hash>
  </archivos>
  <archivos>
    <archivo>s01663116.xml</archivo>
    <hash>929162B62C7885228D979941A85D34DF</hash>
  </archivos>
  <archivos>
    <archivo>s01663117.xml</archivo>
    <hash>1E54CE5907D605243457111648896907</hash>
  </archivos>
  <archivos>
    <archivo>s01663118.xml</archivo>
    <hash>32AEF7774D1854DB7DC4EEF32E8B43D5</hash>
  </archivos>
  <archivos>
    <archivo>s01663119.xml</archivo>
    <hash>EBDCE8B076530C136813C50ECCF82B55</hash>
  </archivos>
  <archivos>
    <archivo>s01663143.xml</archivo>
    <hash>D46F2FCD636D5D5C7ED6E29ECDDA70EB</hash>
  </archivos>
  <archivos>
    <archivo>s01663144.xml</archivo>
    <hash>0F3F97DF6817C2D9C7EBE26F509D6337</hash>
  </archivos>
  <archivos>
    <archivo>s01663149.xml</archivo>
    <hash>BFF46919C88B2531B5FE9AE14F71A50D</hash>
  </archivos>
  <archivos>
    <archivo>s01663151.xml</archivo>
    <hash>7F37DF775DEB11127F62E075C7F260B4</hash>
  </archivos>
  <archivos>
    <archivo>s01663152.xml</archivo>
    <hash>B6F0096D2EFEB9A9D0506206A7C3AE4B</hash>
  </archivos>
  <archivos>
    <archivo>s01663153.xml</archivo>
    <hash>ACD6C6C2169C08FD89DBF9414CC53885</hash>
  </archivos>
  <archivos>
    <archivo>s01663158.xml</archivo>
    <hash>A23CC87CF0573B275A3351E7A66742BB</hash>
  </archivos>
  <archivos>
    <archivo>s01663159.xml</archivo>
    <hash>1CA2C275274542ED9149543CFC8D2522</hash>
  </archivos>
  <archivos>
    <archivo>s01663162.xml</archivo>
    <hash>3A750DB176685DF54C43AF3E82E46390</hash>
  </archivos>
  <archivos>
    <archivo>s01663163.xml</archivo>
    <hash>60F4BEC5E9C1E2C10236BEADAC6AA673</hash>
  </archivos>
  <archivos>
    <archivo>s01663164.xml</archivo>
    <hash>6482B10986ED519DEE45E062B7DEB062</hash>
  </archivos>
  <archivos>
    <archivo>s01663168.xml</archivo>
    <hash>6B65884AC5C6F7010C4B337686B37C01</hash>
  </archivos>
  <archivos>
    <archivo>s01663170.xml</archivo>
    <hash>D1D3F52CA8214F003C8EDF3C15C87481</hash>
  </archivos>
  <archivos>
    <archivo>s01663171.xml</archivo>
    <hash>EC60AFA97AC71088752790C95EF640E1</hash>
  </archivos>
  <archivos>
    <archivo>s01663173.xml</archivo>
    <hash>C4574A71942ED59F0E2CCF0FAEF4A096</hash>
  </archivos>
  <archivos>
    <archivo>s01663174.xml</archivo>
    <hash>FCEB060ECC86AA969E4241CFEF93BC63</hash>
  </archivos>
  <archivos>
    <archivo>s01663175.xml</archivo>
    <hash>1D8A8777AD28BAE4C5767169629F4C71</hash>
  </archivos>
  <archivos>
    <archivo>s01663178.xml</archivo>
    <hash>93D5E0DC0C20632A66D33E67C3EFCAB8</hash>
  </archivos>
  <archivos>
    <archivo>s01663179.xml</archivo>
    <hash>9E212B8EF46B026C7AABEB79EFFA86F8</hash>
  </archivos>
  <archivos>
    <archivo>s01663180.xml</archivo>
    <hash>53CC2265399727B9D16E0A93E11F574B</hash>
  </archivos>
  <archivos>
    <archivo>s01663184.xml</archivo>
    <hash>43D1344E5631B5ADC7081E78F5498BB2</hash>
  </archivos>
  <archivos>
    <archivo>s01663185.xml</archivo>
    <hash>FBA7D64C7AA987E8E5DBEA0ABE2AD830</hash>
  </archivos>
  <archivos>
    <archivo>s01663186.xml</archivo>
    <hash>8F25215934F1BCD49532FE4836A362B4</hash>
  </archivos>
  <archivos>
    <archivo>s01663187.xml</archivo>
    <hash>9E45BFA26756F2486F23B0306FC660C4</hash>
  </archivos>
  <archivos>
    <archivo>s01663190.xml</archivo>
    <hash>D792A11A2E8B21F6D67B4F82C0BFCBF8</hash>
  </archivos>
  <archivos>
    <archivo>s01663191.xml</archivo>
    <hash>EC2A1E105419A4F6FB7D36F7FD531961</hash>
  </archivos>
  <archivos>
    <archivo>s01663192.xml</archivo>
    <hash>C5FB0E9E950843EDC545976A6B931C86</hash>
  </archivos>
  <archivos>
    <archivo>s01663195.xml</archivo>
    <hash>8A58418D2FE4C8A4DE0204851AA72970</hash>
  </archivos>
  <archivos>
    <archivo>s01663196.xml</archivo>
    <hash>2BD042B71814C941751DA7D116208E66</hash>
  </archivos>
  <archivos>
    <archivo>s01663197.xml</archivo>
    <hash>8B0977C4E31DF2D78601C145E9D07C1E</hash>
  </archivos>
  <archivos>
    <archivo>s01663202.xml</archivo>
    <hash>CB9FC88383CFCDD15B9C1C854C0DF153</hash>
  </archivos>
  <archivos>
    <archivo>s01663203.xml</archivo>
    <hash>549CC2AAD75EC764449461FCC468DB46</hash>
  </archivos>
  <archivos>
    <archivo>s01663206.xml</archivo>
    <hash>8A4CE3D8E1726B19C6E0598DBB8F64EB</hash>
  </archivos>
  <archivos>
    <archivo>s01663207.xml</archivo>
    <hash>3CA7BBE683DB1919D89D7F48A8B90C95</hash>
  </archivos>
  <archivos>
    <archivo>s01663208.xml</archivo>
    <hash>B1F949C153B5FD44B72546592934BEC8</hash>
  </archivos>
  <archivos>
    <archivo>s01663211.xml</archivo>
    <hash>37289B61350AD6AAC3F51D1F066434D7</hash>
  </archivos>
  <archivos>
    <archivo>s01663214.xml</archivo>
    <hash>9F79DA9EF02C6447BE920A2022E6533B</hash>
  </archivos>
  <archivos>
    <archivo>s01663215.xml</archivo>
    <hash>1FC3DE094D7B47E213EB24AF656495E2</hash>
  </archivos>
  <archivos>
    <archivo>s01663217.xml</archivo>
    <hash>C279A07C6FA451F36A4D2748999DBCD4</hash>
  </archivos>
  <archivos>
    <archivo>s01663218.xml</archivo>
    <hash>E6C0D9008FB60E77C304D3B874CC362C</hash>
  </archivos>
  <archivos>
    <archivo>s01663220.xml</archivo>
    <hash>C0AAF721F6D6424B7F81C3877B966C21</hash>
  </archivos>
  <archivos>
    <archivo>s01663221.xml</archivo>
    <hash>13A7030B5CDB1B811A24BCB79AE33925</hash>
  </archivos>
  <archivos>
    <archivo>s01663222.xml</archivo>
    <hash>90CA32305158E925F9DC04D810B94A5F</hash>
  </archivos>
  <archivos>
    <archivo>s01663223.xml</archivo>
    <hash>1631A32EC3328FC765BC08A7B527E551</hash>
  </archivos>
  <archivos>
    <archivo>s01663224.xml</archivo>
    <hash>962E61CE50F6D527C6C08EEE60785916</hash>
  </archivos>
  <archivos>
    <archivo>s01663234.xml</archivo>
    <hash>C5AE785B49C066060DE18A90995F66B6</hash>
  </archivos>
  <archivos>
    <archivo>s01663235.xml</archivo>
    <hash>32119C9BCC1A30E56028A9B72EF26C4D</hash>
  </archivos>
  <archivos>
    <archivo>s01663241.xml</archivo>
    <hash>429C279F10CBA54B794B7DD2A234E46A</hash>
  </archivos>
  <archivos>
    <archivo>s01663249.xml</archivo>
    <hash>C12850ED1C89E0096FFB41E9DCDC4BFC</hash>
  </archivos>
  <archivos>
    <archivo>s01663268.xml</archivo>
    <hash>9F7CB1482B7942A782B6CD96B16E8DF3</hash>
  </archivos>
  <archivos>
    <archivo>s01663269.xml</archivo>
    <hash>9A607D7C6A54A16C419CE3526BEBAFF1</hash>
  </archivos>
  <archivos>
    <archivo>r01660896.txt</archivo>
    <hash>31A848016F822B1F8BE37ACD1595F317</hash>
  </archivos>
  <archivos>
    <archivo>r01661075.txt</archivo>
    <hash>C38B7082DF49559E25ACB908DB778B9A</hash>
  </archivos>
  <archivos>
    <archivo>r01661076.txt</archivo>
    <hash>E83DF374D244B52A3D032B41CCF95FBB</hash>
  </archivos>
  <archivos>
    <archivo>r01661077.txt</archivo>
    <hash>C2CB6D9241F0D3A6720D11B9D95B5E62</hash>
  </archivos>
  <archivos>
    <archivo>r01661078.txt</archivo>
    <hash>0C7CB5239327A65516E9DC07683D3829</hash>
  </archivos>
  <archivos>
    <archivo>r01661080.txt</archivo>
    <hash>635DBF1F4E3900BDE952430B38985193</hash>
  </archivos>
  <archivos>
    <archivo>r01661081.txt</archivo>
    <hash>CF1D3CC0742638D4BF98FF00D75E1226</hash>
  </archivos>
  <archivos>
    <archivo>r01661082.txt</archivo>
    <hash>8576735850F51C00474A0E5700DABEE9</hash>
  </archivos>
  <archivos>
    <archivo>r01661083.txt</archivo>
    <hash>0CF71C0187286DB90370AC0B1D6D1FF6</hash>
  </archivos>
  <archivos>
    <archivo>r01661084.txt</archivo>
    <hash>AE5EC57ADD21DB1C2B31B75EA5BE490A</hash>
  </archivos>
  <archivos>
    <archivo>r01661085.txt</archivo>
    <hash>F8FB26BCA7CED9F0F012F7DC8D667521</hash>
  </archivos>
  <archivos>
    <archivo>r01661087.txt</archivo>
    <hash>C694A5582221FE37DE6980E28D0B438F</hash>
  </archivos>
  <archivos>
    <archivo>r01662784.txt</archivo>
    <hash>CE04790B345B6AE9B0CCA27D708E655F</hash>
  </archivos>
  <archivos>
    <archivo>r01662785.txt</archivo>
    <hash>7679075CB40CB36D0D51A8DD33EEE4BE</hash>
  </archivos>
  <archivos>
    <archivo>r01662786.txt</archivo>
    <hash>8777E02BEB390AD2AF48CBB22D42552E</hash>
  </archivos>
  <archivos>
    <archivo>r01662787.txt</archivo>
    <hash>3F5C8605C39F15B1FCB99F2A1A6FD583</hash>
  </archivos>
  <archivos>
    <archivo>r01662788.txt</archivo>
    <hash>F0A2EDC96CCB8CDF9A7C5ECD99231331</hash>
  </archivos>
  <archivos>
    <archivo>r01662789.txt</archivo>
    <hash>D10F7AB37AA4CCFD881C2BE381DFCA28</hash>
  </archivos>
  <archivos>
    <archivo>r01662790.txt</archivo>
    <hash>09D6739890EF5AF1253381A24A2AD5D0</hash>
  </archivos>
  <archivos>
    <archivo>r01662791.txt</archivo>
    <hash>9B38F8D55B2F8693F087F678EF518F89</hash>
  </archivos>
  <archivos>
    <archivo>r01662792.txt</archivo>
    <hash>5D9F5837B3A43CE98DE586141B019ED3</hash>
  </archivos>
  <archivos>
    <archivo>r01662798.txt</archivo>
    <hash>719BA3192D89DAE91650E8C60EF7EF72</hash>
  </archivos>
  <archivos>
    <archivo>r01662800.txt</archivo>
    <hash>403F42E900BBB84DD5CBAA618B9E5079</hash>
  </archivos>
  <archivos>
    <archivo>r01662801.txt</archivo>
    <hash>9BDBC1688E1E97D8F8090D91A1FC9D9B</hash>
  </archivos>
  <archivos>
    <archivo>r01662802.txt</archivo>
    <hash>4254AEAAEEEDC6B92063D4F5AD4EC107</hash>
  </archivos>
  <archivos>
    <archivo>r01662828.txt</archivo>
    <hash>562FEFE4FA66022B4BC31A1B64AAFCDA</hash>
  </archivos>
  <archivos>
    <archivo>r01662829.txt</archivo>
    <hash>691671B36A696FB87BF5E66CAD4380C8</hash>
  </archivos>
  <archivos>
    <archivo>r01662830.txt</archivo>
    <hash>A503614740B2F794D4006E38AD17E53A</hash>
  </archivos>
  <archivos>
    <archivo>r01662832.txt</archivo>
    <hash>0F69764C434130098195CC8C4CB94C9A</hash>
  </archivos>
  <archivos>
    <archivo>r01662834.txt</archivo>
    <hash>45F2F6397A13412E9CC07F330F965E57</hash>
  </archivos>
  <archivos>
    <archivo>r01662836.txt</archivo>
    <hash>F9FD32B34F0B59BCCF4478CD3455A79C</hash>
  </archivos>
  <archivos>
    <archivo>r01662849.txt</archivo>
    <hash>CF1AC156EBF908FD910113AB051C3DB0</hash>
  </archivos>
  <archivos>
    <archivo>r01662850.txt</archivo>
    <hash>AE4F763E9E3827B782A32A78E4919EDA</hash>
  </archivos>
  <archivos>
    <archivo>r01662853.txt</archivo>
    <hash>B7A0D9152EC1806F40052BB6C78D29E1</hash>
  </archivos>
  <archivos>
    <archivo>r01662897.txt</archivo>
    <hash>33AFAC75C0157032C0B57A47134C8B97</hash>
  </archivos>
  <archivos>
    <archivo>r01662985.txt</archivo>
    <hash>A567177D3B1FB3D051D205248A528D59</hash>
  </archivos>
  <archivos>
    <archivo>r01662986.txt</archivo>
    <hash>6DA42D4348737157AAA369EDE583AECC</hash>
  </archivos>
  <archivos>
    <archivo>r01663047.txt</archivo>
    <hash>F36B29FC5AD8B05E15FD49E53C17AEE0</hash>
  </archivos>
  <archivos>
    <archivo>r01663048.txt</archivo>
    <hash>D00E89FF70D664D6B1CCD562ED545276</hash>
  </archivos>
  <archivos>
    <archivo>r01663087.txt</archivo>
    <hash>1CA46E36CCBF76DD23DF760573DDA04C</hash>
  </archivos>
  <archivos>
    <archivo>r01663088.txt</archivo>
    <hash>3380861F9B46D04D7F8432C0A516D125</hash>
  </archivos>
  <archivos>
    <archivo>r01663090.txt</archivo>
    <hash>7A5107A79B17C4E59C155F15BE23C809</hash>
  </archivos>
  <archivos>
    <archivo>r01663093.txt</archivo>
    <hash>9FF62E739483AA6EFFB15A239C0B3F5F</hash>
  </archivos>
  <archivos>
    <archivo>r01663102.txt</archivo>
    <hash>DBD8810BD3CC5815D585CFB8D9FD3DF1</hash>
  </archivos>
  <archivos>
    <archivo>r01663103.txt</archivo>
    <hash>F5BD9E24666113B2CED309427852F679</hash>
  </archivos>
  <archivos>
    <archivo>r01663106.txt</archivo>
    <hash>C6CD1C5B4524BE96C0D7E3AEF3B4F7FE</hash>
  </archivos>
  <archivos>
    <archivo>r01663109.txt</archivo>
    <hash>6877709360095E7E300B1899EDE57C50</hash>
  </archivos>
  <archivos>
    <archivo>r01663116.txt</archivo>
    <hash>11D573965005727529139F8D0C83183B</hash>
  </archivos>
  <archivos>
    <archivo>r01663117.txt</archivo>
    <hash>F967A9D428F16C65F196C2C596A8EBBC</hash>
  </archivos>
  <archivos>
    <archivo>r01663118.txt</archivo>
    <hash>3225B5A34EDF10EBAEB76E650C1594FD</hash>
  </archivos>
  <archivos>
    <archivo>r01663119.txt</archivo>
    <hash>A7F03D725E05D6FC6663E2467058848B</hash>
  </archivos>
  <archivos>
    <archivo>r01663143.txt</archivo>
    <hash>36BBA1C82EDEE3F5A31CA2091BA5A8AE</hash>
  </archivos>
  <archivos>
    <archivo>r01663144.txt</archivo>
    <hash>635F7AD71CDA1472F68A3D924BAF42B3</hash>
  </archivos>
  <archivos>
    <archivo>r01663149.txt</archivo>
    <hash>ECAAB18BD33F196A35706313A09DE005</hash>
  </archivos>
  <archivos>
    <archivo>r01663151.txt</archivo>
    <hash>E6A42ABCB1C296C1E18EF01585E12E42</hash>
  </archivos>
  <archivos>
    <archivo>r01663152.txt</archivo>
    <hash>3E6FDAA47BEAA47FE238C23B86B46A27</hash>
  </archivos>
  <archivos>
    <archivo>r01663153.txt</archivo>
    <hash>13EAAF87AEB39E51D2025D5D161CBA83</hash>
  </archivos>
  <archivos>
    <archivo>r01663158.txt</archivo>
    <hash>0DBDE6B6A594A1BDF4F4CFC6F008608E</hash>
  </archivos>
  <archivos>
    <archivo>r01663159.txt</archivo>
    <hash>F0C43A55E04217DCA3A9FE70C129960B</hash>
  </archivos>
  <archivos>
    <archivo>r01663162.txt</archivo>
    <hash>9E1DE5B405F2522487F6DBDFC81F9679</hash>
  </archivos>
  <archivos>
    <archivo>r01663163.txt</archivo>
    <hash>CE1B66BD8BF28AE8E840471F086511D7</hash>
  </archivos>
  <archivos>
    <archivo>r01663164.txt</archivo>
    <hash>FE264AAE7E2B32D4902D111D489696F2</hash>
  </archivos>
  <archivos>
    <archivo>r01663168.txt</archivo>
    <hash>DE22C9DB5045236D16C19565A4522568</hash>
  </archivos>
  <archivos>
    <archivo>r01663170.txt</archivo>
    <hash>6D5CFDD5D156D1218A130015D180F1EF</hash>
  </archivos>
  <archivos>
    <archivo>r01663171.txt</archivo>
    <hash>3374BFD38C796A3B745AD485FCDCBD55</hash>
  </archivos>
  <archivos>
    <archivo>r01663173.txt</archivo>
    <hash>41DAB2A56055605C45D7C978A82D6B5D</hash>
  </archivos>
  <archivos>
    <archivo>r01663174.txt</archivo>
    <hash>C319B5945B72769BFC68193973567A8B</hash>
  </archivos>
  <archivos>
    <archivo>r01663175.txt</archivo>
    <hash>FFC3916C08F96B5E0655CFAE7119E08A</hash>
  </archivos>
  <archivos>
    <archivo>r01663178.txt</archivo>
    <hash>0FA6DA06C1C7268F2407ABD6B9284D3E</hash>
  </archivos>
  <archivos>
    <archivo>r01663179.txt</archivo>
    <hash>90D921C446DB75DC95F3AF12BE4ADC9B</hash>
  </archivos>
  <archivos>
    <archivo>r01663180.txt</archivo>
    <hash>FB27F071198764742A7D982CF057D127</hash>
  </archivos>
  <archivos>
    <archivo>r01663184.txt</archivo>
    <hash>7B92DADECF33C0DA38595A51D9F70490</hash>
  </archivos>
  <archivos>
    <archivo>r01663185.txt</archivo>
    <hash>5EBBAEC0602CAA0628382BD2833A3AAD</hash>
  </archivos>
  <archivos>
    <archivo>r01663186.txt</archivo>
    <hash>82EFCD2A8C289D7B281EEC68FE7820C7</hash>
  </archivos>
  <archivos>
    <archivo>r01663187.txt</archivo>
    <hash>E2E6748491F0445C857ACF92FD8F1219</hash>
  </archivos>
  <archivos>
    <archivo>r01663190.txt</archivo>
    <hash>0B79C0EA50FE5CCFCDFA1A8238D03706</hash>
  </archivos>
  <archivos>
    <archivo>r01663191.txt</archivo>
    <hash>A274A29927CC015329011E32178FEEC8</hash>
  </archivos>
  <archivos>
    <archivo>r01663192.txt</archivo>
    <hash>62B1A07DA8488E50F7B7DF48D77BD179</hash>
  </archivos>
  <archivos>
    <archivo>r01663195.txt</archivo>
    <hash>8C6362DEFD7E6D42D8F4DB320C93F018</hash>
  </archivos>
  <archivos>
    <archivo>r01663196.txt</archivo>
    <hash>73A3BC8AE60AEF3816E4752E313839A5</hash>
  </archivos>
  <archivos>
    <archivo>r01663197.txt</archivo>
    <hash>7B4ACAB188F9BE007BE16F24B9D46D2A</hash>
  </archivos>
  <archivos>
    <archivo>r01663202.txt</archivo>
    <hash>61804E24626539BDBABF284D7276866D</hash>
  </archivos>
  <archivos>
    <archivo>r01663203.txt</archivo>
    <hash>8A9A5365F748EC96F6CA7F096664C753</hash>
  </archivos>
  <archivos>
    <archivo>r01663206.txt</archivo>
    <hash>9ADF9C1965A6C7100A8DDD00C1CD0F96</hash>
  </archivos>
  <archivos>
    <archivo>r01663207.txt</archivo>
    <hash>D8CDE3B313017CDEBBBA8009352E7D3A</hash>
  </archivos>
  <archivos>
    <archivo>r01663208.txt</archivo>
    <hash>58E7E74170ACFCEC76E68AA248706FC8</hash>
  </archivos>
  <archivos>
    <archivo>r01663211.txt</archivo>
    <hash>C58DFF5D2BA08DC12D25B01F6A04DE58</hash>
  </archivos>
  <archivos>
    <archivo>r01663214.txt</archivo>
    <hash>00F633C307C6DE1B6ECAB0CC2E43C069</hash>
  </archivos>
  <archivos>
    <archivo>r01663215.txt</archivo>
    <hash>8EFF3F02764CFDDADEA3E43F6F1733B1</hash>
  </archivos>
  <archivos>
    <archivo>r01663217.txt</archivo>
    <hash>442A7FEEF4E64E65F12A1254D2B0A643</hash>
  </archivos>
  <archivos>
    <archivo>r01663218.txt</archivo>
    <hash>59530697FF84282B3BB9417D46837DBD</hash>
  </archivos>
  <archivos>
    <archivo>r01663220.txt</archivo>
    <hash>9C30E142065E42606AEA758A415F42F2</hash>
  </archivos>
  <archivos>
    <archivo>r01663221.txt</archivo>
    <hash>C34379CD309ADF7B8ADF6B6475FF75F2</hash>
  </archivos>
  <archivos>
    <archivo>r01663222.txt</archivo>
    <hash>2C870E316A6772438AF9107EDA3AAB0E</hash>
  </archivos>
  <archivos>
    <archivo>r01663223.txt</archivo>
    <hash>C35A24A6F6DFA8E997ED01BFF16B4F28</hash>
  </archivos>
  <archivos>
    <archivo>r01663224.txt</archivo>
    <hash>D52F2588BD17F23AA457B8441315C362</hash>
  </archivos>
  <archivos>
    <archivo>r01663234.txt</archivo>
    <hash>B9BEBAB8D0419A203180B3061A2D0FBE</hash>
  </archivos>
  <archivos>
    <archivo>r01663235.txt</archivo>
    <hash>6410F2E5FA769F1A83D9ED379E57AE1E</hash>
  </archivos>
  <archivos>
    <archivo>r01663241.txt</archivo>
    <hash>9E346E7211744B78865723B4EBBDD45B</hash>
  </archivos>
  <archivos>
    <archivo>r01663249.txt</archivo>
    <hash>BCCB1BB5E658AE7E0CF5BC313C47DECC</hash>
  </archivos>
  <archivos>
    <archivo>r01663268.txt</archivo>
    <hash>0F44E069DB33B1A54206FAD7D5805692</hash>
  </archivos>
  <archivos>
    <archivo>r01663269.txt</archivo>
    <hash>0FF31632D64B586636B004C35A352935</hash>
  </archivos>
  <archivos>
    <archivo>sectoresTarifarios.xml</archivo>
    <hash>A3B8E1BA143582E6D4A8732D8B4ECA53</hash>
  </archivos>
</Version>