<?xml version="1.0" standalone="yes"?>
<Sector>
  <xs:schema id="Sector" xmlns="" xmlns:xs="http://www.w3.org/2001/XMLSchema" xmlns:msdata="urn:schemas-microsoft-com:xml-msdata">
    <xs:element name="Sector" msdata:IsDataSet="true" msdata:Locale="">
      <xs:complexType>
        <xs:choice minOccurs="0" maxOccurs="unbounded">
          <xs:element name="S" msdata:Locale="">
            <xs:complexType>
              <xs:sequence>
                <xs:element name="Calle" type="xs:string" minOccurs="0" />
                <xs:element name="Lat" type="xs:decimal" minOccurs="0" />
                <xs:element name="Lon" type="xs:decimal" minOccurs="0" />
                <xs:element name="Dis" type="xs:decimal" minOccurs="0" />
                <xs:element name="Cta" type="xs:int" minOccurs="0" />
                <xs:element name="CodSec" type="xs:int" minOccurs="0" />
              </xs:sequence>
            </xs:complexType>
          </xs:element>
        </xs:choice>
      </xs:complexType>
    </xs:element>
  </xs:schema>
  <S>
    <Calle>SJER1</Calle>
    <Lat>32.883599</Lat>
    <Lon>61.031585</Lon>
    <Dis>2027.046</Dis>
    <Cta>1</Cta>
    <CodSec>201</CodSec>
  </S>
  <S>
    <Calle>SJER2</Calle>
    <Lat>32.885749</Lat>
    <Lon>61.019846</Lon>
    <Dis>7751.099</Dis>
    <Cta>123</Cta>
    <CodSec>201</CodSec>
  </S>
  <S>
    <Calle>CEM.R</Calle>
    <Lat>32.900104</Lat>
    <Lon>60.938858</Lon>
    <Dis>2878.238</Dis>
    <Cta>418</Cta>
    <CodSec>32</CodSec>
  </S>
  <S>
    <Calle>URQUI</Calle>
    <Lat>32.905552</Lat>
    <Lon>60.908821</Lon>
    <Dis>3937.937</Dis>
    <Cta>557</Cta>
    <CodSec>32</CodSec>
  </S>
  <S>
    <Calle>S.SEB</Calle>
    <Lat>32.912800</Lat>
    <Lon>60.868016</Lon>
    <Dis>2318.985</Dis>
    <Cta>814</Cta>
    <CodSec>30</CodSec>
  </S>
  <S>
    <Calle>HERNA</Calle>
    <Lat>32.916349</Lat>
    <Lon>60.843630</Lon>
    <Dis>2742.005</Dis>
    <Cta>945</Cta>
    <CodSec>30</CodSec>
  </S>
  <S>
    <Calle>ELORZ</Calle>
    <Lat>32.920772</Lat>
    <Lon>60.814883</Lon>
    <Dis>3180.556</Dis>
    <Cta>1105</Cta>
    <CodSec>30</CodSec>
  </S>
  <S>
    <Calle>P.SOL</Calle>
    <Lat>32.924154</Lat>
    <Lon>60.781343</Lon>
    <Dis>0</Dis>
    <Cta>1293</Cta>
    <CodSec>30</CodSec>
  </S>
</Sector>