<?xml version="1.0" standalone="yes"?>
<Sector>
  <xs:schema id="Sector" xmlns="" xmlns:xs="http://www.w3.org/2001/XMLSchema" xmlns:msdata="urn:schemas-microsoft-com:xml-msdata">
    <xs:element name="Sector" msdata:IsDataSet="true" msdata:Locale="">
      <xs:complexType>
        <xs:choice minOccurs="0" maxOccurs="unbounded">
          <xs:element name="S" msdata:Locale="">
            <xs:complexType>
              <xs:sequence>
                <xs:element name="Calle" type="xs:string" minOccurs="0" />
                <xs:element name="Lat" type="xs:decimal" minOccurs="0" />
                <xs:element name="Lon" type="xs:decimal" minOccurs="0" />
                <xs:element name="Dis" type="xs:decimal" minOccurs="0" />
                <xs:element name="Cta" type="xs:int" minOccurs="0" />
                <xs:element name="CodSec" type="xs:int" minOccurs="0" />
              </xs:sequence>
            </xs:complexType>
          </xs:element>
        </xs:choice>
      </xs:complexType>
    </xs:element>
  </xs:schema>
  <S>
    <Calle>C.GOM</Calle>
    <Lat>32.812494</Lat>
    <Lon>61.396751</Lon>
    <Dis>2893.424</Dis>
    <Cta>1</Cta>
    <CodSec>204</CodSec>
  </S>
  <S>
    <Calle>C.GO1</Calle>
    <Lat>32.805672</Lat>
    <Lon>61.421313</Lon>
    <Dis>11730.573</Dis>
    <Cta>147</Cta>
    <CodSec>204</CodSec>
  </S>
  <S>
    <Calle>RU178</Calle>
    <Lat>32.784006</Lat>
    <Lon>61.543343</Lon>
    <Dis>12271.323</Dis>
    <Cta>643</Cta>
    <CodSec>205</CodSec>
  </S>
  <S>
    <Calle>PAREJ</Calle>
    <Lat>32.681908</Lat>
    <Lon>61.520586</Lon>
    <Dis>0</Dis>
    <Cta>1171</Cta>
    <CodSec>206</CodSec>
  </S>
</Sector>