<?xml version="1.0" standalone="yes"?>
<Sector>
  <xs:schema id="Sector" xmlns="" xmlns:xs="http://www.w3.org/2001/XMLSchema" xmlns:msdata="urn:schemas-microsoft-com:xml-msdata">
    <xs:element name="Sector" msdata:IsDataSet="true" msdata:Locale="">
      <xs:complexType>
        <xs:choice minOccurs="0" maxOccurs="unbounded">
          <xs:element name="S" msdata:Locale="">
            <xs:complexType>
              <xs:sequence>
                <xs:element name="Calle" type="xs:string" minOccurs="0" />
                <xs:element name="Lat" type="xs:decimal" minOccurs="0" />
                <xs:element name="Lon" type="xs:decimal" minOccurs="0" />
                <xs:element name="Dis" type="xs:decimal" minOccurs="0" />
                <xs:element name="Cta" type="xs:int" minOccurs="0" />
                <xs:element name="CodSec" type="xs:int" minOccurs="0" />
              </xs:sequence>
            </xs:complexType>
          </xs:element>
        </xs:choice>
      </xs:complexType>
    </xs:element>
  </xs:schema>
  <S>
    <Calle>MFIER</Calle>
    <Lat>34.649909</Lat>
    <Lon>58.790185</Lon>
    <Dis>383.677</Dis>
    <Cta>1</Cta>
    <CodSec>23</CodSec>
  </S>
  <S>
    <Calle>INDEP</Calle>
    <Lat>34.646935</Lat>
    <Lon>58.788943</Lon>
    <Dis>2409.973</Dis>
    <Cta>27</Cta>
    <CodSec>23</CodSec>
  </S>
  <S>
    <Calle>P.GAO</Calle>
    <Lat>34.627668</Lat>
    <Lon>58.778866</Lon>
    <Dis>2824.886</Dis>
    <Cta>168</Cta>
    <CodSec>22</CodSec>
  </S>
  <S>
    <Calle>PFIZR</Calle>
    <Lat>34.605215</Lat>
    <Lon>58.765185</Lon>
    <Dis>2686.743</Dis>
    <Cta>344</Cta>
    <CodSec>21</CodSec>
  </S>
  <S>
    <Calle>CCAST</Calle>
    <Lat>34.585561</Lat>
    <Lon>58.749567</Lon>
    <Dis>1883.957</Dis>
    <Cta>523</Cta>
    <CodSec>20</CodSec>
  </S>
  <S>
    <Calle>SBRIG</Calle>
    <Lat>34.570370</Lat>
    <Lon>58.743089</Lon>
    <Dis>1125.601</Dis>
    <Cta>641</Cta>
    <CodSec>19</CodSec>
  </S>
  <S>
    <Calle>PROSA</Calle>
    <Lat>34.562874</Lat>
    <Lon>58.735446</Lon>
    <Dis>2702.020</Dis>
    <Cta>715</Cta>
    <CodSec>19</CodSec>
  </S>
  <S>
    <Calle>FARIA</Calle>
    <Lat>34.545379</Lat>
    <Lon>58.715404</Lon>
    <Dis>1670.796</Dis>
    <Cta>879</Cta>
    <CodSec>18</CodSec>
  </S>
  <S>
    <Calle>PAVON</Calle>
    <Lat>34.534180</Lat>
    <Lon>58.703464</Lon>
    <Dis>843.289</Dis>
    <Cta>976</Cta>
    <CodSec>17</CodSec>
  </S>
  <S>
    <Calle>ESCLE</Calle>
    <Lat>34.528911</Lat>
    <Lon>58.697088</Lon>
    <Dis>2080.578</Dis>
    <Cta>1036</Cta>
    <CodSec>17</CodSec>
  </S>
  <S>
    <Calle>LOREN</Calle>
    <Lat>34.524141</Lat>
    <Lon>58.680241</Lon>
    <Dis>3737.191</Dis>
    <Cta>1160</Cta>
    <CodSec>16</CodSec>
  </S>
  <S>
    <Calle>DTORC</Calle>
    <Lat>34.503118</Lat>
    <Lon>58.648698</Lon>
    <Dis>996.958</Dis>
    <Cta>1362</Cta>
    <CodSec>15</CodSec>
  </S>
  <S>
    <Calle>CHIND</Calle>
    <Lat>34.500918</Lat>
    <Lon>58.642866</Lon>
    <Dis>2548.269</Dis>
    <Cta>1423</Cta>
    <CodSec>15</CodSec>
  </S>
  <S>
    <Calle>PANAM</Calle>
    <Lat>34.488395</Lat>
    <Lon>58.620735</Lon>
    <Dis>3223.619</Dis>
    <Cta>1573</Cta>
    <CodSec>14</CodSec>
  </S>
  <S>
    <Calle>COCAR</Calle>
    <Lat>34.471059</Lat>
    <Lon>58.596869</Lon>
    <Dis>2953.465</Dis>
    <Cta>1798</Cta>
    <CodSec>8</CodSec>
  </S>
  <S>
    <Calle>AcTIG</Calle>
    <Lat>34.453560</Lat>
    <Lon>58.576825</Lon>
    <Dis>2153.006</Dis>
    <Cta>1973</Cta>
    <CodSec>7</CodSec>
  </S>
  <S>
    <Calle>BESAR</Calle>
    <Lat>34.447030</Lat>
    <Lon>58.557325</Lon>
    <Dis>1905.497</Dis>
    <Cta>2122</Cta>
    <CodSec>7</CodSec>
  </S>
  <S>
    <Calle>SFER1</Calle>
    <Lat>34.435175</Lat>
    <Lon>58.566746</Lon>
    <Dis>2494.273</Dis>
    <Cta>2237</Cta>
    <CodSec>6</CodSec>
  </S>
  <S>
    <Calle>QUINT</Calle>
    <Lat>34.447256</Lat>
    <Lon>58.547047</Lon>
    <Dis>820.185</Dis>
    <Cta>2396</Cta>
    <CodSec>6</CodSec>
  </S>
  <S>
    <Calle>E.VIC</Calle>
    <Lat>34.451761</Lat>
    <Lon>58.540300</Lon>
    <Dis>3245.291</Dis>
    <Cta>2454</Cta>
    <CodSec>5</CodSec>
  </S>
  <S>
    <Calle>E.SIS</Calle>
    <Lat>34.471759</Lat>
    <Lon>58.515156</Lon>
    <Dis>2211.489</Dis>
    <Cta>2668</Cta>
    <CodSec>4</CodSec>
  </S>
  <S>
    <Calle>E.MAR</Calle>
    <Lat>34.487858</Lat>
    <Lon>58.501539</Lon>
    <Dis>2957.273</Dis>
    <Cta>2811</Cta>
    <CodSec>3</CodSec>
  </S>
  <S>
    <Calle>E.MIT</Calle>
    <Lat>34.512101</Lat>
    <Lon>58.490036</Lon>
    <Dis>1427.467</Dis>
    <Cta>3063</Cta>
    <CodSec>2</CodSec>
  </S>
  <S>
    <Calle>SMAR.</Calle>
    <Lat>34.523836</Lat>
    <Lon>58.483902</Lon>
    <Dis>1749.755</Dis>
    <Cta>3143</Cta>
    <CodSec>2</CodSec>
  </S>
  <S>
    <Calle>SAAVE</Calle>
    <Lat>34.538232</Lat>
    <Lon>58.476481</Lon>
    <Dis>0</Dis>
    <Cta>3247</Cta>
    <CodSec>1</CodSec>
  </S>
</Sector>