<?xml version="1.0" standalone="yes"?>
<Sector>
  <xs:schema id="Sector" xmlns="" xmlns:xs="http://www.w3.org/2001/XMLSchema" xmlns:msdata="urn:schemas-microsoft-com:xml-msdata">
    <xs:element name="Sector" msdata:IsDataSet="true" msdata:Locale="">
      <xs:complexType>
        <xs:choice minOccurs="0" maxOccurs="unbounded">
          <xs:element name="S" msdata:Locale="">
            <xs:complexType>
              <xs:sequence>
                <xs:element name="Calle" type="xs:string" minOccurs="0" />
                <xs:element name="Lat" type="xs:decimal" minOccurs="0" />
                <xs:element name="Lon" type="xs:decimal" minOccurs="0" />
                <xs:element name="Dis" type="xs:decimal" minOccurs="0" />
                <xs:element name="Cta" type="xs:int" minOccurs="0" />
                <xs:element name="CodSec" type="xs:int" minOccurs="0" />
              </xs:sequence>
            </xs:complexType>
          </xs:element>
        </xs:choice>
      </xs:complexType>
    </xs:element>
  </xs:schema>
  <S>
    <Calle>FARIA</Calle>
    <Lat>34.545379</Lat>
    <Lon>58.715404</Lon>
    <Dis>1670.235</Dis>
    <Cta>1</Cta>
    <CodSec>18</CodSec>
  </S>
  <S>
    <Calle>PAVON</Calle>
    <Lat>34.534180</Lat>
    <Lon>58.703464</Lon>
    <Dis>843.289</Dis>
    <Cta>98</Cta>
    <CodSec>17</CodSec>
  </S>
  <S>
    <Calle>ESCLE</Calle>
    <Lat>34.528911</Lat>
    <Lon>58.697088</Lon>
    <Dis>2080.578</Dis>
    <Cta>158</Cta>
    <CodSec>17</CodSec>
  </S>
  <S>
    <Calle>LOREN</Calle>
    <Lat>34.524141</Lat>
    <Lon>58.680241</Lon>
    <Dis>3737.191</Dis>
    <Cta>282</Cta>
    <CodSec>16</CodSec>
  </S>
  <S>
    <Calle>DTORC</Calle>
    <Lat>34.503118</Lat>
    <Lon>58.648698</Lon>
    <Dis>996.958</Dis>
    <Cta>484</Cta>
    <CodSec>15</CodSec>
  </S>
  <S>
    <Calle>CHIND</Calle>
    <Lat>34.500918</Lat>
    <Lon>58.642866</Lon>
    <Dis>2548.269</Dis>
    <Cta>545</Cta>
    <CodSec>15</CodSec>
  </S>
  <S>
    <Calle>PANAM</Calle>
    <Lat>34.488395</Lat>
    <Lon>58.620735</Lon>
    <Dis>3223.619</Dis>
    <Cta>695</Cta>
    <CodSec>14</CodSec>
  </S>
  <S>
    <Calle>COCAR</Calle>
    <Lat>34.471059</Lat>
    <Lon>58.596869</Lon>
    <Dis>2953.465</Dis>
    <Cta>920</Cta>
    <CodSec>8</CodSec>
  </S>
  <S>
    <Calle>AcTIG</Calle>
    <Lat>34.453560</Lat>
    <Lon>58.576825</Lon>
    <Dis>2153.006</Dis>
    <Cta>1095</Cta>
    <CodSec>7</CodSec>
  </S>
  <S>
    <Calle>BESAR</Calle>
    <Lat>34.447030</Lat>
    <Lon>58.557325</Lon>
    <Dis>1905.497</Dis>
    <Cta>1244</Cta>
    <CodSec>7</CodSec>
  </S>
  <S>
    <Calle>SFER1</Calle>
    <Lat>34.435175</Lat>
    <Lon>58.566746</Lon>
    <Dis>2494.273</Dis>
    <Cta>1359</Cta>
    <CodSec>6</CodSec>
  </S>
  <S>
    <Calle>QUINT</Calle>
    <Lat>34.447256</Lat>
    <Lon>58.547047</Lon>
    <Dis>820.185</Dis>
    <Cta>1518</Cta>
    <CodSec>6</CodSec>
  </S>
  <S>
    <Calle>E.VIC</Calle>
    <Lat>34.451761</Lat>
    <Lon>58.540300</Lon>
    <Dis>3245.291</Dis>
    <Cta>1576</Cta>
    <CodSec>5</CodSec>
  </S>
  <S>
    <Calle>E.SIS</Calle>
    <Lat>34.471759</Lat>
    <Lon>58.515156</Lon>
    <Dis>2211.489</Dis>
    <Cta>1790</Cta>
    <CodSec>4</CodSec>
  </S>
  <S>
    <Calle>E.MAR</Calle>
    <Lat>34.487858</Lat>
    <Lon>58.501539</Lon>
    <Dis>2957.273</Dis>
    <Cta>1933</Cta>
    <CodSec>3</CodSec>
  </S>
  <S>
    <Calle>E.MIT</Calle>
    <Lat>34.512101</Lat>
    <Lon>58.490036</Lon>
    <Dis>1427.467</Dis>
    <Cta>2185</Cta>
    <CodSec>2</CodSec>
  </S>
  <S>
    <Calle>SMAR.</Calle>
    <Lat>34.523836</Lat>
    <Lon>58.483902</Lon>
    <Dis>1749.755</Dis>
    <Cta>2265</Cta>
    <CodSec>2</CodSec>
  </S>
  <S>
    <Calle>SAAVE</Calle>
    <Lat>34.538232</Lat>
    <Lon>58.476481</Lon>
    <Dis>0</Dis>
    <Cta>2369</Cta>
    <CodSec>1</CodSec>
  </S>
</Sector>