<?xml version="1.0" standalone="yes"?>
<Sector>
  <xs:schema id="Sector" xmlns="" xmlns:xs="http://www.w3.org/2001/XMLSchema" xmlns:msdata="urn:schemas-microsoft-com:xml-msdata">
    <xs:element name="Sector" msdata:IsDataSet="true" msdata:Locale="">
      <xs:complexType>
        <xs:choice minOccurs="0" maxOccurs="unbounded">
          <xs:element name="S" msdata:Locale="">
            <xs:complexType>
              <xs:sequence>
                <xs:element name="Calle" type="xs:string" minOccurs="0" />
                <xs:element name="Lat" type="xs:decimal" minOccurs="0" />
                <xs:element name="Lon" type="xs:decimal" minOccurs="0" />
                <xs:element name="Dis" type="xs:decimal" minOccurs="0" />
                <xs:element name="Cta" type="xs:int" minOccurs="0" />
                <xs:element name="CodSec" type="xs:int" minOccurs="0" />
              </xs:sequence>
            </xs:complexType>
          </xs:element>
        </xs:choice>
      </xs:complexType>
    </xs:element>
  </xs:schema>
  <S>
    <Calle>SAAVE</Calle>
    <Lat>34.538008</Lat>
    <Lon>58.476029</Lon>
    <Dis>1730.163</Dis>
    <Cta>1</Cta>
    <CodSec>1</CodSec>
  </S>
  <S>
    <Calle>SMAR.</Calle>
    <Lat>34.523997</Lat>
    <Lon>58.483624</Lon>
    <Dis>967.024</Dis>
    <Cta>111</Cta>
    <CodSec>1</CodSec>
  </S>
  <S>
    <Calle>E.MIT</Calle>
    <Lat>34.516078</Lat>
    <Lon>58.487890</Lon>
    <Dis>3021.928</Dis>
    <Cta>162</Cta>
    <CodSec>2</CodSec>
  </S>
  <S>
    <Calle>E.MAR</Calle>
    <Lat>34.491084</Lat>
    <Lon>58.499633</Lon>
    <Dis>2164.391</Dis>
    <Cta>355</Cta>
    <CodSec>3</CodSec>
  </S>
  <S>
    <Calle>E.SIS</Calle>
    <Lat>34.474812</Lat>
    <Lon>58.512038</Lon>
    <Dis>3361.101</Dis>
    <Cta>496</Cta>
    <CodSec>4</CodSec>
  </S>
  <S>
    <Calle>E.VIC</Calle>
    <Lat>34.453921</Lat>
    <Lon>58.537754</Lon>
    <Dis>1050.974</Dis>
    <Cta>711</Cta>
    <CodSec>5</CodSec>
  </S>
  <S>
    <Calle>GANDO</Calle>
    <Lat>34.447796</Lat>
    <Lon>58.546319</Lon>
    <Dis>2468.609</Dis>
    <Cta>784</Cta>
    <CodSec>5</CodSec>
  </S>
  <S>
    <Calle>SFER2</Calle>
    <Lat>34.432721</Lat>
    <Lon>58.564380</Lon>
    <Dis>2120.308</Dis>
    <Cta>944</Cta>
    <CodSec>6</CodSec>
  </S>
  <S>
    <Calle>BESAR</Calle>
    <Lat>34.445562</Lat>
    <Lon>58.558923</Lon>
    <Dis>1371.834</Dis>
    <Cta>1077</Cta>
    <CodSec>6</CodSec>
  </S>
  <S>
    <Calle>AcTIG</Calle>
    <Lat>34.451357</Lat>
    <Lon>58.571839</Lon>
    <Dis>2978.712</Dis>
    <Cta>1165</Cta>
    <CodSec>7</CodSec>
  </S>
  <S>
    <Calle>COCAR</Calle>
    <Lat>34.466624</Lat>
    <Lon>58.595957</Lon>
    <Dis>2677.591</Dis>
    <Cta>1353</Cta>
    <CodSec>8</CodSec>
  </S>
  <S>
    <Calle>PANA2</Calle>
    <Lat>34.483898</Lat>
    <Lon>58.612212</Lon>
    <Dis>3175.569</Dis>
    <Cta>1529</Cta>
    <CodSec>14</CodSec>
  </S>
  <S>
    <Calle>CHIN2</Calle>
    <Lat>34.499246</Lat>
    <Lon>58.641073</Lon>
    <Dis>879.182</Dis>
    <Cta>1722</Cta>
    <CodSec>15</CodSec>
  </S>
  <S>
    <Calle>DTORC</Calle>
    <Lat>34.503277</Lat>
    <Lon>58.649183</Lon>
    <Dis>3711.450</Dis>
    <Cta>1774</Cta>
    <CodSec>15</CodSec>
  </S>
  <S>
    <Calle>LOREN</Calle>
    <Lat>34.524259</Lat>
    <Lon>58.680410</Lon>
    <Dis>1774.855</Dis>
    <Cta>1974</Cta>
    <CodSec>16</CodSec>
  </S>
  <S>
    <Calle>ESCLE</Calle>
    <Lat>34.526710</Lat>
    <Lon>58.694778</Lon>
    <Dis>759.331</Dis>
    <Cta>2092</Cta>
    <CodSec>16</CodSec>
  </S>
  <S>
    <Calle>ROLEM</Calle>
    <Lat>34.531746</Lat>
    <Lon>58.700236</Lon>
    <Dis>1498.789</Dis>
    <Cta>2148</Cta>
    <CodSec>17</CodSec>
  </S>
  <S>
    <Calle>DELIA</Calle>
    <Lat>34.539655</Lat>
    <Lon>58.711894</Lon>
    <Dis>419.101</Dis>
    <Cta>2244</Cta>
    <CodSec>18</CodSec>
  </S>
  <S>
    <Calle>ALEM.</Calle>
    <Lat>34.542502</Lat>
    <Lon>58.714855</Lon>
    <Dis>2879.707</Dis>
    <Cta>2269</Cta>
    <CodSec>18</CodSec>
  </S>
  <S>
    <Calle>PROSA</Calle>
    <Lat>34.561033</Lat>
    <Lon>58.733223</Lon>
    <Dis>1094.399</Dis>
    <Cta>2440</Cta>
    <CodSec>18</CodSec>
  </S>
  <S>
    <Calle>SBRIG</Calle>
    <Lat>34.567794</Lat>
    <Lon>58.741793</Lon>
    <Dis>1928.992</Dis>
    <Cta>2506</Cta>
    <CodSec>19</CodSec>
  </S>
  <S>
    <Calle>CCAST</Calle>
    <Lat>34.583645</Lat>
    <Lon>58.747656</Lon>
    <Dis>2555.133</Dis>
    <Cta>2627</Cta>
    <CodSec>20</CodSec>
  </S>
  <S>
    <Calle>PFIZR</Calle>
    <Lat>34.602674</Lat>
    <Lon>58.761935</Lon>
    <Dis>2888.315</Dis>
    <Cta>2793</Cta>
    <CodSec>21</CodSec>
  </S>
  <S>
    <Calle>P.GAO</Calle>
    <Lat>34.624922</Lat>
    <Lon>58.777083</Lon>
    <Dis>2721.363</Dis>
    <Cta>2971</Cta>
    <CodSec>22</CodSec>
  </S>
  <S>
    <Calle>INDEP</Calle>
    <Lat>34.646268</Lat>
    <Lon>58.790177</Lon>
    <Dis>435.168</Dis>
    <Cta>3136</Cta>
    <CodSec>23</CodSec>
  </S>
  <S>
    <Calle>PIOVN</Calle>
    <Lat>34.649868</Lat>
    <Lon>58.791727</Lon>
    <Dis>0</Dis>
    <Cta>3163</Cta>
    <CodSec>23</CodSec>
  </S>
</Sector>