<?xml version="1.0" standalone="yes"?>
<Sector>
  <xs:schema id="Sector" xmlns="" xmlns:xs="http://www.w3.org/2001/XMLSchema" xmlns:msdata="urn:schemas-microsoft-com:xml-msdata">
    <xs:element name="Sector" msdata:IsDataSet="true" msdata:Locale="">
      <xs:complexType>
        <xs:choice minOccurs="0" maxOccurs="unbounded">
          <xs:element name="S" msdata:Locale="">
            <xs:complexType>
              <xs:sequence>
                <xs:element name="Calle" type="xs:string" minOccurs="0" />
                <xs:element name="Lat" type="xs:decimal" minOccurs="0" />
                <xs:element name="Lon" type="xs:decimal" minOccurs="0" />
                <xs:element name="Dis" type="xs:decimal" minOccurs="0" />
                <xs:element name="Cta" type="xs:int" minOccurs="0" />
                <xs:element name="CodSec" type="xs:int" minOccurs="0" />
              </xs:sequence>
            </xs:complexType>
          </xs:element>
        </xs:choice>
      </xs:complexType>
    </xs:element>
  </xs:schema>
  <S>
    <Calle>SAAVE</Calle>
    <Lat>34.537720</Lat>
    <Lon>58.476740</Lon>
    <Dis>591.527</Dis>
    <Cta>1</Cta>
    <CodSec>14</CodSec>
  </S>
  <S>
    <Calle>ZAPIO</Calle>
    <Lat>34.540662</Lat>
    <Lon>58.480858</Lon>
    <Dis>2865.269</Dis>
    <Cta>33</Cta>
    <CodSec>14</CodSec>
  </S>
  <S>
    <Calle>SMART</Calle>
    <Lat>34.534432</Lat>
    <Lon>58.502923</Lon>
    <Dis>3860.081</Dis>
    <Cta>220</Cta>
    <CodSec>14</CodSec>
  </S>
  <S>
    <Calle>EDISO</Calle>
    <Lat>34.508301</Lat>
    <Lon>58.529606</Lon>
    <Dis>1403.896</Dis>
    <Cta>402</Cta>
    <CodSec>14</CodSec>
  </S>
  <S>
    <Calle>THAME</Calle>
    <Lat>34.501953</Lat>
    <Lon>58.542703</Lon>
    <Dis>1379.646</Dis>
    <Cta>467</Cta>
    <CodSec>14</CodSec>
  </S>
  <S>
    <Calle>MARQ1</Calle>
    <Lat>34.495325</Lat>
    <Lon>58.555216</Lon>
    <Dis>1005.701</Dis>
    <Cta>534</Cta>
    <CodSec>14</CodSec>
  </S>
  <S>
    <Calle>JSMAR</Calle>
    <Lat>34.491388</Lat>
    <Lon>58.564888</Lon>
    <Dis>1884.814</Dis>
    <Cta>586</Cta>
    <CodSec>14</CodSec>
  </S>
  <S>
    <Calle>BLGNE</Calle>
    <Lat>34.487953</Lat>
    <Lon>58.584770</Lon>
    <Dis>2201.140</Dis>
    <Cta>679</Cta>
    <CodSec>14</CodSec>
  </S>
  <S>
    <Calle>R2021</Calle>
    <Lat>34.485934</Lat>
    <Lon>58.608463</Lon>
    <Dis>2678.544</Dis>
    <Cta>790</Cta>
    <CodSec>14</CodSec>
  </S>
  <S>
    <Calle>AVELL</Calle>
    <Lat>34.473850</Lat>
    <Lon>58.597504</Lon>
    <Dis>2645.978</Dis>
    <Cta>962</Cta>
    <CodSec>10</CodSec>
  </S>
  <S>
    <Calle>AcTIG</Calle>
    <Lat>34.461277</Lat>
    <Lon>58.573714</Lon>
    <Dis>2353.243</Dis>
    <Cta>1089</Cta>
    <CodSec>9</CodSec>
  </S>
  <S>
    <Calle>VIRRE</Calle>
    <Lat>34.450335</Lat>
    <Lon>58.551798</Lon>
    <Dis>646.035</Dis>
    <Cta>1213</Cta>
    <CodSec>9</CodSec>
  </S>
  <S>
    <Calle>PERON</Calle>
    <Lat>34.447340</Lat>
    <Lon>58.546944</Lon>
    <Dis>794.017</Dis>
    <Cta>1258</Cta>
    <CodSec>9</CodSec>
  </S>
  <S>
    <Calle>E.VIC</Calle>
    <Lat>34.451825</Lat>
    <Lon>58.540273</Lon>
    <Dis>3250.609</Dis>
    <Cta>1303</Cta>
    <CodSec>5</CodSec>
  </S>
  <S>
    <Calle>E.SIS</Calle>
    <Lat>34.471889</Lat>
    <Lon>58.515055</Lon>
    <Dis>2202.448</Dis>
    <Cta>1486</Cta>
    <CodSec>4</CodSec>
  </S>
  <S>
    <Calle>E.MAR</Calle>
    <Lat>34.488062</Lat>
    <Lon>58.501428</Lon>
    <Dis>2927.058</Dis>
    <Cta>1615</Cta>
    <CodSec>3</CodSec>
  </S>
  <S>
    <Calle>E.MIT</Calle>
    <Lat>34.512304</Lat>
    <Lon>58.489937</Lon>
    <Dis>1406.872</Dis>
    <Cta>1879</Cta>
    <CodSec>2</CodSec>
  </S>
  <S>
    <Calle>SMAR.</Calle>
    <Lat>34.523846</Lat>
    <Lon>58.483830</Lon>
    <Dis>1612.798</Dis>
    <Cta>1951</Cta>
    <CodSec>2</CodSec>
  </S>
  <S>
    <Calle>SAAV1</Calle>
    <Lat>34.537086</Lat>
    <Lon>58.477032</Lon>
    <Dis>0</Dis>
    <Cta>2031</Cta>
    <CodSec>1</CodSec>
  </S>
</Sector>