<?xml version="1.0" standalone="yes"?>
<Sector>
  <xs:schema id="Sector" xmlns="" xmlns:xs="http://www.w3.org/2001/XMLSchema" xmlns:msdata="urn:schemas-microsoft-com:xml-msdata">
    <xs:element name="Sector" msdata:IsDataSet="true" msdata:Locale="">
      <xs:complexType>
        <xs:choice minOccurs="0" maxOccurs="unbounded">
          <xs:element name="S" msdata:Locale="">
            <xs:complexType>
              <xs:sequence>
                <xs:element name="Calle" type="xs:string" minOccurs="0" />
                <xs:element name="Lat" type="xs:decimal" minOccurs="0" />
                <xs:element name="Lon" type="xs:decimal" minOccurs="0" />
                <xs:element name="Dis" type="xs:decimal" minOccurs="0" />
                <xs:element name="Cta" type="xs:int" minOccurs="0" />
                <xs:element name="CodSec" type="xs:int" minOccurs="0" />
              </xs:sequence>
            </xs:complexType>
          </xs:element>
        </xs:choice>
      </xs:complexType>
    </xs:element>
  </xs:schema>
  <S>
    <Calle>MFIER</Calle>
    <Lat>34.649635</Lat>
    <Lon>58.790174</Lon>
    <Dis>316.061</Dis>
    <Cta>1</Cta>
    <CodSec>23</CodSec>
  </S>
  <S>
    <Calle>INDEP</Calle>
    <Lat>34.647064</Lat>
    <Lon>58.789056</Lon>
    <Dis>2547.739</Dis>
    <Cta>20</Cta>
    <CodSec>23</CodSec>
  </S>
  <S>
    <Calle>P.GAO</Calle>
    <Lat>34.626852</Lat>
    <Lon>58.778103</Lon>
    <Dis>2724.958</Dis>
    <Cta>168</Cta>
    <CodSec>22</CodSec>
  </S>
  <S>
    <Calle>PFIZR</Calle>
    <Lat>34.605221</Lat>
    <Lon>58.765204</Lon>
    <Dis>2633.125</Dis>
    <Cta>340</Cta>
    <CodSec>21</CodSec>
  </S>
  <S>
    <Calle>CCAST</Calle>
    <Lat>34.585984</Lat>
    <Lon>58.750017</Lon>
    <Dis>1961.135</Dis>
    <Cta>511</Cta>
    <CodSec>20</CodSec>
  </S>
  <S>
    <Calle>SBRIG</Calle>
    <Lat>34.570287</Lat>
    <Lon>58.743056</Lon>
    <Dis>1110.320</Dis>
    <Cta>637</Cta>
    <CodSec>19</CodSec>
  </S>
  <S>
    <Calle>PROSA</Calle>
    <Lat>34.562939</Lat>
    <Lon>58.735530</Lon>
    <Dis>2674.340</Dis>
    <Cta>710</Cta>
    <CodSec>19</CodSec>
  </S>
  <S>
    <Calle>FRIAS</Calle>
    <Lat>34.545608</Lat>
    <Lon>58.715675</Lon>
    <Dis>1831.351</Dis>
    <Cta>872</Cta>
    <CodSec>18</CodSec>
  </S>
  <S>
    <Calle>PAVON</Calle>
    <Lat>34.533694</Lat>
    <Lon>58.702877</Lon>
    <Dis>1084.076</Dis>
    <Cta>974</Cta>
    <CodSec>17</CodSec>
  </S>
  <S>
    <Calle>ESCLE</Calle>
    <Lat>34.526830</Lat>
    <Lon>58.694865</Lon>
    <Dis>1775.615</Dis>
    <Cta>1048</Cta>
    <CodSec>17</CodSec>
  </S>
  <S>
    <Calle>LOREN</Calle>
    <Lat>34.524140</Lat>
    <Lon>58.680239</Lon>
    <Dis>3658.584</Dis>
    <Cta>1153</Cta>
    <CodSec>16</CodSec>
  </S>
  <S>
    <Calle>DTORC</Calle>
    <Lat>34.503657</Lat>
    <Lon>58.649569</Lon>
    <Dis>1092.624</Dis>
    <Cta>1351</Cta>
    <CodSec>15</CodSec>
  </S>
  <S>
    <Calle>CHIND</Calle>
    <Lat>34.500985</Lat>
    <Lon>58.642956</Lon>
    <Dis>2513.273</Dis>
    <Cta>1417</Cta>
    <CodSec>15</CodSec>
  </S>
  <S>
    <Calle>PANAM</Calle>
    <Lat>34.488644</Lat>
    <Lon>58.621154</Lon>
    <Dis>2963.917</Dis>
    <Cta>1564</Cta>
    <CodSec>14</CodSec>
  </S>
  <S>
    <Calle>AVELL</Calle>
    <Lat>34.473888</Lat>
    <Lon>58.597523</Lon>
    <Dis>2641.520</Dis>
    <Cta>1768</Cta>
    <CodSec>10</CodSec>
  </S>
  <S>
    <Calle>AcTIG</Calle>
    <Lat>34.461497</Lat>
    <Lon>58.573974</Lon>
    <Dis>2427.353</Dis>
    <Cta>1922</Cta>
    <CodSec>9</CodSec>
  </S>
  <S>
    <Calle>VIRRE</Calle>
    <Lat>34.450495</Lat>
    <Lon>58.552005</Lon>
    <Dis>665.143</Dis>
    <Cta>2076</Cta>
    <CodSec>9</CodSec>
  </S>
  <S>
    <Calle>PERON</Calle>
    <Lat>34.447344</Lat>
    <Lon>58.547028</Lon>
    <Dis>800.892</Dis>
    <Cta>2122</Cta>
    <CodSec>9</CodSec>
  </S>
  <S>
    <Calle>E.VIC</Calle>
    <Lat>34.451742</Lat>
    <Lon>58.540323</Lon>
    <Dis>3262.655</Dis>
    <Cta>2177</Cta>
    <CodSec>5</CodSec>
  </S>
  <S>
    <Calle>E.SIS</Calle>
    <Lat>34.471832</Lat>
    <Lon>58.515197</Lon>
    <Dis>2229.349</Dis>
    <Cta>2395</Cta>
    <CodSec>4</CodSec>
  </S>
  <S>
    <Calle>E.MAR</Calle>
    <Lat>34.487998</Lat>
    <Lon>58.501487</Lon>
    <Dis>2911.628</Dis>
    <Cta>2540</Cta>
    <CodSec>3</CodSec>
  </S>
  <S>
    <Calle>E.MIT</Calle>
    <Lat>34.511913</Lat>
    <Lon>58.490318</Lon>
    <Dis>1474.621</Dis>
    <Cta>2790</Cta>
    <CodSec>2</CodSec>
  </S>
  <S>
    <Calle>SMAR.</Calle>
    <Lat>34.523717</Lat>
    <Lon>58.483953</Lon>
    <Dis>1749.830</Dis>
    <Cta>2875</Cta>
    <CodSec>2</CodSec>
  </S>
  <S>
    <Calle>SAAVE</Calle>
    <Lat>34.538027</Lat>
    <Lon>58.476346</Lon>
    <Dis>0</Dis>
    <Cta>2976</Cta>
    <CodSec>1</CodSec>
  </S>
</Sector>