<?xml version="1.0" standalone="yes"?>
<Sector>
  <xs:schema id="Sector" xmlns="" xmlns:xs="http://www.w3.org/2001/XMLSchema" xmlns:msdata="urn:schemas-microsoft-com:xml-msdata">
    <xs:element name="Sector" msdata:IsDataSet="true" msdata:Locale="">
      <xs:complexType>
        <xs:choice minOccurs="0" maxOccurs="unbounded">
          <xs:element name="S" msdata:Locale="">
            <xs:complexType>
              <xs:sequence>
                <xs:element name="Calle" type="xs:string" minOccurs="0" />
                <xs:element name="Lat" type="xs:decimal" minOccurs="0" />
                <xs:element name="Lon" type="xs:decimal" minOccurs="0" />
                <xs:element name="Dis" type="xs:decimal" minOccurs="0" />
                <xs:element name="Cta" type="xs:int" minOccurs="0" />
                <xs:element name="CodSec" type="xs:int" minOccurs="0" />
              </xs:sequence>
            </xs:complexType>
          </xs:element>
        </xs:choice>
      </xs:complexType>
    </xs:element>
  </xs:schema>
  <S>
    <Calle>MOREN</Calle>
    <Lat>32.509265</Lat>
    <Lon>61.027969</Lon>
    <Dis>14141.004</Dis>
    <Cta>1</Cta>
    <CodSec>23</CodSec>
  </S>
  <S>
    <Calle>ROQUE</Calle>
    <Lat>32.601712</Lat>
    <Lon>60.944166</Lon>
    <Dis>1788.583</Dis>
    <Cta>690</Cta>
    <CodSec>22</CodSec>
  </S>
  <S>
    <Calle>SARMI</Calle>
    <Lat>32.606931</Lat>
    <Lon>60.939847</Lon>
    <Dis>11018.731</Dis>
    <Cta>788</Cta>
    <CodSec>22</CodSec>
  </S>
  <S>
    <Calle>CIRC.</Calle>
    <Lat>32.664766</Lat>
    <Lon>60.877123</Lon>
    <Dis>7897.418</Dis>
    <Cta>1363</Cta>
    <CodSec>21</CodSec>
  </S>
  <S>
    <Calle>CRUCE</Calle>
    <Lat>32.638916</Lat>
    <Lon>60.814431</Lon>
    <Dis>4470.541</Dis>
    <Cta>1867</Cta>
    <CodSec>19</CodSec>
  </S>
  <S>
    <Calle>TRENE</Calle>
    <Lat>32.672326</Lat>
    <Lon>60.788708</Lon>
    <Dis>2556.727</Dis>
    <Cta>2097</Cta>
    <CodSec>19</CodSec>
  </S>
  <S>
    <Calle>VIAS.</Calle>
    <Lat>32.691481</Lat>
    <Lon>60.773883</Lon>
    <Dis>5973.122</Dis>
    <Cta>2212</Cta>
    <CodSec>18</CodSec>
  </S>
  <S>
    <Calle>P.PSM</Calle>
    <Lat>32.720607</Lat>
    <Lon>60.731847</Lon>
    <Dis>1958.013</Dis>
    <Cta>2631</Cta>
    <CodSec>17</CodSec>
  </S>
  <S>
    <Calle>FALUC</Calle>
    <Lat>32.737905</Lat>
    <Lon>60.733951</Lon>
    <Dis>2013.605</Dis>
    <Cta>2770</Cta>
    <CodSec>17</CodSec>
  </S>
  <S>
    <Calle>BORGH</Calle>
    <Lat>32.755892</Lat>
    <Lon>60.734397</Lon>
    <Dis>1351.883</Dis>
    <Cta>2899</Cta>
    <CodSec>17</CodSec>
  </S>
  <S>
    <Calle>A012</Calle>
    <Lat>32.767443</Lat>
    <Lon>60.731714</Lon>
    <Dis>2482.316</Dis>
    <Cta>3007</Cta>
    <CodSec>17</CodSec>
  </S>
  <S>
    <Calle>AuSFE</Calle>
    <Lat>32.769086</Lat>
    <Lon>60.750613</Lon>
    <Dis>13480.841</Dis>
    <Cta>3184</Cta>
    <CodSec>17</CodSec>
  </S>
  <S>
    <Calle>MAKRO</Calle>
    <Lat>32.881533</Lat>
    <Lon>60.712195</Lon>
    <Dis>1477.129</Dis>
    <Cta>3841</Cta>
    <CodSec>13</CodSec>
  </S>
  <S>
    <Calle>BAIGO</Calle>
    <Lat>32.893748</Lat>
    <Lon>60.706493</Lon>
    <Dis>1961.417</Dis>
    <Cta>3931</Cta>
    <CodSec>13</CodSec>
  </S>
  <S>
    <Calle>SORRE</Calle>
    <Lat>32.907128</Lat>
    <Lon>60.696012</Lon>
    <Dis>3248.469</Dis>
    <Cta>4045</Cta>
    <CodSec>13</CodSec>
  </S>
  <S>
    <Calle>AVELL</Calle>
    <Lat>32.928829</Lat>
    <Lon>60.676693</Lon>
    <Dis>921.008</Dis>
    <Cta>4249</Cta>
    <CodSec>13</CodSec>
  </S>
  <S>
    <Calle>SLORE</Calle>
    <Lat>32.936765</Lat>
    <Lon>60.678598</Lon>
    <Dis>1574.904</Dis>
    <Cta>4310</Cta>
    <CodSec>13</CodSec>
  </S>
  <S>
    <Calle>AvFRA</Calle>
    <Lat>32.936852</Lat>
    <Lon>60.664530</Lon>
    <Dis>1452.480</Dis>
    <Cta>4419</Cta>
    <CodSec>13</CodSec>
  </S>
  <S>
    <Calle>ORO?O</Calle>
    <Lat>32.941388</Lat>
    <Lon>60.652971</Lon>
    <Dis>2462.439</Dis>
    <Cta>4504</Cta>
    <CodSec>13</CodSec>
  </S>
  <S>
    <Calle>PELLE</Calle>
    <Lat>32.956176</Lat>
    <Lon>60.646453</Lon>
    <Dis>929.671</Dis>
    <Cta>4648</Cta>
    <CodSec>13</CodSec>
  </S>
  <S>
    <Calle>LAPRI</Calle>
    <Lat>32.958012</Lat>
    <Lon>60.637082</Lon>
    <Dis>846.529</Dis>
    <Cta>4703</Cta>
    <CodSec>13</CodSec>
  </S>
  <S>
    <Calle>COLON</Calle>
    <Lat>32.959614</Lat>
    <Lon>60.628396</Lon>
    <Dis>1320.807</Dis>
    <Cta>4751</Cta>
    <CodSec>13</CodSec>
  </S>
  <S>
    <Calle>ESMER</Calle>
    <Lat>32.965993</Lat>
    <Lon>60.625597</Lon>
    <Dis>0</Dis>
    <Cta>4823</Cta>
    <CodSec>13</CodSec>
  </S>
</Sector>