<?xml version="1.0" standalone="yes"?>
<Sector>
  <xs:schema id="Sector" xmlns="" xmlns:xs="http://www.w3.org/2001/XMLSchema" xmlns:msdata="urn:schemas-microsoft-com:xml-msdata">
    <xs:element name="Sector" msdata:IsDataSet="true" msdata:Locale="">
      <xs:complexType>
        <xs:choice minOccurs="0" maxOccurs="unbounded">
          <xs:element name="S" msdata:Locale="">
            <xs:complexType>
              <xs:sequence>
                <xs:element name="Calle" type="xs:string" minOccurs="0" />
                <xs:element name="Lat" type="xs:decimal" minOccurs="0" />
                <xs:element name="Lon" type="xs:decimal" minOccurs="0" />
                <xs:element name="Dis" type="xs:decimal" minOccurs="0" />
                <xs:element name="Cta" type="xs:int" minOccurs="0" />
                <xs:element name="CodSec" type="xs:int" minOccurs="0" />
              </xs:sequence>
            </xs:complexType>
          </xs:element>
        </xs:choice>
      </xs:complexType>
    </xs:element>
  </xs:schema>
  <S>
    <Calle>JDPER</Calle>
    <Lat>33.018769</Lat>
    <Lon>60.618141</Lon>
    <Dis>4376.947</Dis>
    <Cta>1</Cta>
    <CodSec>12</CodSec>
  </S>
  <S>
    <Calle>S MAR</Calle>
    <Lat>33.027476</Lat>
    <Lon>60.621821</Lon>
    <Dis>2335.025</Dis>
    <Cta>272</Cta>
    <CodSec>12</CodSec>
  </S>
  <S>
    <Calle>S.DIE</Calle>
    <Lat>33.019494</Lat>
    <Lon>60.636491</Lon>
    <Dis>985.729</Dis>
    <Cta>438</Cta>
    <CodSec>12</CodSec>
  </S>
  <S>
    <Calle>AYACU</Calle>
    <Lat>33.015792</Lat>
    <Lon>60.634674</Lon>
    <Dis>1492.251</Dis>
    <Cta>496</Cta>
    <CodSec>13</CodSec>
  </S>
  <S>
    <Calle>ARIJO</Calle>
    <Lat>33.002573</Lat>
    <Lon>60.636082</Lon>
    <Dis>1487.541</Dis>
    <Cta>600</Cta>
    <CodSec>13</CodSec>
  </S>
  <S>
    <Calle>SMART</Calle>
    <Lat>32.999882</Lat>
    <Lon>60.648439</Lon>
    <Dis>1077.612</Dis>
    <Cta>682</Cta>
    <CodSec>13</CodSec>
  </S>
  <S>
    <Calle>URIB.</Calle>
    <Lat>32.990844</Lat>
    <Lon>60.646537</Lon>
    <Dis>1304.543</Dis>
    <Cta>751</Cta>
    <CodSec>13</CodSec>
  </S>
  <S>
    <Calle>SEGUI</Calle>
    <Lat>32.979503</Lat>
    <Lon>60.644272</Lon>
    <Dis>1342.560</Dis>
    <Cta>829</Cta>
    <CodSec>13</CodSec>
  </S>
  <S>
    <Calle>27FEB</Calle>
    <Lat>32.968367</Lat>
    <Lon>60.640851</Lon>
    <Dis>1895.410</Dis>
    <Cta>913</Cta>
    <CodSec>13</CodSec>
  </S>
  <S>
    <Calle>CORRI</Calle>
    <Lat>32.956495</Lat>
    <Lon>60.644989</Lon>
    <Dis>2030.503</Dis>
    <Cta>1025</Cta>
    <CodSec>13</CodSec>
  </S>
  <S>
    <Calle>PARAG</Calle>
    <Lat>32.939649</Lat>
    <Lon>60.642168</Lon>
    <Dis>4248.037</Dis>
    <Cta>1142</Cta>
    <CodSec>13</CodSec>
  </S>
  <S>
    <Calle>AVELL</Calle>
    <Lat>32.924865</Lat>
    <Lon>60.675270</Lon>
    <Dis>974.648</Dis>
    <Cta>1422</Cta>
    <CodSec>13</CodSec>
  </S>
  <S>
    <Calle>JJPAS</Calle>
    <Lat>32.919445</Lat>
    <Lon>60.682110</Lon>
    <Dis>2943.329</Dis>
    <Cta>1482</Cta>
    <CodSec>13</CodSec>
  </S>
  <S>
    <Calle>PUCCI</Calle>
    <Lat>32.895013</Lat>
    <Lon>60.691942</Lon>
    <Dis>2802.902</Dis>
    <Cta>1672</Cta>
    <CodSec>13</CodSec>
  </S>
  <S>
    <Calle>CIUDA</Calle>
    <Lat>32.870976</Lat>
    <Lon>60.699441</Lon>
    <Dis>1646.458</Dis>
    <Cta>1846</Cta>
    <CodSec>13</CodSec>
  </S>
  <S>
    <Calle>PAGAN</Calle>
    <Lat>32.856674</Lat>
    <Lon>60.703708</Lon>
    <Dis>2827.002</Dis>
    <Cta>1950</Cta>
    <CodSec>13</CodSec>
  </S>
  <S>
    <Calle>RU 11</Calle>
    <Lat>32.841031</Lat>
    <Lon>60.708324</Lon>
    <Dis>2403.566</Dis>
    <Cta>2118</Cta>
    <CodSec>13</CodSec>
  </S>
  <S>
    <Calle>RUT11</Calle>
    <Lat>32.829761</Lat>
    <Lon>60.712483</Lon>
    <Dis>0</Dis>
    <Cta>2288</Cta>
    <CodSec>13</CodSec>
  </S>
</Sector>