<?xml version="1.0" standalone="yes"?>
<Sector>
  <xs:schema id="Sector" xmlns="" xmlns:xs="http://www.w3.org/2001/XMLSchema" xmlns:msdata="urn:schemas-microsoft-com:xml-msdata">
    <xs:element name="Sector" msdata:IsDataSet="true" msdata:Locale="">
      <xs:complexType>
        <xs:choice minOccurs="0" maxOccurs="unbounded">
          <xs:element name="S" msdata:Locale="">
            <xs:complexType>
              <xs:sequence>
                <xs:element name="Calle" type="xs:string" minOccurs="0" />
                <xs:element name="Lat" type="xs:decimal" minOccurs="0" />
                <xs:element name="Lon" type="xs:decimal" minOccurs="0" />
                <xs:element name="Dis" type="xs:decimal" minOccurs="0" />
                <xs:element name="Cta" type="xs:int" minOccurs="0" />
                <xs:element name="CodSec" type="xs:int" minOccurs="0" />
              </xs:sequence>
            </xs:complexType>
          </xs:element>
        </xs:choice>
      </xs:complexType>
    </xs:element>
  </xs:schema>
  <S>
    <Calle>MOINE</Calle>
    <Lat>34.563442</Lat>
    <Lon>58.684737</Lon>
    <Dis>1418.028</Dis>
    <Cta>1</Cta>
    <CodSec>18</CodSec>
  </S>
  <S>
    <Calle>GCAM.</Calle>
    <Lat>34.572632</Lat>
    <Lon>58.692186</Lon>
    <Dis>1760.080</Dis>
    <Cta>78</Cta>
    <CodSec>18</CodSec>
  </S>
  <S>
    <Calle>CHAPE</Calle>
    <Lat>34.584675</Lat>
    <Lon>58.703932</Lon>
    <Dis>2183.845</Dis>
    <Cta>185</Cta>
    <CodSec>18</CodSec>
  </S>
  <S>
    <Calle>DURAN</Calle>
    <Lat>34.598706</Lat>
    <Lon>58.720470</Lon>
    <Dis>1522.558</Dis>
    <Cta>308</Cta>
    <CodSec>18</CodSec>
  </S>
  <S>
    <Calle>VESPU</Calle>
    <Lat>34.589545</Lat>
    <Lon>58.730452</Lon>
    <Dis>2170.284</Dis>
    <Cta>386</Cta>
    <CodSec>18</CodSec>
  </S>
  <S>
    <Calle>ICATO</Calle>
    <Lat>34.580683</Lat>
    <Lon>58.738616</Lon>
    <Dis>1731.810</Dis>
    <Cta>500</Cta>
    <CodSec>18</CodSec>
  </S>
  <S>
    <Calle>ESPO</Calle>
    <Lat>34.569726</Lat>
    <Lon>58.741246</Lon>
    <Dis>2875.921</Dis>
    <Cta>590</Cta>
    <CodSec>18</CodSec>
  </S>
  <S>
    <Calle>GCAMP</Calle>
    <Lat>34.551566</Lat>
    <Lon>58.721760</Lon>
    <Dis>1032.260</Dis>
    <Cta>743</Cta>
    <CodSec>18</CodSec>
  </S>
  <S>
    <Calle>PELUF</Calle>
    <Lat>34.544527</Lat>
    <Lon>58.714471</Lon>
    <Dis>1022.052</Dis>
    <Cta>793</Cta>
    <CodSec>18</CodSec>
  </S>
  <S>
    <Calle>SANLO</Calle>
    <Lat>34.537647</Lat>
    <Lon>58.707149</Lon>
    <Dis>730.754</Dis>
    <Cta>846</Cta>
    <CodSec>18</CodSec>
  </S>
  <S>
    <Calle>RU.P8</Calle>
    <Lat>34.532812</Lat>
    <Lon>58.701828</Lon>
    <Dis>0</Dis>
    <Cta>886</Cta>
    <CodSec>18</CodSec>
  </S>
</Sector>