<?xml version="1.0" standalone="yes"?>
<Sector>
  <xs:schema id="Sector" xmlns="" xmlns:xs="http://www.w3.org/2001/XMLSchema" xmlns:msdata="urn:schemas-microsoft-com:xml-msdata">
    <xs:element name="Sector" msdata:IsDataSet="true" msdata:Locale="">
      <xs:complexType>
        <xs:choice minOccurs="0" maxOccurs="unbounded">
          <xs:element name="S" msdata:Locale="">
            <xs:complexType>
              <xs:sequence>
                <xs:element name="Calle" type="xs:string" minOccurs="0" />
                <xs:element name="Lat" type="xs:decimal" minOccurs="0" />
                <xs:element name="Lon" type="xs:decimal" minOccurs="0" />
                <xs:element name="Dis" type="xs:decimal" minOccurs="0" />
                <xs:element name="Cta" type="xs:int" minOccurs="0" />
                <xs:element name="CodSec" type="xs:int" minOccurs="0" />
              </xs:sequence>
            </xs:complexType>
          </xs:element>
        </xs:choice>
      </xs:complexType>
    </xs:element>
  </xs:schema>
  <S>
    <Calle>23-BE</Calle>
    <Lat>34.544601</Lat>
    <Lon>58.713965</Lon>
    <Dis>1202.964</Dis>
    <Cta>1</Cta>
    <CodSec>18</CodSec>
  </S>
  <S>
    <Calle>GCAMP</Calle>
    <Lat>34.550140</Lat>
    <Lon>58.723100</Lon>
    <Dis>849.376</Dis>
    <Cta>70</Cta>
    <CodSec>18</CodSec>
  </S>
  <S>
    <Calle>BIBA?</Calle>
    <Lat>34.555700</Lat>
    <Lon>58.726420</Lon>
    <Dis>1425.646</Dis>
    <Cta>113</Cta>
    <CodSec>18</CodSec>
  </S>
  <S>
    <Calle>DEFEN</Calle>
    <Lat>34.564403</Lat>
    <Lon>58.737579</Lon>
    <Dis>768.238</Dis>
    <Cta>190</Cta>
    <CodSec>18</CodSec>
  </S>
  <S>
    <Calle>USTAR</Calle>
    <Lat>34.569095</Lat>
    <Lon>58.733685</Lon>
    <Dis>1637.886</Dis>
    <Cta>232</Cta>
    <CodSec>18</CodSec>
  </S>
  <S>
    <Calle>CASER</Calle>
    <Lat>34.573921</Lat>
    <Lon>58.720996</Lon>
    <Dis>0</Dis>
    <Cta>313</Cta>
    <CodSec>18</CodSec>
  </S>
</Sector>