<?xml version="1.0" standalone="yes"?>
<Sector>
  <xs:schema id="Sector" xmlns="" xmlns:xs="http://www.w3.org/2001/XMLSchema" xmlns:msdata="urn:schemas-microsoft-com:xml-msdata">
    <xs:element name="Sector" msdata:IsDataSet="true" msdata:Locale="">
      <xs:complexType>
        <xs:choice minOccurs="0" maxOccurs="unbounded">
          <xs:element name="S" msdata:Locale="">
            <xs:complexType>
              <xs:sequence>
                <xs:element name="Calle" type="xs:string" minOccurs="0" />
                <xs:element name="Lat" type="xs:decimal" minOccurs="0" />
                <xs:element name="Lon" type="xs:decimal" minOccurs="0" />
                <xs:element name="Dis" type="xs:decimal" minOccurs="0" />
                <xs:element name="Cta" type="xs:int" minOccurs="0" />
                <xs:element name="CodSec" type="xs:int" minOccurs="0" />
              </xs:sequence>
            </xs:complexType>
          </xs:element>
        </xs:choice>
      </xs:complexType>
    </xs:element>
  </xs:schema>
  <S>
    <Calle>MGARC</Calle>
    <Lat>34.576800</Lat>
    <Lon>58.751950</Lon>
    <Dis>607.524</Dis>
    <Cta>1</Cta>
    <CodSec>18</CodSec>
  </S>
  <S>
    <Calle>ARGUE</Calle>
    <Lat>34.573003</Lat>
    <Lon>58.753076</Lon>
    <Dis>2003.561</Dis>
    <Cta>32</Cta>
    <CodSec>18</CodSec>
  </S>
  <S>
    <Calle>PICHI</Calle>
    <Lat>34.559556</Lat>
    <Lon>58.738805</Lon>
    <Dis>916.546</Dis>
    <Cta>134</Cta>
    <CodSec>18</CodSec>
  </S>
  <S>
    <Calle>PJUNT</Calle>
    <Lat>34.554105</Lat>
    <Lon>58.745973</Lon>
    <Dis>1050.329</Dis>
    <Cta>182</Cta>
    <CodSec>18</CodSec>
  </S>
  <S>
    <Calle>BIBA?</Calle>
    <Lat>34.547043</Lat>
    <Lon>58.738591</Lon>
    <Dis>890.196</Dis>
    <Cta>239</Cta>
    <CodSec>18</CodSec>
  </S>
  <S>
    <Calle>M.SAS</Calle>
    <Lat>34.544610</Lat>
    <Lon>58.731015</Lon>
    <Dis>1327.592</Dis>
    <Cta>318</Cta>
    <CodSec>18</CodSec>
  </S>
  <S>
    <Calle>BLOIS</Calle>
    <Lat>34.539341</Lat>
    <Lon>58.723814</Lon>
    <Dis>1383.463</Dis>
    <Cta>385</Cta>
    <CodSec>18</CodSec>
  </S>
  <S>
    <Calle>RUT23</Calle>
    <Lat>34.542960</Lat>
    <Lon>58.712951</Lon>
    <Dis>800.812</Dis>
    <Cta>454</Cta>
    <CodSec>18</CodSec>
  </S>
  <S>
    <Calle>SANLO</Calle>
    <Lat>34.537702</Lat>
    <Lon>58.707186</Lon>
    <Dis>731.161</Dis>
    <Cta>494</Cta>
    <CodSec>18</CodSec>
  </S>
  <S>
    <Calle>RU.P8</Calle>
    <Lat>34.532820</Lat>
    <Lon>58.701870</Lon>
    <Dis>0</Dis>
    <Cta>535</Cta>
    <CodSec>18</CodSec>
  </S>
</Sector>