<?xml version="1.0" standalone="yes"?>
<Sector>
  <xs:schema id="Sector" xmlns="" xmlns:xs="http://www.w3.org/2001/XMLSchema" xmlns:msdata="urn:schemas-microsoft-com:xml-msdata">
    <xs:element name="Sector" msdata:IsDataSet="true" msdata:Locale="">
      <xs:complexType>
        <xs:choice minOccurs="0" maxOccurs="unbounded">
          <xs:element name="S" msdata:Locale="">
            <xs:complexType>
              <xs:sequence>
                <xs:element name="Calle" type="xs:string" minOccurs="0" />
                <xs:element name="Lat" type="xs:decimal" minOccurs="0" />
                <xs:element name="Lon" type="xs:decimal" minOccurs="0" />
                <xs:element name="Dis" type="xs:decimal" minOccurs="0" />
                <xs:element name="Cta" type="xs:int" minOccurs="0" />
                <xs:element name="CodSec" type="xs:int" minOccurs="0" />
              </xs:sequence>
            </xs:complexType>
          </xs:element>
        </xs:choice>
      </xs:complexType>
    </xs:element>
  </xs:schema>
  <S>
    <Calle>BELGR</Calle>
    <Lat>33.054912</Lat>
    <Lon>60.618598</Lon>
    <Dis>7271.206</Dis>
    <Cta>1</Cta>
    <CodSec>11</CodSec>
  </S>
  <S>
    <Calle>ESPER</Calle>
    <Lat>33.047054</Lat>
    <Lon>60.606263</Lon>
    <Dis>3011.974</Dis>
    <Cta>364</Cta>
    <CodSec>12</CodSec>
  </S>
  <S>
    <Calle>JDPER</Calle>
    <Lat>33.025506</Lat>
    <Lon>60.624535</Lon>
    <Dis>1418.878</Dis>
    <Cta>679</Cta>
    <CodSec>12</CodSec>
  </S>
  <S>
    <Calle>CIRCU</Calle>
    <Lat>33.015981</Lat>
    <Lon>60.634381</Lon>
    <Dis>1515.568</Dis>
    <Cta>756</Cta>
    <CodSec>13</CodSec>
  </S>
  <S>
    <Calle>ARIJO</Calle>
    <Lat>33.002786</Lat>
    <Lon>60.635852</Lon>
    <Dis>1531.704</Dis>
    <Cta>846</Cta>
    <CodSec>13</CodSec>
  </S>
  <S>
    <Calle>SMART</Calle>
    <Lat>32.999826</Lat>
    <Lon>60.648448</Lon>
    <Dis>1044.513</Dis>
    <Cta>919</Cta>
    <CodSec>13</CodSec>
  </S>
  <S>
    <Calle>URIB.</Calle>
    <Lat>32.990856</Lat>
    <Lon>60.646623</Lon>
    <Dis>1270.020</Dis>
    <Cta>976</Cta>
    <CodSec>13</CodSec>
  </S>
  <S>
    <Calle>SEGUI</Calle>
    <Lat>32.979654</Lat>
    <Lon>60.644236</Lon>
    <Dis>1386.479</Dis>
    <Cta>1043</Cta>
    <CodSec>13</CodSec>
  </S>
  <S>
    <Calle>27FEB</Calle>
    <Lat>32.968187</Lat>
    <Lon>60.640724</Lon>
    <Dis>1229.448</Dis>
    <Cta>1119</Cta>
    <CodSec>13</CodSec>
  </S>
  <S>
    <Calle>PELL.</Calle>
    <Lat>32.957731</Lat>
    <Lon>60.638108</Lon>
    <Dis>1328.851</Dis>
    <Cta>1180</Cta>
    <CodSec>13</CodSec>
  </S>
  <S>
    <Calle>ERIOS</Calle>
    <Lat>32.949684</Lat>
    <Lon>60.641746</Lon>
    <Dis>1174.035</Dis>
    <Cta>1248</Cta>
    <CodSec>13</CodSec>
  </S>
  <S>
    <Calle>ORO?O</Calle>
    <Lat>32.947480</Lat>
    <Lon>60.653988</Lon>
    <Dis>788.647</Dis>
    <Cta>1317</Cta>
    <CodSec>13</CodSec>
  </S>
  <S>
    <Calle>OvLAG</Calle>
    <Lat>32.946013</Lat>
    <Lon>60.662223</Lon>
    <Dis>1210.253</Dis>
    <Cta>1357</Cta>
    <CodSec>13</CodSec>
  </S>
  <S>
    <Calle>PELL</Calle>
    <Lat>32.952207</Lat>
    <Lon>60.668366</Lon>
    <Dis>2651.416</Dis>
    <Cta>1420</Cta>
    <CodSec>13</CodSec>
  </S>
  <S>
    <Calle>FMOR</Calle>
    <Lat>32.958657</Lat>
    <Lon>60.692819</Lon>
    <Dis>2023.423</Dis>
    <Cta>1559</Cta>
    <CodSec>13</CodSec>
  </S>
  <S>
    <Calle>PUNI</Calle>
    <Lat>32.967926</Lat>
    <Lon>60.711340</Lon>
    <Dis>2335.633</Dis>
    <Cta>1659</Cta>
    <CodSec>13</CodSec>
  </S>
  <S>
    <Calle>ESSL</Calle>
    <Lat>32.978584</Lat>
    <Lon>60.732736</Lon>
    <Dis>153.901</Dis>
    <Cta>1773</Cta>
    <CodSec>84</CodSec>
  </S>
  <S>
    <Calle>ESSO</Calle>
    <Lat>32.979287</Lat>
    <Lon>60.734151</Lon>
    <Dis>3372.512</Dis>
    <Cta>1783</Cta>
    <CodSec>85</CodSec>
  </S>
  <S>
    <Calle>LOPEZ</Calle>
    <Lat>32.995164</Lat>
    <Lon>60.764721</Lon>
    <Dis>3039.076</Dis>
    <Cta>1984</Cta>
    <CodSec>85</CodSec>
  </S>
  <S>
    <Calle>RUT33</Calle>
    <Lat>33.005408</Lat>
    <Lon>60.786956</Lon>
    <Dis>0</Dis>
    <Cta>2162</Cta>
    <CodSec>85</CodSec>
  </S>
</Sector>