<?xml version="1.0" standalone="yes"?>
<Sector>
  <xs:schema id="Sector" xmlns="" xmlns:xs="http://www.w3.org/2001/XMLSchema" xmlns:msdata="urn:schemas-microsoft-com:xml-msdata">
    <xs:element name="Sector" msdata:IsDataSet="true" msdata:Locale="">
      <xs:complexType>
        <xs:choice minOccurs="0" maxOccurs="unbounded">
          <xs:element name="S" msdata:Locale="">
            <xs:complexType>
              <xs:sequence>
                <xs:element name="Calle" type="xs:string" minOccurs="0" />
                <xs:element name="Lat" type="xs:decimal" minOccurs="0" />
                <xs:element name="Lon" type="xs:decimal" minOccurs="0" />
                <xs:element name="Dis" type="xs:decimal" minOccurs="0" />
                <xs:element name="Cta" type="xs:int" minOccurs="0" />
                <xs:element name="CodSec" type="xs:int" minOccurs="0" />
              </xs:sequence>
            </xs:complexType>
          </xs:element>
        </xs:choice>
      </xs:complexType>
    </xs:element>
  </xs:schema>
  <S>
    <Calle>JDPER</Calle>
    <Lat>33.018769</Lat>
    <Lon>60.618141</Lon>
    <Dis>4350.459</Dis>
    <Cta>1</Cta>
    <CodSec>12</CodSec>
  </S>
  <S>
    <Calle>S MAR</Calle>
    <Lat>33.027476</Lat>
    <Lon>60.621821</Lon>
    <Dis>2319.183</Dis>
    <Cta>240</Cta>
    <CodSec>12</CodSec>
  </S>
  <S>
    <Calle>S.DIE</Calle>
    <Lat>33.019525</Lat>
    <Lon>60.636405</Lon>
    <Dis>1011.234</Dis>
    <Cta>374</Cta>
    <CodSec>12</CodSec>
  </S>
  <S>
    <Calle>AYACU</Calle>
    <Lat>33.015792</Lat>
    <Lon>60.634674</Lon>
    <Dis>1488.477</Dis>
    <Cta>426</Cta>
    <CodSec>13</CodSec>
  </S>
  <S>
    <Calle>ARIJO</Calle>
    <Lat>33.002573</Lat>
    <Lon>60.636082</Lon>
    <Dis>1480.871</Dis>
    <Cta>515</Cta>
    <CodSec>13</CodSec>
  </S>
  <S>
    <Calle>SMART</Calle>
    <Lat>32.999882</Lat>
    <Lon>60.648439</Lon>
    <Dis>1044.976</Dis>
    <Cta>587</Cta>
    <CodSec>13</CodSec>
  </S>
  <S>
    <Calle>URIB.</Calle>
    <Lat>32.990844</Lat>
    <Lon>60.646537</Lon>
    <Dis>1299.698</Dis>
    <Cta>644</Cta>
    <CodSec>13</CodSec>
  </S>
  <S>
    <Calle>SEGUI</Calle>
    <Lat>32.979503</Lat>
    <Lon>60.644272</Lon>
    <Dis>1377.561</Dis>
    <Cta>713</Cta>
    <CodSec>13</CodSec>
  </S>
  <S>
    <Calle>27FEB</Calle>
    <Lat>32.968007</Lat>
    <Lon>60.640701</Lon>
    <Dis>1154.603</Dis>
    <Cta>790</Cta>
    <CodSec>13</CodSec>
  </S>
  <S>
    <Calle>PELL.</Calle>
    <Lat>32.957990</Lat>
    <Lon>60.638094</Lon>
    <Dis>1358.919</Dis>
    <Cta>851</Cta>
    <CodSec>13</CodSec>
  </S>
  <S>
    <Calle>ERIOS</Calle>
    <Lat>32.949693</Lat>
    <Lon>60.641731</Lon>
    <Dis>1179.120</Dis>
    <Cta>918</Cta>
    <CodSec>13</CodSec>
  </S>
  <S>
    <Calle>ORO?O</Calle>
    <Lat>32.947479</Lat>
    <Lon>60.654015</Lon>
    <Dis>787.136</Dis>
    <Cta>987</Cta>
    <CodSec>13</CodSec>
  </S>
  <S>
    <Calle>OvLAG</Calle>
    <Lat>32.946004</Lat>
    <Lon>60.662256</Lon>
    <Dis>824.759</Dis>
    <Cta>1027</Cta>
    <CodSec>13</CodSec>
  </S>
  <S>
    <Calle>CORDO</Calle>
    <Lat>32.941644</Lat>
    <Lon>60.665412</Lon>
    <Dis>695.582</Dis>
    <Cta>1067</Cta>
    <CodSec>13</CodSec>
  </S>
  <S>
    <Calle>CAFFE</Calle>
    <Lat>32.939230</Lat>
    <Lon>60.670491</Lon>
    <Dis>774.277</Dis>
    <Cta>1106</Cta>
    <CodSec>13</CodSec>
  </S>
  <S>
    <Calle>AVELL</Calle>
    <Lat>32.937786</Lat>
    <Lon>60.678574</Lon>
    <Dis>2268.655</Dis>
    <Cta>1150</Cta>
    <CodSec>13</CodSec>
  </S>
  <S>
    <Calle>ROUIL</Calle>
    <Lat>32.934835</Lat>
    <Lon>60.702402</Lon>
    <Dis>1402.777</Dis>
    <Cta>1274</Cta>
    <CodSec>13</CodSec>
  </S>
  <S>
    <Calle>EVAPE</Calle>
    <Lat>32.933033</Lat>
    <Lon>60.713031</Lon>
    <Dis>1641.924</Dis>
    <Cta>1349</Cta>
    <CodSec>13</CodSec>
  </S>
  <S>
    <Calle>MONTE</Calle>
    <Lat>32.947522</Lat>
    <Lon>60.712348</Lon>
    <Dis>2294.432</Dis>
    <Cta>1464</Cta>
    <CodSec>13</CodSec>
  </S>
  <S>
    <Calle>PUNI</Calle>
    <Lat>32.968007</Lat>
    <Lon>60.711635</Lon>
    <Dis>2292.845</Dis>
    <Cta>1593</Cta>
    <CodSec>13</CodSec>
  </S>
  <S>
    <Calle>ESSL</Calle>
    <Lat>32.978562</Lat>
    <Lon>60.732698</Lon>
    <Dis>175.557</Dis>
    <Cta>1703</Cta>
    <CodSec>84</CodSec>
  </S>
  <S>
    <Calle>ESSO</Calle>
    <Lat>32.979287</Lat>
    <Lon>60.734332</Lon>
    <Dis>3358.151</Dis>
    <Cta>1715</Cta>
    <CodSec>85</CodSec>
  </S>
  <S>
    <Calle>LOPEZ</Calle>
    <Lat>32.995061</Lat>
    <Lon>60.764605</Lon>
    <Dis>2565.090</Dis>
    <Cta>1914</Cta>
    <CodSec>85</CodSec>
  </S>
  <S>
    <Calle>RUT33</Calle>
    <Lat>33.005458</Lat>
    <Lon>60.786909</Lon>
    <Dis>0</Dis>
    <Cta>2056</Cta>
    <CodSec>85</CodSec>
  </S>
</Sector>