<?xml version="1.0" standalone="yes"?>
<Sector>
  <xs:schema id="Sector" xmlns="" xmlns:xs="http://www.w3.org/2001/XMLSchema" xmlns:msdata="urn:schemas-microsoft-com:xml-msdata">
    <xs:element name="Sector" msdata:IsDataSet="true" msdata:Locale="">
      <xs:complexType>
        <xs:choice minOccurs="0" maxOccurs="unbounded">
          <xs:element name="S" msdata:Locale="">
            <xs:complexType>
              <xs:sequence>
                <xs:element name="Calle" type="xs:string" minOccurs="0" />
                <xs:element name="Lat" type="xs:decimal" minOccurs="0" />
                <xs:element name="Lon" type="xs:decimal" minOccurs="0" />
                <xs:element name="Dis" type="xs:decimal" minOccurs="0" />
                <xs:element name="Cta" type="xs:int" minOccurs="0" />
                <xs:element name="CodSec" type="xs:int" minOccurs="0" />
              </xs:sequence>
            </xs:complexType>
          </xs:element>
        </xs:choice>
      </xs:complexType>
    </xs:element>
  </xs:schema>
  <S>
    <Calle>RUT33</Calle>
    <Lat>33.005404</Lat>
    <Lon>60.786961</Lon>
    <Dis>3224.855</Dis>
    <Cta>1</Cta>
    <CodSec>85</CodSec>
  </S>
  <S>
    <Calle>LOPEZ</Calle>
    <Lat>32.995119</Lat>
    <Lon>60.764545</Lon>
    <Dis>2959.137</Dis>
    <Cta>173</Cta>
    <CodSec>85</CodSec>
  </S>
  <S>
    <Calle>ESSO</Calle>
    <Lat>32.981304</Lat>
    <Lon>60.737985</Lon>
    <Dis>2891.410</Dis>
    <Cta>355</Cta>
    <CodSec>13</CodSec>
  </S>
  <S>
    <Calle>PUNI</Calle>
    <Lat>32.968048</Lat>
    <Lon>60.711441</Lon>
    <Dis>2005.678</Dis>
    <Cta>508</Cta>
    <CodSec>13</CodSec>
  </S>
  <S>
    <Calle>FMOR</Calle>
    <Lat>32.958819</Lat>
    <Lon>60.693002</Lon>
    <Dis>2662.468</Dis>
    <Cta>611</Cta>
    <CodSec>13</CodSec>
  </S>
  <S>
    <Calle>PELL</Calle>
    <Lat>32.952449</Lat>
    <Lon>60.668190</Lon>
    <Dis>2111.870</Dis>
    <Cta>750</Cta>
    <CodSec>13</CodSec>
  </S>
  <S>
    <Calle>ORO?O</Calle>
    <Lat>32.946356</Lat>
    <Lon>60.654053</Lon>
    <Dis>1195.292</Dis>
    <Cta>864</Cta>
    <CodSec>13</CodSec>
  </S>
  <S>
    <Calle>ERIOS</Calle>
    <Lat>32.948562</Lat>
    <Lon>60.641601</Lon>
    <Dis>1208.459</Dis>
    <Cta>923</Cta>
    <CodSec>13</CodSec>
  </S>
  <S>
    <Calle>SARMI</Calle>
    <Lat>32.957338</Lat>
    <Lon>60.640922</Lon>
    <Dis>1184.344</Dis>
    <Cta>988</Cta>
    <CodSec>13</CodSec>
  </S>
  <S>
    <Calle>27FEB</Calle>
    <Lat>32.967658</Lat>
    <Lon>60.643463</Lon>
    <Dis>1459.886</Dis>
    <Cta>1049</Cta>
    <CodSec>13</CodSec>
  </S>
  <S>
    <Calle>SEGUI</Calle>
    <Lat>32.979421</Lat>
    <Lon>60.644353</Lon>
    <Dis>1274.684</Dis>
    <Cta>1129</Cta>
    <CodSec>13</CodSec>
  </S>
  <S>
    <Calle>URIB.</Calle>
    <Lat>32.990582</Lat>
    <Lon>60.646660</Lon>
    <Dis>1055.293</Dis>
    <Cta>1197</Cta>
    <CodSec>13</CodSec>
  </S>
  <S>
    <Calle>AvROS</Calle>
    <Lat>32.999839</Lat>
    <Lon>60.648729</Lon>
    <Dis>1613.359</Dis>
    <Cta>1257</Cta>
    <CodSec>13</CodSec>
  </S>
  <S>
    <Calle>AYACU</Calle>
    <Lat>33.002608</Lat>
    <Lon>60.635999</Lon>
    <Dis>1493.721</Dis>
    <Cta>1332</Cta>
    <CodSec>13</CodSec>
  </S>
  <S>
    <Calle>CIRCU</Calle>
    <Lat>33.015855</Lat>
    <Lon>60.634726</Lon>
    <Dis>1435.836</Dis>
    <Cta>1419</Cta>
    <CodSec>12</CodSec>
  </S>
  <S>
    <Calle>JDPER</Calle>
    <Lat>33.025551</Lat>
    <Lon>60.624738</Lon>
    <Dis>2980.754</Dis>
    <Cta>1504</Cta>
    <CodSec>12</CodSec>
  </S>
  <S>
    <Calle>ESPER</Calle>
    <Lat>33.047104</Lat>
    <Lon>60.606341</Lon>
    <Dis>2229.321</Dis>
    <Cta>1797</Cta>
    <CodSec>11</CodSec>
  </S>
  <S>
    <Calle>15MAY</Calle>
    <Lat>33.056927</Lat>
    <Lon>60.614188</Lon>
    <Dis>3266.396</Dis>
    <Cta>1892</Cta>
    <CodSec>11</CodSec>
  </S>
  <S>
    <Calle>BELGR</Calle>
    <Lat>33.054999</Lat>
    <Lon>60.618285</Lon>
    <Dis>0</Dis>
    <Cta>2072</Cta>
    <CodSec>11</CodSec>
  </S>
</Sector>