<?xml version="1.0" standalone="yes"?>
<Sector>
  <xs:schema id="Sector" xmlns="" xmlns:xs="http://www.w3.org/2001/XMLSchema" xmlns:msdata="urn:schemas-microsoft-com:xml-msdata">
    <xs:element name="Sector" msdata:IsDataSet="true" msdata:Locale="">
      <xs:complexType>
        <xs:choice minOccurs="0" maxOccurs="unbounded">
          <xs:element name="S" msdata:Locale="">
            <xs:complexType>
              <xs:sequence>
                <xs:element name="Calle" type="xs:string" minOccurs="0" />
                <xs:element name="Lat" type="xs:decimal" minOccurs="0" />
                <xs:element name="Lon" type="xs:decimal" minOccurs="0" />
                <xs:element name="Dis" type="xs:decimal" minOccurs="0" />
                <xs:element name="Cta" type="xs:int" minOccurs="0" />
                <xs:element name="CodSec" type="xs:int" minOccurs="0" />
              </xs:sequence>
            </xs:complexType>
          </xs:element>
        </xs:choice>
      </xs:complexType>
    </xs:element>
  </xs:schema>
  <S>
    <Calle>ECUAD</Calle>
    <Lat>33.027413</Lat>
    <Lon>60.755802</Lon>
    <Dis>4768.636</Dis>
    <Cta>1</Cta>
    <CodSec>83</CodSec>
  </S>
  <S>
    <Calle>RUT33</Calle>
    <Lat>32.990327</Lat>
    <Lon>60.752710</Lon>
    <Dis>1760.193</Dis>
    <Cta>269</Cta>
    <CodSec>85</CodSec>
  </S>
  <S>
    <Calle>ESSO</Calle>
    <Lat>32.981270</Lat>
    <Lon>60.737967</Lon>
    <Dis>2836.560</Dis>
    <Cta>387</Cta>
    <CodSec>13</CodSec>
  </S>
  <S>
    <Calle>PUNI</Calle>
    <Lat>32.968249</Lat>
    <Lon>60.711867</Lon>
    <Dis>2044.847</Dis>
    <Cta>537</Cta>
    <CodSec>13</CodSec>
  </S>
  <S>
    <Calle>FMOR</Calle>
    <Lat>32.958825</Lat>
    <Lon>60.693091</Lon>
    <Dis>2451.010</Dis>
    <Cta>644</Cta>
    <CodSec>13</CodSec>
  </S>
  <S>
    <Calle>AvFRA</Calle>
    <Lat>32.962768</Lat>
    <Lon>60.671365</Lon>
    <Dis>1988.503</Dis>
    <Cta>777</Cta>
    <CodSec>13</CodSec>
  </S>
  <S>
    <Calle>P.ROC</Calle>
    <Lat>32.966366</Lat>
    <Lon>60.650775</Lon>
    <Dis>1674.919</Dis>
    <Cta>881</Cta>
    <CodSec>13</CodSec>
  </S>
  <S>
    <Calle>PELLE</Calle>
    <Lat>32.956514</Lat>
    <Lon>60.647976</Lon>
    <Dis>1377.799</Dis>
    <Cta>968</Cta>
    <CodSec>13</CodSec>
  </S>
  <S>
    <Calle>ERIOS</Calle>
    <Lat>32.948489</Lat>
    <Lon>60.641887</Lon>
    <Dis>1265.257</Dis>
    <Cta>1042</Cta>
    <CodSec>13</CodSec>
  </S>
  <S>
    <Calle>SARMI</Calle>
    <Lat>32.957370</Lat>
    <Lon>60.641341</Lon>
    <Dis>1239.087</Dis>
    <Cta>1110</Cta>
    <CodSec>13</CodSec>
  </S>
  <S>
    <Calle>27FEB</Calle>
    <Lat>32.967392</Lat>
    <Lon>60.643426</Lon>
    <Dis>1527.632</Dis>
    <Cta>1175</Cta>
    <CodSec>13</CodSec>
  </S>
  <S>
    <Calle>SEGUI</Calle>
    <Lat>32.979244</Lat>
    <Lon>60.644342</Lon>
    <Dis>1276.514</Dis>
    <Cta>1259</Cta>
    <CodSec>13</CodSec>
  </S>
  <S>
    <Calle>URIB.</Calle>
    <Lat>32.990392</Lat>
    <Lon>60.646752</Lon>
    <Dis>1073.441</Dis>
    <Cta>1332</Cta>
    <CodSec>13</CodSec>
  </S>
  <S>
    <Calle>AvROS</Calle>
    <Lat>32.999743</Lat>
    <Lon>60.648707</Lon>
    <Dis>1613.044</Dis>
    <Cta>1392</Cta>
    <CodSec>13</CodSec>
  </S>
  <S>
    <Calle>AYACU</Calle>
    <Lat>33.002559</Lat>
    <Lon>60.636249</Lon>
    <Dis>1494.107</Dis>
    <Cta>1469</Cta>
    <CodSec>13</CodSec>
  </S>
  <S>
    <Calle>CIRCU</Calle>
    <Lat>33.015623</Lat>
    <Lon>60.634884</Lon>
    <Dis>1447.545</Dis>
    <Cta>1555</Cta>
    <CodSec>12</CodSec>
  </S>
  <S>
    <Calle>JDPER</Calle>
    <Lat>33.025396</Lat>
    <Lon>60.624876</Lon>
    <Dis>828.376</Dis>
    <Cta>1644</Cta>
    <CodSec>12</CodSec>
  </S>
  <S>
    <Calle>SORES</Calle>
    <Lat>33.029284</Lat>
    <Lon>60.619589</Lon>
    <Dis>0</Dis>
    <Cta>1748</Cta>
    <CodSec>12</CodSec>
  </S>
</Sector>