<?xml version="1.0" standalone="yes"?>
<Sector>
  <xs:schema id="Sector" xmlns="" xmlns:xs="http://www.w3.org/2001/XMLSchema" xmlns:msdata="urn:schemas-microsoft-com:xml-msdata">
    <xs:element name="Sector" msdata:IsDataSet="true" msdata:Locale="">
      <xs:complexType>
        <xs:choice minOccurs="0" maxOccurs="unbounded">
          <xs:element name="S" msdata:Locale="">
            <xs:complexType>
              <xs:sequence>
                <xs:element name="Calle" type="xs:string" minOccurs="0" />
                <xs:element name="Lat" type="xs:decimal" minOccurs="0" />
                <xs:element name="Lon" type="xs:decimal" minOccurs="0" />
                <xs:element name="Dis" type="xs:decimal" minOccurs="0" />
                <xs:element name="Cta" type="xs:int" minOccurs="0" />
                <xs:element name="CodSec" type="xs:int" minOccurs="0" />
              </xs:sequence>
            </xs:complexType>
          </xs:element>
        </xs:choice>
      </xs:complexType>
    </xs:element>
  </xs:schema>
  <S>
    <Calle>SORES</Calle>
    <Lat>33.029225</Lat>
    <Lon>60.619651</Lon>
    <Dis>681.681</Dis>
    <Cta>1</Cta>
    <CodSec>12</CodSec>
  </S>
  <S>
    <Calle>JDPER</Calle>
    <Lat>33.025465</Lat>
    <Lon>60.624659</Lon>
    <Dis>1416.608</Dis>
    <Cta>81</Cta>
    <CodSec>12</CodSec>
  </S>
  <S>
    <Calle>CIRCU</Calle>
    <Lat>33.015898</Lat>
    <Lon>60.634594</Lon>
    <Dis>1490.776</Dis>
    <Cta>159</Cta>
    <CodSec>13</CodSec>
  </S>
  <S>
    <Calle>ARIJO</Calle>
    <Lat>33.002661</Lat>
    <Lon>60.636034</Lon>
    <Dis>1527.508</Dis>
    <Cta>250</Cta>
    <CodSec>13</CodSec>
  </S>
  <S>
    <Calle>SMART</Calle>
    <Lat>32.999792</Lat>
    <Lon>60.648465</Lon>
    <Dis>1060.120</Dis>
    <Cta>325</Cta>
    <CodSec>13</CodSec>
  </S>
  <S>
    <Calle>URIB.</Calle>
    <Lat>32.990772</Lat>
    <Lon>60.646623</Lon>
    <Dis>1255.566</Dis>
    <Cta>384</Cta>
    <CodSec>13</CodSec>
  </S>
  <S>
    <Calle>SEGUI</Calle>
    <Lat>32.979673</Lat>
    <Lon>60.644324</Lon>
    <Dis>1374.295</Dis>
    <Cta>451</Cta>
    <CodSec>13</CodSec>
  </S>
  <S>
    <Calle>27FEB</Calle>
    <Lat>32.968236</Lat>
    <Lon>60.640684</Lon>
    <Dis>1117.407</Dis>
    <Cta>530</Cta>
    <CodSec>13</CodSec>
  </S>
  <S>
    <Calle>PELL.</Calle>
    <Lat>32.958544</Lat>
    <Lon>60.638398</Lon>
    <Dis>1457.866</Dis>
    <Cta>585</Cta>
    <CodSec>13</CodSec>
  </S>
  <S>
    <Calle>ERIOS</Calle>
    <Lat>32.949659</Lat>
    <Lon>60.641945</Lon>
    <Dis>1262.924</Dis>
    <Cta>658</Cta>
    <CodSec>13</CodSec>
  </S>
  <S>
    <Calle>PELL</Calle>
    <Lat>32.955103</Lat>
    <Lon>60.649091</Lon>
    <Dis>1231.542</Dis>
    <Cta>734</Cta>
    <CodSec>13</CodSec>
  </S>
  <S>
    <Calle>27FBR</Calle>
    <Lat>32.965852</Lat>
    <Lon>60.651715</Lon>
    <Dis>1813.376</Dis>
    <Cta>804</Cta>
    <CodSec>13</CodSec>
  </S>
  <S>
    <Calle>AvFRA</Calle>
    <Lat>32.962720</Lat>
    <Lon>60.670402</Lon>
    <Dis>2520.868</Dis>
    <Cta>893</Cta>
    <CodSec>13</CodSec>
  </S>
  <S>
    <Calle>FMORE</Calle>
    <Lat>32.958656</Lat>
    <Lon>60.692981</Lon>
    <Dis>2020.521</Dis>
    <Cta>1029</Cta>
    <CodSec>13</CodSec>
  </S>
  <S>
    <Calle>PUNID</Calle>
    <Lat>32.967964</Lat>
    <Lon>60.711518</Lon>
    <Dis>2318.855</Dis>
    <Cta>1132</Cta>
    <CodSec>13</CodSec>
  </S>
  <S>
    <Calle>ESSO.</Calle>
    <Lat>32.978625</Lat>
    <Lon>60.732806</Lon>
    <Dis>145.846</Dis>
    <Cta>1245</Cta>
    <CodSec>84</CodSec>
  </S>
  <S>
    <Calle>ESSO2</Calle>
    <Lat>32.979287</Lat>
    <Lon>60.734129</Lon>
    <Dis>2062.269</Dis>
    <Cta>1255</Cta>
    <CodSec>85</CodSec>
  </S>
  <S>
    <Calle>AcSOL</Calle>
    <Lat>32.989084</Lat>
    <Lon>60.752764</Lon>
    <Dis>4594.885</Dis>
    <Cta>1377</Cta>
    <CodSec>83</CodSec>
  </S>
  <S>
    <Calle>ECUAD</Calle>
    <Lat>33.027516</Lat>
    <Lon>60.755819</Lon>
    <Dis>0</Dis>
    <Cta>1652</Cta>
    <CodSec>83</CodSec>
  </S>
</Sector>