<?xml version="1.0" standalone="yes"?>
<SectorTarifarioExportacion>
  <xs:schema id="SectorTarifarioExportacion" xmlns="" xmlns:xs="http://www.w3.org/2001/XMLSchema" xmlns:msdata="urn:schemas-microsoft-com:xml-msdata">
    <xs:element name="SectorTarifarioExportacion" msdata:IsDataSet="true" msdata:Locale="">
      <xs:complexType>
        <xs:choice minOccurs="0" maxOccurs="unbounded">
          <xs:element name="S" msdata:Locale="">
            <xs:complexType>
              <xs:sequence>
                <xs:element name="Sec" type="xs:string" minOccurs="0" />
                <xs:element name="CodSec" type="xs:int" minOccurs="0" />
              </xs:sequence>
            </xs:complexType>
          </xs:element>
        </xs:choice>
      </xs:complexType>
    </xs:element>
  </xs:schema>
  <S>
    <Sec>Pos..</Sec>
    <CodSec>1</CodSec>
  </S>
  <S>
    <Sec>Alvear</Sec>
    <CodSec>11</CodSec>
  </S>
  <S>
    <Sec>V.G.Galvez</Sec>
    <CodSec>12</CodSec>
  </S>
  <S>
    <Sec>Rosario</Sec>
    <CodSec>13</CodSec>
  </S>
  <S>
    <Sec>Limite</Sec>
    <CodSec>84</CodSec>
  </S>
  <S>
    <Sec>Perez</Sec>
    <CodSec>85</CodSec>
  </S>
  <S>
    <Sec>Soldini</Sec>
    <CodSec>83</CodSec>
  </S>
</SectorTarifarioExportacion>