<?xml version="1.0" standalone="yes"?>
<Sector>
  <xs:schema id="Sector" xmlns="" xmlns:xs="http://www.w3.org/2001/XMLSchema" xmlns:msdata="urn:schemas-microsoft-com:xml-msdata">
    <xs:element name="Sector" msdata:IsDataSet="true" msdata:Locale="">
      <xs:complexType>
        <xs:choice minOccurs="0" maxOccurs="unbounded">
          <xs:element name="S" msdata:Locale="">
            <xs:complexType>
              <xs:sequence>
                <xs:element name="Calle" type="xs:string" minOccurs="0" />
                <xs:element name="Lat" type="xs:decimal" minOccurs="0" />
                <xs:element name="Lon" type="xs:decimal" minOccurs="0" />
                <xs:element name="Dis" type="xs:decimal" minOccurs="0" />
                <xs:element name="Cta" type="xs:int" minOccurs="0" />
                <xs:element name="CodSec" type="xs:int" minOccurs="0" />
              </xs:sequence>
            </xs:complexType>
          </xs:element>
        </xs:choice>
      </xs:complexType>
    </xs:element>
  </xs:schema>
  <S>
    <Calle>PILAR</Calle>
    <Lat>34.477876</Lat>
    <Lon>58.901248</Lon>
    <Dis>1150.494</Dis>
    <Cta>1</Cta>
    <CodSec>60</CodSec>
  </S>
  <S>
    <Calle>NAZAR</Calle>
    <Lat>34.469000</Lat>
    <Lon>58.905856</Lon>
    <Dis>3902.600</Dis>
    <Cta>74</Cta>
    <CodSec>60</CodSec>
  </S>
  <S>
    <Calle>RPILA</Calle>
    <Lat>34.450814</Lat>
    <Lon>58.906569</Lon>
    <Dis>3187.109</Dis>
    <Cta>320</Cta>
    <CodSec>60</CodSec>
  </S>
  <S>
    <Calle>JUMBO</Calle>
    <Lat>34.444198</Lat>
    <Lon>58.874350</Lon>
    <Dis>4287.785</Dis>
    <Cta>534</Cta>
    <CodSec>41</CodSec>
  </S>
  <S>
    <Calle>LAGAR</Calle>
    <Lat>34.438095</Lat>
    <Lon>58.830767</Lon>
    <Dis>4809.641</Dis>
    <Cta>832</Cta>
    <CodSec>40</CodSec>
  </S>
  <S>
    <Calle>RUT26</Calle>
    <Lat>34.441311</Lat>
    <Lon>58.782832</Lon>
    <Dis>2136.068</Dis>
    <Cta>1192</Cta>
    <CodSec>39</CodSec>
  </S>
  <S>
    <Calle>PTE52</Calle>
    <Lat>34.445196</Lat>
    <Lon>58.761714</Lon>
    <Dis>1077.359</Dis>
    <Cta>1353</Cta>
    <CodSec>39</CodSec>
  </S>
  <S>
    <Calle>PTGA1</Calle>
    <Lat>34.448068</Lat>
    <Lon>58.751190</Lon>
    <Dis>436.711</Dis>
    <Cta>1427</Cta>
    <CodSec>39</CodSec>
  </S>
  <S>
    <Calle>PTGA2</Calle>
    <Lat>34.449111</Lat>
    <Lon>58.746971</Lon>
    <Dis>1266.515</Dis>
    <Cta>1479</Cta>
    <CodSec>39</CodSec>
  </S>
  <S>
    <Calle>FONA1</Calle>
    <Lat>34.453388</Lat>
    <Lon>58.734256</Lon>
    <Dis>397.867</Dis>
    <Cta>1541</Cta>
    <CodSec>38</CodSec>
  </S>
  <S>
    <Calle>FONA2</Calle>
    <Lat>34.454425</Lat>
    <Lon>58.730367</Lon>
    <Dis>1040.086</Dis>
    <Cta>1571</Cta>
    <CodSec>38</CodSec>
  </S>
  <S>
    <Calle>SKF.1</Calle>
    <Lat>34.457730</Lat>
    <Lon>58.720028</Lon>
    <Dis>349.383</Dis>
    <Cta>1622</Cta>
    <CodSec>38</CodSec>
  </S>
  <S>
    <Calle>SKF.2</Calle>
    <Lat>34.458512</Lat>
    <Lon>58.717468</Lon>
    <Dis>762.551</Dis>
    <Cta>1683</Cta>
    <CodSec>38</CodSec>
  </S>
  <S>
    <Calle>PEAJ1</Calle>
    <Lat>34.461093</Lat>
    <Lon>58.709919</Lon>
    <Dis>229.468</Dis>
    <Cta>1723</Cta>
    <CodSec>38</CodSec>
  </S>
  <S>
    <Calle>PEAJ2</Calle>
    <Lat>34.461639</Lat>
    <Lon>58.707875</Lon>
    <Dis>4117.669</Dis>
    <Cta>1736</Cta>
    <CodSec>37</CodSec>
  </S>
  <S>
    <Calle>R1971</Calle>
    <Lat>34.474733</Lat>
    <Lon>58.666405</Lon>
    <Dis>1197.202</Dis>
    <Cta>1947</Cta>
    <CodSec>36</CodSec>
  </S>
  <S>
    <Calle>R1972</Calle>
    <Lat>34.477996</Lat>
    <Lon>58.654074</Lon>
    <Dis>3431.226</Dis>
    <Cta>2032</Cta>
    <CodSec>36</CodSec>
  </S>
  <S>
    <Calle>R2021</Calle>
    <Lat>34.485051</Lat>
    <Lon>58.617824</Lon>
    <Dis>975.686</Dis>
    <Cta>2194</Cta>
    <CodSec>14</CodSec>
  </S>
  <S>
    <Calle>R2022</Calle>
    <Lat>34.486493</Lat>
    <Lon>58.607559</Lon>
    <Dis>2083.408</Dis>
    <Cta>2261</Cta>
    <CodSec>14</CodSec>
  </S>
  <S>
    <Calle>BLGNE</Calle>
    <Lat>34.488233</Lat>
    <Lon>58.585020</Lon>
    <Dis>1887.521</Dis>
    <Cta>2365</Cta>
    <CodSec>14</CodSec>
  </S>
  <S>
    <Calle>JSMAR</Calle>
    <Lat>34.491705</Lat>
    <Lon>58.565296</Lon>
    <Dis>949.717</Dis>
    <Cta>2496</Cta>
    <CodSec>14</CodSec>
  </S>
  <S>
    <Calle>MARQ1</Calle>
    <Lat>34.495906</Lat>
    <Lon>58.556676</Lon>
    <Dis>1465.145</Dis>
    <Cta>2550</Cta>
    <CodSec>13</CodSec>
  </S>
  <S>
    <Calle>THAME</Calle>
    <Lat>34.502292</Lat>
    <Lon>58.543119</Lon>
    <Dis>983.318</Dis>
    <Cta>2634</Cta>
    <CodSec>13</CodSec>
  </S>
  <S>
    <Calle>EDISO</Calle>
    <Lat>34.506731</Lat>
    <Lon>58.533934</Lon>
    <Dis>4104.337</Dis>
    <Cta>2686</Cta>
    <CodSec>12</CodSec>
  </S>
  <S>
    <Calle>SMART</Calle>
    <Lat>34.533345</Lat>
    <Lon>58.504400</Lon>
    <Dis>5900.349</Dis>
    <Cta>2947</Cta>
    <CodSec>11</CodSec>
  </S>
  <S>
    <Calle>ZAPIO</Calle>
    <Lat>34.541931</Lat>
    <Lon>58.481159</Lon>
    <Dis>3590.747</Dis>
    <Cta>3352</Cta>
    <CodSec>11</CodSec>
  </S>
  <S>
    <Calle>SAAVE</Calle>
    <Lat>34.537503</Lat>
    <Lon>58.475619</Lon>
    <Dis>0</Dis>
    <Cta>3616</Cta>
    <CodSec>1</CodSec>
  </S>
</Sector>