<?xml version="1.0" standalone="yes"?>
<Sector>
  <xs:schema id="Sector" xmlns="" xmlns:xs="http://www.w3.org/2001/XMLSchema" xmlns:msdata="urn:schemas-microsoft-com:xml-msdata">
    <xs:element name="Sector" msdata:IsDataSet="true" msdata:Locale="">
      <xs:complexType>
        <xs:choice minOccurs="0" maxOccurs="unbounded">
          <xs:element name="S" msdata:Locale="">
            <xs:complexType>
              <xs:sequence>
                <xs:element name="Calle" type="xs:string" minOccurs="0" />
                <xs:element name="Lat" type="xs:decimal" minOccurs="0" />
                <xs:element name="Lon" type="xs:decimal" minOccurs="0" />
                <xs:element name="Dis" type="xs:decimal" minOccurs="0" />
                <xs:element name="Cta" type="xs:int" minOccurs="0" />
                <xs:element name="CodSec" type="xs:int" minOccurs="0" />
              </xs:sequence>
            </xs:complexType>
          </xs:element>
        </xs:choice>
      </xs:complexType>
    </xs:element>
  </xs:schema>
  <S>
    <Calle>PILAR</Calle>
    <Lat>34.477876</Lat>
    <Lon>58.901249</Lon>
    <Dis>1149.670</Dis>
    <Cta>1</Cta>
    <CodSec>60</CodSec>
  </S>
  <S>
    <Calle>NAZAR</Calle>
    <Lat>34.469000</Lat>
    <Lon>58.905856</Lon>
    <Dis>2455.265</Dis>
    <Cta>71</Cta>
    <CodSec>60</CodSec>
  </S>
  <S>
    <Calle>RUT25</Calle>
    <Lat>34.456794</Lat>
    <Lon>58.905975</Lon>
    <Dis>3377.406</Dis>
    <Cta>232</Cta>
    <CodSec>57</CodSec>
  </S>
  <S>
    <Calle>JUMBO</Calle>
    <Lat>34.450124</Lat>
    <Lon>58.870524</Lon>
    <Dis>3122.301</Dis>
    <Cta>494</Cta>
    <CodSec>56</CodSec>
  </S>
  <S>
    <Calle>LONJA</Calle>
    <Lat>34.454444</Lat>
    <Lon>58.837336</Lon>
    <Dis>2728.939</Dis>
    <Cta>702</Cta>
    <CodSec>55</CodSec>
  </S>
  <S>
    <Calle>RUT26</Calle>
    <Lat>34.458979</Lat>
    <Lon>58.811813</Lon>
    <Dis>1478.167</Dis>
    <Cta>904</Cta>
    <CodSec>54</CodSec>
  </S>
  <S>
    <Calle>E.VIS</Calle>
    <Lat>34.453880</Lat>
    <Lon>58.799554</Lon>
    <Dis>2157.463</Dis>
    <Cta>995</Cta>
    <CodSec>54</CodSec>
  </S>
  <S>
    <Calle>RPILA</Calle>
    <Lat>34.441314</Lat>
    <Lon>58.782833</Lon>
    <Dis>2794.713</Dis>
    <Cta>1137</Cta>
    <CodSec>53</CodSec>
  </S>
  <S>
    <Calle>ASTER</Calle>
    <Lat>34.417244</Lat>
    <Lon>58.775434</Lon>
    <Dis>1056.253</Dis>
    <Cta>1323</Cta>
    <CodSec>53</CodSec>
  </S>
  <S>
    <Calle>E.SAV</Calle>
    <Lat>34.408427</Lat>
    <Lon>58.771395</Lon>
    <Dis>3636.521</Dis>
    <Cta>1390</Cta>
    <CodSec>52</CodSec>
  </S>
  <S>
    <Calle>COLEC</Calle>
    <Lat>34.381805</Lat>
    <Lon>58.753064</Lon>
    <Dis>1908.647</Dis>
    <Cta>1609</Cta>
    <CodSec>51</CodSec>
  </S>
  <S>
    <Calle>MASCH</Calle>
    <Lat>34.394855</Lat>
    <Lon>58.741366</Lon>
    <Dis>1836.921</Dis>
    <Cta>1732</Cta>
    <CodSec>51</CodSec>
  </S>
  <S>
    <Calle>CURVO</Calle>
    <Lat>34.408551</Lat>
    <Lon>58.730490</Lon>
    <Dis>902.919</Dis>
    <Cta>1856</Cta>
    <CodSec>51</CodSec>
  </S>
  <S>
    <Calle>PTGA1</Calle>
    <Lat>34.414859</Lat>
    <Lon>58.724843</Lon>
    <Dis>2659.207</Dis>
    <Cta>1905</Cta>
    <CodSec>43</CodSec>
  </S>
  <S>
    <Calle>FORD1</Calle>
    <Lat>34.435328</Lat>
    <Lon>58.711058</Lon>
    <Dis>1550.644</Dis>
    <Cta>2064</Cta>
    <CodSec>43</CodSec>
  </S>
  <S>
    <Calle>FORD2</Calle>
    <Lat>34.446630</Lat>
    <Lon>58.701326</Lon>
    <Dis>5800.140</Dis>
    <Cta>2156</Cta>
    <CodSec>42</CodSec>
  </S>
  <S>
    <Calle>R1971</Calle>
    <Lat>34.474986</Lat>
    <Lon>58.666490</Lon>
    <Dis>1191.821</Dis>
    <Cta>2555</Cta>
    <CodSec>36</CodSec>
  </S>
  <S>
    <Calle>R1972</Calle>
    <Lat>34.477996</Lat>
    <Lon>58.654074</Lon>
    <Dis>3431.226</Dis>
    <Cta>2633</Cta>
    <CodSec>36</CodSec>
  </S>
  <S>
    <Calle>R2021</Calle>
    <Lat>34.485051</Lat>
    <Lon>58.617824</Lon>
    <Dis>974.631</Dis>
    <Cta>2795</Cta>
    <CodSec>14</CodSec>
  </S>
  <S>
    <Calle>R2022</Calle>
    <Lat>34.486493</Lat>
    <Lon>58.607559</Lon>
    <Dis>2084.675</Dis>
    <Cta>2862</Cta>
    <CodSec>14</CodSec>
  </S>
  <S>
    <Calle>BLGNE</Calle>
    <Lat>34.488273</Lat>
    <Lon>58.585025</Lon>
    <Dis>1889.868</Dis>
    <Cta>2966</Cta>
    <CodSec>14</CodSec>
  </S>
  <S>
    <Calle>JSMAR</Calle>
    <Lat>34.491705</Lat>
    <Lon>58.565296</Lon>
    <Dis>949.717</Dis>
    <Cta>3099</Cta>
    <CodSec>14</CodSec>
  </S>
  <S>
    <Calle>MARQ1</Calle>
    <Lat>34.495906</Lat>
    <Lon>58.556676</Lon>
    <Dis>1434.708</Dis>
    <Cta>3153</Cta>
    <CodSec>13</CodSec>
  </S>
  <S>
    <Calle>THAME</Calle>
    <Lat>34.502115</Lat>
    <Lon>58.543645</Lon>
    <Dis>1032.938</Dis>
    <Cta>3244</Cta>
    <CodSec>13</CodSec>
  </S>
  <S>
    <Calle>EDISO</Calle>
    <Lat>34.506731</Lat>
    <Lon>58.533933</Lon>
    <Dis>4105.772</Dis>
    <Cta>3300</Cta>
    <CodSec>12</CodSec>
  </S>
  <S>
    <Calle>SMART</Calle>
    <Lat>34.533379</Lat>
    <Lon>58.504533</Lon>
    <Dis>2241.611</Dis>
    <Cta>3562</Cta>
    <CodSec>11</CodSec>
  </S>
  <S>
    <Calle>MAIPU</Calle>
    <Lat>34.524047</Lat>
    <Lon>58.483973</Lon>
    <Dis>1727.075</Dis>
    <Cta>3704</Cta>
    <CodSec>11</CodSec>
  </S>
  <S>
    <Calle>SAAVE</Calle>
    <Lat>34.537975</Lat>
    <Lon>58.476434</Lon>
    <Dis>0</Dis>
    <Cta>3806</Cta>
    <CodSec>1</CodSec>
  </S>
</Sector>