<?xml version="1.0" standalone="yes"?>
<Sector>
  <xs:schema id="Sector" xmlns="" xmlns:xs="http://www.w3.org/2001/XMLSchema" xmlns:msdata="urn:schemas-microsoft-com:xml-msdata">
    <xs:element name="Sector" msdata:IsDataSet="true" msdata:Locale="">
      <xs:complexType>
        <xs:choice minOccurs="0" maxOccurs="unbounded">
          <xs:element name="S" msdata:Locale="">
            <xs:complexType>
              <xs:sequence>
                <xs:element name="Calle" type="xs:string" minOccurs="0" />
                <xs:element name="Lat" type="xs:decimal" minOccurs="0" />
                <xs:element name="Lon" type="xs:decimal" minOccurs="0" />
                <xs:element name="Dis" type="xs:decimal" minOccurs="0" />
                <xs:element name="Cta" type="xs:int" minOccurs="0" />
                <xs:element name="CodSec" type="xs:int" minOccurs="0" />
              </xs:sequence>
            </xs:complexType>
          </xs:element>
        </xs:choice>
      </xs:complexType>
    </xs:element>
  </xs:schema>
  <S>
    <Calle>PILAR</Calle>
    <Lat>34.477876</Lat>
    <Lon>58.901248</Lon>
    <Dis>1150.541</Dis>
    <Cta>1</Cta>
    <CodSec>60</CodSec>
  </S>
  <S>
    <Calle>NAZAR</Calle>
    <Lat>34.469000</Lat>
    <Lon>58.905856</Lon>
    <Dis>3062.159</Dis>
    <Cta>74</Cta>
    <CodSec>60</CodSec>
  </S>
  <S>
    <Calle>RUT25</Calle>
    <Lat>34.456794</Lat>
    <Lon>58.905975</Lon>
    <Dis>3401.244</Dis>
    <Cta>259</Cta>
    <CodSec>57</CodSec>
  </S>
  <S>
    <Calle>JUMBO</Calle>
    <Lat>34.450089</Lat>
    <Lon>58.870329</Lon>
    <Dis>3088.634</Dis>
    <Cta>527</Cta>
    <CodSec>56</CodSec>
  </S>
  <S>
    <Calle>LONJA</Calle>
    <Lat>34.454444</Lat>
    <Lon>58.837336</Lon>
    <Dis>2725.544</Dis>
    <Cta>733</Cta>
    <CodSec>55</CodSec>
  </S>
  <S>
    <Calle>RUT26</Calle>
    <Lat>34.458980</Lat>
    <Lon>58.811812</Lon>
    <Dis>1476.424</Dis>
    <Cta>936</Cta>
    <CodSec>54</CodSec>
  </S>
  <S>
    <Calle>E.VIS</Calle>
    <Lat>34.453880</Lat>
    <Lon>58.799554</Lon>
    <Dis>2154.339</Dis>
    <Cta>1024</Cta>
    <CodSec>54</CodSec>
  </S>
  <S>
    <Calle>RPILA</Calle>
    <Lat>34.441287</Lat>
    <Lon>58.782897</Lon>
    <Dis>5672.623</Dis>
    <Cta>1165</Cta>
    <CodSec>39</CodSec>
  </S>
  <S>
    <Calle>PTE52</Calle>
    <Lat>34.444851</Lat>
    <Lon>58.761718</Lon>
    <Dis>1507.453</Dis>
    <Cta>1523</Cta>
    <CodSec>39</CodSec>
  </S>
  <S>
    <Calle>PTGA2</Calle>
    <Lat>34.449110</Lat>
    <Lon>58.746973</Lon>
    <Dis>1266.489</Dis>
    <Cta>1643</Cta>
    <CodSec>39</CodSec>
  </S>
  <S>
    <Calle>FONA1</Calle>
    <Lat>34.453388</Lat>
    <Lon>58.734256</Lon>
    <Dis>398.216</Dis>
    <Cta>1705</Cta>
    <CodSec>38</CodSec>
  </S>
  <S>
    <Calle>FONA2</Calle>
    <Lat>34.454425</Lat>
    <Lon>58.730367</Lon>
    <Dis>1040.086</Dis>
    <Cta>1735</Cta>
    <CodSec>38</CodSec>
  </S>
  <S>
    <Calle>SKF.1</Calle>
    <Lat>34.457730</Lat>
    <Lon>58.720028</Lon>
    <Dis>356.519</Dis>
    <Cta>1786</Cta>
    <CodSec>38</CodSec>
  </S>
  <S>
    <Calle>SKF.2</Calle>
    <Lat>34.458592</Lat>
    <Lon>58.717404</Lon>
    <Dis>749.851</Dis>
    <Cta>1847</Cta>
    <CodSec>38</CodSec>
  </S>
  <S>
    <Calle>PEAJ1</Calle>
    <Lat>34.460960</Lat>
    <Lon>58.709833</Lon>
    <Dis>193.276</Dis>
    <Cta>1887</Cta>
    <CodSec>37</CodSec>
  </S>
  <S>
    <Calle>PEAJ2</Calle>
    <Lat>34.461604</Lat>
    <Lon>58.707896</Lon>
    <Dis>4110.713</Dis>
    <Cta>1900</Cta>
    <CodSec>37</CodSec>
  </S>
  <S>
    <Calle>R1971</Calle>
    <Lat>34.474733</Lat>
    <Lon>58.666405</Lon>
    <Dis>1196.962</Dis>
    <Cta>2111</Cta>
    <CodSec>36</CodSec>
  </S>
  <S>
    <Calle>R1972</Calle>
    <Lat>34.477996</Lat>
    <Lon>58.654074</Lon>
    <Dis>3431.226</Dis>
    <Cta>2193</Cta>
    <CodSec>36</CodSec>
  </S>
  <S>
    <Calle>R2021</Calle>
    <Lat>34.485052</Lat>
    <Lon>58.617824</Lon>
    <Dis>983.400</Dis>
    <Cta>2355</Cta>
    <CodSec>14</CodSec>
  </S>
  <S>
    <Calle>R2022</Calle>
    <Lat>34.486475</Lat>
    <Lon>58.607473</Lon>
    <Dis>2084.087</Dis>
    <Cta>2424</Cta>
    <CodSec>14</CodSec>
  </S>
  <S>
    <Calle>BLGNE</Calle>
    <Lat>34.488272</Lat>
    <Lon>58.584961</Lon>
    <Dis>1880.536</Dis>
    <Cta>2529</Cta>
    <CodSec>14</CodSec>
  </S>
  <S>
    <Calle>JSMAR</Calle>
    <Lat>34.491705</Lat>
    <Lon>58.565296</Lon>
    <Dis>949.717</Dis>
    <Cta>2658</Cta>
    <CodSec>14</CodSec>
  </S>
  <S>
    <Calle>MARQ1</Calle>
    <Lat>34.495906</Lat>
    <Lon>58.556676</Lon>
    <Dis>1465.018</Dis>
    <Cta>2712</Cta>
    <CodSec>13</CodSec>
  </S>
  <S>
    <Calle>THAME</Calle>
    <Lat>34.502292</Lat>
    <Lon>58.543119</Lon>
    <Dis>983.082</Dis>
    <Cta>2798</Cta>
    <CodSec>13</CodSec>
  </S>
  <S>
    <Calle>EDISO</Calle>
    <Lat>34.506731</Lat>
    <Lon>58.533933</Lon>
    <Dis>4108.984</Dis>
    <Cta>2850</Cta>
    <CodSec>12</CodSec>
  </S>
  <S>
    <Calle>SMART</Calle>
    <Lat>34.533379</Lat>
    <Lon>58.504533</Lon>
    <Dis>2239.841</Dis>
    <Cta>3114</Cta>
    <CodSec>11</CodSec>
  </S>
  <S>
    <Calle>MAIPU</Calle>
    <Lat>34.524047</Lat>
    <Lon>58.483973</Lon>
    <Dis>1706.157</Dis>
    <Cta>3256</Cta>
    <CodSec>11</CodSec>
  </S>
  <S>
    <Calle>SAAVE</Calle>
    <Lat>34.537859</Lat>
    <Lon>58.476579</Lon>
    <Dis>0</Dis>
    <Cta>3354</Cta>
    <CodSec>1</CodSec>
  </S>
</Sector>