<?xml version="1.0" standalone="yes"?>
<Version>
  <xs:schema id="Version" xmlns="" xmlns:xs="http://www.w3.org/2001/XMLSchema" xmlns:msdata="urn:schemas-microsoft-com:xml-msdata">
    <xs:element name="Version" msdata:IsDataSet="true" msdata:UseCurrentLocale="true">
      <xs:complexType>
        <xs:choice minOccurs="0" maxOccurs="unbounded">
          <xs:element name="datosVersion">
            <xs:complexType>
              <xs:sequence>
                <xs:element name="nroVersion" type="xs:int" minOccurs="0" />
                <xs:element name="fechaActivacion" type="xs:dateTime" minOccurs="0" />
              </xs:sequence>
            </xs:complexType>
          </xs:element>
          <xs:element name="archivos">
            <xs:complexType>
              <xs:sequence>
                <xs:element name="archivo" type="xs:string" minOccurs="0" />
                <xs:element name="hash" type="xs:string" minOccurs="0" />
              </xs:sequence>
            </xs:complexType>
          </xs:element>
        </xs:choice>
      </xs:complexType>
    </xs:element>
  </xs:schema>
  <datosVersion>
    <nroVersion>28</nroVersion>
    <fechaActivacion>2020-07-20T00:00:00-03:00</fechaActivacion>
  </datosVersion>
  <archivos>
    <archivo>s01592742.xml</archivo>
    <hash>C8899CBF549F160BE78E5C9E175F6FC5</hash>
  </archivos>
  <archivos>
    <archivo>s01592743.xml</archivo>
    <hash>F4FB13A1449AA8DF76EE5AE7F230D28A</hash>
  </archivos>
  <archivos>
    <archivo>s01592744.xml</archivo>
    <hash>EA7D6A4552C9AAB33AB9AB13C1BEF309</hash>
  </archivos>
  <archivos>
    <archivo>s01592745.xml</archivo>
    <hash>FAF4DF5C5E1F999D8622C44C06504FCB</hash>
  </archivos>
  <archivos>
    <archivo>s01592746.xml</archivo>
    <hash>3200326D0FDE672757D9BBFFE2763D0B</hash>
  </archivos>
  <archivos>
    <archivo>s01592747.xml</archivo>
    <hash>556EAFD9065F7C0849FCBCC9ACF4D688</hash>
  </archivos>
  <archivos>
    <archivo>s01592748.xml</archivo>
    <hash>6CEFF006787D5C869E87708C42833F08</hash>
  </archivos>
  <archivos>
    <archivo>s01592749.xml</archivo>
    <hash>42443EEDBC6425543B20CDF9CD0D6BE7</hash>
  </archivos>
  <archivos>
    <archivo>s01592750.xml</archivo>
    <hash>5F5BE149617D8C2CAFA4EFBF12FE2F5B</hash>
  </archivos>
  <archivos>
    <archivo>s01592751.xml</archivo>
    <hash>D3443404E79463BC3B630F7DA8AEF250</hash>
  </archivos>
  <archivos>
    <archivo>s01592752.xml</archivo>
    <hash>6AB64B9C34A94B2B7CFE7F1A1FFF86AB</hash>
  </archivos>
  <archivos>
    <archivo>s01592753.xml</archivo>
    <hash>4944CDFD8055AE861FA14CA516A5AD06</hash>
  </archivos>
  <archivos>
    <archivo>s01592754.xml</archivo>
    <hash>5FB54E455D2B177D54F0D43E0E8E6840</hash>
  </archivos>
  <archivos>
    <archivo>s01592755.xml</archivo>
    <hash>1B81CCCAC77C988BBE6C93B72FE40340</hash>
  </archivos>
  <archivos>
    <archivo>s01592756.xml</archivo>
    <hash>32199EECF075C7CFE66FEB8B0E471509</hash>
  </archivos>
  <archivos>
    <archivo>s01592757.xml</archivo>
    <hash>A3372F5D8D133BC0B3C04318A12AE145</hash>
  </archivos>
  <archivos>
    <archivo>s01592758.xml</archivo>
    <hash>1C1477EF5F65D582163D62187A33E8B0</hash>
  </archivos>
  <archivos>
    <archivo>s01592759.xml</archivo>
    <hash>9091D26CC01BA540F0C877C0FB97C3CC</hash>
  </archivos>
  <archivos>
    <archivo>s01592760.xml</archivo>
    <hash>226B5A4063CD7AB6922C28C5C17B6EDC</hash>
  </archivos>
  <archivos>
    <archivo>r01592742.txt</archivo>
    <hash>B0D17E5CDDE67D91C610ECC2A956F188</hash>
  </archivos>
  <archivos>
    <archivo>r01592743.txt</archivo>
    <hash>FC96704C125993E969AAABE639A4B20B</hash>
  </archivos>
  <archivos>
    <archivo>r01592744.txt</archivo>
    <hash>D102C19289C94E8A8AB8B0494B9BC01F</hash>
  </archivos>
  <archivos>
    <archivo>r01592745.txt</archivo>
    <hash>ACE23192D4DE3F1BACA3D6E6F7D6B45A</hash>
  </archivos>
  <archivos>
    <archivo>r01592746.txt</archivo>
    <hash>83A099C6627FFB980CBFBAA944E7249E</hash>
  </archivos>
  <archivos>
    <archivo>r01592747.txt</archivo>
    <hash>0CF0A3A18A97F248C3D4BE350255A9EB</hash>
  </archivos>
  <archivos>
    <archivo>r01592748.txt</archivo>
    <hash>909F778E4616F2A35D941E7EB34B65EA</hash>
  </archivos>
  <archivos>
    <archivo>r01592749.txt</archivo>
    <hash>D3DB2292CD2F87802C21EEA9C165F561</hash>
  </archivos>
  <archivos>
    <archivo>r01592750.txt</archivo>
    <hash>C6EDA6655764B07A7570312E62B0B18C</hash>
  </archivos>
  <archivos>
    <archivo>r01592751.txt</archivo>
    <hash>B117D96733E655FC0EE9BF4985F7960D</hash>
  </archivos>
  <archivos>
    <archivo>r01592752.txt</archivo>
    <hash>2E063FD750A6684D3D97ACC68F3F31FE</hash>
  </archivos>
  <archivos>
    <archivo>r01592753.txt</archivo>
    <hash>0812669F97C8597DB2F5C2964F11923E</hash>
  </archivos>
  <archivos>
    <archivo>r01592754.txt</archivo>
    <hash>83610AAB2E6166DB7B779394023E5413</hash>
  </archivos>
  <archivos>
    <archivo>r01592755.txt</archivo>
    <hash>6A0BB5A30280DEA3F513605FEEF29F30</hash>
  </archivos>
  <archivos>
    <archivo>r01592756.txt</archivo>
    <hash>B5418F8888E993E100ADA98222D0DE35</hash>
  </archivos>
  <archivos>
    <archivo>r01592757.txt</archivo>
    <hash>8E948262EBB5A0BD0BA675E0830405C3</hash>
  </archivos>
  <archivos>
    <archivo>r01592758.txt</archivo>
    <hash>281724354E7120B4623E35F4E5AAAE33</hash>
  </archivos>
  <archivos>
    <archivo>r01592759.txt</archivo>
    <hash>8319CD9EF927E916A8AB44844E0FD6D0</hash>
  </archivos>
  <archivos>
    <archivo>r01592760.txt</archivo>
    <hash>6FD6A2F0C58BB167C50C326254F2F6C0</hash>
  </archivos>
  <archivos>
    <archivo>sectoresTarifarios.xml</archivo>
    <hash>BDF89E6995DF3961B085471C0FD7AC9E</hash>
  </archivos>
</Version>