<?xml version="1.0" standalone="yes"?>
<Sector>
  <xs:schema id="Sector" xmlns="" xmlns:xs="http://www.w3.org/2001/XMLSchema" xmlns:msdata="urn:schemas-microsoft-com:xml-msdata">
    <xs:element name="Sector" msdata:IsDataSet="true" msdata:Locale="">
      <xs:complexType>
        <xs:choice minOccurs="0" maxOccurs="unbounded">
          <xs:element name="S" msdata:Locale="">
            <xs:complexType>
              <xs:sequence>
                <xs:element name="Calle" type="xs:string" minOccurs="0" />
                <xs:element name="Lat" type="xs:decimal" minOccurs="0" />
                <xs:element name="Lon" type="xs:decimal" minOccurs="0" />
                <xs:element name="Dis" type="xs:decimal" minOccurs="0" />
                <xs:element name="Cta" type="xs:int" minOccurs="0" />
                <xs:element name="CodSec" type="xs:int" minOccurs="0" />
              </xs:sequence>
            </xs:complexType>
          </xs:element>
        </xs:choice>
      </xs:complexType>
    </xs:element>
  </xs:schema>
  <S>
    <Calle>MORE</Calle>
    <Lat>34.642644</Lat>
    <Lon>58.815466</Lon>
    <Dis>1727.105</Dis>
    <Cta>1</Cta>
    <CodSec>23</CodSec>
  </S>
  <S>
    <Calle>MFIER</Calle>
    <Lat>34.647896</Lat>
    <Lon>58.798399</Lon>
    <Dis>1448.633</Dis>
    <Cta>86</Cta>
    <CodSec>23</CodSec>
  </S>
  <S>
    <Calle>INDEP</Calle>
    <Lat>34.646811</Lat>
    <Lon>58.788919</Lon>
    <Dis>2414.966</Dis>
    <Cta>183</Cta>
    <CodSec>23</CodSec>
  </S>
  <S>
    <Calle>P.GAO</Calle>
    <Lat>34.627635</Lat>
    <Lon>58.778835</Lon>
    <Dis>2820.198</Dis>
    <Cta>333</Cta>
    <CodSec>22</CodSec>
  </S>
  <S>
    <Calle>PFIZR</Calle>
    <Lat>34.605250</Lat>
    <Lon>58.765219</Lon>
    <Dis>2668.864</Dis>
    <Cta>518</Cta>
    <CodSec>21</CodSec>
  </S>
  <S>
    <Calle>CCAST</Calle>
    <Lat>34.585763</Lat>
    <Lon>58.749801</Lon>
    <Dis>1936.445</Dis>
    <Cta>695</Cta>
    <CodSec>20</CodSec>
  </S>
  <S>
    <Calle>SBRIG</Calle>
    <Lat>34.570229</Lat>
    <Lon>58.743069</Lon>
    <Dis>1105.122</Dis>
    <Cta>818</Cta>
    <CodSec>19</CodSec>
  </S>
  <S>
    <Calle>PROSA</Calle>
    <Lat>34.562898</Lat>
    <Lon>58.735495</Lon>
    <Dis>2700.339</Dis>
    <Cta>890</Cta>
    <CodSec>19</CodSec>
  </S>
  <S>
    <Calle>FARIA</Calle>
    <Lat>34.545426</Lat>
    <Lon>58.715503</Lon>
    <Dis>1689.574</Dis>
    <Cta>1052</Cta>
    <CodSec>18</CodSec>
  </S>
  <S>
    <Calle>PAVON</Calle>
    <Lat>34.534119</Lat>
    <Lon>58.703397</Lon>
    <Dis>829.325</Dis>
    <Cta>1151</Cta>
    <CodSec>17</CodSec>
  </S>
  <S>
    <Calle>ESCLE</Calle>
    <Lat>34.528934</Lat>
    <Lon>58.697113</Lon>
    <Dis>2098.846</Dis>
    <Cta>1211</Cta>
    <CodSec>17</CodSec>
  </S>
  <S>
    <Calle>LOREN</Calle>
    <Lat>34.524065</Lat>
    <Lon>58.680131</Lon>
    <Dis>3754.940</Dis>
    <Cta>1336</Cta>
    <CodSec>16</CodSec>
  </S>
  <S>
    <Calle>DTORC</Calle>
    <Lat>34.503136</Lat>
    <Lon>58.648735</Lon>
    <Dis>1057.701</Dis>
    <Cta>1539</Cta>
    <CodSec>15</CodSec>
  </S>
  <S>
    <Calle>CHIND</Calle>
    <Lat>34.500562</Lat>
    <Lon>58.643250</Lon>
    <Dis>2468.740</Dis>
    <Cta>1606</Cta>
    <CodSec>15</CodSec>
  </S>
  <S>
    <Calle>PANAM</Calle>
    <Lat>34.488568</Lat>
    <Lon>58.621029</Lon>
    <Dis>1127.514</Dis>
    <Cta>1754</Cta>
    <CodSec>14</CodSec>
  </S>
  <S>
    <Calle>R2022</Calle>
    <Lat>34.485843</Lat>
    <Lon>58.614317</Lon>
    <Dis>0</Dis>
    <Cta>1824</Cta>
    <CodSec>14</CodSec>
  </S>
</Sector>