<?xml version="1.0" standalone="yes"?>
<Sector>
  <xs:schema id="Sector" xmlns="" xmlns:xs="http://www.w3.org/2001/XMLSchema" xmlns:msdata="urn:schemas-microsoft-com:xml-msdata">
    <xs:element name="Sector" msdata:IsDataSet="true" msdata:Locale="">
      <xs:complexType>
        <xs:choice minOccurs="0" maxOccurs="unbounded">
          <xs:element name="S" msdata:Locale="">
            <xs:complexType>
              <xs:sequence>
                <xs:element name="Calle" type="xs:string" minOccurs="0" />
                <xs:element name="Lat" type="xs:decimal" minOccurs="0" />
                <xs:element name="Lon" type="xs:decimal" minOccurs="0" />
                <xs:element name="Dis" type="xs:decimal" minOccurs="0" />
                <xs:element name="Cta" type="xs:int" minOccurs="0" />
                <xs:element name="CodSec" type="xs:int" minOccurs="0" />
              </xs:sequence>
            </xs:complexType>
          </xs:element>
        </xs:choice>
      </xs:complexType>
    </xs:element>
  </xs:schema>
  <S>
    <Calle>SAAVE</Calle>
    <Lat>34.537500</Lat>
    <Lon>58.475610</Lon>
    <Dis>1683.179</Dis>
    <Cta>1</Cta>
    <CodSec>1</CodSec>
  </S>
  <S>
    <Calle>ZAPIO</Calle>
    <Lat>34.540668</Lat>
    <Lon>58.480967</Lon>
    <Dis>2896.045</Dis>
    <Cta>100</Cta>
    <CodSec>1</CodSec>
  </S>
  <S>
    <Calle>SMART</Calle>
    <Lat>34.533984</Lat>
    <Lon>58.502632</Lon>
    <Dis>3926.171</Dis>
    <Cta>304</Cta>
    <CodSec>11</CodSec>
  </S>
  <S>
    <Calle>EDISO</Calle>
    <Lat>34.507843</Lat>
    <Lon>58.530042</Lon>
    <Dis>1348.643</Dis>
    <Cta>541</Cta>
    <CodSec>12</CodSec>
  </S>
  <S>
    <Calle>THAME</Calle>
    <Lat>34.501799</Lat>
    <Lon>58.542448</Lon>
    <Dis>1017.946</Dis>
    <Cta>626</Cta>
    <CodSec>12</CodSec>
  </S>
  <S>
    <Calle>MARQ2</Calle>
    <Lat>34.496948</Lat>
    <Lon>58.551645</Lon>
    <Dis>422.297</Dis>
    <Cta>688</Cta>
    <CodSec>13</CodSec>
  </S>
  <S>
    <Calle>MARQ1</Calle>
    <Lat>34.494638</Lat>
    <Lon>58.555011</Lon>
    <Dis>987.337</Dis>
    <Cta>721</Cta>
    <CodSec>13</CodSec>
  </S>
  <S>
    <Calle>JSMAR</Calle>
    <Lat>34.491371</Lat>
    <Lon>58.564524</Lon>
    <Dis>1912.976</Dis>
    <Cta>787</Cta>
    <CodSec>13</CodSec>
  </S>
  <S>
    <Calle>BLGNE</Calle>
    <Lat>34.487821</Lat>
    <Lon>58.584577</Lon>
    <Dis>2253.375</Dis>
    <Cta>917</Cta>
    <CodSec>13</CodSec>
  </S>
  <S>
    <Calle>R2022</Calle>
    <Lat>34.485877</Lat>
    <Lon>58.608822</Lon>
    <Dis>3463.338</Dis>
    <Cta>1034</Cta>
    <CodSec>14</CodSec>
  </S>
  <S>
    <Calle>CHIN2</Calle>
    <Lat>34.499268</Lat>
    <Lon>58.641116</Lon>
    <Dis>892.953</Dis>
    <Cta>1250</Cta>
    <CodSec>15</CodSec>
  </S>
  <S>
    <Calle>DTORC</Calle>
    <Lat>34.503404</Lat>
    <Lon>58.649323</Lon>
    <Dis>3642.688</Dis>
    <Cta>1302</Cta>
    <CodSec>15</CodSec>
  </S>
  <S>
    <Calle>LOREN</Calle>
    <Lat>34.523970</Lat>
    <Lon>58.679986</Lon>
    <Dis>1772.315</Dis>
    <Cta>1495</Cta>
    <CodSec>16</CodSec>
  </S>
  <S>
    <Calle>ESCLE</Calle>
    <Lat>34.526348</Lat>
    <Lon>58.694406</Lon>
    <Dis>834.885</Dis>
    <Cta>1614</Cta>
    <CodSec>16</CodSec>
  </S>
  <S>
    <Calle>ROLEM</Calle>
    <Lat>34.531803</Lat>
    <Lon>58.700484</Lon>
    <Dis>1470.969</Dis>
    <Cta>1677</Cta>
    <CodSec>17</CodSec>
  </S>
  <S>
    <Calle>DELIA</Calle>
    <Lat>34.539626</Lat>
    <Lon>58.711826</Lon>
    <Dis>397.585</Dis>
    <Cta>1769</Cta>
    <CodSec>18</CodSec>
  </S>
  <S>
    <Calle>ALEM.</Calle>
    <Lat>34.542222</Lat>
    <Lon>58.714617</Lon>
    <Dis>2959.633</Dis>
    <Cta>1792</Cta>
    <CodSec>18</CodSec>
  </S>
  <S>
    <Calle>PROSA</Calle>
    <Lat>34.561455</Lat>
    <Lon>58.733761</Lon>
    <Dis>1023.285</Dis>
    <Cta>1958</Cta>
    <CodSec>18</CodSec>
  </S>
  <S>
    <Calle>SBRIG</Calle>
    <Lat>34.567790</Lat>
    <Lon>58.741775</Lon>
    <Dis>1904.197</Dis>
    <Cta>2023</Cta>
    <CodSec>19</CodSec>
  </S>
  <S>
    <Calle>CCAST</Calle>
    <Lat>34.583481</Lat>
    <Lon>58.747483</Lon>
    <Dis>2582.295</Dis>
    <Cta>2144</Cta>
    <CodSec>20</CodSec>
  </S>
  <S>
    <Calle>PFIZR</Calle>
    <Lat>34.602674</Lat>
    <Lon>58.761969</Lon>
    <Dis>2868.526</Dis>
    <Cta>2307</Cta>
    <CodSec>21</CodSec>
  </S>
  <S>
    <Calle>P.GAO</Calle>
    <Lat>34.624743</Lat>
    <Lon>58.776958</Lon>
    <Dis>2746.955</Dis>
    <Cta>2486</Cta>
    <CodSec>22</CodSec>
  </S>
  <S>
    <Calle>INDEP</Calle>
    <Lat>34.646308</Lat>
    <Lon>58.790286</Lon>
    <Dis>435.449</Dis>
    <Cta>2651</Cta>
    <CodSec>23</CodSec>
  </S>
  <S>
    <Calle>PIOVN</Calle>
    <Lat>34.649960</Lat>
    <Lon>58.791720</Lon>
    <Dis>0</Dis>
    <Cta>2680</Cta>
    <CodSec>23</CodSec>
  </S>
</Sector>