<?xml version="1.0" standalone="yes"?>
<Sector>
  <xs:schema id="Sector" xmlns="" xmlns:xs="http://www.w3.org/2001/XMLSchema" xmlns:msdata="urn:schemas-microsoft-com:xml-msdata">
    <xs:element name="Sector" msdata:IsDataSet="true" msdata:Locale="">
      <xs:complexType>
        <xs:choice minOccurs="0" maxOccurs="unbounded">
          <xs:element name="S" msdata:Locale="">
            <xs:complexType>
              <xs:sequence>
                <xs:element name="Calle" type="xs:string" minOccurs="0" />
                <xs:element name="Lat" type="xs:decimal" minOccurs="0" />
                <xs:element name="Lon" type="xs:decimal" minOccurs="0" />
                <xs:element name="Dis" type="xs:decimal" minOccurs="0" />
                <xs:element name="Cta" type="xs:int" minOccurs="0" />
                <xs:element name="CodSec" type="xs:int" minOccurs="0" />
              </xs:sequence>
            </xs:complexType>
          </xs:element>
        </xs:choice>
      </xs:complexType>
    </xs:element>
  </xs:schema>
  <S>
    <Calle>MORE</Calle>
    <Lat>34.643083</Lat>
    <Lon>58.815625</Lon>
    <Dis>1662.075</Dis>
    <Cta>1</Cta>
    <CodSec>23</CodSec>
  </S>
  <S>
    <Calle>MFIER</Calle>
    <Lat>34.647854</Lat>
    <Lon>58.798484</Lon>
    <Dis>1452.562</Dis>
    <Cta>78</Cta>
    <CodSec>23</CodSec>
  </S>
  <S>
    <Calle>INDEP</Calle>
    <Lat>34.646953</Lat>
    <Lon>58.788977</Lon>
    <Dis>2427.062</Dis>
    <Cta>171</Cta>
    <CodSec>23</CodSec>
  </S>
  <S>
    <Calle>P.GAO</Calle>
    <Lat>34.627593</Lat>
    <Lon>58.778803</Lon>
    <Dis>2797.524</Dis>
    <Cta>315</Cta>
    <CodSec>22</CodSec>
  </S>
  <S>
    <Calle>PFIZR</Calle>
    <Lat>34.605344</Lat>
    <Lon>58.765339</Lon>
    <Dis>2662.559</Dis>
    <Cta>489</Cta>
    <CodSec>21</CodSec>
  </S>
  <S>
    <Calle>CCAST</Calle>
    <Lat>34.585865</Lat>
    <Lon>58.749903</Lon>
    <Dis>1930.602</Dis>
    <Cta>665</Cta>
    <CodSec>20</CodSec>
  </S>
  <S>
    <Calle>SBRIG</Calle>
    <Lat>34.570350</Lat>
    <Lon>58.743065</Lon>
    <Dis>1116.382</Dis>
    <Cta>790</Cta>
    <CodSec>19</CodSec>
  </S>
  <S>
    <Calle>PROSA</Calle>
    <Lat>34.562917</Lat>
    <Lon>58.735519</Lon>
    <Dis>2699.243</Dis>
    <Cta>861</Cta>
    <CodSec>19</CodSec>
  </S>
  <S>
    <Calle>FARIA</Calle>
    <Lat>34.545419</Lat>
    <Lon>58.715538</Lon>
    <Dis>1686.955</Dis>
    <Cta>1023</Cta>
    <CodSec>18</CodSec>
  </S>
  <S>
    <Calle>PAVON</Calle>
    <Lat>34.534190</Lat>
    <Lon>58.703464</Lon>
    <Dis>891.178</Dis>
    <Cta>1122</Cta>
    <CodSec>17</CodSec>
  </S>
  <S>
    <Calle>ESCLE</Calle>
    <Lat>34.528596</Lat>
    <Lon>58.696735</Lon>
    <Dis>2060.809</Dis>
    <Cta>1183</Cta>
    <CodSec>17</CodSec>
  </S>
  <S>
    <Calle>LOREN</Calle>
    <Lat>34.524064</Lat>
    <Lon>58.680129</Lon>
    <Dis>3659.613</Dis>
    <Cta>1306</Cta>
    <CodSec>16</CodSec>
  </S>
  <S>
    <Calle>DTORC</Calle>
    <Lat>34.503474</Lat>
    <Lon>58.649298</Lon>
    <Dis>1100.393</Dis>
    <Cta>1506</Cta>
    <CodSec>15</CodSec>
  </S>
  <S>
    <Calle>CHIND</Calle>
    <Lat>34.500723</Lat>
    <Lon>58.643094</Lon>
    <Dis>2506.338</Dis>
    <Cta>1571</Cta>
    <CodSec>15</CodSec>
  </S>
  <S>
    <Calle>PANAM</Calle>
    <Lat>34.488401</Lat>
    <Lon>58.620744</Lon>
    <Dis>1260.654</Dis>
    <Cta>1726</Cta>
    <CodSec>14</CodSec>
  </S>
  <S>
    <Calle>R2022</Calle>
    <Lat>34.486531</Lat>
    <Lon>58.608104</Lon>
    <Dis>2086.665</Dis>
    <Cta>1810</Cta>
    <CodSec>14</CodSec>
  </S>
  <S>
    <Calle>BLGNE</Calle>
    <Lat>34.488117</Lat>
    <Lon>58.585496</Lon>
    <Dis>1953.738</Dis>
    <Cta>1914</Cta>
    <CodSec>14</CodSec>
  </S>
  <S>
    <Calle>JSMAR</Calle>
    <Lat>34.491740</Lat>
    <Lon>58.565125</Lon>
    <Dis>896.050</Dis>
    <Cta>2051</Cta>
    <CodSec>14</CodSec>
  </S>
  <S>
    <Calle>MARQ1</Calle>
    <Lat>34.495714</Lat>
    <Lon>58.556935</Lon>
    <Dis>1487.272</Dis>
    <Cta>2104</Cta>
    <CodSec>13</CodSec>
  </S>
  <S>
    <Calle>THAME</Calle>
    <Lat>34.502094</Lat>
    <Lon>58.543466</Lon>
    <Dis>987.236</Dis>
    <Cta>2197</Cta>
    <CodSec>13</CodSec>
  </S>
  <S>
    <Calle>EDISO</Calle>
    <Lat>34.506586</Lat>
    <Lon>58.534209</Lon>
    <Dis>4179.203</Dis>
    <Cta>2253</Cta>
    <CodSec>12</CodSec>
  </S>
  <S>
    <Calle>SMART</Calle>
    <Lat>34.533593</Lat>
    <Lon>58.504169</Lon>
    <Dis>3274.197</Dis>
    <Cta>2522</Cta>
    <CodSec>11</CodSec>
  </S>
  <S>
    <Calle>ZAPIO</Calle>
    <Lat>34.541992</Lat>
    <Lon>58.481164</Lon>
    <Dis>849.367</Dis>
    <Cta>2769</Cta>
    <CodSec>11</CodSec>
  </S>
  <S>
    <Calle>SAAVE</Calle>
    <Lat>34.537927</Lat>
    <Lon>58.475263</Lon>
    <Dis>0</Dis>
    <Cta>2832</Cta>
    <CodSec>1</CodSec>
  </S>
</Sector>