<?xml version="1.0" standalone="yes"?>
<Version>
  <xs:schema id="Version" xmlns="" xmlns:xs="http://www.w3.org/2001/XMLSchema" xmlns:msdata="urn:schemas-microsoft-com:xml-msdata">
    <xs:element name="Version" msdata:IsDataSet="true" msdata:UseCurrentLocale="true">
      <xs:complexType>
        <xs:choice minOccurs="0" maxOccurs="unbounded">
          <xs:element name="datosVersion">
            <xs:complexType>
              <xs:sequence>
                <xs:element name="nroVersion" type="xs:int" minOccurs="0" />
                <xs:element name="fechaActivacion" type="xs:dateTime" minOccurs="0" />
              </xs:sequence>
            </xs:complexType>
          </xs:element>
          <xs:element name="archivos">
            <xs:complexType>
              <xs:sequence>
                <xs:element name="archivo" type="xs:string" minOccurs="0" />
                <xs:element name="hash" type="xs:string" minOccurs="0" />
              </xs:sequence>
            </xs:complexType>
          </xs:element>
        </xs:choice>
      </xs:complexType>
    </xs:element>
  </xs:schema>
  <datosVersion>
    <nroVersion>47</nroVersion>
    <fechaActivacion>2023-09-13T00:00:00-03:00</fechaActivacion>
  </datosVersion>
  <archivos>
    <archivo>s01631034.xml</archivo>
    <hash>D66659DCD6B52E193B2B4D0E9C43F2C7</hash>
  </archivos>
  <archivos>
    <archivo>s01631035.xml</archivo>
    <hash>B054F0BFD4BB1A11D713818494132D6F</hash>
  </archivos>
  <archivos>
    <archivo>s01631061.xml</archivo>
    <hash>AB5DC5139BB58EF510311672BEA86D0B</hash>
  </archivos>
  <archivos>
    <archivo>s01632669.xml</archivo>
    <hash>7488EBCCF0395938225FF3F0288B68CE</hash>
  </archivos>
  <archivos>
    <archivo>s01632670.xml</archivo>
    <hash>99F0380792F8C4D5AA47A08B253E0A48</hash>
  </archivos>
  <archivos>
    <archivo>s01632763.xml</archivo>
    <hash>00784FEC7E4A082C6D8B2E3ABFBABEB5</hash>
  </archivos>
  <archivos>
    <archivo>s01632766.xml</archivo>
    <hash>6476B5E7238A5BCD67B02A3597EAE86A</hash>
  </archivos>
  <archivos>
    <archivo>s01632768.xml</archivo>
    <hash>07603DD621EFF641248A8F2096B5E3E2</hash>
  </archivos>
  <archivos>
    <archivo>s01632769.xml</archivo>
    <hash>7488F6AA3E23A54BC399922D1CB59159</hash>
  </archivos>
  <archivos>
    <archivo>s01632770.xml</archivo>
    <hash>9DFFD7703D6BFE187FDDE2BF0ED9E536</hash>
  </archivos>
  <archivos>
    <archivo>s01632771.xml</archivo>
    <hash>31D01CA92AE1F9E1DCA2378BD0C38171</hash>
  </archivos>
  <archivos>
    <archivo>s01632772.xml</archivo>
    <hash>FDA13A9F6C268D700772DCBBBA880964</hash>
  </archivos>
  <archivos>
    <archivo>s01632773.xml</archivo>
    <hash>60E59C171DA4BE37AE6FE127C39EDB1B</hash>
  </archivos>
  <archivos>
    <archivo>s01632774.xml</archivo>
    <hash>BCD85AA87E19DA1F11FB7E709C2A98B3</hash>
  </archivos>
  <archivos>
    <archivo>s01632775.xml</archivo>
    <hash>1808A661509E58AB23A8D807BB34D709</hash>
  </archivos>
  <archivos>
    <archivo>s01632776.xml</archivo>
    <hash>DFA9792E1EC9F26EC85022EE75A30AF4</hash>
  </archivos>
  <archivos>
    <archivo>s01632777.xml</archivo>
    <hash>42B05A96226689319774FC1EDB713354</hash>
  </archivos>
  <archivos>
    <archivo>s01632783.xml</archivo>
    <hash>49F1A5214E710999275D0DA48E1E79BC</hash>
  </archivos>
  <archivos>
    <archivo>s01632853.xml</archivo>
    <hash>60BA80FEEBAE85872B4E2BA3F40BAB28</hash>
  </archivos>
  <archivos>
    <archivo>s01632894.xml</archivo>
    <hash>EA2CCD6B3D62DC13F97145D3E2A4653B</hash>
  </archivos>
  <archivos>
    <archivo>s01632895.xml</archivo>
    <hash>160C4E1158632E0BC8BB69C1E841A4C1</hash>
  </archivos>
  <archivos>
    <archivo>s01633225.xml</archivo>
    <hash>5A2086EFBBD636663194A3EF5141A623</hash>
  </archivos>
  <archivos>
    <archivo>s01633226.xml</archivo>
    <hash>A8B61E6CC189295E98AC80810FF70B16</hash>
  </archivos>
  <archivos>
    <archivo>s01633260.xml</archivo>
    <hash>9B575745876FA22100303679C9779850</hash>
  </archivos>
  <archivos>
    <archivo>s01633261.xml</archivo>
    <hash>C375404A6FA91743318EDE9165DEE077</hash>
  </archivos>
  <archivos>
    <archivo>s01633446.xml</archivo>
    <hash>ECE390105F621FC04B8187969C4C17DD</hash>
  </archivos>
  <archivos>
    <archivo>s01633447.xml</archivo>
    <hash>BC6F9645DA055AADAB885EAAD446C4FD</hash>
  </archivos>
  <archivos>
    <archivo>s01633448.xml</archivo>
    <hash>BB1D833523541917497CEFF8F112DC40</hash>
  </archivos>
  <archivos>
    <archivo>s01633449.xml</archivo>
    <hash>9FD16FDA405D156421D7DF94E344D3AB</hash>
  </archivos>
  <archivos>
    <archivo>s01633457.xml</archivo>
    <hash>F445192263EBD505413D6679A7EA596C</hash>
  </archivos>
  <archivos>
    <archivo>s01633458.xml</archivo>
    <hash>2E094EAA5DA77B01851371DD2DE9C7F3</hash>
  </archivos>
  <archivos>
    <archivo>s01633459.xml</archivo>
    <hash>17A8DCD1584A17A958DCCA06D60E33D2</hash>
  </archivos>
  <archivos>
    <archivo>s01633460.xml</archivo>
    <hash>661932690487420F7F6705E2151B6F6F</hash>
  </archivos>
  <archivos>
    <archivo>s01633461.xml</archivo>
    <hash>A5B84037EC849C2BE64982EAE6634FD1</hash>
  </archivos>
  <archivos>
    <archivo>s01633462.xml</archivo>
    <hash>7EFD305EC7454084FA5764B1CDCFCAE7</hash>
  </archivos>
  <archivos>
    <archivo>s01633463.xml</archivo>
    <hash>5243A071D4589AF88E1BA62EA8F9D3E8</hash>
  </archivos>
  <archivos>
    <archivo>s01633464.xml</archivo>
    <hash>53518FDB6045600D3B0FA7F332E69C98</hash>
  </archivos>
  <archivos>
    <archivo>s01633465.xml</archivo>
    <hash>A2E68CDF57D098C56365B5D5429D83E3</hash>
  </archivos>
  <archivos>
    <archivo>s01633466.xml</archivo>
    <hash>3A4562229CDC0B1D4B2216511D5B1C73</hash>
  </archivos>
  <archivos>
    <archivo>s01633479.xml</archivo>
    <hash>24BE5B8BC442C6A7753C8E4B0073B7AA</hash>
  </archivos>
  <archivos>
    <archivo>s01633480.xml</archivo>
    <hash>5DDAC9B2C1A409503E07ABF0BBA023BA</hash>
  </archivos>
  <archivos>
    <archivo>s01633481.xml</archivo>
    <hash>316771E46099B1B2C1D2449514429706</hash>
  </archivos>
  <archivos>
    <archivo>s01633482.xml</archivo>
    <hash>01F054CE4FA6EAAA0A328EE003DDD29B</hash>
  </archivos>
  <archivos>
    <archivo>s01633534.xml</archivo>
    <hash>C977E735CB25AF899C889378BA778D71</hash>
  </archivos>
  <archivos>
    <archivo>s01633535.xml</archivo>
    <hash>573AB0C7C8A02EFF7639B34414631D53</hash>
  </archivos>
  <archivos>
    <archivo>r01631034.txt</archivo>
    <hash>71D9478344A4EE8570A492598B411141</hash>
  </archivos>
  <archivos>
    <archivo>r01631035.txt</archivo>
    <hash>3F77A676010C77D23D567856019726BF</hash>
  </archivos>
  <archivos>
    <archivo>r01631061.txt</archivo>
    <hash>9628AC8CC3F2CD80970CC6E3DAB0B45B</hash>
  </archivos>
  <archivos>
    <archivo>r01632669.txt</archivo>
    <hash>A35907E952CDB5DCA953A92FBCF8565B</hash>
  </archivos>
  <archivos>
    <archivo>r01632670.txt</archivo>
    <hash>E69D653B0A7D8C646B411E8F07BF7F5F</hash>
  </archivos>
  <archivos>
    <archivo>r01632763.txt</archivo>
    <hash>A1A5305015763915212C005F6940CB87</hash>
  </archivos>
  <archivos>
    <archivo>r01632766.txt</archivo>
    <hash>519803B1726107BA32855FA84BFE7632</hash>
  </archivos>
  <archivos>
    <archivo>r01632768.txt</archivo>
    <hash>89E1754A8615AC73D34B5CBEF3A49DBD</hash>
  </archivos>
  <archivos>
    <archivo>r01632769.txt</archivo>
    <hash>CCDBA11F8E3AE09B4F51C8C6B7F5D08A</hash>
  </archivos>
  <archivos>
    <archivo>r01632770.txt</archivo>
    <hash>B48F2CB196336F4551F15B115A9E8AD3</hash>
  </archivos>
  <archivos>
    <archivo>r01632771.txt</archivo>
    <hash>6BC93BBD66BCA5F3E253738462FCBE2B</hash>
  </archivos>
  <archivos>
    <archivo>r01632772.txt</archivo>
    <hash>CB4171FBE5EAB6B5CF1E87DA84C3056B</hash>
  </archivos>
  <archivos>
    <archivo>r01632773.txt</archivo>
    <hash>75C73631CC05146789C2799FDA427FD7</hash>
  </archivos>
  <archivos>
    <archivo>r01632774.txt</archivo>
    <hash>86BCA79ACAC019A5E5864618B35D47AA</hash>
  </archivos>
  <archivos>
    <archivo>r01632775.txt</archivo>
    <hash>2F39F73CE601D914FD57C67E8BDB1E37</hash>
  </archivos>
  <archivos>
    <archivo>r01632776.txt</archivo>
    <hash>16AAC2CE153152B7C47C4E60A4F2D22A</hash>
  </archivos>
  <archivos>
    <archivo>r01632777.txt</archivo>
    <hash>36EC230113957CEE531B7D8D9D304312</hash>
  </archivos>
  <archivos>
    <archivo>r01632783.txt</archivo>
    <hash>2C6FB831B49A270B01893EAA4D7CBFB2</hash>
  </archivos>
  <archivos>
    <archivo>r01632853.txt</archivo>
    <hash>B7A0D9152EC1806F40052BB6C78D29E1</hash>
  </archivos>
  <archivos>
    <archivo>r01632894.txt</archivo>
    <hash>577C3E5C48F5F7C93687AB9455BD7FC2</hash>
  </archivos>
  <archivos>
    <archivo>r01632895.txt</archivo>
    <hash>FFD6E732D688E0295876CB910A47F37E</hash>
  </archivos>
  <archivos>
    <archivo>r01633225.txt</archivo>
    <hash>92B7B9299C97A4771F1E51BF1E796346</hash>
  </archivos>
  <archivos>
    <archivo>r01633226.txt</archivo>
    <hash>E40183420AA062BB387A08BFA8AB125C</hash>
  </archivos>
  <archivos>
    <archivo>r01633260.txt</archivo>
    <hash>BD30FE5AF1B4A2138E11513FE06E3739</hash>
  </archivos>
  <archivos>
    <archivo>r01633261.txt</archivo>
    <hash>A421A038EBB419B2477818C8550E6DA3</hash>
  </archivos>
  <archivos>
    <archivo>r01633446.txt</archivo>
    <hash>05ED0D209BC8168608454D6440908DD2</hash>
  </archivos>
  <archivos>
    <archivo>r01633447.txt</archivo>
    <hash>7BD5F5BCF891735DEE49CD9ACFB447C9</hash>
  </archivos>
  <archivos>
    <archivo>r01633448.txt</archivo>
    <hash>E2F2DEF615C04D9D79523342AD77F3C0</hash>
  </archivos>
  <archivos>
    <archivo>r01633449.txt</archivo>
    <hash>391735F7EEEB949FBFDBAFC124E5888C</hash>
  </archivos>
  <archivos>
    <archivo>r01633457.txt</archivo>
    <hash>346B0E41DB6D1A3620580013E96B223D</hash>
  </archivos>
  <archivos>
    <archivo>r01633458.txt</archivo>
    <hash>A2D2913FCFFF4971F32F94D6425DC67F</hash>
  </archivos>
  <archivos>
    <archivo>r01633459.txt</archivo>
    <hash>35A3871616345616A2F435102601B2A2</hash>
  </archivos>
  <archivos>
    <archivo>r01633460.txt</archivo>
    <hash>995A501DFCB0E31CE80938CA841C28FE</hash>
  </archivos>
  <archivos>
    <archivo>r01633461.txt</archivo>
    <hash>A88B846872F090A7A1B70D0D41D9FE62</hash>
  </archivos>
  <archivos>
    <archivo>r01633462.txt</archivo>
    <hash>937B9CA31E6CF0BE93179E09645E0BD9</hash>
  </archivos>
  <archivos>
    <archivo>r01633463.txt</archivo>
    <hash>099CA5C31887A3F13FCEB8C9B35C9E0E</hash>
  </archivos>
  <archivos>
    <archivo>r01633464.txt</archivo>
    <hash>A2AD1223C9AC4F570986F344C607FD7C</hash>
  </archivos>
  <archivos>
    <archivo>r01633465.txt</archivo>
    <hash>5657DC85972E312C217E422F9A948622</hash>
  </archivos>
  <archivos>
    <archivo>r01633466.txt</archivo>
    <hash>543084C857D5C08816B12ECCA3D896F7</hash>
  </archivos>
  <archivos>
    <archivo>r01633479.txt</archivo>
    <hash>04ED7E3CFC77FA11D3BE64E91534F45B</hash>
  </archivos>
  <archivos>
    <archivo>r01633480.txt</archivo>
    <hash>F3F157EC4AB9353D9DE3CE66E222FCEA</hash>
  </archivos>
  <archivos>
    <archivo>r01633481.txt</archivo>
    <hash>924183E56284FA433A880F435FF1FC81</hash>
  </archivos>
  <archivos>
    <archivo>r01633482.txt</archivo>
    <hash>3E4D202E604C033EC2C811DCE1136838</hash>
  </archivos>
  <archivos>
    <archivo>r01633534.txt</archivo>
    <hash>2CDD9D97B93EF63E6348A803716CAA7C</hash>
  </archivos>
  <archivos>
    <archivo>r01633535.txt</archivo>
    <hash>92884A07F9E5D90BE9A4DDE106B7BD1D</hash>
  </archivos>
  <archivos>
    <archivo>sectoresTarifarios.xml</archivo>
    <hash>3C35C76C03448A1CB1303403C6AF11E2</hash>
  </archivos>
</Version>