<?xml version="1.0" standalone="yes"?>
<Sector>
  <xs:schema id="Sector" xmlns="" xmlns:xs="http://www.w3.org/2001/XMLSchema" xmlns:msdata="urn:schemas-microsoft-com:xml-msdata">
    <xs:element name="Sector" msdata:IsDataSet="true" msdata:Locale="">
      <xs:complexType>
        <xs:choice minOccurs="0" maxOccurs="unbounded">
          <xs:element name="S" msdata:Locale="">
            <xs:complexType>
              <xs:sequence>
                <xs:element name="Calle" type="xs:string" minOccurs="0" />
                <xs:element name="Lat" type="xs:decimal" minOccurs="0" />
                <xs:element name="Lon" type="xs:decimal" minOccurs="0" />
                <xs:element name="Dis" type="xs:decimal" minOccurs="0" />
                <xs:element name="Cta" type="xs:int" minOccurs="0" />
                <xs:element name="CodSec" type="xs:int" minOccurs="0" />
              </xs:sequence>
            </xs:complexType>
          </xs:element>
        </xs:choice>
      </xs:complexType>
    </xs:element>
  </xs:schema>
  <S>
    <Calle>INDEP</Calle>
    <Lat>32.898919</Lat>
    <Lon>60.907249</Lon>
    <Dis>3106.973</Dis>
    <Cta>1</Cta>
    <CodSec>32</CodSec>
  </S>
  <S>
    <Calle>RUTA9</Calle>
    <Lat>32.905483</Lat>
    <Lon>60.908715</Lon>
    <Dis>3932.176</Dis>
    <Cta>214</Cta>
    <CodSec>32</CodSec>
  </S>
  <S>
    <Calle>S.SEB</Calle>
    <Lat>32.912831</Lat>
    <Lon>60.867823</Lon>
    <Dis>2306.961</Dis>
    <Cta>474</Cta>
    <CodSec>30</CodSec>
  </S>
  <S>
    <Calle>HERNA</Calle>
    <Lat>32.916412</Lat>
    <Lon>60.843587</Lon>
    <Dis>2756.648</Dis>
    <Cta>604</Cta>
    <CodSec>30</CodSec>
  </S>
  <S>
    <Calle>ELORZ</Calle>
    <Lat>32.920841</Lat>
    <Lon>60.814710</Lon>
    <Dis>937.415</Dis>
    <Cta>764</Cta>
    <CodSec>30</CodSec>
  </S>
  <S>
    <Calle>CATAM</Calle>
    <Lat>32.922638</Lat>
    <Lon>60.804936</Lon>
    <Dis>3922.595</Dis>
    <Cta>823</Cta>
    <CodSec>30</CodSec>
  </S>
  <S>
    <Calle>ArLUD</Calle>
    <Lat>32.925339</Lat>
    <Lon>60.763271</Lon>
    <Dis>2292.232</Dis>
    <Cta>1049</Cta>
    <CodSec>13</CodSec>
  </S>
  <S>
    <Calle>WILDE</Calle>
    <Lat>32.928343</Lat>
    <Lon>60.739346</Lon>
    <Dis>1152.559</Dis>
    <Cta>1182</Cta>
    <CodSec>13</CodSec>
  </S>
  <S>
    <Calle>DONAD</Calle>
    <Lat>32.930420</Lat>
    <Lon>60.727511</Lon>
    <Dis>1373.877</Dis>
    <Cta>1278</Cta>
    <CodSec>13</CodSec>
  </S>
  <S>
    <Calle>PUNID</Calle>
    <Lat>32.932997</Lat>
    <Lon>60.713191</Lon>
    <Dis>1273.379</Dis>
    <Cta>1365</Cta>
    <CodSec>13</CodSec>
  </S>
  <S>
    <Calle>AGNET</Calle>
    <Lat>32.935374</Lat>
    <Lon>60.700039</Lon>
    <Dis>1987.012</Dis>
    <Cta>1443</Cta>
    <CodSec>13</CodSec>
  </S>
  <S>
    <Calle>AVELL</Calle>
    <Lat>32.939050</Lat>
    <Lon>60.679330</Lon>
    <Dis>791.851</Dis>
    <Cta>1561</Cta>
    <CodSec>13</CodSec>
  </S>
  <S>
    <Calle>CAFFE</Calle>
    <Lat>32.940538</Lat>
    <Lon>60.671069</Lon>
    <Dis>2278.112</Dis>
    <Cta>1611</Cta>
    <CodSec>13</CodSec>
  </S>
  <S>
    <Calle>ORO?O</Calle>
    <Lat>32.948823</Lat>
    <Lon>60.654769</Lon>
    <Dis>1210.827</Dis>
    <Cta>1740</Cta>
    <CodSec>13</CodSec>
  </S>
  <S>
    <Calle>SJUAN</Calle>
    <Lat>32.949509</Lat>
    <Lon>60.643266</Lon>
    <Dis>0</Dis>
    <Cta>1808</Cta>
    <CodSec>81</CodSec>
  </S>
</Sector>