<?xml version="1.0" standalone="yes"?>
<Sector>
  <xs:schema id="Sector" xmlns="" xmlns:xs="http://www.w3.org/2001/XMLSchema" xmlns:msdata="urn:schemas-microsoft-com:xml-msdata">
    <xs:element name="Sector" msdata:IsDataSet="true" msdata:Locale="">
      <xs:complexType>
        <xs:choice minOccurs="0" maxOccurs="unbounded">
          <xs:element name="S" msdata:Locale="">
            <xs:complexType>
              <xs:sequence>
                <xs:element name="Calle" type="xs:string" minOccurs="0" />
                <xs:element name="Lat" type="xs:decimal" minOccurs="0" />
                <xs:element name="Lon" type="xs:decimal" minOccurs="0" />
                <xs:element name="Dis" type="xs:decimal" minOccurs="0" />
                <xs:element name="Cta" type="xs:int" minOccurs="0" />
                <xs:element name="CodSec" type="xs:int" minOccurs="0" />
              </xs:sequence>
            </xs:complexType>
          </xs:element>
        </xs:choice>
      </xs:complexType>
    </xs:element>
  </xs:schema>
  <S>
    <Calle>ZAVAV</Calle>
    <Lat>33.031299</Lat>
    <Lon>60.889908</Lon>
    <Dis>2339.984</Dis>
    <Cta>1</Cta>
    <CodSec>86</CodSec>
  </S>
  <S>
    <Calle>VRINO</Calle>
    <Lat>33.019048</Lat>
    <Lon>60.879315</Lon>
    <Dis>1711.630</Dis>
    <Cta>151</Cta>
    <CodSec>86</CodSec>
  </S>
  <S>
    <Calle>ZAVA2</Calle>
    <Lat>33.018897</Lat>
    <Lon>60.861162</Lon>
    <Dis>5882.842</Dis>
    <Cta>247</Cta>
    <CodSec>86</CodSec>
  </S>
  <S>
    <Calle>CURVA</Calle>
    <Lat>33.010293</Lat>
    <Lon>60.799519</Lon>
    <Dis>1311.303</Dis>
    <Cta>498</Cta>
    <CodSec>85</CodSec>
  </S>
  <S>
    <Calle>AVELL</Calle>
    <Lat>33.005716</Lat>
    <Lon>60.786812</Lon>
    <Dis>2547.766</Dis>
    <Cta>565</Cta>
    <CodSec>85</CodSec>
  </S>
  <S>
    <Calle>YPF</Calle>
    <Lat>32.995119</Lat>
    <Lon>60.764545</Lon>
    <Dis>2962.589</Dis>
    <Cta>722</Cta>
    <CodSec>85</CodSec>
  </S>
  <S>
    <Calle>ESSO.</Calle>
    <Lat>32.981295</Lat>
    <Lon>60.738039</Lon>
    <Dis>2915.970</Dis>
    <Cta>923</Cta>
    <CodSec>13</CodSec>
  </S>
  <S>
    <Calle>PUNID</Calle>
    <Lat>32.967994</Lat>
    <Lon>60.711312</Lon>
    <Dis>2024.072</Dis>
    <Cta>1097</Cta>
    <CodSec>13</CodSec>
  </S>
  <S>
    <Calle>FMORE</Calle>
    <Lat>32.958720</Lat>
    <Lon>60.692777</Lon>
    <Dis>1713.843</Dis>
    <Cta>1219</Cta>
    <CodSec>13</CodSec>
  </S>
  <S>
    <Calle>PELLE</Calle>
    <Lat>32.950147</Lat>
    <Lon>60.681843</Lon>
    <Dis>1241.519</Dis>
    <Cta>1322</Cta>
    <CodSec>13</CodSec>
  </S>
  <S>
    <Calle>CORDO</Calle>
    <Lat>32.939279</Lat>
    <Lon>60.679100</Lon>
    <Dis>779.475</Dis>
    <Cta>1390</Cta>
    <CodSec>13</CodSec>
  </S>
  <S>
    <Calle>CAFFE</Calle>
    <Lat>32.940468</Lat>
    <Lon>60.671159</Lon>
    <Dis>1229.311</Dis>
    <Cta>1436</Cta>
    <CodSec>13</CodSec>
  </S>
  <S>
    <Calle>SLUIS</Calle>
    <Lat>32.944747</Lat>
    <Lon>60.662123</Lon>
    <Dis>1073.502</Dis>
    <Cta>1504</Cta>
    <CodSec>13</CodSec>
  </S>
  <S>
    <Calle>ORO?O</Calle>
    <Lat>32.948834</Lat>
    <Lon>60.654732</Lon>
    <Dis>1209.992</Dis>
    <Cta>1561</Cta>
    <CodSec>13</CodSec>
  </S>
  <S>
    <Calle>SJUAN</Calle>
    <Lat>32.949486</Lat>
    <Lon>60.643297</Lon>
    <Dis>0</Dis>
    <Cta>1629</Cta>
    <CodSec>81</CodSec>
  </S>
</Sector>