<?xml version="1.0" standalone="yes"?>
<Sector>
  <xs:schema id="Sector" xmlns="" xmlns:xs="http://www.w3.org/2001/XMLSchema" xmlns:msdata="urn:schemas-microsoft-com:xml-msdata">
    <xs:element name="Sector" msdata:IsDataSet="true" msdata:Locale="">
      <xs:complexType>
        <xs:choice minOccurs="0" maxOccurs="unbounded">
          <xs:element name="S" msdata:Locale="">
            <xs:complexType>
              <xs:sequence>
                <xs:element name="Calle" type="xs:string" minOccurs="0" />
                <xs:element name="Lat" type="xs:decimal" minOccurs="0" />
                <xs:element name="Lon" type="xs:decimal" minOccurs="0" />
                <xs:element name="Dis" type="xs:decimal" minOccurs="0" />
                <xs:element name="Cta" type="xs:int" minOccurs="0" />
                <xs:element name="CodSec" type="xs:int" minOccurs="0" />
              </xs:sequence>
            </xs:complexType>
          </xs:element>
        </xs:choice>
      </xs:complexType>
    </xs:element>
  </xs:schema>
  <S>
    <Calle>PAVON</Calle>
    <Lat>34.532440</Lat>
    <Lon>58.704160</Lon>
    <Dis>614.179</Dis>
    <Cta>1</Cta>
    <CodSec>18</CodSec>
  </S>
  <S>
    <Calle>S.LOR</Calle>
    <Lat>34.536573</Lat>
    <Lon>58.708562</Lon>
    <Dis>884.558</Dis>
    <Cta>33</Cta>
    <CodSec>18</CodSec>
  </S>
  <S>
    <Calle>ALEM.</Calle>
    <Lat>34.542493</Lat>
    <Lon>58.714927</Lon>
    <Dis>1561.921</Dis>
    <Cta>83</Cta>
    <CodSec>18</CodSec>
  </S>
  <S>
    <Calle>BLOIS</Calle>
    <Lat>34.539206</Lat>
    <Lon>58.723666</Lon>
    <Dis>996.227</Dis>
    <Cta>186</Cta>
    <CodSec>18</CodSec>
  </S>
  <S>
    <Calle>GCAMP</Calle>
    <Lat>34.544593</Lat>
    <Lon>58.730899</Lon>
    <Dis>905.008</Dis>
    <Cta>245</Cta>
    <CodSec>18</CodSec>
  </S>
  <S>
    <Calle>BIBA?</Calle>
    <Lat>34.546869</Lat>
    <Lon>58.738404</Lon>
    <Dis>1070.232</Dis>
    <Cta>350</Cta>
    <CodSec>18</CodSec>
  </S>
  <S>
    <Calle>PICHI</Calle>
    <Lat>34.554011</Lat>
    <Lon>58.746039</Lon>
    <Dis>904.347</Dis>
    <Cta>418</Cta>
    <CodSec>18</CodSec>
  </S>
  <S>
    <Calle>ARGUE</Calle>
    <Lat>34.559311</Lat>
    <Lon>58.738796</Lon>
    <Dis>2032.334</Dis>
    <Cta>475</Cta>
    <CodSec>18</CodSec>
  </S>
  <S>
    <Calle>PINTA</Calle>
    <Lat>34.572863</Lat>
    <Lon>58.753170</Lon>
    <Dis>645.166</Dis>
    <Cta>603</Cta>
    <CodSec>18</CodSec>
  </S>
  <S>
    <Calle>MGARC</Calle>
    <Lat>34.576835</Lat>
    <Lon>58.751864</Lon>
    <Dis>0</Dis>
    <Cta>647</Cta>
    <CodSec>18</CodSec>
  </S>
</Sector>