<?xml version="1.0" standalone="yes"?>
<Sector>
  <xs:schema id="Sector" xmlns="" xmlns:xs="http://www.w3.org/2001/XMLSchema" xmlns:msdata="urn:schemas-microsoft-com:xml-msdata">
    <xs:element name="Sector" msdata:IsDataSet="true" msdata:Locale="">
      <xs:complexType>
        <xs:choice minOccurs="0" maxOccurs="unbounded">
          <xs:element name="S" msdata:Locale="">
            <xs:complexType>
              <xs:sequence>
                <xs:element name="Calle" type="xs:string" minOccurs="0" />
                <xs:element name="Lat" type="xs:decimal" minOccurs="0" />
                <xs:element name="Lon" type="xs:decimal" minOccurs="0" />
                <xs:element name="Dis" type="xs:decimal" minOccurs="0" />
                <xs:element name="Cta" type="xs:int" minOccurs="0" />
                <xs:element name="CodSec" type="xs:int" minOccurs="0" />
              </xs:sequence>
            </xs:complexType>
          </xs:element>
        </xs:choice>
      </xs:complexType>
    </xs:element>
  </xs:schema>
  <S>
    <Calle>MOINE</Calle>
    <Lat>34.563442</Lat>
    <Lon>58.684737</Lon>
    <Dis>1429.447</Dis>
    <Cta>1</Cta>
    <CodSec>18</CodSec>
  </S>
  <S>
    <Calle>GCAM.</Calle>
    <Lat>34.572632</Lat>
    <Lon>58.692186</Lon>
    <Dis>1764.393</Dis>
    <Cta>95</Cta>
    <CodSec>18</CodSec>
  </S>
  <S>
    <Calle>CHAPE</Calle>
    <Lat>34.584675</Lat>
    <Lon>58.703932</Lon>
    <Dis>2184.705</Dis>
    <Cta>215</Cta>
    <CodSec>18</CodSec>
  </S>
  <S>
    <Calle>DURAN</Calle>
    <Lat>34.598697</Lat>
    <Lon>58.720363</Lon>
    <Dis>1535.048</Dis>
    <Cta>354</Cta>
    <CodSec>18</CodSec>
  </S>
  <S>
    <Calle>VESPU</Calle>
    <Lat>34.589633</Lat>
    <Lon>58.730463</Lon>
    <Dis>2154.463</Dis>
    <Cta>453</Cta>
    <CodSec>18</CodSec>
  </S>
  <S>
    <Calle>ICATO</Calle>
    <Lat>34.580683</Lat>
    <Lon>58.738616</Lon>
    <Dis>1737.831</Dis>
    <Cta>591</Cta>
    <CodSec>18</CodSec>
  </S>
  <S>
    <Calle>ESPO</Calle>
    <Lat>34.569726</Lat>
    <Lon>58.741246</Lon>
    <Dis>2888.445</Dis>
    <Cta>701</Cta>
    <CodSec>18</CodSec>
  </S>
  <S>
    <Calle>GCAMP</Calle>
    <Lat>34.551566</Lat>
    <Lon>58.721760</Lon>
    <Dis>1035.905</Dis>
    <Cta>878</Cta>
    <CodSec>18</CodSec>
  </S>
  <S>
    <Calle>PELUF</Calle>
    <Lat>34.544527</Lat>
    <Lon>58.714471</Lon>
    <Dis>1022.167</Dis>
    <Cta>936</Cta>
    <CodSec>18</CodSec>
  </S>
  <S>
    <Calle>SANLO</Calle>
    <Lat>34.537682</Lat>
    <Lon>58.707203</Lon>
    <Dis>739.704</Dis>
    <Cta>995</Cta>
    <CodSec>18</CodSec>
  </S>
  <S>
    <Calle>RU.P8</Calle>
    <Lat>34.532812</Lat>
    <Lon>58.701828</Lon>
    <Dis>0</Dis>
    <Cta>1039</Cta>
    <CodSec>18</CodSec>
  </S>
</Sector>