<?xml version="1.0" standalone="yes"?>
<Sector>
  <xs:schema id="Sector" xmlns="" xmlns:xs="http://www.w3.org/2001/XMLSchema" xmlns:msdata="urn:schemas-microsoft-com:xml-msdata">
    <xs:element name="Sector" msdata:IsDataSet="true" msdata:Locale="">
      <xs:complexType>
        <xs:choice minOccurs="0" maxOccurs="unbounded">
          <xs:element name="S" msdata:Locale="">
            <xs:complexType>
              <xs:sequence>
                <xs:element name="Calle" type="xs:string" minOccurs="0" />
                <xs:element name="Lat" type="xs:decimal" minOccurs="0" />
                <xs:element name="Lon" type="xs:decimal" minOccurs="0" />
                <xs:element name="Dis" type="xs:decimal" minOccurs="0" />
                <xs:element name="Cta" type="xs:int" minOccurs="0" />
                <xs:element name="CodSec" type="xs:int" minOccurs="0" />
              </xs:sequence>
            </xs:complexType>
          </xs:element>
        </xs:choice>
      </xs:complexType>
    </xs:element>
  </xs:schema>
  <S>
    <Calle>23-BE</Calle>
    <Lat>34.544601</Lat>
    <Lon>58.713965</Lon>
    <Dis>1048.929</Dis>
    <Cta>1</Cta>
    <CodSec>18</CodSec>
  </S>
  <S>
    <Calle>GCAMP</Calle>
    <Lat>34.551094</Lat>
    <Lon>58.721555</Lon>
    <Dis>679.365</Dis>
    <Cta>59</Cta>
    <CodSec>18</CodSec>
  </S>
  <S>
    <Calle>BIBA?</Calle>
    <Lat>34.555629</Lat>
    <Lon>58.726291</Lon>
    <Dis>1436.167</Dis>
    <Cta>98</Cta>
    <CodSec>18</CodSec>
  </S>
  <S>
    <Calle>DEFEN</Calle>
    <Lat>34.564403</Lat>
    <Lon>58.737579</Lon>
    <Dis>770.740</Dis>
    <Cta>188</Cta>
    <CodSec>18</CodSec>
  </S>
  <S>
    <Calle>USTAR</Calle>
    <Lat>34.569095</Lat>
    <Lon>58.733685</Lon>
    <Dis>1645.005</Dis>
    <Cta>240</Cta>
    <CodSec>18</CodSec>
  </S>
  <S>
    <Calle>CASER</Calle>
    <Lat>34.573921</Lat>
    <Lon>58.720996</Lon>
    <Dis>0</Dis>
    <Cta>337</Cta>
    <CodSec>18</CodSec>
  </S>
</Sector>