<?xml version="1.0" standalone="yes"?>
<Sector>
  <xs:schema id="Sector" xmlns="" xmlns:xs="http://www.w3.org/2001/XMLSchema" xmlns:msdata="urn:schemas-microsoft-com:xml-msdata">
    <xs:element name="Sector" msdata:IsDataSet="true" msdata:Locale="">
      <xs:complexType>
        <xs:choice minOccurs="0" maxOccurs="unbounded">
          <xs:element name="S" msdata:Locale="">
            <xs:complexType>
              <xs:sequence>
                <xs:element name="Calle" type="xs:string" minOccurs="0" />
                <xs:element name="Lat" type="xs:decimal" minOccurs="0" />
                <xs:element name="Lon" type="xs:decimal" minOccurs="0" />
                <xs:element name="Dis" type="xs:decimal" minOccurs="0" />
                <xs:element name="Cta" type="xs:int" minOccurs="0" />
                <xs:element name="CodSec" type="xs:int" minOccurs="0" />
              </xs:sequence>
            </xs:complexType>
          </xs:element>
        </xs:choice>
      </xs:complexType>
    </xs:element>
  </xs:schema>
  <S>
    <Calle>GUTI1</Calle>
    <Lat>32.993393</Lat>
    <Lon>60.629287</Lon>
    <Dis>1798.965</Dis>
    <Cta>1</Cta>
    <CodSec>13</CodSec>
  </S>
  <S>
    <Calle>AYOLA</Calle>
    <Lat>32.980019</Lat>
    <Lon>60.627720</Lon>
    <Dis>2590.380</Dis>
    <Cta>70</Cta>
    <CodSec>13</CodSec>
  </S>
  <S>
    <Calle>PELE1</Calle>
    <Lat>32.959795</Lat>
    <Lon>60.626945</Lon>
    <Dis>1735.530</Dis>
    <Cta>168</Cta>
    <CodSec>13</CodSec>
  </S>
  <S>
    <Calle>CORR1</Calle>
    <Lat>32.956473</Lat>
    <Lon>60.645080</Lon>
    <Dis>2403.118</Dis>
    <Cta>232</Cta>
    <CodSec>13</CodSec>
  </S>
  <S>
    <Calle>CORD1</Calle>
    <Lat>32.943465</Lat>
    <Lon>60.654688</Lon>
    <Dis>2476.847</Dis>
    <Cta>320</Cta>
    <CodSec>13</CodSec>
  </S>
  <S>
    <Calle>AvFRA</Calle>
    <Lat>32.938076</Lat>
    <Lon>60.664433</Lon>
    <Dis>0</Dis>
    <Cta>407</Cta>
    <CodSec>13</CodSec>
  </S>
</Sector>