<?xml version="1.0" standalone="yes"?>
<Sector>
  <xs:schema id="Sector" xmlns="" xmlns:xs="http://www.w3.org/2001/XMLSchema" xmlns:msdata="urn:schemas-microsoft-com:xml-msdata">
    <xs:element name="Sector" msdata:IsDataSet="true" msdata:Locale="">
      <xs:complexType>
        <xs:choice minOccurs="0" maxOccurs="unbounded">
          <xs:element name="S" msdata:Locale="">
            <xs:complexType>
              <xs:sequence>
                <xs:element name="Calle" type="xs:string" minOccurs="0" />
                <xs:element name="Lat" type="xs:decimal" minOccurs="0" />
                <xs:element name="Lon" type="xs:decimal" minOccurs="0" />
                <xs:element name="Dis" type="xs:decimal" minOccurs="0" />
                <xs:element name="Cta" type="xs:int" minOccurs="0" />
                <xs:element name="CodSec" type="xs:int" minOccurs="0" />
              </xs:sequence>
            </xs:complexType>
          </xs:element>
        </xs:choice>
      </xs:complexType>
    </xs:element>
  </xs:schema>
  <S>
    <Calle>ROBAM</Calle>
    <Lat>32.965969</Lat>
    <Lon>60.624156</Lon>
    <Dis>1055.334</Dis>
    <Cta>1</Cta>
    <CodSec>13</CodSec>
  </S>
  <S>
    <Calle>PELE1</Calle>
    <Lat>32.959790</Lat>
    <Lon>60.626939</Lon>
    <Dis>1734.720</Dis>
    <Cta>44</Cta>
    <CodSec>13</CodSec>
  </S>
  <S>
    <Calle>CORR1</Calle>
    <Lat>32.956502</Lat>
    <Lon>60.645089</Lon>
    <Dis>2404.785</Dis>
    <Cta>107</Cta>
    <CodSec>13</CodSec>
  </S>
  <S>
    <Calle>CORD1</Calle>
    <Lat>32.943455</Lat>
    <Lon>60.654694</Lon>
    <Dis>2462.651</Dis>
    <Cta>197</Cta>
    <CodSec>13</CodSec>
  </S>
  <S>
    <Calle>AvFRA</Calle>
    <Lat>32.938063</Lat>
    <Lon>60.664441</Lon>
    <Dis>0</Dis>
    <Cta>289</Cta>
    <CodSec>13</CodSec>
  </S>
</Sector>