<?xml version="1.0" standalone="yes"?>
<Sector>
  <xs:schema id="Sector" xmlns="" xmlns:xs="http://www.w3.org/2001/XMLSchema" xmlns:msdata="urn:schemas-microsoft-com:xml-msdata">
    <xs:element name="Sector" msdata:IsDataSet="true" msdata:Locale="">
      <xs:complexType>
        <xs:choice minOccurs="0" maxOccurs="unbounded">
          <xs:element name="S" msdata:Locale="">
            <xs:complexType>
              <xs:sequence>
                <xs:element name="Calle" type="xs:string" minOccurs="0" />
                <xs:element name="Lat" type="xs:decimal" minOccurs="0" />
                <xs:element name="Lon" type="xs:decimal" minOccurs="0" />
                <xs:element name="Dis" type="xs:decimal" minOccurs="0" />
                <xs:element name="Cta" type="xs:int" minOccurs="0" />
                <xs:element name="CodSec" type="xs:int" minOccurs="0" />
              </xs:sequence>
            </xs:complexType>
          </xs:element>
        </xs:choice>
      </xs:complexType>
    </xs:element>
  </xs:schema>
  <S>
    <Calle>AvFRA</Calle>
    <Lat>32.938071</Lat>
    <Lon>60.664435</Lon>
    <Dis>2468.523</Dis>
    <Cta>1</Cta>
    <CodSec>13</CodSec>
  </S>
  <S>
    <Calle>CORD1</Calle>
    <Lat>32.943970</Lat>
    <Lon>60.651969</Lon>
    <Dis>2152.059</Dis>
    <Cta>258</Cta>
    <CodSec>13</CodSec>
  </S>
  <S>
    <Calle>CORR1</Calle>
    <Lat>32.956574</Lat>
    <Lon>60.645111</Lon>
    <Dis>1604.835</Dis>
    <Cta>478</Cta>
    <CodSec>13</CodSec>
  </S>
  <S>
    <Calle>COLON</Calle>
    <Lat>32.959610</Lat>
    <Lon>60.628336</Lon>
    <Dis>2706.941</Dis>
    <Cta>641</Cta>
    <CodSec>13</CodSec>
  </S>
  <S>
    <Calle>BERUT</Calle>
    <Lat>32.980054</Lat>
    <Lon>60.627860</Lon>
    <Dis>1530.786</Dis>
    <Cta>922</Cta>
    <CodSec>13</CodSec>
  </S>
  <S>
    <Calle>GUTI1</Calle>
    <Lat>32.993383</Lat>
    <Lon>60.629308</Lon>
    <Dis>0</Dis>
    <Cta>1082</Cta>
    <CodSec>13</CodSec>
  </S>
</Sector>