<?xml version="1.0" standalone="yes"?>
<Version>
  <xs:schema id="Version" xmlns="" xmlns:xs="http://www.w3.org/2001/XMLSchema" xmlns:msdata="urn:schemas-microsoft-com:xml-msdata">
    <xs:element name="Version" msdata:IsDataSet="true" msdata:UseCurrentLocale="true">
      <xs:complexType>
        <xs:choice minOccurs="0" maxOccurs="unbounded">
          <xs:element name="datosVersion">
            <xs:complexType>
              <xs:sequence>
                <xs:element name="nroVersion" type="xs:int" minOccurs="0" />
                <xs:element name="fechaActivacion" type="xs:dateTime" minOccurs="0" />
              </xs:sequence>
            </xs:complexType>
          </xs:element>
          <xs:element name="archivos">
            <xs:complexType>
              <xs:sequence>
                <xs:element name="archivo" type="xs:string" minOccurs="0" />
                <xs:element name="hash" type="xs:string" minOccurs="0" />
              </xs:sequence>
            </xs:complexType>
          </xs:element>
        </xs:choice>
      </xs:complexType>
    </xs:element>
  </xs:schema>
  <datosVersion>
    <nroVersion>6</nroVersion>
    <fechaActivacion>2018-07-23T00:00:00-03:00</fechaActivacion>
  </datosVersion>
  <archivos>
    <archivo>s00630354.xml</archivo>
    <hash>AECA672D437B4B9E06C0E8D5F4A76268</hash>
  </archivos>
  <archivos>
    <archivo>s00630355.xml</archivo>
    <hash>136BE8DAE81A9412399F18DC752B1985</hash>
  </archivos>
  <archivos>
    <archivo>s00630541.xml</archivo>
    <hash>4D48821966C208CE4113B14DB7768829</hash>
  </archivos>
  <archivos>
    <archivo>s00630542.xml</archivo>
    <hash>4DDC99ED2EAB76771628DAC17B1DEF61</hash>
  </archivos>
  <archivos>
    <archivo>r00630354.txt</archivo>
    <hash>F3D10B109803F331880F0E532041DE91</hash>
  </archivos>
  <archivos>
    <archivo>r00630355.txt</archivo>
    <hash>273623C8DEEF9E6CB1BC810899248313</hash>
  </archivos>
  <archivos>
    <archivo>r00630541.txt</archivo>
    <hash>DF68D8D8B616B09A72BC2A60AF1A2F25</hash>
  </archivos>
  <archivos>
    <archivo>r00630542.txt</archivo>
    <hash>4427B9565D5857BF07658BD47C6D99A6</hash>
  </archivos>
  <archivos>
    <archivo>sectoresTarifarios.xml</archivo>
    <hash>1CDC89B0EDFC387F4998BC762A2A9B44</hash>
  </archivos>
</Version>