<?xml version="1.0" standalone="yes"?>
<Sector>
  <xs:schema id="Sector" xmlns="" xmlns:xs="http://www.w3.org/2001/XMLSchema" xmlns:msdata="urn:schemas-microsoft-com:xml-msdata">
    <xs:element name="Sector" msdata:IsDataSet="true" msdata:Locale="">
      <xs:complexType>
        <xs:choice minOccurs="0" maxOccurs="unbounded">
          <xs:element name="S" msdata:Locale="">
            <xs:complexType>
              <xs:sequence>
                <xs:element name="Calle" type="xs:string" minOccurs="0" />
                <xs:element name="Lat" type="xs:decimal" minOccurs="0" />
                <xs:element name="Lon" type="xs:decimal" minOccurs="0" />
                <xs:element name="Dis" type="xs:decimal" minOccurs="0" />
                <xs:element name="Cta" type="xs:int" minOccurs="0" />
                <xs:element name="CodSec" type="xs:int" minOccurs="0" />
              </xs:sequence>
            </xs:complexType>
          </xs:element>
        </xs:choice>
      </xs:complexType>
    </xs:element>
  </xs:schema>
  <S>
    <Calle>DERQU</Calle>
    <Lat>34.537740</Lat>
    <Lon>58.795590</Lon>
    <Dis>3928.867</Dis>
    <Cta>1</Cta>
    <CodSec>18</CodSec>
  </S>
  <S>
    <Calle>FERRE</Calle>
    <Lat>34.550378</Lat>
    <Lon>58.768231</Lon>
    <Dis>1543.140</Dis>
    <Cta>223</Cta>
    <CodSec>18</CodSec>
  </S>
  <S>
    <Calle>EDISO</Calle>
    <Lat>34.558671</Lat>
    <Lon>58.756332</Lon>
    <Dis>1694.316</Dis>
    <Cta>303</Cta>
    <CodSec>18</CodSec>
  </S>
  <S>
    <Calle>RUT23</Calle>
    <Lat>34.568758</Lat>
    <Lon>58.742634</Lon>
    <Dis>2709.516</Dis>
    <Cta>387</Cta>
    <CodSec>18</CodSec>
  </S>
  <S>
    <Calle>GCAMP</Calle>
    <Lat>34.551605</Lat>
    <Lon>58.721770</Lon>
    <Dis>988.002</Dis>
    <Cta>532</Cta>
    <CodSec>18</CodSec>
  </S>
  <S>
    <Calle>PELUF</Calle>
    <Lat>34.544856</Lat>
    <Lon>58.714853</Lon>
    <Dis>1047.063</Dis>
    <Cta>582</Cta>
    <CodSec>18</CodSec>
  </S>
  <S>
    <Calle>SANLO</Calle>
    <Lat>34.537680</Lat>
    <Lon>58.707170</Lon>
    <Dis>687.290</Dis>
    <Cta>638</Cta>
    <CodSec>18</CodSec>
  </S>
  <S>
    <Calle>RU.P8</Calle>
    <Lat>34.533165</Lat>
    <Lon>58.702378</Lon>
    <Dis>1698.516</Dis>
    <Cta>673</Cta>
    <CodSec>18</CodSec>
  </S>
  <S>
    <Calle>GLEMO</Calle>
    <Lat>34.529525</Lat>
    <Lon>58.689284</Lon>
    <Dis>2122.271</Dis>
    <Cta>764</Cta>
    <CodSec>18</CodSec>
  </S>
  <S>
    <Calle>PERON</Calle>
    <Lat>34.518219</Lat>
    <Lon>58.671275</Lon>
    <Dis>2950.506</Dis>
    <Cta>871</Cta>
    <CodSec>18</CodSec>
  </S>
  <S>
    <Calle>DTORC</Calle>
    <Lat>34.501994</Lat>
    <Lon>58.646009</Lon>
    <Dis>767.730</Dis>
    <Cta>1017</Cta>
    <CodSec>18</CodSec>
  </S>
  <S>
    <Calle>TORCU</Calle>
    <Lat>34.500563</Lat>
    <Lon>58.643236</Lon>
    <Dis>1262.117</Dis>
    <Cta>1059</Cta>
    <CodSec>18</CodSec>
  </S>
  <S>
    <Calle>ARATA</Calle>
    <Lat>34.494330</Lat>
    <Lon>58.631717</Lon>
    <Dis>2580.239</Dis>
    <Cta>1116</Cta>
    <CodSec>18</CodSec>
  </S>
  <S>
    <Calle>RU 23</Calle>
    <Lat>34.483593</Lat>
    <Lon>58.611739</Lon>
    <Dis>0</Dis>
    <Cta>1250</Cta>
    <CodSec>18</CodSec>
  </S>
</Sector>