<?xml version="1.0" standalone="yes"?>
<Version>
  <xs:schema id="Version" xmlns="" xmlns:xs="http://www.w3.org/2001/XMLSchema" xmlns:msdata="urn:schemas-microsoft-com:xml-msdata">
    <xs:element name="Version" msdata:IsDataSet="true" msdata:UseCurrentLocale="true">
      <xs:complexType>
        <xs:choice minOccurs="0" maxOccurs="unbounded">
          <xs:element name="datosVersion">
            <xs:complexType>
              <xs:sequence>
                <xs:element name="nroVersion" type="xs:int" minOccurs="0" />
                <xs:element name="fechaActivacion" type="xs:dateTime" minOccurs="0" />
              </xs:sequence>
            </xs:complexType>
          </xs:element>
          <xs:element name="archivos">
            <xs:complexType>
              <xs:sequence>
                <xs:element name="archivo" type="xs:string" minOccurs="0" />
                <xs:element name="hash" type="xs:string" minOccurs="0" />
              </xs:sequence>
            </xs:complexType>
          </xs:element>
        </xs:choice>
      </xs:complexType>
    </xs:element>
  </xs:schema>
  <datosVersion>
    <nroVersion>26</nroVersion>
    <fechaActivacion>2019-12-24T00:00:00-03:00</fechaActivacion>
  </datosVersion>
  <archivos>
    <archivo>s01652821.xml</archivo>
    <hash>BEFF9A31BC1157B08515623FC6D46420</hash>
  </archivos>
  <archivos>
    <archivo>s01652823.xml</archivo>
    <hash>5FD7800E4A13790F643F19723AD02BE1</hash>
  </archivos>
  <archivos>
    <archivo>s01652853.xml</archivo>
    <hash>60BA80FEEBAE85872B4E2BA3F40BAB28</hash>
  </archivos>
  <archivos>
    <archivo>s01652866.xml</archivo>
    <hash>78909F5DBCE01123A477C308F39C2298</hash>
  </archivos>
  <archivos>
    <archivo>s01652867.xml</archivo>
    <hash>8C4432D5CACF44E4C449C48ABE1DCC1E</hash>
  </archivos>
  <archivos>
    <archivo>s01652868.xml</archivo>
    <hash>42153044FBF8F5FC2ACCEBF69304CE1D</hash>
  </archivos>
  <archivos>
    <archivo>s01652869.xml</archivo>
    <hash>DCC6AFC2C0E6B4F17A025DFD658EB106</hash>
  </archivos>
  <archivos>
    <archivo>s01652870.xml</archivo>
    <hash>77FC8F88FDB9DE2875B7321EBD796884</hash>
  </archivos>
  <archivos>
    <archivo>s01652871.xml</archivo>
    <hash>D17C637C5A9B9C524834DD14D4E8A788</hash>
  </archivos>
  <archivos>
    <archivo>s01652872.xml</archivo>
    <hash>C71249BD590CF58C9021C0492D5741F3</hash>
  </archivos>
  <archivos>
    <archivo>s01652874.xml</archivo>
    <hash>E349A74CD27D92186AD03D6AF08FAA8A</hash>
  </archivos>
  <archivos>
    <archivo>s01652875.xml</archivo>
    <hash>B8733DBFBF22F115445F2CB9C6BE17FE</hash>
  </archivos>
  <archivos>
    <archivo>s01652884.xml</archivo>
    <hash>54CF3172C1609AF5981504653721EA45</hash>
  </archivos>
  <archivos>
    <archivo>s01652885.xml</archivo>
    <hash>D0D218B74E01EE9434E7CC31B4947307</hash>
  </archivos>
  <archivos>
    <archivo>s01653047.xml</archivo>
    <hash>223A508DFC609588953CB42B9E2E7BA6</hash>
  </archivos>
  <archivos>
    <archivo>s01653048.xml</archivo>
    <hash>757A9FE4F9141A6CD92F091DDA642FD1</hash>
  </archivos>
  <archivos>
    <archivo>s01653117.xml</archivo>
    <hash>1E54CE5907D605243457111648896907</hash>
  </archivos>
  <archivos>
    <archivo>s01653143.xml</archivo>
    <hash>D46F2FCD636D5D5C7ED6E29ECDDA70EB</hash>
  </archivos>
  <archivos>
    <archivo>s01653185.xml</archivo>
    <hash>FBA7D64C7AA987E8E5DBEA0ABE2AD830</hash>
  </archivos>
  <archivos>
    <archivo>s01653190.xml</archivo>
    <hash>D792A11A2E8B21F6D67B4F82C0BFCBF8</hash>
  </archivos>
  <archivos>
    <archivo>s01653237.xml</archivo>
    <hash>E388BC95E1880EC94E4893644F2B354A</hash>
  </archivos>
  <archivos>
    <archivo>s01653238.xml</archivo>
    <hash>AE2BA4D946157605B8957EDC32D283BF</hash>
  </archivos>
  <archivos>
    <archivo>s01653239.xml</archivo>
    <hash>BE8A8135ABDEDCFB2F8C90CC1FC6A847</hash>
  </archivos>
  <archivos>
    <archivo>s01653241.xml</archivo>
    <hash>429C279F10CBA54B794B7DD2A234E46A</hash>
  </archivos>
  <archivos>
    <archivo>s01653242.xml</archivo>
    <hash>096D843C8B99BDD60A41F42DF57B3A99</hash>
  </archivos>
  <archivos>
    <archivo>s01653243.xml</archivo>
    <hash>59C34FB9B77B309C77AD06581604E610</hash>
  </archivos>
  <archivos>
    <archivo>s01653246.xml</archivo>
    <hash>93A1D42416AE0288A8A03F7B36D5E834</hash>
  </archivos>
  <archivos>
    <archivo>s01653247.xml</archivo>
    <hash>5379C10F4C2E51EB781F3A2D113E4281</hash>
  </archivos>
  <archivos>
    <archivo>s01653248.xml</archivo>
    <hash>9FD4A68FC33EFEAB12BC3940312DBD34</hash>
  </archivos>
  <archivos>
    <archivo>s01653249.xml</archivo>
    <hash>C12850ED1C89E0096FFB41E9DCDC4BFC</hash>
  </archivos>
  <archivos>
    <archivo>s01653250.xml</archivo>
    <hash>7BF602023EB80FFCA832D69E6F01BE14</hash>
  </archivos>
  <archivos>
    <archivo>s01653251.xml</archivo>
    <hash>D7D9A0E3106FB0A633504FF319C23DA2</hash>
  </archivos>
  <archivos>
    <archivo>r01652821.txt</archivo>
    <hash>F41E1058274B4BE26B86338AA2700E7C</hash>
  </archivos>
  <archivos>
    <archivo>r01652823.txt</archivo>
    <hash>E3B2BA47AC5175E5A0A52A2903DB5E1F</hash>
  </archivos>
  <archivos>
    <archivo>r01652853.txt</archivo>
    <hash>B7A0D9152EC1806F40052BB6C78D29E1</hash>
  </archivos>
  <archivos>
    <archivo>r01652866.txt</archivo>
    <hash>8A239422BF12079A73A4F6A81A1A6157</hash>
  </archivos>
  <archivos>
    <archivo>r01652867.txt</archivo>
    <hash>F61C9525FBD6FFDDBDBA0AAA177D1740</hash>
  </archivos>
  <archivos>
    <archivo>r01652868.txt</archivo>
    <hash>6C85CA7E61B39F0C97AD52155750FCE7</hash>
  </archivos>
  <archivos>
    <archivo>r01652869.txt</archivo>
    <hash>8228C6B229862D37E1F070B2997859C4</hash>
  </archivos>
  <archivos>
    <archivo>r01652870.txt</archivo>
    <hash>5E2D95DCFF6FEE6336B0A9C78DD3ACAA</hash>
  </archivos>
  <archivos>
    <archivo>r01652871.txt</archivo>
    <hash>6755BDC43BFA3D48595D6EE8586C331A</hash>
  </archivos>
  <archivos>
    <archivo>r01652872.txt</archivo>
    <hash>EF39B9CA22E39FCB06D8161AF1E6D9D6</hash>
  </archivos>
  <archivos>
    <archivo>r01652874.txt</archivo>
    <hash>928CC8F6B57FE41D8E96D3F77C81F776</hash>
  </archivos>
  <archivos>
    <archivo>r01652875.txt</archivo>
    <hash>1CF72B01EB8BB4CF9AE008801E03F1EE</hash>
  </archivos>
  <archivos>
    <archivo>r01652884.txt</archivo>
    <hash>6807A7D83A7223DA706D97FAB33C3C82</hash>
  </archivos>
  <archivos>
    <archivo>r01652885.txt</archivo>
    <hash>9A9628B29106E573A6FEA9A386A11D98</hash>
  </archivos>
  <archivos>
    <archivo>r01653047.txt</archivo>
    <hash>F36B29FC5AD8B05E15FD49E53C17AEE0</hash>
  </archivos>
  <archivos>
    <archivo>r01653048.txt</archivo>
    <hash>D00E89FF70D664D6B1CCD562ED545276</hash>
  </archivos>
  <archivos>
    <archivo>r01653117.txt</archivo>
    <hash>F967A9D428F16C65F196C2C596A8EBBC</hash>
  </archivos>
  <archivos>
    <archivo>r01653143.txt</archivo>
    <hash>36BBA1C82EDEE3F5A31CA2091BA5A8AE</hash>
  </archivos>
  <archivos>
    <archivo>r01653185.txt</archivo>
    <hash>5EBBAEC0602CAA0628382BD2833A3AAD</hash>
  </archivos>
  <archivos>
    <archivo>r01653190.txt</archivo>
    <hash>0B79C0EA50FE5CCFCDFA1A8238D03706</hash>
  </archivos>
  <archivos>
    <archivo>r01653237.txt</archivo>
    <hash>41B3011CE2B5ECF28077F18CCF45BED9</hash>
  </archivos>
  <archivos>
    <archivo>r01653238.txt</archivo>
    <hash>DEEE10DEC8AD0D5F5A28C85E1EA8E629</hash>
  </archivos>
  <archivos>
    <archivo>r01653239.txt</archivo>
    <hash>C52D97A4ED0D3D3D7BD3CE17C4CFDC92</hash>
  </archivos>
  <archivos>
    <archivo>r01653241.txt</archivo>
    <hash>9E346E7211744B78865723B4EBBDD45B</hash>
  </archivos>
  <archivos>
    <archivo>r01653242.txt</archivo>
    <hash>B0BEA5AECF9F282E4B3B1E537DE36CF3</hash>
  </archivos>
  <archivos>
    <archivo>r01653243.txt</archivo>
    <hash>297351D4D383D263D9936F79BD147DEA</hash>
  </archivos>
  <archivos>
    <archivo>r01653246.txt</archivo>
    <hash>09478476FD7CBCAD9073CBFB0DDE03B0</hash>
  </archivos>
  <archivos>
    <archivo>r01653247.txt</archivo>
    <hash>FD3D5C1AB1E71980A9B0320EFAABAE9E</hash>
  </archivos>
  <archivos>
    <archivo>r01653248.txt</archivo>
    <hash>A18340999E79A1B156C7CC204D30A16C</hash>
  </archivos>
  <archivos>
    <archivo>r01653249.txt</archivo>
    <hash>BCCB1BB5E658AE7E0CF5BC313C47DECC</hash>
  </archivos>
  <archivos>
    <archivo>r01653250.txt</archivo>
    <hash>F320CED2A56DAF69A695A7AFAEB1D7CB</hash>
  </archivos>
  <archivos>
    <archivo>r01653251.txt</archivo>
    <hash>372CC62A73AE4B033EBEF171DC64AD2B</hash>
  </archivos>
  <archivos>
    <archivo>sectoresTarifarios.xml</archivo>
    <hash>A3B8E1BA143582E6D4A8732D8B4ECA53</hash>
  </archivos>
</Version>