<?xml version="1.0" standalone="yes"?>
<Sector>
  <xs:schema id="Sector" xmlns="" xmlns:xs="http://www.w3.org/2001/XMLSchema" xmlns:msdata="urn:schemas-microsoft-com:xml-msdata">
    <xs:element name="Sector" msdata:IsDataSet="true" msdata:Locale="">
      <xs:complexType>
        <xs:choice minOccurs="0" maxOccurs="unbounded">
          <xs:element name="S" msdata:Locale="">
            <xs:complexType>
              <xs:sequence>
                <xs:element name="Calle" type="xs:string" minOccurs="0" />
                <xs:element name="Lat" type="xs:decimal" minOccurs="0" />
                <xs:element name="Lon" type="xs:decimal" minOccurs="0" />
                <xs:element name="Dis" type="xs:decimal" minOccurs="0" />
                <xs:element name="Cta" type="xs:int" minOccurs="0" />
                <xs:element name="CodSec" type="xs:int" minOccurs="0" />
              </xs:sequence>
            </xs:complexType>
          </xs:element>
        </xs:choice>
      </xs:complexType>
    </xs:element>
  </xs:schema>
  <S>
    <Calle>1GARI</Calle>
    <Lat>32.924079</Lat>
    <Lon>60.781385</Lon>
    <Dis>3103.960</Dis>
    <Cta>1</Cta>
    <CodSec>30</CodSec>
  </S>
  <S>
    <Calle>ELORZ</Calle>
    <Lat>32.920890</Lat>
    <Lon>60.814649</Lon>
    <Dis>2733.110</Dis>
    <Cta>124</Cta>
    <CodSec>30</CodSec>
  </S>
  <S>
    <Calle>JHER1</Calle>
    <Lat>32.916415</Lat>
    <Lon>60.843433</Lon>
    <Dis>2308.230</Dis>
    <Cta>230</Cta>
    <CodSec>30</CodSec>
  </S>
  <S>
    <Calle>SBAST</Calle>
    <Lat>32.912853</Lat>
    <Lon>60.867793</Lon>
    <Dis>3766.400</Dis>
    <Cta>317</Cta>
    <CodSec>32</CodSec>
  </S>
  <S>
    <Calle>BELG</Calle>
    <Lat>32.905802</Lat>
    <Lon>60.907255</Lon>
    <Dis>2990.110</Dis>
    <Cta>476</Cta>
    <CodSec>32</CodSec>
  </S>
  <S>
    <Calle>CEME2</Calle>
    <Lat>32.900191</Lat>
    <Lon>60.938578</Lon>
    <Dis>7755.820</Dis>
    <Cta>598</Cta>
    <CodSec>201</CodSec>
  </S>
  <S>
    <Calle>SJENT</Calle>
    <Lat>32.885699</Lat>
    <Lon>61.019830</Lon>
    <Dis>1985.400</Dis>
    <Cta>903</Cta>
    <CodSec>201</CodSec>
  </S>
  <S>
    <Calle>SJSAL</Calle>
    <Lat>32.883577</Lat>
    <Lon>61.031626</Lon>
    <Dis>8745.600</Dis>
    <Cta>981</Cta>
    <CodSec>201</CodSec>
  </S>
  <S>
    <Calle>RUT26</Calle>
    <Lat>32.867304</Lat>
    <Lon>61.123159</Lon>
    <Dis>2090.710</Dis>
    <Cta>1311</Cta>
    <CodSec>202</CodSec>
  </S>
  <S>
    <Calle>9DJUL</Calle>
    <Lat>32.863403</Lat>
    <Lon>61.145054</Lon>
    <Dis>2258.880</Dis>
    <Cta>1387</Cta>
    <CodSec>202</CodSec>
  </S>
  <S>
    <Calle>IMALV</Calle>
    <Lat>32.859078</Lat>
    <Lon>61.161092</Lon>
    <Dis>1238.690</Dis>
    <Cta>1469</Cta>
    <CodSec>202</CodSec>
  </S>
  <S>
    <Calle>RIVD2</Calle>
    <Lat>32.862477</Lat>
    <Lon>61.149971</Lon>
    <Dis>0</Dis>
    <Cta>1515</Cta>
    <CodSec>202</CodSec>
  </S>
</Sector>