<?xml version="1.0" standalone="yes"?>
<Sector>
  <xs:schema id="Sector" xmlns="" xmlns:xs="http://www.w3.org/2001/XMLSchema" xmlns:msdata="urn:schemas-microsoft-com:xml-msdata">
    <xs:element name="Sector" msdata:IsDataSet="true" msdata:Locale="">
      <xs:complexType>
        <xs:choice minOccurs="0" maxOccurs="unbounded">
          <xs:element name="S" msdata:Locale="">
            <xs:complexType>
              <xs:sequence>
                <xs:element name="Calle" type="xs:string" minOccurs="0" />
                <xs:element name="Lat" type="xs:decimal" minOccurs="0" />
                <xs:element name="Lon" type="xs:decimal" minOccurs="0" />
                <xs:element name="Dis" type="xs:decimal" minOccurs="0" />
                <xs:element name="Cta" type="xs:int" minOccurs="0" />
                <xs:element name="CodSec" type="xs:int" minOccurs="0" />
              </xs:sequence>
            </xs:complexType>
          </xs:element>
        </xs:choice>
      </xs:complexType>
    </xs:element>
  </xs:schema>
  <S>
    <Calle>ERIO1</Calle>
    <Lat>32.949489</Lat>
    <Lon>60.643298</Lon>
    <Dis>1522.440</Dis>
    <Cta>1</Cta>
    <CodSec>13</CodSec>
  </S>
  <S>
    <Calle>ORO?O</Calle>
    <Lat>32.947500</Lat>
    <Lon>60.654086</Lon>
    <Dis>791.020</Dis>
    <Cta>68</Cta>
    <CodSec>13</CodSec>
  </S>
  <S>
    <Calle>LAGOS</Calle>
    <Lat>32.946017</Lat>
    <Lon>60.662377</Lon>
    <Dis>1476.750</Dis>
    <Cta>96</Cta>
    <CodSec>13</CodSec>
  </S>
  <S>
    <Calle>CAFER</Calle>
    <Lat>32.939254</Lat>
    <Lon>60.670571</Lon>
    <Dis>916.940</Dis>
    <Cta>148</Cta>
    <CodSec>13</CodSec>
  </S>
  <S>
    <Calle>CODBA</Calle>
    <Lat>32.938959</Lat>
    <Lon>60.679145</Lon>
    <Dis>1230.010</Dis>
    <Cta>182</Cta>
    <CodSec>13</CodSec>
  </S>
  <S>
    <Calle>PELE3</Calle>
    <Lat>32.949778</Lat>
    <Lon>60.681892</Lon>
    <Dis>1727.640</Dis>
    <Cta>226</Cta>
    <CodSec>13</CodSec>
  </S>
  <S>
    <Calle>FMORE</Calle>
    <Lat>32.958657</Lat>
    <Lon>60.692819</Lon>
    <Dis>2012.840</Dis>
    <Cta>289</Cta>
    <CodSec>13</CodSec>
  </S>
  <S>
    <Calle>PUNI1</Calle>
    <Lat>32.967926</Lat>
    <Lon>60.711340</Lon>
    <Dis>2828.390</Dis>
    <Cta>358</Cta>
    <CodSec>81</CodSec>
  </S>
  <S>
    <Calle>ES SO</Calle>
    <Lat>32.981030</Lat>
    <Lon>60.737320</Lon>
    <Dis>2995.940</Dis>
    <Cta>459</Cta>
    <CodSec>85</CodSec>
  </S>
  <S>
    <Calle>LOPE1</Calle>
    <Lat>32.995074</Lat>
    <Lon>60.764614</Lon>
    <Dis>2495.250</Dis>
    <Cta>568</Cta>
    <CodSec>85</CodSec>
  </S>
  <S>
    <Calle>E SSO</Calle>
    <Lat>33.005604</Lat>
    <Lon>60.786729</Lon>
    <Dis>1285.530</Dis>
    <Cta>663</Cta>
    <CodSec>85</CodSec>
  </S>
  <S>
    <Calle>CURPE</Calle>
    <Lat>33.009942</Lat>
    <Lon>60.799421</Lon>
    <Dis>5900.100</Dis>
    <Cta>712</Cta>
    <CodSec>86</CodSec>
  </S>
  <S>
    <Calle>ENTZA</Calle>
    <Lat>33.018872</Lat>
    <Lon>60.861152</Lon>
    <Dis>1679.480</Dis>
    <Cta>929</Cta>
    <CodSec>86</CodSec>
  </S>
  <S>
    <Calle>VRINO</Calle>
    <Lat>33.019021</Lat>
    <Lon>60.879124</Lon>
    <Dis>2313.050</Dis>
    <Cta>990</Cta>
    <CodSec>86</CodSec>
  </S>
  <S>
    <Calle>ZAVA1</Calle>
    <Lat>33.031378</Lat>
    <Lon>60.889842</Lon>
    <Dis>0</Dis>
    <Cta>1087</Cta>
    <CodSec>86</CodSec>
  </S>
</Sector>