<?xml version="1.0" standalone="yes"?>
<Sector>
  <xs:schema id="Sector" xmlns="" xmlns:xs="http://www.w3.org/2001/XMLSchema" xmlns:msdata="urn:schemas-microsoft-com:xml-msdata">
    <xs:element name="Sector" msdata:IsDataSet="true" msdata:Locale="">
      <xs:complexType>
        <xs:choice minOccurs="0" maxOccurs="unbounded">
          <xs:element name="S" msdata:Locale="">
            <xs:complexType>
              <xs:sequence>
                <xs:element name="Calle" type="xs:string" minOccurs="0" />
                <xs:element name="Lat" type="xs:decimal" minOccurs="0" />
                <xs:element name="Lon" type="xs:decimal" minOccurs="0" />
                <xs:element name="Dis" type="xs:decimal" minOccurs="0" />
                <xs:element name="Cta" type="xs:int" minOccurs="0" />
                <xs:element name="CodSec" type="xs:int" minOccurs="0" />
              </xs:sequence>
            </xs:complexType>
          </xs:element>
        </xs:choice>
      </xs:complexType>
    </xs:element>
  </xs:schema>
  <S>
    <Calle>SUARE</Calle>
    <Lat>34.520563</Lat>
    <Lon>58.700024</Lon>
    <Dis>1086.087</Dis>
    <Cta>1</Cta>
    <CodSec>18</CodSec>
  </S>
  <S>
    <Calle>RU P8</Calle>
    <Lat>34.527759</Lat>
    <Lon>58.707695</Lon>
    <Dis>601.038</Dis>
    <Cta>72</Cta>
    <CodSec>18</CodSec>
  </S>
  <S>
    <Calle>TRIBU</Calle>
    <Lat>34.531375</Lat>
    <Lon>58.703443</Lon>
    <Dis>777.568</Dis>
    <Cta>110</Cta>
    <CodSec>18</CodSec>
  </S>
  <S>
    <Calle>S.LOR</Calle>
    <Lat>34.536499</Lat>
    <Lon>58.708527</Lon>
    <Dis>1062.845</Dis>
    <Cta>155</Cta>
    <CodSec>18</CodSec>
  </S>
  <S>
    <Calle>RU 23</Calle>
    <Lat>34.543465</Lat>
    <Lon>58.713712</Lon>
    <Dis>1146.327</Dis>
    <Cta>219</Cta>
    <CodSec>18</CodSec>
  </S>
  <S>
    <Calle>GCAMP</Calle>
    <Lat>34.551157</Lat>
    <Lon>58.721598</Lon>
    <Dis>2759.067</Dis>
    <Cta>282</Cta>
    <CodSec>18</CodSec>
  </S>
  <S>
    <Calle>FERRE</Calle>
    <Lat>34.568606</Lat>
    <Lon>58.742640</Lon>
    <Dis>1486.458</Dis>
    <Cta>450</Cta>
    <CodSec>18</CodSec>
  </S>
  <S>
    <Calle>MGARC</Calle>
    <Lat>34.581505</Lat>
    <Lon>58.745425</Lon>
    <Dis>1998.870</Dis>
    <Cta>542</Cta>
    <CodSec>18</CodSec>
  </S>
  <S>
    <Calle>M.SAS</Calle>
    <Lat>34.569738</Lat>
    <Lon>58.757450</Lon>
    <Dis>0</Dis>
    <Cta>670</Cta>
    <CodSec>18</CodSec>
  </S>
</Sector>