<?xml version="1.0" standalone="yes"?>
<Sector>
  <xs:schema id="Sector" xmlns="" xmlns:xs="http://www.w3.org/2001/XMLSchema" xmlns:msdata="urn:schemas-microsoft-com:xml-msdata">
    <xs:element name="Sector" msdata:IsDataSet="true" msdata:Locale="">
      <xs:complexType>
        <xs:choice minOccurs="0" maxOccurs="unbounded">
          <xs:element name="S" msdata:Locale="">
            <xs:complexType>
              <xs:sequence>
                <xs:element name="Calle" type="xs:string" minOccurs="0" />
                <xs:element name="Lat" type="xs:decimal" minOccurs="0" />
                <xs:element name="Lon" type="xs:decimal" minOccurs="0" />
                <xs:element name="Dis" type="xs:decimal" minOccurs="0" />
                <xs:element name="Cta" type="xs:int" minOccurs="0" />
                <xs:element name="CodSec" type="xs:int" minOccurs="0" />
              </xs:sequence>
            </xs:complexType>
          </xs:element>
        </xs:choice>
      </xs:complexType>
    </xs:element>
  </xs:schema>
  <S>
    <Calle>BARCA</Calle>
    <Lat>34.627050</Lat>
    <Lon>58.411952</Lon>
    <Dis>1363.169</Dis>
    <Cta>1</Cta>
    <CodSec>9</CodSec>
  </S>
  <S>
    <Calle>AvIND</Calle>
    <Lat>34.619858</Lat>
    <Lon>58.407752</Lon>
    <Dis>1661.833</Dis>
    <Cta>93</Cta>
    <CodSec>9</CodSec>
  </S>
  <S>
    <Calle>PERON</Calle>
    <Lat>34.607709</Lat>
    <Lon>58.406084</Lon>
    <Dis>1216.894</Dis>
    <Cta>202</Cta>
    <CodSec>9</CodSec>
  </S>
  <S>
    <Calle>PARAG</Calle>
    <Lat>34.597560</Lat>
    <Lon>58.403398</Lon>
    <Dis>1299.023</Dis>
    <Cta>293</Cta>
    <CodSec>9</CodSec>
  </S>
  <S>
    <Calle>PUEYR</Calle>
    <Lat>34.587509</Lat>
    <Lon>58.397314</Lon>
    <Dis>1150.781</Dis>
    <Cta>377</Cta>
    <CodSec>9</CodSec>
  </S>
  <S>
    <Calle>BULNE</Calle>
    <Lat>34.583294</Lat>
    <Lon>58.407154</Lon>
    <Dis>1200.506</Dis>
    <Cta>457</Cta>
    <CodSec>9</CodSec>
  </S>
  <S>
    <Calle>ZOO</Calle>
    <Lat>34.581362</Lat>
    <Lon>58.419820</Lon>
    <Dis>1485.243</Dis>
    <Cta>534</Cta>
    <CodSec>9</CodSec>
  </S>
  <S>
    <Calle>VIADU</Calle>
    <Lat>34.575571</Lat>
    <Lon>58.434020</Lon>
    <Dis>2342.727</Dis>
    <Cta>654</Cta>
    <CodSec>9</CodSec>
  </S>
  <S>
    <Calle>SUCRE</Calle>
    <Lat>34.563909</Lat>
    <Lon>58.455054</Lon>
    <Dis>1133.859</Dis>
    <Cta>801</Cta>
    <CodSec>9</CodSec>
  </S>
  <S>
    <Calle>CONGR</Calle>
    <Lat>34.555678</Lat>
    <Lon>58.462214</Lon>
    <Dis>2245.867</Dis>
    <Cta>883</Cta>
    <CodSec>9</CodSec>
  </S>
  <S>
    <Calle>M.ACH</Calle>
    <Lat>34.565800</Lat>
    <Lon>58.482643</Lon>
    <Dis>2335.196</Dis>
    <Cta>1034</Cta>
    <CodSec>9</CodSec>
  </S>
  <S>
    <Calle>PICO</Calle>
    <Lat>34.551986</Lat>
    <Lon>58.498614</Lon>
    <Dis>1107.559</Dis>
    <Cta>1208</Cta>
    <CodSec>9</CodSec>
  </S>
  <S>
    <Calle>LAVAL</Calle>
    <Lat>34.543992</Lat>
    <Lon>58.503175</Lon>
    <Dis>1398.113</Dis>
    <Cta>1297</Cta>
    <CodSec>9</CodSec>
  </S>
  <S>
    <Calle>YRIGO</Calle>
    <Lat>34.533169</Lat>
    <Lon>58.509975</Lon>
    <Dis>1626.307</Dis>
    <Cta>1388</Cta>
    <CodSec>9</CodSec>
  </S>
  <S>
    <Calle>VSARF</Calle>
    <Lat>34.529984</Lat>
    <Lon>58.523366</Lon>
    <Dis>1307.054</Dis>
    <Cta>1499</Cta>
    <CodSec>9</CodSec>
  </S>
  <S>
    <Calle>ROSAR</Calle>
    <Lat>34.535318</Lat>
    <Lon>58.535844</Lon>
    <Dis>1472.430</Dis>
    <Cta>1585</Cta>
    <CodSec>9</CodSec>
  </S>
  <S>
    <Calle>R.OBL</Calle>
    <Lat>34.530171</Lat>
    <Lon>58.547281</Lon>
    <Dis>1097.027</Dis>
    <Cta>1677</Cta>
    <CodSec>9</CodSec>
  </S>
  <S>
    <Calle>CARAP</Calle>
    <Lat>34.528053</Lat>
    <Lon>58.543530</Lon>
    <Dis>0</Dis>
    <Cta>1750</Cta>
    <CodSec>9</CodSec>
  </S>
</Sector>