<?xml version="1.0" standalone="yes"?>
<Version>
  <xs:schema id="Version" xmlns="" xmlns:xs="http://www.w3.org/2001/XMLSchema" xmlns:msdata="urn:schemas-microsoft-com:xml-msdata">
    <xs:element name="Version" msdata:IsDataSet="true" msdata:UseCurrentLocale="true">
      <xs:complexType>
        <xs:choice minOccurs="0" maxOccurs="unbounded">
          <xs:element name="datosVersion">
            <xs:complexType>
              <xs:sequence>
                <xs:element name="nroVersion" type="xs:int" minOccurs="0" />
                <xs:element name="fechaActivacion" type="xs:dateTime" minOccurs="0" />
              </xs:sequence>
            </xs:complexType>
          </xs:element>
          <xs:element name="archivos">
            <xs:complexType>
              <xs:sequence>
                <xs:element name="archivo" type="xs:string" minOccurs="0" />
                <xs:element name="hash" type="xs:string" minOccurs="0" />
              </xs:sequence>
            </xs:complexType>
          </xs:element>
        </xs:choice>
      </xs:complexType>
    </xs:element>
  </xs:schema>
  <datosVersion>
    <nroVersion>19</nroVersion>
    <fechaActivacion>2020-03-07T00:00:00-03:00</fechaActivacion>
  </datosVersion>
  <archivos>
    <archivo>s01270555.xml</archivo>
    <hash>42F23C4D983FCF9F714F461A87FBA217</hash>
  </archivos>
  <archivos>
    <archivo>s01270556.xml</archivo>
    <hash>00372B0248A38573F52B8D10A425C7B6</hash>
  </archivos>
  <archivos>
    <archivo>s01272853.xml</archivo>
    <hash>60BA80FEEBAE85872B4E2BA3F40BAB28</hash>
  </archivos>
  <archivos>
    <archivo>r01270555.txt</archivo>
    <hash>3B9C7AB063E82ABB7B97919B0202D07D</hash>
  </archivos>
  <archivos>
    <archivo>r01270556.txt</archivo>
    <hash>7D307EE9CE7ED8453D76D5D82CE56205</hash>
  </archivos>
  <archivos>
    <archivo>r01272853.txt</archivo>
    <hash>B7A0D9152EC1806F40052BB6C78D29E1</hash>
  </archivos>
  <archivos>
    <archivo>sectoresTarifarios.xml</archivo>
    <hash>B04B3DB4757B0CC8EAE099C10636BB7A</hash>
  </archivos>
</Version>