<?xml version="1.0" standalone="yes"?>
<Sector>
  <xs:schema id="Sector" xmlns="" xmlns:xs="http://www.w3.org/2001/XMLSchema" xmlns:msdata="urn:schemas-microsoft-com:xml-msdata">
    <xs:element name="Sector" msdata:IsDataSet="true" msdata:Locale="">
      <xs:complexType>
        <xs:choice minOccurs="0" maxOccurs="unbounded">
          <xs:element name="S" msdata:Locale="">
            <xs:complexType>
              <xs:sequence>
                <xs:element name="Calle" type="xs:string" minOccurs="0" />
                <xs:element name="Lat" type="xs:decimal" minOccurs="0" />
                <xs:element name="Lon" type="xs:decimal" minOccurs="0" />
                <xs:element name="Dis" type="xs:decimal" minOccurs="0" />
                <xs:element name="Cta" type="xs:int" minOccurs="0" />
                <xs:element name="CodSec" type="xs:int" minOccurs="0" />
              </xs:sequence>
            </xs:complexType>
          </xs:element>
        </xs:choice>
      </xs:complexType>
    </xs:element>
  </xs:schema>
  <S>
    <Calle>PAVON</Calle>
    <Lat>34.532079</Lat>
    <Lon>58.703789</Lon>
    <Dis>659.160</Dis>
    <Cta>1</Cta>
    <CodSec>18</CodSec>
  </S>
  <S>
    <Calle>S.LOR</Calle>
    <Lat>34.536499</Lat>
    <Lon>58.708527</Lon>
    <Dis>1191.550</Dis>
    <Cta>36</Cta>
    <CodSec>18</CodSec>
  </S>
  <S>
    <Calle>PELUF</Calle>
    <Lat>34.544256</Lat>
    <Lon>58.714284</Lon>
    <Dis>1031.111</Dis>
    <Cta>103</Cta>
    <CodSec>18</CodSec>
  </S>
  <S>
    <Calle>GCAMP</Calle>
    <Lat>34.551188</Lat>
    <Lon>58.721649</Lon>
    <Dis>2375.530</Dis>
    <Cta>160</Cta>
    <CodSec>18</CodSec>
  </S>
  <S>
    <Calle>AVSAR</Calle>
    <Lat>34.566141</Lat>
    <Lon>58.739787</Lon>
    <Dis>1341.711</Dis>
    <Cta>307</Cta>
    <CodSec>18</CodSec>
  </S>
  <S>
    <Calle>PJUNT</Calle>
    <Lat>34.558300</Lat>
    <Lon>58.750508</Lon>
    <Dis>1599.179</Dis>
    <Cta>376</Cta>
    <CodSec>18</CodSec>
  </S>
  <S>
    <Calle>MENDO</Calle>
    <Lat>34.548806</Lat>
    <Lon>58.763384</Lon>
    <Dis>1599.890</Dis>
    <Cta>461</Cta>
    <CodSec>18</CodSec>
  </S>
  <S>
    <Calle>ARIAS</Calle>
    <Lat>34.537679</Lat>
    <Lon>58.774187</Lon>
    <Dis>978.403</Dis>
    <Cta>567</Cta>
    <CodSec>18</CodSec>
  </S>
  <S>
    <Calle>USTAR</Calle>
    <Lat>34.530908</Lat>
    <Lon>58.779949</Lon>
    <Dis>1449.302</Dis>
    <Cta>628</Cta>
    <CodSec>18</CodSec>
  </S>
  <S>
    <Calle>JMART</Calle>
    <Lat>34.525350</Lat>
    <Lon>58.765934</Lon>
    <Dis>1512.669</Dis>
    <Cta>719</Cta>
    <CodSec>18</CodSec>
  </S>
  <S>
    <Calle>JCPAZ</Calle>
    <Lat>34.520571</Lat>
    <Lon>58.751512</Lon>
    <Dis>0</Dis>
    <Cta>822</Cta>
    <CodSec>18</CodSec>
  </S>
</Sector>