<?xml version="1.0" standalone="yes"?>
<Sector>
  <xs:schema id="Sector" xmlns="" xmlns:xs="http://www.w3.org/2001/XMLSchema" xmlns:msdata="urn:schemas-microsoft-com:xml-msdata">
    <xs:element name="Sector" msdata:IsDataSet="true" msdata:Locale="">
      <xs:complexType>
        <xs:choice minOccurs="0" maxOccurs="unbounded">
          <xs:element name="S" msdata:Locale="">
            <xs:complexType>
              <xs:sequence>
                <xs:element name="Calle" type="xs:string" minOccurs="0" />
                <xs:element name="Lat" type="xs:decimal" minOccurs="0" />
                <xs:element name="Lon" type="xs:decimal" minOccurs="0" />
                <xs:element name="Dis" type="xs:decimal" minOccurs="0" />
                <xs:element name="Cta" type="xs:int" minOccurs="0" />
                <xs:element name="CodSec" type="xs:int" minOccurs="0" />
              </xs:sequence>
            </xs:complexType>
          </xs:element>
        </xs:choice>
      </xs:complexType>
    </xs:element>
  </xs:schema>
  <S>
    <Calle>AVSAR</Calle>
    <Lat>34.542868</Lat>
    <Lon>58.712735</Lon>
    <Dis>674.152</Dis>
    <Cta>1</Cta>
    <CodSec>18</CodSec>
  </S>
  <S>
    <Calle>RUT23</Calle>
    <Lat>34.539959</Lat>
    <Lon>58.709352</Lon>
    <Dis>1497.284</Dis>
    <Cta>41</Cta>
    <CodSec>18</CodSec>
  </S>
  <S>
    <Calle>PJUNT</Calle>
    <Lat>34.531103</Lat>
    <Lon>58.721479</Lon>
    <Dis>1121.028</Dis>
    <Cta>122</Cta>
    <CodSec>18</CodSec>
  </S>
  <S>
    <Calle>RUTP8</Calle>
    <Lat>34.523612</Lat>
    <Lon>58.714185</Lon>
    <Dis>1517.319</Dis>
    <Cta>195</Cta>
    <CodSec>18</CodSec>
  </S>
  <S>
    <Calle>SNIGN</Calle>
    <Lat>34.513465</Lat>
    <Lon>58.707289</Lon>
    <Dis>2259.837</Dis>
    <Cta>297</Cta>
    <CodSec>18</CodSec>
  </S>
  <S>
    <Calle>SM-25</Calle>
    <Lat>34.499615</Lat>
    <Lon>58.694089</Lon>
    <Dis>0</Dis>
    <Cta>439</Cta>
    <CodSec>18</CodSec>
  </S>
</Sector>