<?xml version="1.0" standalone="yes"?>
<Sector>
  <xs:schema id="Sector" xmlns="" xmlns:xs="http://www.w3.org/2001/XMLSchema" xmlns:msdata="urn:schemas-microsoft-com:xml-msdata">
    <xs:element name="Sector" msdata:IsDataSet="true" msdata:Locale="">
      <xs:complexType>
        <xs:choice minOccurs="0" maxOccurs="unbounded">
          <xs:element name="S" msdata:Locale="">
            <xs:complexType>
              <xs:sequence>
                <xs:element name="Calle" type="xs:string" minOccurs="0" />
                <xs:element name="Lat" type="xs:decimal" minOccurs="0" />
                <xs:element name="Lon" type="xs:decimal" minOccurs="0" />
                <xs:element name="Dis" type="xs:decimal" minOccurs="0" />
                <xs:element name="Cta" type="xs:int" minOccurs="0" />
                <xs:element name="CodSec" type="xs:int" minOccurs="0" />
              </xs:sequence>
            </xs:complexType>
          </xs:element>
        </xs:choice>
      </xs:complexType>
    </xs:element>
  </xs:schema>
  <S>
    <Calle>SEGUI</Calle>
    <Lat>34.484134</Lat>
    <Lon>58.727232</Lon>
    <Dis>1878.082</Dis>
    <Cta>1</Cta>
    <CodSec>18</CodSec>
  </S>
  <S>
    <Calle>BEIRO</Calle>
    <Lat>34.482148</Lat>
    <Lon>58.716993</Lon>
    <Dis>1660.529</Dis>
    <Cta>110</Cta>
    <CodSec>18</CodSec>
  </S>
  <S>
    <Calle>NOGUE</Calle>
    <Lat>34.493630</Lat>
    <Lon>58.706118</Lon>
    <Dis>1854.091</Dis>
    <Cta>223</Cta>
    <CodSec>18</CodSec>
  </S>
  <S>
    <Calle>VALPO</Calle>
    <Lat>34.495888</Lat>
    <Lon>58.706860</Lon>
    <Dis>978.784</Dis>
    <Cta>385</Cta>
    <CodSec>18</CodSec>
  </S>
  <S>
    <Calle>CALLA</Calle>
    <Lat>34.502369</Lat>
    <Lon>58.713973</Lon>
    <Dis>1516.496</Dis>
    <Cta>452</Cta>
    <CodSec>18</CodSec>
  </S>
  <S>
    <Calle>RUTP8</Calle>
    <Lat>34.508941</Lat>
    <Lon>58.728366</Lon>
    <Dis>2135.398</Dis>
    <Cta>554</Cta>
    <CodSec>18</CodSec>
  </S>
  <S>
    <Calle>PJUNT</Calle>
    <Lat>34.523441</Lat>
    <Lon>58.714233</Lon>
    <Dis>1352.876</Dis>
    <Cta>695</Cta>
    <CodSec>18</CodSec>
  </S>
  <S>
    <Calle>TRIBU</Calle>
    <Lat>34.531457</Lat>
    <Lon>58.703288</Lon>
    <Dis>753.420</Dis>
    <Cta>783</Cta>
    <CodSec>18</CodSec>
  </S>
  <S>
    <Calle>S.LOR</Calle>
    <Lat>34.536500</Lat>
    <Lon>58.708526</Lon>
    <Dis>923.119</Dis>
    <Cta>820</Cta>
    <CodSec>18</CodSec>
  </S>
  <S>
    <Calle>AL-SA</Calle>
    <Lat>34.542654</Lat>
    <Lon>58.714855</Lon>
    <Dis>0</Dis>
    <Cta>873</Cta>
    <CodSec>18</CodSec>
  </S>
</Sector>