<?xml version="1.0" standalone="yes"?>
<Version>
  <xs:schema id="Version" xmlns="" xmlns:xs="http://www.w3.org/2001/XMLSchema" xmlns:msdata="urn:schemas-microsoft-com:xml-msdata">
    <xs:element name="Version" msdata:IsDataSet="true" msdata:UseCurrentLocale="true">
      <xs:complexType>
        <xs:choice minOccurs="0" maxOccurs="unbounded">
          <xs:element name="datosVersion">
            <xs:complexType>
              <xs:sequence>
                <xs:element name="nroVersion" type="xs:int" minOccurs="0" />
                <xs:element name="fechaActivacion" type="xs:dateTime" minOccurs="0" />
              </xs:sequence>
            </xs:complexType>
          </xs:element>
          <xs:element name="archivos">
            <xs:complexType>
              <xs:sequence>
                <xs:element name="archivo" type="xs:string" minOccurs="0" />
                <xs:element name="hash" type="xs:string" minOccurs="0" />
              </xs:sequence>
            </xs:complexType>
          </xs:element>
        </xs:choice>
      </xs:complexType>
    </xs:element>
  </xs:schema>
  <datosVersion>
    <nroVersion>15</nroVersion>
    <fechaActivacion>2019-10-13T00:00:00-03:00</fechaActivacion>
  </datosVersion>
  <archivos>
    <archivo>s01270555.xml</archivo>
    <hash>928F7C17E3B3CDE7084A17B6A4EDED2F</hash>
  </archivos>
  <archivos>
    <archivo>s01270556.xml</archivo>
    <hash>5FB5FCFA162E15CE388F94D1D15277AE</hash>
  </archivos>
  <archivos>
    <archivo>r01270555.txt</archivo>
    <hash>4F394143765AEEA425AEDE125AB6F728</hash>
  </archivos>
  <archivos>
    <archivo>r01270556.txt</archivo>
    <hash>C9B89952AA8A281776898136AA88C6FC</hash>
  </archivos>
  <archivos>
    <archivo>sectoresTarifarios.xml</archivo>
    <hash>F87975B572197C44E72D0DC609EC9105</hash>
  </archivos>
</Version>