<?xml version="1.0" standalone="yes"?>
<Sector>
  <xs:schema id="Sector" xmlns="" xmlns:xs="http://www.w3.org/2001/XMLSchema" xmlns:msdata="urn:schemas-microsoft-com:xml-msdata">
    <xs:element name="Sector" msdata:IsDataSet="true" msdata:Locale="">
      <xs:complexType>
        <xs:choice minOccurs="0" maxOccurs="unbounded">
          <xs:element name="S" msdata:Locale="">
            <xs:complexType>
              <xs:sequence>
                <xs:element name="Calle" type="xs:string" minOccurs="0" />
                <xs:element name="Lat" type="xs:decimal" minOccurs="0" />
                <xs:element name="Lon" type="xs:decimal" minOccurs="0" />
                <xs:element name="Dis" type="xs:decimal" minOccurs="0" />
                <xs:element name="Cta" type="xs:int" minOccurs="0" />
                <xs:element name="CodSec" type="xs:int" minOccurs="0" />
              </xs:sequence>
            </xs:complexType>
          </xs:element>
        </xs:choice>
      </xs:complexType>
    </xs:element>
  </xs:schema>
  <S>
    <Calle>RUT11</Calle>
    <Lat>32.829990</Lat>
    <Lon>60.712614</Lon>
    <Dis>3164.804</Dis>
    <Cta>1</Cta>
    <CodSec>14</CodSec>
  </S>
  <S>
    <Calle>PAGAN</Calle>
    <Lat>32.856727</Lat>
    <Lon>60.703960</Lon>
    <Dis>1645.293</Dis>
    <Cta>191</Cta>
    <CodSec>14</CodSec>
  </S>
  <S>
    <Calle>CIUDA</Calle>
    <Lat>32.870959</Lat>
    <Lon>60.699622</Lon>
    <Dis>2781.846</Dis>
    <Cta>286</Cta>
    <CodSec>14</CodSec>
  </S>
  <S>
    <Calle>PUCCI</Calle>
    <Lat>32.894796</Lat>
    <Lon>60.692463</Lon>
    <Dis>2946.860</Dis>
    <Cta>467</Cta>
    <CodSec>14</CodSec>
  </S>
  <S>
    <Calle>JJPAS</Calle>
    <Lat>32.919261</Lat>
    <Lon>60.682427</Lon>
    <Dis>1108.462</Dis>
    <Cta>650</Cta>
    <CodSec>14</CodSec>
  </S>
  <S>
    <Calle>ALBER</Calle>
    <Lat>32.926627</Lat>
    <Lon>60.676708</Lon>
    <Dis>3767.910</Dis>
    <Cta>715</Cta>
    <CodSec>14</CodSec>
  </S>
  <S>
    <Calle>MOREN</Calle>
    <Lat>32.937249</Lat>
    <Lon>60.648747</Lon>
    <Dis>1978.364</Dis>
    <Cta>963</Cta>
    <CodSec>14</CodSec>
  </S>
  <S>
    <Calle>SLUIS</Calle>
    <Lat>32.948258</Lat>
    <Lon>60.641461</Lon>
    <Dis>1302.817</Dis>
    <Cta>1085</Cta>
    <CodSec>14</CodSec>
  </S>
  <S>
    <Calle>SARMI</Calle>
    <Lat>32.957327</Lat>
    <Lon>60.640948</Lon>
    <Dis>1222.173</Dis>
    <Cta>1164</Cta>
    <CodSec>14</CodSec>
  </S>
  <S>
    <Calle>27FEB</Calle>
    <Lat>32.967658</Lat>
    <Lon>60.643463</Lon>
    <Dis>1468.268</Dis>
    <Cta>1236</Cta>
    <CodSec>14</CodSec>
  </S>
  <S>
    <Calle>SEGUI</Calle>
    <Lat>32.979421</Lat>
    <Lon>60.644353</Lon>
    <Dis>1278.739</Dis>
    <Cta>1331</Cta>
    <CodSec>14</CodSec>
  </S>
  <S>
    <Calle>URIB.</Calle>
    <Lat>32.990582</Lat>
    <Lon>60.646660</Lon>
    <Dis>1085.688</Dis>
    <Cta>1407</Cta>
    <CodSec>14</CodSec>
  </S>
  <S>
    <Calle>AvROS</Calle>
    <Lat>32.999839</Lat>
    <Lon>60.648729</Lon>
    <Dis>1625.055</Dis>
    <Cta>1480</Cta>
    <CodSec>14</CodSec>
  </S>
  <S>
    <Calle>AYACU</Calle>
    <Lat>33.002608</Lat>
    <Lon>60.635999</Lon>
    <Dis>1497.213</Dis>
    <Cta>1565</Cta>
    <CodSec>14</CodSec>
  </S>
  <S>
    <Calle>CIRCU</Calle>
    <Lat>33.015855</Lat>
    <Lon>60.634726</Lon>
    <Dis>1438.599</Dis>
    <Cta>1664</Cta>
    <CodSec>12</CodSec>
  </S>
  <S>
    <Calle>JDPER</Calle>
    <Lat>33.025551</Lat>
    <Lon>60.624738</Lon>
    <Dis>2985.127</Dis>
    <Cta>1756</Cta>
    <CodSec>12</CodSec>
  </S>
  <S>
    <Calle>ESPER</Calle>
    <Lat>33.047104</Lat>
    <Lon>60.606341</Lon>
    <Dis>2233.316</Dis>
    <Cta>2059</Cta>
    <CodSec>11</CodSec>
  </S>
  <S>
    <Calle>15MAY</Calle>
    <Lat>33.056927</Lat>
    <Lon>60.614188</Lon>
    <Dis>3239.565</Dis>
    <Cta>2169</Cta>
    <CodSec>11</CodSec>
  </S>
  <S>
    <Calle>BELGR</Calle>
    <Lat>33.054999</Lat>
    <Lon>60.618285</Lon>
    <Dis>0</Dis>
    <Cta>2375</Cta>
    <CodSec>11</CodSec>
  </S>
</Sector>