<?xml version="1.0" standalone="yes"?>
<Sector>
  <xs:schema id="Sector" xmlns="" xmlns:xs="http://www.w3.org/2001/XMLSchema" xmlns:msdata="urn:schemas-microsoft-com:xml-msdata">
    <xs:element name="Sector" msdata:IsDataSet="true" msdata:Locale="">
      <xs:complexType>
        <xs:choice minOccurs="0" maxOccurs="unbounded">
          <xs:element name="S" msdata:Locale="">
            <xs:complexType>
              <xs:sequence>
                <xs:element name="Calle" type="xs:string" minOccurs="0" />
                <xs:element name="Lat" type="xs:decimal" minOccurs="0" />
                <xs:element name="Lon" type="xs:decimal" minOccurs="0" />
                <xs:element name="Dis" type="xs:decimal" minOccurs="0" />
                <xs:element name="Cta" type="xs:int" minOccurs="0" />
                <xs:element name="CodSec" type="xs:int" minOccurs="0" />
              </xs:sequence>
            </xs:complexType>
          </xs:element>
        </xs:choice>
      </xs:complexType>
    </xs:element>
  </xs:schema>
  <S>
    <Calle>BELGR</Calle>
    <Lat>33.054948</Lat>
    <Lon>60.618469</Lon>
    <Dis>3003.245</Dis>
    <Cta>1</Cta>
    <CodSec>11</CodSec>
  </S>
  <S>
    <Calle>ALVEA</Calle>
    <Lat>33.056916</Lat>
    <Lon>60.614151</Lon>
    <Dis>2218.200</Dis>
    <Cta>199</Cta>
    <CodSec>11</CodSec>
  </S>
  <S>
    <Calle>RUT21</Calle>
    <Lat>33.047111</Lat>
    <Lon>60.606389</Lon>
    <Dis>2994.715</Dis>
    <Cta>307</Cta>
    <CodSec>12</CodSec>
  </S>
  <S>
    <Calle>JDPER</Calle>
    <Lat>33.025506</Lat>
    <Lon>60.624535</Lon>
    <Dis>1422.874</Dis>
    <Cta>634</Cta>
    <CodSec>12</CodSec>
  </S>
  <S>
    <Calle>CIRCU</Calle>
    <Lat>33.015981</Lat>
    <Lon>60.634381</Lon>
    <Dis>1535.873</Dis>
    <Cta>725</Cta>
    <CodSec>13</CodSec>
  </S>
  <S>
    <Calle>ARIJO</Calle>
    <Lat>33.002633</Lat>
    <Lon>60.636024</Lon>
    <Dis>1489.061</Dis>
    <Cta>830</Cta>
    <CodSec>13</CodSec>
  </S>
  <S>
    <Calle>SMART</Calle>
    <Lat>32.999862</Lat>
    <Lon>60.648448</Lon>
    <Dis>1068.999</Dis>
    <Cta>911</Cta>
    <CodSec>13</CodSec>
  </S>
  <S>
    <Calle>URIB.</Calle>
    <Lat>32.990856</Lat>
    <Lon>60.646623</Lon>
    <Dis>1284.367</Dis>
    <Cta>980</Cta>
    <CodSec>13</CodSec>
  </S>
  <S>
    <Calle>SEGUI</Calle>
    <Lat>32.979555</Lat>
    <Lon>60.644290</Lon>
    <Dis>1370.042</Dis>
    <Cta>1055</Cta>
    <CodSec>13</CodSec>
  </S>
  <S>
    <Calle>27FEB</Calle>
    <Lat>32.968133</Lat>
    <Lon>60.640756</Lon>
    <Dis>1879.738</Dis>
    <Cta>1141</Cta>
    <CodSec>13</CodSec>
  </S>
  <S>
    <Calle>CORRI</Calle>
    <Lat>32.956354</Lat>
    <Lon>60.645016</Lon>
    <Dis>2010.020</Dis>
    <Cta>1250</Cta>
    <CodSec>13</CodSec>
  </S>
  <S>
    <Calle>PARAG</Calle>
    <Lat>32.939648</Lat>
    <Lon>60.642181</Lon>
    <Dis>4206.685</Dis>
    <Cta>1371</Cta>
    <CodSec>13</CodSec>
  </S>
  <S>
    <Calle>AVELL</Calle>
    <Lat>32.924872</Lat>
    <Lon>60.675323</Lon>
    <Dis>973.564</Dis>
    <Cta>1637</Cta>
    <CodSec>13</CodSec>
  </S>
  <S>
    <Calle>JJPAS</Calle>
    <Lat>32.919458</Lat>
    <Lon>60.682181</Lon>
    <Dis>2946.324</Dis>
    <Cta>1697</Cta>
    <CodSec>13</CodSec>
  </S>
  <S>
    <Calle>PUCCI</Calle>
    <Lat>32.895053</Lat>
    <Lon>60.692033</Lon>
    <Dis>2755.149</Dis>
    <Cta>1887</Cta>
    <CodSec>13</CodSec>
  </S>
  <S>
    <Calle>CIUDA</Calle>
    <Lat>32.871289</Lat>
    <Lon>60.699286</Lon>
    <Dis>1726.305</Dis>
    <Cta>2063</Cta>
    <CodSec>13</CodSec>
  </S>
  <S>
    <Calle>PAGAN</Calle>
    <Lat>32.856442</Lat>
    <Lon>60.703819</Lon>
    <Dis>2578.931</Dis>
    <Cta>2169</Cta>
    <CodSec>13</CodSec>
  </S>
  <S>
    <Calle>CELUL</Calle>
    <Lat>32.834119</Lat>
    <Lon>60.710818</Lon>
    <Dis>3891.237</Dis>
    <Cta>2314</Cta>
    <CodSec>13</CodSec>
  </S>
  <S>
    <Calle>MALVI</Calle>
    <Lat>32.800361</Lat>
    <Lon>60.721009</Lon>
    <Dis>2607.402</Dis>
    <Cta>2565</Cta>
    <CodSec>13</CodSec>
  </S>
  <S>
    <Calle>M.MOR</Calle>
    <Lat>32.777854</Lat>
    <Lon>60.727894</Lon>
    <Dis>4854.548</Dis>
    <Cta>2732</Cta>
    <CodSec>13</CodSec>
  </S>
  <S>
    <Calle>VICEN</Calle>
    <Lat>32.763175</Lat>
    <Lon>60.770089</Lon>
    <Dis>3649.722</Dis>
    <Cta>3043</Cta>
    <CodSec>13</CodSec>
  </S>
  <S>
    <Calle>S.EST</Calle>
    <Lat>32.775629</Lat>
    <Lon>60.797468</Lon>
    <Dis>0</Dis>
    <Cta>3235</Cta>
    <CodSec>13</CodSec>
  </S>
</Sector>