<?xml version="1.0" standalone="yes"?>
<Sector>
  <xs:schema id="Sector" xmlns="" xmlns:xs="http://www.w3.org/2001/XMLSchema" xmlns:msdata="urn:schemas-microsoft-com:xml-msdata">
    <xs:element name="Sector" msdata:IsDataSet="true" msdata:Locale="">
      <xs:complexType>
        <xs:choice minOccurs="0" maxOccurs="unbounded">
          <xs:element name="S" msdata:Locale="">
            <xs:complexType>
              <xs:sequence>
                <xs:element name="Calle" type="xs:string" minOccurs="0" />
                <xs:element name="Lat" type="xs:decimal" minOccurs="0" />
                <xs:element name="Lon" type="xs:decimal" minOccurs="0" />
                <xs:element name="Dis" type="xs:decimal" minOccurs="0" />
                <xs:element name="Cta" type="xs:int" minOccurs="0" />
                <xs:element name="CodSec" type="xs:int" minOccurs="0" />
              </xs:sequence>
            </xs:complexType>
          </xs:element>
        </xs:choice>
      </xs:complexType>
    </xs:element>
  </xs:schema>
  <S>
    <Calle>S.EST</Calle>
    <Lat>32.775629</Lat>
    <Lon>60.797463</Lon>
    <Dis>3192.537</Dis>
    <Cta>1</Cta>
    <CodSec>118</CodSec>
  </S>
  <S>
    <Calle>VICEN</Calle>
    <Lat>32.763221</Lat>
    <Lon>60.770038</Lon>
    <Dis>4799.729</Dis>
    <Cta>177</Cta>
    <CodSec>118</CodSec>
  </S>
  <S>
    <Calle>M.MOR</Calle>
    <Lat>32.777831</Lat>
    <Lon>60.727938</Lon>
    <Dis>2643.877</Dis>
    <Cta>478</Cta>
    <CodSec>118</CodSec>
  </S>
  <S>
    <Calle>MALVI</Calle>
    <Lat>32.800376</Lat>
    <Lon>60.721053</Lon>
    <Dis>3899.217</Dis>
    <Cta>652</Cta>
    <CodSec>118</CodSec>
  </S>
  <S>
    <Calle>CELUL</Calle>
    <Lat>32.834121</Lat>
    <Lon>60.710829</Lon>
    <Dis>2607.948</Dis>
    <Cta>895</Cta>
    <CodSec>118</CodSec>
  </S>
  <S>
    <Calle>PAGAN</Calle>
    <Lat>32.856709</Lat>
    <Lon>60.703942</Lon>
    <Dis>1654.745</Dis>
    <Cta>1046</Cta>
    <CodSec>118</CodSec>
  </S>
  <S>
    <Calle>CIUDA</Calle>
    <Lat>32.871000</Lat>
    <Lon>60.699714</Lon>
    <Dis>2771.322</Dis>
    <Cta>1141</Cta>
    <CodSec>118</CodSec>
  </S>
  <S>
    <Calle>PUCCI</Calle>
    <Lat>32.894794</Lat>
    <Lon>60.692489</Lon>
    <Dis>2944.397</Dis>
    <Cta>1320</Cta>
    <CodSec>118</CodSec>
  </S>
  <S>
    <Calle>JJPAS</Calle>
    <Lat>32.919263</Lat>
    <Lon>60.682450</Lon>
    <Dis>1068.748</Dis>
    <Cta>1501</Cta>
    <CodSec>118</CodSec>
  </S>
  <S>
    <Calle>ALBER</Calle>
    <Lat>32.926626</Lat>
    <Lon>60.677141</Lon>
    <Dis>3800.320</Dis>
    <Cta>1564</Cta>
    <CodSec>118</CodSec>
  </S>
  <S>
    <Calle>MOREN</Calle>
    <Lat>32.937258</Lat>
    <Lon>60.648923</Lon>
    <Dis>2010.227</Dis>
    <Cta>1808</Cta>
    <CodSec>118</CodSec>
  </S>
  <S>
    <Calle>SLUIS</Calle>
    <Lat>32.948334</Lat>
    <Lon>60.641443</Lon>
    <Dis>1282.952</Dis>
    <Cta>1930</Cta>
    <CodSec>118</CodSec>
  </S>
  <S>
    <Calle>SARMI</Calle>
    <Lat>32.957334</Lat>
    <Lon>60.640857</Lon>
    <Dis>1223.413</Dis>
    <Cta>2007</Cta>
    <CodSec>118</CodSec>
  </S>
  <S>
    <Calle>27FEB</Calle>
    <Lat>32.967695</Lat>
    <Lon>60.643390</Lon>
    <Dis>1465.733</Dis>
    <Cta>2079</Cta>
    <CodSec>118</CodSec>
  </S>
  <S>
    <Calle>SEGUI</Calle>
    <Lat>32.979277</Lat>
    <Lon>60.644309</Lon>
    <Dis>1349.088</Dis>
    <Cta>2171</Cta>
    <CodSec>118</CodSec>
  </S>
  <S>
    <Calle>URIB.</Calle>
    <Lat>32.990890</Lat>
    <Lon>60.646714</Lon>
    <Dis>1043.317</Dis>
    <Cta>2253</Cta>
    <CodSec>118</CodSec>
  </S>
  <S>
    <Calle>AvROS</Calle>
    <Lat>32.999769</Lat>
    <Lon>60.648734</Lon>
    <Dis>1640.163</Dis>
    <Cta>2323</Cta>
    <CodSec>118</CodSec>
  </S>
  <S>
    <Calle>AYACU</Calle>
    <Lat>33.002671</Lat>
    <Lon>60.636050</Lon>
    <Dis>1482.523</Dis>
    <Cta>2408</Cta>
    <CodSec>118</CodSec>
  </S>
  <S>
    <Calle>CIRCU</Calle>
    <Lat>33.015798</Lat>
    <Lon>60.634793</Lon>
    <Dis>972.222</Dis>
    <Cta>2507</Cta>
    <CodSec>12</CodSec>
  </S>
  <S>
    <Calle>S.DIE</Calle>
    <Lat>33.019495</Lat>
    <Lon>60.636390</Lon>
    <Dis>2208.879</Dis>
    <Cta>2567</Cta>
    <CodSec>12</CodSec>
  </S>
  <S>
    <Calle>SMART</Calle>
    <Lat>33.026919</Lat>
    <Lon>60.623054</Lon>
    <Dis>4107.833</Dis>
    <Cta>2721</Cta>
    <CodSec>12</CodSec>
  </S>
  <S>
    <Calle>JDPER</Calle>
    <Lat>33.018935</Lat>
    <Lon>60.618408</Lon>
    <Dis>0</Dis>
    <Cta>2978</Cta>
    <CodSec>12</CodSec>
  </S>
</Sector>