<?xml version="1.0" standalone="yes"?>
<Version>
  <xs:schema id="Version" xmlns="" xmlns:xs="http://www.w3.org/2001/XMLSchema" xmlns:msdata="urn:schemas-microsoft-com:xml-msdata">
    <xs:element name="Version" msdata:IsDataSet="true" msdata:UseCurrentLocale="true">
      <xs:complexType>
        <xs:choice minOccurs="0" maxOccurs="unbounded">
          <xs:element name="datosVersion">
            <xs:complexType>
              <xs:sequence>
                <xs:element name="nroVersion" type="xs:int" minOccurs="0" />
                <xs:element name="fechaActivacion" type="xs:dateTime" minOccurs="0" />
              </xs:sequence>
            </xs:complexType>
          </xs:element>
          <xs:element name="archivos">
            <xs:complexType>
              <xs:sequence>
                <xs:element name="archivo" type="xs:string" minOccurs="0" />
                <xs:element name="hash" type="xs:string" minOccurs="0" />
              </xs:sequence>
            </xs:complexType>
          </xs:element>
        </xs:choice>
      </xs:complexType>
    </xs:element>
  </xs:schema>
  <datosVersion>
    <nroVersion>40</nroVersion>
    <fechaActivacion>2021-09-04T00:00:00-03:00</fechaActivacion>
  </datosVersion>
  <archivos>
    <archivo>s00210064.xml</archivo>
    <hash>4CC568A7BFF03DBA5D4A356FC415368C</hash>
  </archivos>
  <archivos>
    <archivo>s00213356.xml</archivo>
    <hash>79A5722E91DEB74A776C87687DCD3DF9</hash>
  </archivos>
  <archivos>
    <archivo>s00213357.xml</archivo>
    <hash>6F6A2AAC7C40EFFF66BDBA80A721699C</hash>
  </archivos>
  <archivos>
    <archivo>s00213358.xml</archivo>
    <hash>DAE4ABF23FEEA2CE63FFDC480610296D</hash>
  </archivos>
  <archivos>
    <archivo>s00213359.xml</archivo>
    <hash>4D0AED7AA33F52F68F9D5FBD894139C9</hash>
  </archivos>
  <archivos>
    <archivo>s00213360.xml</archivo>
    <hash>6A305FDE6BD5DA1A9F1B7FBBA79DE74C</hash>
  </archivos>
  <archivos>
    <archivo>s00213361.xml</archivo>
    <hash>4720755163C98FD7E3A9B99A001EF971</hash>
  </archivos>
  <archivos>
    <archivo>s00213362.xml</archivo>
    <hash>0D0B2C80C35C7F404E9E41CCFBF4D3F8</hash>
  </archivos>
  <archivos>
    <archivo>s00213363.xml</archivo>
    <hash>DCCA031A0DBCB11E30CD44A92084C6E6</hash>
  </archivos>
  <archivos>
    <archivo>s00213364.xml</archivo>
    <hash>670014389BB60EC21E8F8B282A5153C2</hash>
  </archivos>
  <archivos>
    <archivo>s00213365.xml</archivo>
    <hash>0FAD8DED07776F023263157CA10CDEC8</hash>
  </archivos>
  <archivos>
    <archivo>s00213366.xml</archivo>
    <hash>4A0F9A9CDD044728B7299B852BF50817</hash>
  </archivos>
  <archivos>
    <archivo>s00213367.xml</archivo>
    <hash>268F9913A571F342FA7BE679BE52AEC6</hash>
  </archivos>
  <archivos>
    <archivo>s00213368.xml</archivo>
    <hash>2D7C01FE5566D1D4C6866E8B1AA2D278</hash>
  </archivos>
  <archivos>
    <archivo>s00213369.xml</archivo>
    <hash>696EBC401B77C220973299B87672944A</hash>
  </archivos>
  <archivos>
    <archivo>s00213370.xml</archivo>
    <hash>49A98777F071409D49879236661EA895</hash>
  </archivos>
  <archivos>
    <archivo>s00213371.xml</archivo>
    <hash>16007E6CDB444C696BE669C83B4C9BC1</hash>
  </archivos>
  <archivos>
    <archivo>s00213372.xml</archivo>
    <hash>4D2760DB81081FF7530396F5968BEE5C</hash>
  </archivos>
  <archivos>
    <archivo>s00213373.xml</archivo>
    <hash>F5F1BF98953088681E3EA9560A1C8D80</hash>
  </archivos>
  <archivos>
    <archivo>s00213374.xml</archivo>
    <hash>B026AAD8F79CDD51AC1169EC0FB7A03B</hash>
  </archivos>
  <archivos>
    <archivo>s00213375.xml</archivo>
    <hash>7426C1F69F5BDD025D88B516CB6A87D7</hash>
  </archivos>
  <archivos>
    <archivo>s00213402.xml</archivo>
    <hash>C2C23C0DDADA08D28022973C0458C8F3</hash>
  </archivos>
  <archivos>
    <archivo>s00213403.xml</archivo>
    <hash>1A82037E3CFB5A5636D5CB1795FA5FE5</hash>
  </archivos>
  <archivos>
    <archivo>s00213404.xml</archivo>
    <hash>7F3C759CDD8AAA5CEAA326E305DAFD9E</hash>
  </archivos>
  <archivos>
    <archivo>s00213405.xml</archivo>
    <hash>6234FBB813AC931BFC9EAA96AEF113E3</hash>
  </archivos>
  <archivos>
    <archivo>s00213406.xml</archivo>
    <hash>9A8775D0A8CFA5B68B6A060AC6C6C9BF</hash>
  </archivos>
  <archivos>
    <archivo>s00213419.xml</archivo>
    <hash>900855CA43F781E607D1972AD8A7C107</hash>
  </archivos>
  <archivos>
    <archivo>r00210064.txt</archivo>
    <hash>E5B9FEF8291804CF6334437234B76C49</hash>
  </archivos>
  <archivos>
    <archivo>r00213356.txt</archivo>
    <hash>DB74A98C08E005F6E7C522487F75B6EF</hash>
  </archivos>
  <archivos>
    <archivo>r00213357.txt</archivo>
    <hash>B027B7FFBE263D92428459E8853382B7</hash>
  </archivos>
  <archivos>
    <archivo>r00213358.txt</archivo>
    <hash>CADE786E47FB5D1EECDF08FF2DAF1794</hash>
  </archivos>
  <archivos>
    <archivo>r00213359.txt</archivo>
    <hash>81BD2AC3D50A6A0604116F52B72A43BB</hash>
  </archivos>
  <archivos>
    <archivo>r00213360.txt</archivo>
    <hash>67F24127000D52355B9C491816CA4C4C</hash>
  </archivos>
  <archivos>
    <archivo>r00213361.txt</archivo>
    <hash>81DF235597A792BCEFA97F217F330B40</hash>
  </archivos>
  <archivos>
    <archivo>r00213362.txt</archivo>
    <hash>7CA28AFFFF5BA4AA03BDFA9BA0C1E3EB</hash>
  </archivos>
  <archivos>
    <archivo>r00213363.txt</archivo>
    <hash>44C12861A58FFFFE23248CBB8DDA45AF</hash>
  </archivos>
  <archivos>
    <archivo>r00213364.txt</archivo>
    <hash>604CC97C5227A9EAF663F98FE7092FAA</hash>
  </archivos>
  <archivos>
    <archivo>r00213365.txt</archivo>
    <hash>8994B8992CEC5F4108CCD2FDA38D8503</hash>
  </archivos>
  <archivos>
    <archivo>r00213366.txt</archivo>
    <hash>13B9CAA5049F897E55D45791478A92E9</hash>
  </archivos>
  <archivos>
    <archivo>r00213367.txt</archivo>
    <hash>92B46CB3846DCE88797A7B593961333E</hash>
  </archivos>
  <archivos>
    <archivo>r00213368.txt</archivo>
    <hash>17EF0B99D3686F4000B36630ED5E22AF</hash>
  </archivos>
  <archivos>
    <archivo>r00213369.txt</archivo>
    <hash>1B085BA552C82C216D8B806808B811C4</hash>
  </archivos>
  <archivos>
    <archivo>r00213370.txt</archivo>
    <hash>2EBD4DB8FD7EC773037741F11BF94FD9</hash>
  </archivos>
  <archivos>
    <archivo>r00213371.txt</archivo>
    <hash>B1798E0A46A8894726E7E37A9694772F</hash>
  </archivos>
  <archivos>
    <archivo>r00213372.txt</archivo>
    <hash>768D1B5C7D841034E3388DEA15220C8C</hash>
  </archivos>
  <archivos>
    <archivo>r00213373.txt</archivo>
    <hash>7BB2F73673A700B5E158DA4400295572</hash>
  </archivos>
  <archivos>
    <archivo>r00213374.txt</archivo>
    <hash>47616BC30C745990E1A5B4B8B7F6A1E7</hash>
  </archivos>
  <archivos>
    <archivo>r00213375.txt</archivo>
    <hash>014BD47A5E837C78468F92519A00381E</hash>
  </archivos>
  <archivos>
    <archivo>r00213402.txt</archivo>
    <hash>47D71C077477EBAB65AEB25A3C132B72</hash>
  </archivos>
  <archivos>
    <archivo>r00213403.txt</archivo>
    <hash>1BEE708FA1B0FF61AD5C30735F0B1527</hash>
  </archivos>
  <archivos>
    <archivo>r00213404.txt</archivo>
    <hash>B9014BEED45407FB2670B32D98BC31F2</hash>
  </archivos>
  <archivos>
    <archivo>r00213405.txt</archivo>
    <hash>6AC48BD9B2C49AB2613DEC518C0032A3</hash>
  </archivos>
  <archivos>
    <archivo>r00213406.txt</archivo>
    <hash>E0D14C47F69600E5F473E420E8B68793</hash>
  </archivos>
  <archivos>
    <archivo>r00213419.txt</archivo>
    <hash>1F18178818DB1CDCCAAB76D325962F45</hash>
  </archivos>
  <archivos>
    <archivo>sectoresTarifarios.xml</archivo>
    <hash>749FD43A3F3A609D961AB524F469EF8F</hash>
  </archivos>
</Version>