<?xml version="1.0" standalone="yes"?>
<Sector>
  <xs:schema id="Sector" xmlns="" xmlns:xs="http://www.w3.org/2001/XMLSchema" xmlns:msdata="urn:schemas-microsoft-com:xml-msdata">
    <xs:element name="Sector" msdata:IsDataSet="true" msdata:Locale="">
      <xs:complexType>
        <xs:choice minOccurs="0" maxOccurs="unbounded">
          <xs:element name="S" msdata:Locale="">
            <xs:complexType>
              <xs:sequence>
                <xs:element name="Calle" type="xs:string" minOccurs="0" />
                <xs:element name="Lat" type="xs:decimal" minOccurs="0" />
                <xs:element name="Lon" type="xs:decimal" minOccurs="0" />
                <xs:element name="Dis" type="xs:decimal" minOccurs="0" />
                <xs:element name="Cta" type="xs:int" minOccurs="0" />
                <xs:element name="CodSec" type="xs:int" minOccurs="0" />
              </xs:sequence>
            </xs:complexType>
          </xs:element>
        </xs:choice>
      </xs:complexType>
    </xs:element>
  </xs:schema>
  <S>
    <Calle>C.BUS</Calle>
    <Lat>33.279627</Lat>
    <Lon>62.186093</Lon>
    <Dis>16118.645</Dis>
    <Cta>1</Cta>
    <CodSec>150</CodSec>
  </S>
  <S>
    <Calle>C.LAD</Calle>
    <Lat>33.321556</Lat>
    <Lon>62.034876</Lon>
    <Dis>15961.840</Dis>
    <Cta>736</Cta>
    <CodSec>147</CodSec>
  </S>
  <S>
    <Calle>BERA1</Calle>
    <Lat>33.342977</Lat>
    <Lon>61.872812</Lon>
    <Dis>4046.683</Dis>
    <Cta>1378</Cta>
    <CodSec>145</CodSec>
  </S>
  <S>
    <Calle>GODEK</Calle>
    <Lat>33.344712</Lat>
    <Lon>61.830085</Lon>
    <Dis>10500.426</Dis>
    <Cta>1601</Cta>
    <CodSec>146</CodSec>
  </S>
  <S>
    <Calle>QUIR1</Calle>
    <Lat>33.375790</Lat>
    <Lon>61.724307</Lon>
    <Dis>11182.951</Dis>
    <Cta>2028</Cta>
    <CodSec>144</CodSec>
  </S>
  <S>
    <Calle>CUCL1</Calle>
    <Lat>33.409168</Lat>
    <Lon>61.614148</Lon>
    <Dis>12517.080</Dis>
    <Cta>2533</Cta>
    <CodSec>143</CodSec>
  </S>
  <S>
    <Calle>FIRM1</Calle>
    <Lat>33.456514</Lat>
    <Lon>61.503483</Lon>
    <Dis>2223.677</Dis>
    <Cta>3099</Cta>
    <CodSec>125</CodSec>
  </S>
  <S>
    <Calle>FIRMA</Calle>
    <Lat>33.455161</Lat>
    <Lon>61.485411</Lon>
    <Dis>2524.614</Dis>
    <Cta>3216</Cta>
    <CodSec>125</CodSec>
  </S>
  <S>
    <Calle>FIRM2</Calle>
    <Lat>33.436312</Lat>
    <Lon>61.483498</Lon>
    <Dis>9877.100</Dis>
    <Cta>3352</Cta>
    <CodSec>125</CodSec>
  </S>
  <S>
    <Calle>VILL1</Calle>
    <Lat>33.355240</Lat>
    <Lon>61.449094</Lon>
    <Dis>13194.359</Dis>
    <Cta>3751</Cta>
    <CodSec>124</CodSec>
  </S>
  <S>
    <Calle>CHAB1</Calle>
    <Lat>33.257281</Lat>
    <Lon>61.369837</Lon>
    <Dis>14480.961</Dis>
    <Cta>4323</Cta>
    <CodSec>123</CodSec>
  </S>
  <S>
    <Calle>SANF1</Calle>
    <Lat>33.149994</Lat>
    <Lon>61.283232</Lon>
    <Dis>12982.166</Dis>
    <Cta>5038</Cta>
    <CodSec>122</CodSec>
  </S>
  <S>
    <Calle>CASI1</Calle>
    <Lat>33.069739</Lat>
    <Lon>61.187507</Lon>
    <Dis>4792.487</Dis>
    <Cta>5633</Cta>
    <CodSec>121</CodSec>
  </S>
  <S>
    <Calle>CASIL</Calle>
    <Lat>33.042987</Lat>
    <Lon>61.166098</Lon>
    <Dis>3515.044</Dis>
    <Cta>5866</Cta>
    <CodSec>121</CodSec>
  </S>
  <S>
    <Calle>CASI2</Calle>
    <Lat>33.043002</Lat>
    <Lon>61.139097</Lon>
    <Dis>8921.385</Dis>
    <Cta>6047</Cta>
    <CodSec>121</CodSec>
  </S>
  <S>
    <Calle>PUJA1</Calle>
    <Lat>33.016586</Lat>
    <Lon>61.053003</Lon>
    <Dis>14438.462</Dis>
    <Cta>6407</Cta>
    <CodSec>120</CodSec>
  </S>
  <S>
    <Calle>ZAVA1</Calle>
    <Lat>33.018431</Lat>
    <Lon>60.898441</Lon>
    <Dis>9367.239</Dis>
    <Cta>7035</Cta>
    <CodSec>86</CodSec>
  </S>
  <S>
    <Calle>CURVA</Calle>
    <Lat>33.010259</Lat>
    <Lon>60.799514</Lon>
    <Dis>3758.471</Dis>
    <Cta>7455</Cta>
    <CodSec>85</CodSec>
  </S>
  <S>
    <Calle>YPF</Calle>
    <Lat>32.995559</Lat>
    <Lon>60.765228</Lon>
    <Dis>3227.423</Dis>
    <Cta>7655</Cta>
    <CodSec>85</CodSec>
  </S>
  <S>
    <Calle>ESSO.</Calle>
    <Lat>32.980437</Lat>
    <Lon>60.736168</Lon>
    <Dis>8589.925</Dis>
    <Cta>7857</Cta>
    <CodSec>13</CodSec>
  </S>
  <S>
    <Calle>ROSAR</Calle>
    <Lat>32.939574</Lat>
    <Lon>60.672498</Lon>
    <Dis>0</Dis>
    <Cta>8336</Cta>
    <CodSec>13</CodSec>
  </S>
</Sector>