<?xml version="1.0" standalone="yes"?>
<Sector>
  <xs:schema id="Sector" xmlns="" xmlns:xs="http://www.w3.org/2001/XMLSchema" xmlns:msdata="urn:schemas-microsoft-com:xml-msdata">
    <xs:element name="Sector" msdata:IsDataSet="true" msdata:Locale="">
      <xs:complexType>
        <xs:choice minOccurs="0" maxOccurs="unbounded">
          <xs:element name="S" msdata:Locale="">
            <xs:complexType>
              <xs:sequence>
                <xs:element name="Calle" type="xs:string" minOccurs="0" />
                <xs:element name="Lat" type="xs:decimal" minOccurs="0" />
                <xs:element name="Lon" type="xs:decimal" minOccurs="0" />
                <xs:element name="Dis" type="xs:decimal" minOccurs="0" />
                <xs:element name="Cta" type="xs:int" minOccurs="0" />
                <xs:element name="CodSec" type="xs:int" minOccurs="0" />
              </xs:sequence>
            </xs:complexType>
          </xs:element>
        </xs:choice>
      </xs:complexType>
    </xs:element>
  </xs:schema>
  <S>
    <Calle>ROSAR</Calle>
    <Lat>32.939444</Lat>
    <Lon>60.673388</Lon>
    <Dis>8673.837</Dis>
    <Cta>1</Cta>
    <CodSec>13</CodSec>
  </S>
  <S>
    <Calle>ArLUD</Calle>
    <Lat>32.925286</Lat>
    <Lon>60.763234</Lon>
    <Dis>9885.099</Dis>
    <Cta>482</Cta>
    <CodSec>30</CodSec>
  </S>
  <S>
    <Calle>S.SEB</Calle>
    <Lat>32.912836</Lat>
    <Lon>60.867792</Lon>
    <Dis>14060.358</Dis>
    <Cta>1001</Cta>
    <CodSec>32</CodSec>
  </S>
  <S>
    <Calle>SJER2</Calle>
    <Lat>32.886560</Lat>
    <Lon>61.014938</Lon>
    <Dis>10359.706</Dis>
    <Cta>1618</Cta>
    <CodSec>201</CodSec>
  </S>
  <S>
    <Calle>RUT26</Calle>
    <Lat>32.867258</Lat>
    <Lon>61.123266</Lon>
    <Dis>11077.681</Dis>
    <Cta>2055</Cta>
    <CodSec>202</CodSec>
  </S>
  <S>
    <Calle>CORR2</Calle>
    <Lat>32.853788</Lat>
    <Lon>61.240401</Lon>
    <Dis>13490.345</Dis>
    <Cta>2610</Cta>
    <CodSec>203</CodSec>
  </S>
  <S>
    <Calle>C.GO2</Calle>
    <Lat>32.814923</Lat>
    <Lon>61.366886</Lon>
    <Dis>3071.016</Dis>
    <Cta>3279</Cta>
    <CodSec>204</CodSec>
  </S>
  <S>
    <Calle>C.GOM</Calle>
    <Lat>32.812559</Lat>
    <Lon>61.396762</Lon>
    <Dis>2933.597</Dis>
    <Cta>3429</Cta>
    <CodSec>204</CodSec>
  </S>
  <S>
    <Calle>C.GO1</Calle>
    <Lat>32.805634</Lat>
    <Lon>61.421353</Lon>
    <Dis>10640.340</Dis>
    <Cta>3575</Cta>
    <CodSec>204</CodSec>
  </S>
  <S>
    <Calle>RU178</Calle>
    <Lat>32.786499</Lat>
    <Lon>61.532752</Lon>
    <Dis>10670.079</Dis>
    <Cta>4030</Cta>
    <CodSec>205</CodSec>
  </S>
  <S>
    <Calle>PARE2</Calle>
    <Lat>32.701020</Lat>
    <Lon>61.526105</Lon>
    <Dis>11723.845</Dis>
    <Cta>4455</Cta>
    <CodSec>206</CodSec>
  </S>
  <S>
    <Calle>RUT28</Calle>
    <Lat>32.609376</Lat>
    <Lon>61.546730</Lon>
    <Dis>22075.740</Dis>
    <Cta>5027</Cta>
    <CodSec>207</CodSec>
  </S>
  <S>
    <Calle>M.OCA</Calle>
    <Lat>32.569658</Lat>
    <Lon>61.770156</Lon>
    <Dis>0</Dis>
    <Cta>5984</Cta>
    <CodSec>219</CodSec>
  </S>
</Sector>