<?xml version="1.0" standalone="yes"?>
<Sector>
  <xs:schema id="Sector" xmlns="" xmlns:xs="http://www.w3.org/2001/XMLSchema" xmlns:msdata="urn:schemas-microsoft-com:xml-msdata">
    <xs:element name="Sector" msdata:IsDataSet="true" msdata:Locale="">
      <xs:complexType>
        <xs:choice minOccurs="0" maxOccurs="unbounded">
          <xs:element name="S" msdata:Locale="">
            <xs:complexType>
              <xs:sequence>
                <xs:element name="Calle" type="xs:string" minOccurs="0" />
                <xs:element name="Lat" type="xs:decimal" minOccurs="0" />
                <xs:element name="Lon" type="xs:decimal" minOccurs="0" />
                <xs:element name="Dis" type="xs:decimal" minOccurs="0" />
                <xs:element name="Cta" type="xs:int" minOccurs="0" />
                <xs:element name="CodSec" type="xs:int" minOccurs="0" />
              </xs:sequence>
            </xs:complexType>
          </xs:element>
        </xs:choice>
      </xs:complexType>
    </xs:element>
  </xs:schema>
  <S>
    <Calle>ROSAR</Calle>
    <Lat>32.939607</Lat>
    <Lon>60.672462</Lon>
    <Dis>8542.810</Dis>
    <Cta>1</Cta>
    <CodSec>13</CodSec>
  </S>
  <S>
    <Calle>ESSO.</Calle>
    <Lat>32.980319</Lat>
    <Lon>60.736248</Lon>
    <Dis>3129.506</Dis>
    <Cta>427</Cta>
    <CodSec>85</CodSec>
  </S>
  <S>
    <Calle>YPF</Calle>
    <Lat>32.995080</Lat>
    <Lon>60.764608</Lon>
    <Dis>3847.035</Dis>
    <Cta>615</Cta>
    <CodSec>85</CodSec>
  </S>
  <S>
    <Calle>CURVA</Calle>
    <Lat>33.010160</Lat>
    <Lon>60.799567</Lon>
    <Dis>5881.921</Dis>
    <Cta>824</Cta>
    <CodSec>86</CodSec>
  </S>
  <S>
    <Calle>ZAVA2</Calle>
    <Lat>33.018853</Lat>
    <Lon>60.861224</Lon>
    <Dis>15759.707</Dis>
    <Cta>1075</Cta>
    <CodSec>86</CodSec>
  </S>
  <S>
    <Calle>PUJA2</Calle>
    <Lat>33.016890</Lat>
    <Lon>61.029957</Lon>
    <Dis>11424.484</Dis>
    <Cta>1726</Cta>
    <CodSec>120</CodSec>
  </S>
  <S>
    <Calle>CASI2</Calle>
    <Lat>33.042953</Lat>
    <Lon>61.139018</Lon>
    <Dis>3496.241</Dis>
    <Cta>2235</Cta>
    <CodSec>121</CodSec>
  </S>
  <S>
    <Calle>CASIL</Calle>
    <Lat>33.042893</Lat>
    <Lon>61.165864</Lon>
    <Dis>3729.104</Dis>
    <Cta>2418</Cta>
    <CodSec>121</CodSec>
  </S>
  <S>
    <Calle>CAS.E</Calle>
    <Lat>33.060319</Lat>
    <Lon>61.194650</Lon>
    <Dis>12234.766</Dis>
    <Cta>2611</Cta>
    <CodSec>121</CodSec>
  </S>
  <S>
    <Calle>MOLI2</Calle>
    <Lat>33.099152</Lat>
    <Lon>61.316812</Lon>
    <Dis>13438.078</Dis>
    <Cta>3112</Cta>
    <CodSec>138</CodSec>
  </S>
  <S>
    <Calle>AREQ2</Calle>
    <Lat>33.138432</Lat>
    <Lon>61.453095</Lon>
    <Dis>13500.552</Dis>
    <Cta>3728</Cta>
    <CodSec>139</CodSec>
  </S>
  <S>
    <Calle>NOGA2</Calle>
    <Lat>33.140400</Lat>
    <Lon>61.595892</Lon>
    <Dis>10108.522</Dis>
    <Cta>4321</Cta>
    <CodSec>140</CodSec>
  </S>
  <S>
    <Calle>S.JE2</Calle>
    <Lat>33.109872</Lat>
    <Lon>61.690233</Lon>
    <Dis>9292.996</Dis>
    <Cta>4813</Cta>
    <CodSec>141</CodSec>
  </S>
  <S>
    <Calle>ARTE2</Calle>
    <Lat>33.092008</Lat>
    <Lon>61.783018</Lon>
    <Dis>9003.058</Dis>
    <Cta>5230</Cta>
    <CodSec>142</CodSec>
  </S>
  <S>
    <Calle>CRUZ2</Calle>
    <Lat>33.020755</Lat>
    <Lon>61.801901</Lon>
    <Dis>21595.731</Dis>
    <Cta>5718</Cta>
    <CodSec>149</CodSec>
  </S>
  <S>
    <Calle>SURG2</Calle>
    <Lat>32.987455</Lat>
    <Lon>61.999640</Lon>
    <Dis>21649.193</Dis>
    <Cta>6700</Cta>
    <CodSec>151</CodSec>
  </S>
  <S>
    <Calle>C.AL2</Calle>
    <Lat>33.114222</Lat>
    <Lon>62.091465</Lon>
    <Dis>24671.132</Dis>
    <Cta>7736</Cta>
    <CodSec>152</CodSec>
  </S>
  <S>
    <Calle>C.BUS</Calle>
    <Lat>33.279621</Lat>
    <Lon>62.186025</Lon>
    <Dis>0</Dis>
    <Cta>8863</Cta>
    <CodSec>150</CodSec>
  </S>
</Sector>