<?xml version="1.0" standalone="yes"?>
<Sector>
  <xs:schema id="Sector" xmlns="" xmlns:xs="http://www.w3.org/2001/XMLSchema" xmlns:msdata="urn:schemas-microsoft-com:xml-msdata">
    <xs:element name="Sector" msdata:IsDataSet="true" msdata:Locale="">
      <xs:complexType>
        <xs:choice minOccurs="0" maxOccurs="unbounded">
          <xs:element name="S" msdata:Locale="">
            <xs:complexType>
              <xs:sequence>
                <xs:element name="Calle" type="xs:string" minOccurs="0" />
                <xs:element name="Lat" type="xs:decimal" minOccurs="0" />
                <xs:element name="Lon" type="xs:decimal" minOccurs="0" />
                <xs:element name="Dis" type="xs:decimal" minOccurs="0" />
                <xs:element name="Cta" type="xs:int" minOccurs="0" />
                <xs:element name="CodSec" type="xs:int" minOccurs="0" />
              </xs:sequence>
            </xs:complexType>
          </xs:element>
        </xs:choice>
      </xs:complexType>
    </xs:element>
  </xs:schema>
  <S>
    <Calle>PARAN</Calle>
    <Lat>32.863034</Lat>
    <Lon>61.144978</Lon>
    <Dis>2392.219</Dis>
    <Cta>1</Cta>
    <CodSec>202</CodSec>
  </S>
  <S>
    <Calle>RUTA9</Calle>
    <Lat>32.860437</Lat>
    <Lon>61.161443</Lon>
    <Dis>3518.968</Dis>
    <Cta>132</Cta>
    <CodSec>202</CodSec>
  </S>
  <S>
    <Calle>RUT26</Calle>
    <Lat>32.867095</Lat>
    <Lon>61.124827</Lon>
    <Dis>12406.603</Dis>
    <Cta>331</Cta>
    <CodSec>202</CodSec>
  </S>
  <S>
    <Calle>PAR11</Calle>
    <Lat>32.958603</Lat>
    <Lon>61.163870</Lon>
    <Dis>11122.688</Dis>
    <Cta>904</Cta>
    <CodSec>119</CodSec>
  </S>
  <S>
    <Calle>ESPA?</Calle>
    <Lat>33.034454</Lat>
    <Lon>61.145806</Lon>
    <Dis>2317.159</Dis>
    <Cta>1339</Cta>
    <CodSec>121</CodSec>
  </S>
  <S>
    <Calle>CASIL</Calle>
    <Lat>33.042880</Lat>
    <Lon>61.165815</Lon>
    <Dis>1393.025</Dis>
    <Cta>1458</Cta>
    <CodSec>121</CodSec>
  </S>
  <S>
    <Calle>RUT33</Calle>
    <Lat>33.053176</Lat>
    <Lon>61.157654</Lon>
    <Dis>1026.661</Dis>
    <Cta>1535</Cta>
    <CodSec>121</CodSec>
  </S>
  <S>
    <Calle>9JULI</Calle>
    <Lat>33.048311</Lat>
    <Lon>61.148486</Lon>
    <Dis>4270.478</Dis>
    <Cta>1595</Cta>
    <CodSec>121</CodSec>
  </S>
  <S>
    <Calle>RU26P</Calle>
    <Lat>33.027462</Lat>
    <Lon>61.110224</Lon>
    <Dis>1273.472</Dis>
    <Cta>1782</Cta>
    <CodSec>121</CodSec>
  </S>
  <S>
    <Calle>PEA.E</Calle>
    <Lat>33.021266</Lat>
    <Lon>61.098886</Lon>
    <Dis>574.471</Dis>
    <Cta>1835</Cta>
    <CodSec>120</CodSec>
  </S>
  <S>
    <Calle>PEA.S</Calle>
    <Lat>33.018520</Lat>
    <Lon>61.093787</Lon>
    <Dis>3893.952</Dis>
    <Cta>1861</Cta>
    <CodSec>120</CodSec>
  </S>
  <S>
    <Calle>PUJ.E</Calle>
    <Lat>33.016639</Lat>
    <Lon>61.053090</Lon>
    <Dis>2283.815</Dis>
    <Cta>2013</Cta>
    <CodSec>120</CodSec>
  </S>
  <S>
    <Calle>PUJ.S</Calle>
    <Lat>33.016948</Lat>
    <Lon>61.028954</Lon>
    <Dis>11379.669</Dis>
    <Cta>2158</Cta>
    <CodSec>120</CodSec>
  </S>
  <S>
    <Calle>A012.</Calle>
    <Lat>33.018456</Lat>
    <Lon>60.907141</Lon>
    <Dis>2612.992</Dis>
    <Cta>2598</Cta>
    <CodSec>86</CodSec>
  </S>
  <S>
    <Calle>VRINO</Calle>
    <Lat>33.019048</Lat>
    <Lon>60.879315</Lon>
    <Dis>1712.395</Dis>
    <Cta>2730</Cta>
    <CodSec>86</CodSec>
  </S>
  <S>
    <Calle>ZAVA2</Calle>
    <Lat>33.018897</Lat>
    <Lon>60.861162</Lon>
    <Dis>5881.920</Dis>
    <Cta>2824</Cta>
    <CodSec>86</CodSec>
  </S>
  <S>
    <Calle>CURVA</Calle>
    <Lat>33.010293</Lat>
    <Lon>60.799519</Lon>
    <Dis>1311.303</Dis>
    <Cta>3075</Cta>
    <CodSec>85</CodSec>
  </S>
  <S>
    <Calle>AVELL</Calle>
    <Lat>33.005716</Lat>
    <Lon>60.786812</Lon>
    <Dis>2547.163</Dis>
    <Cta>3142</Cta>
    <CodSec>85</CodSec>
  </S>
  <S>
    <Calle>YPF</Calle>
    <Lat>32.995119</Lat>
    <Lon>60.764545</Lon>
    <Dis>2957.213</Dis>
    <Cta>3291</Cta>
    <CodSec>85</CodSec>
  </S>
  <S>
    <Calle>ESSO.</Calle>
    <Lat>32.981304</Lat>
    <Lon>60.738039</Lon>
    <Dis>2869.556</Dis>
    <Cta>3476</Cta>
    <CodSec>13</CodSec>
  </S>
  <S>
    <Calle>PUNID</Calle>
    <Lat>32.968183</Lat>
    <Lon>60.711634</Lon>
    <Dis>2062.980</Dis>
    <Cta>3633</Cta>
    <CodSec>13</CodSec>
  </S>
  <S>
    <Calle>FMORE</Calle>
    <Lat>32.958720</Lat>
    <Lon>60.692777</Lon>
    <Dis>1711.150</Dis>
    <Cta>3742</Cta>
    <CodSec>13</CodSec>
  </S>
  <S>
    <Calle>PELLE</Calle>
    <Lat>32.950147</Lat>
    <Lon>60.681843</Lon>
    <Dis>1240.524</Dis>
    <Cta>3840</Cta>
    <CodSec>13</CodSec>
  </S>
  <S>
    <Calle>CORDO</Calle>
    <Lat>32.939279</Lat>
    <Lon>60.679100</Lon>
    <Dis>924.989</Dis>
    <Cta>3908</Cta>
    <CodSec>13</CodSec>
  </S>
  <S>
    <Calle>ROSAR</Calle>
    <Lat>32.939649</Lat>
    <Lon>60.672439</Lon>
    <Dis>0</Dis>
    <Cta>3990</Cta>
    <CodSec>81</CodSec>
  </S>
</Sector>