<?xml version="1.0" standalone="yes"?>
<Sector>
  <xs:schema id="Sector" xmlns="" xmlns:xs="http://www.w3.org/2001/XMLSchema" xmlns:msdata="urn:schemas-microsoft-com:xml-msdata">
    <xs:element name="Sector" msdata:IsDataSet="true" msdata:Locale="">
      <xs:complexType>
        <xs:choice minOccurs="0" maxOccurs="unbounded">
          <xs:element name="S" msdata:Locale="">
            <xs:complexType>
              <xs:sequence>
                <xs:element name="Calle" type="xs:string" minOccurs="0" />
                <xs:element name="Lat" type="xs:decimal" minOccurs="0" />
                <xs:element name="Lon" type="xs:decimal" minOccurs="0" />
                <xs:element name="Dis" type="xs:decimal" minOccurs="0" />
                <xs:element name="Cta" type="xs:int" minOccurs="0" />
                <xs:element name="CodSec" type="xs:int" minOccurs="0" />
              </xs:sequence>
            </xs:complexType>
          </xs:element>
        </xs:choice>
      </xs:complexType>
    </xs:element>
  </xs:schema>
  <S>
    <Calle>CASIL</Calle>
    <Lat>33.042870</Lat>
    <Lon>61.165733</Lon>
    <Dis>1378.728</Dis>
    <Cta>1</Cta>
    <CodSec>121</CodSec>
  </S>
  <S>
    <Calle>RUT33</Calle>
    <Lat>33.053176</Lat>
    <Lon>61.157654</Lon>
    <Dis>1026.982</Dis>
    <Cta>74</Cta>
    <CodSec>121</CodSec>
  </S>
  <S>
    <Calle>9JULI</Calle>
    <Lat>33.048311</Lat>
    <Lon>61.148486</Lon>
    <Dis>4270.478</Dis>
    <Cta>134</Cta>
    <CodSec>121</CodSec>
  </S>
  <S>
    <Calle>RU26P</Calle>
    <Lat>33.027462</Lat>
    <Lon>61.110224</Lon>
    <Dis>1273.472</Dis>
    <Cta>321</Cta>
    <CodSec>121</CodSec>
  </S>
  <S>
    <Calle>PEA.E</Calle>
    <Lat>33.021266</Lat>
    <Lon>61.098886</Lon>
    <Dis>532.002</Dis>
    <Cta>374</Cta>
    <CodSec>120</CodSec>
  </S>
  <S>
    <Calle>PEA.S</Calle>
    <Lat>33.018682</Lat>
    <Lon>61.094195</Lon>
    <Dis>3922.863</Dis>
    <Cta>398</Cta>
    <CodSec>120</CodSec>
  </S>
  <S>
    <Calle>PUJ.E</Calle>
    <Lat>33.016621</Lat>
    <Lon>61.053111</Lon>
    <Dis>2282.255</Dis>
    <Cta>552</Cta>
    <CodSec>120</CodSec>
  </S>
  <S>
    <Calle>PUJ.S</Calle>
    <Lat>33.016948</Lat>
    <Lon>61.028954</Lon>
    <Dis>11379.669</Dis>
    <Cta>695</Cta>
    <CodSec>120</CodSec>
  </S>
  <S>
    <Calle>A012.</Calle>
    <Lat>33.018456</Lat>
    <Lon>60.907141</Lon>
    <Dis>2610.543</Dis>
    <Cta>1135</Cta>
    <CodSec>86</CodSec>
  </S>
  <S>
    <Calle>VRINO</Calle>
    <Lat>33.019048</Lat>
    <Lon>60.879315</Lon>
    <Dis>1710.374</Dis>
    <Cta>1267</Cta>
    <CodSec>86</CodSec>
  </S>
  <S>
    <Calle>ZAVA2</Calle>
    <Lat>33.018897</Lat>
    <Lon>60.861162</Lon>
    <Dis>5882.666</Dis>
    <Cta>1363</Cta>
    <CodSec>86</CodSec>
  </S>
  <S>
    <Calle>CURVA</Calle>
    <Lat>33.010293</Lat>
    <Lon>60.799519</Lon>
    <Dis>1311.303</Dis>
    <Cta>1614</Cta>
    <CodSec>85</CodSec>
  </S>
  <S>
    <Calle>AVELL</Calle>
    <Lat>33.005716</Lat>
    <Lon>60.786812</Lon>
    <Dis>2544.955</Dis>
    <Cta>1681</Cta>
    <CodSec>85</CodSec>
  </S>
  <S>
    <Calle>YPF</Calle>
    <Lat>32.995119</Lat>
    <Lon>60.764545</Lon>
    <Dis>2960.145</Dis>
    <Cta>1833</Cta>
    <CodSec>85</CodSec>
  </S>
  <S>
    <Calle>ESSO.</Calle>
    <Lat>32.981277</Lat>
    <Lon>60.738006</Lon>
    <Dis>2867.702</Dis>
    <Cta>2017</Cta>
    <CodSec>13</CodSec>
  </S>
  <S>
    <Calle>PUNID</Calle>
    <Lat>32.968165</Lat>
    <Lon>60.711655</Lon>
    <Dis>2059.621</Dis>
    <Cta>2174</Cta>
    <CodSec>13</CodSec>
  </S>
  <S>
    <Calle>FMORE</Calle>
    <Lat>32.958720</Lat>
    <Lon>60.692777</Lon>
    <Dis>1711.538</Dis>
    <Cta>2283</Cta>
    <CodSec>13</CodSec>
  </S>
  <S>
    <Calle>PELLE</Calle>
    <Lat>32.950147</Lat>
    <Lon>60.681843</Lon>
    <Dis>1241.356</Dis>
    <Cta>2381</Cta>
    <CodSec>13</CodSec>
  </S>
  <S>
    <Calle>CORDO</Calle>
    <Lat>32.939279</Lat>
    <Lon>60.679100</Lon>
    <Dis>950.587</Dis>
    <Cta>2449</Cta>
    <CodSec>13</CodSec>
  </S>
  <S>
    <Calle>ROSAR</Calle>
    <Lat>32.939541</Lat>
    <Lon>60.672696</Lon>
    <Dis>0</Dis>
    <Cta>2532</Cta>
    <CodSec>81</CodSec>
  </S>
</Sector>