<?xml version="1.0" standalone="yes"?>
<Sector>
  <xs:schema id="Sector" xmlns="" xmlns:xs="http://www.w3.org/2001/XMLSchema" xmlns:msdata="urn:schemas-microsoft-com:xml-msdata">
    <xs:element name="Sector" msdata:IsDataSet="true" msdata:Locale="">
      <xs:complexType>
        <xs:choice minOccurs="0" maxOccurs="unbounded">
          <xs:element name="S" msdata:Locale="">
            <xs:complexType>
              <xs:sequence>
                <xs:element name="Calle" type="xs:string" minOccurs="0" />
                <xs:element name="Lat" type="xs:decimal" minOccurs="0" />
                <xs:element name="Lon" type="xs:decimal" minOccurs="0" />
                <xs:element name="Dis" type="xs:decimal" minOccurs="0" />
                <xs:element name="Cta" type="xs:int" minOccurs="0" />
                <xs:element name="CodSec" type="xs:int" minOccurs="0" />
              </xs:sequence>
            </xs:complexType>
          </xs:element>
        </xs:choice>
      </xs:complexType>
    </xs:element>
  </xs:schema>
  <S>
    <Calle>ROSAR</Calle>
    <Lat>32.939435</Lat>
    <Lon>60.673502</Lon>
    <Dis>5776.622</Dis>
    <Cta>1</Cta>
    <CodSec>13</CodSec>
  </S>
  <S>
    <Calle>CIRCU</Calle>
    <Lat>32.948801</Lat>
    <Lon>60.722002</Lon>
    <Dis>40606.304</Dis>
    <Cta>312</Cta>
    <CodSec>32</CodSec>
  </S>
  <S>
    <Calle>RUTA9</Calle>
    <Lat>32.868092</Lat>
    <Lon>61.123525</Lon>
    <Dis>11165.969</Dis>
    <Cta>2216</Cta>
    <CodSec>202</CodSec>
  </S>
  <S>
    <Calle>CORR2</Calle>
    <Lat>32.853790</Lat>
    <Lon>61.240372</Lon>
    <Dis>13490.314</Dis>
    <Cta>2779</Cta>
    <CodSec>203</CodSec>
  </S>
  <S>
    <Calle>C.GO2</Calle>
    <Lat>32.814929</Lat>
    <Lon>61.366854</Lon>
    <Dis>3037.241</Dis>
    <Cta>3459</Cta>
    <CodSec>204</CodSec>
  </S>
  <S>
    <Calle>C.GOM</Calle>
    <Lat>32.812090</Lat>
    <Lon>61.396675</Lon>
    <Dis>2846.240</Dis>
    <Cta>3610</Cta>
    <CodSec>204</CodSec>
  </S>
  <S>
    <Calle>C.GO1</Calle>
    <Lat>32.805635</Lat>
    <Lon>61.421349</Lon>
    <Dis>10640.439</Dis>
    <Cta>3754</Cta>
    <CodSec>204</CodSec>
  </S>
  <S>
    <Calle>RU178</Calle>
    <Lat>32.786498</Lat>
    <Lon>61.532761</Lon>
    <Dis>10667.410</Dis>
    <Cta>4211</Cta>
    <CodSec>205</CodSec>
  </S>
  <S>
    <Calle>PARE2</Calle>
    <Lat>32.701026</Lat>
    <Lon>61.526106</Lon>
    <Dis>18602.844</Dis>
    <Cta>4652</Cta>
    <CodSec>206</CodSec>
  </S>
  <S>
    <Calle>CALI2</Calle>
    <Lat>32.547978</Lat>
    <Lon>61.550722</Lon>
    <Dis>9655.696</Dis>
    <Cta>5545</Cta>
    <CodSec>207</CodSec>
  </S>
  <S>
    <Calle>LROSA</Calle>
    <Lat>32.475775</Lat>
    <Lon>61.578546</Lon>
    <Dis>0</Dis>
    <Cta>6049</Cta>
    <CodSec>208</CodSec>
  </S>
</Sector>