<?xml version="1.0" standalone="yes"?>
<Sector>
  <xs:schema id="Sector" xmlns="" xmlns:xs="http://www.w3.org/2001/XMLSchema" xmlns:msdata="urn:schemas-microsoft-com:xml-msdata">
    <xs:element name="Sector" msdata:IsDataSet="true" msdata:Locale="">
      <xs:complexType>
        <xs:choice minOccurs="0" maxOccurs="unbounded">
          <xs:element name="S" msdata:Locale="">
            <xs:complexType>
              <xs:sequence>
                <xs:element name="Calle" type="xs:string" minOccurs="0" />
                <xs:element name="Lat" type="xs:decimal" minOccurs="0" />
                <xs:element name="Lon" type="xs:decimal" minOccurs="0" />
                <xs:element name="Dis" type="xs:decimal" minOccurs="0" />
                <xs:element name="Cta" type="xs:int" minOccurs="0" />
                <xs:element name="CodSec" type="xs:int" minOccurs="0" />
              </xs:sequence>
            </xs:complexType>
          </xs:element>
        </xs:choice>
      </xs:complexType>
    </xs:element>
  </xs:schema>
  <S>
    <Calle>ROSAR</Calle>
    <Lat>32.939538</Lat>
    <Lon>60.672694</Lon>
    <Dis>837.195</Dis>
    <Cta>1</Cta>
    <CodSec>13</CodSec>
  </S>
  <S>
    <Calle>CORDO</Calle>
    <Lat>32.938959</Lat>
    <Lon>60.679145</Lon>
    <Dis>1235.991</Dis>
    <Cta>45</Cta>
    <CodSec>13</CodSec>
  </S>
  <S>
    <Calle>PELLE</Calle>
    <Lat>32.949778</Lat>
    <Lon>60.681892</Lon>
    <Dis>1735.747</Dis>
    <Cta>109</Cta>
    <CodSec>13</CodSec>
  </S>
  <S>
    <Calle>FMORE</Calle>
    <Lat>32.958657</Lat>
    <Lon>60.692819</Lon>
    <Dis>2026.290</Dis>
    <Cta>207</Cta>
    <CodSec>13</CodSec>
  </S>
  <S>
    <Calle>PUNID</Calle>
    <Lat>32.967926</Lat>
    <Lon>60.711340</Lon>
    <Dis>2830.187</Dis>
    <Cta>310</Cta>
    <CodSec>81</CodSec>
  </S>
  <S>
    <Calle>ESSO.</Calle>
    <Lat>32.980889</Lat>
    <Lon>60.737221</Lon>
    <Dis>3019.457</Dis>
    <Cta>456</Cta>
    <CodSec>85</CodSec>
  </S>
  <S>
    <Calle>YPF</Calle>
    <Lat>32.995074</Lat>
    <Lon>60.764614</Lon>
    <Dis>2531.997</Dis>
    <Cta>637</Cta>
    <CodSec>85</CodSec>
  </S>
  <S>
    <Calle>AVELL</Calle>
    <Lat>33.005604</Lat>
    <Lon>60.786729</Lon>
    <Dis>1296.766</Dis>
    <Cta>787</Cta>
    <CodSec>85</CodSec>
  </S>
  <S>
    <Calle>CURVA</Calle>
    <Lat>33.009942</Lat>
    <Lon>60.799421</Lon>
    <Dis>5909.377</Dis>
    <Cta>851</Cta>
    <CodSec>86</CodSec>
  </S>
  <S>
    <Calle>ZAVA2</Calle>
    <Lat>33.018872</Lat>
    <Lon>60.861152</Lon>
    <Dis>1688.950</Dis>
    <Cta>1108</Cta>
    <CodSec>86</CodSec>
  </S>
  <S>
    <Calle>VRINO</Calle>
    <Lat>33.019021</Lat>
    <Lon>60.879124</Lon>
    <Dis>2225.835</Dis>
    <Cta>1200</Cta>
    <CodSec>86</CodSec>
  </S>
  <S>
    <Calle>A012.</Calle>
    <Lat>33.018403</Lat>
    <Lon>60.902857</Lon>
    <Dis>11693.497</Dis>
    <Cta>1308</Cta>
    <CodSec>120</CodSec>
  </S>
  <S>
    <Calle>PUJ.S</Calle>
    <Lat>33.016923</Lat>
    <Lon>61.028145</Lon>
    <Dis>2250.302</Dis>
    <Cta>1768</Cta>
    <CodSec>120</CodSec>
  </S>
  <S>
    <Calle>PUJ.E</Calle>
    <Lat>33.016603</Lat>
    <Lon>61.052033</Lon>
    <Dis>3957.218</Dis>
    <Cta>1909</Cta>
    <CodSec>120</CodSec>
  </S>
  <S>
    <Calle>PEA.S</Calle>
    <Lat>33.018360</Lat>
    <Lon>61.093657</Lon>
    <Dis>442.962</Dis>
    <Cta>2065</Cta>
    <CodSec>120</CodSec>
  </S>
  <S>
    <Calle>PEA.E</Calle>
    <Lat>33.020524</Lat>
    <Lon>61.097610</Lon>
    <Dis>1404.251</Dis>
    <Cta>2086</Cta>
    <CodSec>121</CodSec>
  </S>
  <S>
    <Calle>RU26P</Calle>
    <Lat>33.027417</Lat>
    <Lon>61.110205</Lon>
    <Dis>4213.081</Dis>
    <Cta>2144</Cta>
    <CodSec>121</CodSec>
  </S>
  <S>
    <Calle>9JULI</Calle>
    <Lat>33.047955</Lat>
    <Lon>61.148033</Lon>
    <Dis>1037.032</Dis>
    <Cta>2330</Cta>
    <CodSec>121</CodSec>
  </S>
  <S>
    <Calle>LAGOS</Calle>
    <Lat>33.053058</Lat>
    <Lon>61.157279</Lon>
    <Dis>1467.669</Dis>
    <Cta>2387</Cta>
    <CodSec>121</CodSec>
  </S>
  <S>
    <Calle>CASIL</Calle>
    <Lat>33.043187</Lat>
    <Lon>61.165927</Lon>
    <Dis>0</Dis>
    <Cta>2467</Cta>
    <CodSec>121</CodSec>
  </S>
</Sector>