<?xml version="1.0" standalone="yes"?>
<Version>
  <xs:schema id="Version" xmlns="" xmlns:xs="http://www.w3.org/2001/XMLSchema" xmlns:msdata="urn:schemas-microsoft-com:xml-msdata">
    <xs:element name="Version" msdata:IsDataSet="true" msdata:UseCurrentLocale="true">
      <xs:complexType>
        <xs:choice minOccurs="0" maxOccurs="unbounded">
          <xs:element name="datosVersion">
            <xs:complexType>
              <xs:sequence>
                <xs:element name="nroVersion" type="xs:int" minOccurs="0" />
                <xs:element name="fechaActivacion" type="xs:dateTime" minOccurs="0" />
              </xs:sequence>
            </xs:complexType>
          </xs:element>
          <xs:element name="archivos">
            <xs:complexType>
              <xs:sequence>
                <xs:element name="archivo" type="xs:string" minOccurs="0" />
                <xs:element name="hash" type="xs:string" minOccurs="0" />
              </xs:sequence>
            </xs:complexType>
          </xs:element>
        </xs:choice>
      </xs:complexType>
    </xs:element>
  </xs:schema>
  <datosVersion>
    <nroVersion>19</nroVersion>
    <fechaActivacion>2019-12-24T00:00:00-03:00</fechaActivacion>
  </datosVersion>
  <archivos>
    <archivo>s01010949.xml</archivo>
    <hash>8D3CDEC2DBA5CF97B48239D534D8EF97</hash>
  </archivos>
  <archivos>
    <archivo>s01010950.xml</archivo>
    <hash>2D2E3F95AB908486DFCB0CDB58F3C1DB</hash>
  </archivos>
  <archivos>
    <archivo>s01010951.xml</archivo>
    <hash>09E66CF3EA676B6C414E22DCD5CC2A3F</hash>
  </archivos>
  <archivos>
    <archivo>s01010952.xml</archivo>
    <hash>C4B108CC4C7D62AC6F4B2BE576B5DAAD</hash>
  </archivos>
  <archivos>
    <archivo>s01010975.xml</archivo>
    <hash>0E92D2A90AD0CDA887A4F805E47C3721</hash>
  </archivos>
  <archivos>
    <archivo>s01010976.xml</archivo>
    <hash>ECD760E14A9ABDD7359FAE235C98E3F0</hash>
  </archivos>
  <archivos>
    <archivo>s01010977.xml</archivo>
    <hash>11178DD5806D77C0E6917721B1BE8EF0</hash>
  </archivos>
  <archivos>
    <archivo>s01010978.xml</archivo>
    <hash>FF8DBABEAF537D159BDEB6F30ABD4FF0</hash>
  </archivos>
  <archivos>
    <archivo>s01010979.xml</archivo>
    <hash>B3410670BA0EE0A1D7A775717AE3279C</hash>
  </archivos>
  <archivos>
    <archivo>s01010980.xml</archivo>
    <hash>4B7515C8E5FC91F9BEC5243EC8155B0B</hash>
  </archivos>
  <archivos>
    <archivo>s01010981.xml</archivo>
    <hash>10F0259FC28D47CED785A6BEF4ED0922</hash>
  </archivos>
  <archivos>
    <archivo>s01010982.xml</archivo>
    <hash>9F1AC82B51509C4E61172B56B25CA591</hash>
  </archivos>
  <archivos>
    <archivo>s01010987.xml</archivo>
    <hash>5C8366331FC34E84FC7DBA2419116AAB</hash>
  </archivos>
  <archivos>
    <archivo>s01010988.xml</archivo>
    <hash>DB67F1BEEDFBE36012457CE5B35FF04B</hash>
  </archivos>
  <archivos>
    <archivo>s01010989.xml</archivo>
    <hash>4CE203566D07A8A941F8A1BC803DB593</hash>
  </archivos>
  <archivos>
    <archivo>s01010990.xml</archivo>
    <hash>EADE95E2045D869724DF744FF0D39746</hash>
  </archivos>
  <archivos>
    <archivo>s01011001.xml</archivo>
    <hash>C2C2B0E6F8F668A1534B9137F7B1834C</hash>
  </archivos>
  <archivos>
    <archivo>s01011008.xml</archivo>
    <hash>2B27DA257E50CC773F02B16D121F7CD1</hash>
  </archivos>
  <archivos>
    <archivo>s01011009.xml</archivo>
    <hash>95B9058C51E79477D7103A5586687E38</hash>
  </archivos>
  <archivos>
    <archivo>s01011010.xml</archivo>
    <hash>2333876378C5E0B49240FC696444BEE8</hash>
  </archivos>
  <archivos>
    <archivo>s01011011.xml</archivo>
    <hash>735D9680F79384AC7B8F2C0FECD04D13</hash>
  </archivos>
  <archivos>
    <archivo>s01011012.xml</archivo>
    <hash>0ABDDEDA680423B979A9D09B93DDAE91</hash>
  </archivos>
  <archivos>
    <archivo>s01011013.xml</archivo>
    <hash>47BC4AE17EDA60CC73864C6CB96E14CD</hash>
  </archivos>
  <archivos>
    <archivo>s01011014.xml</archivo>
    <hash>7CAEC35DE6A1AA1929C87D9C78EC052B</hash>
  </archivos>
  <archivos>
    <archivo>s01011015.xml</archivo>
    <hash>9C26F54BEE2D1E15585015743A0627C4</hash>
  </archivos>
  <archivos>
    <archivo>s01011016.xml</archivo>
    <hash>2DD725F1234D1788B785D23499740BF4</hash>
  </archivos>
  <archivos>
    <archivo>s01011017.xml</archivo>
    <hash>1A032C9781BE9F8C66412D9FCF6DFEEC</hash>
  </archivos>
  <archivos>
    <archivo>s01011018.xml</archivo>
    <hash>9E52E7BEAC85BED0AEDFD508C7237998</hash>
  </archivos>
  <archivos>
    <archivo>r01010949.txt</archivo>
    <hash>ED971FDDC48D7BE6CBDE1AD61B1A034D</hash>
  </archivos>
  <archivos>
    <archivo>r01010950.txt</archivo>
    <hash>142531D66062165EDC2CA55642A300CF</hash>
  </archivos>
  <archivos>
    <archivo>r01010951.txt</archivo>
    <hash>CECFABFAE62061C97B0F362D1411399F</hash>
  </archivos>
  <archivos>
    <archivo>r01010952.txt</archivo>
    <hash>84CCF52E1A4E0A75AA12CA4AF810C3EB</hash>
  </archivos>
  <archivos>
    <archivo>r01010975.txt</archivo>
    <hash>91C1BA3C6433B9A8F6B1063954147FA0</hash>
  </archivos>
  <archivos>
    <archivo>r01010976.txt</archivo>
    <hash>D8C15B5987F8D721846F4C891E674DA0</hash>
  </archivos>
  <archivos>
    <archivo>r01010977.txt</archivo>
    <hash>562DC766547A24DEB0B60ABCB34E61E4</hash>
  </archivos>
  <archivos>
    <archivo>r01010978.txt</archivo>
    <hash>F440991B52C2BFA680FB77CF7EC2CBF8</hash>
  </archivos>
  <archivos>
    <archivo>r01010979.txt</archivo>
    <hash>CDB44F4BF644057FA33D2548B8CB92F1</hash>
  </archivos>
  <archivos>
    <archivo>r01010980.txt</archivo>
    <hash>46D628CE172D7CE0F7203DE4899963A0</hash>
  </archivos>
  <archivos>
    <archivo>r01010981.txt</archivo>
    <hash>75848B86AC6AD4018D3D40DB37D3F8FA</hash>
  </archivos>
  <archivos>
    <archivo>r01010982.txt</archivo>
    <hash>19D69B5CE6495B8ECFB9D2296DEDB8F1</hash>
  </archivos>
  <archivos>
    <archivo>r01010987.txt</archivo>
    <hash>FCB025609B83FB3772DA4636CBC81EEB</hash>
  </archivos>
  <archivos>
    <archivo>r01010988.txt</archivo>
    <hash>A70E59ED7ADDA479206BD278A4C7C71C</hash>
  </archivos>
  <archivos>
    <archivo>r01010989.txt</archivo>
    <hash>35474C3C5B972B50903F85416B98A893</hash>
  </archivos>
  <archivos>
    <archivo>r01010990.txt</archivo>
    <hash>405356611F97649E313778179892CCE0</hash>
  </archivos>
  <archivos>
    <archivo>r01011001.txt</archivo>
    <hash>4074363A807F7680E8FA7904049660AB</hash>
  </archivos>
  <archivos>
    <archivo>r01011008.txt</archivo>
    <hash>1ED38A16B261C6F1648F6AD26A1074E3</hash>
  </archivos>
  <archivos>
    <archivo>r01011009.txt</archivo>
    <hash>DC84248CF3042F4D9860238AFCD1C2C6</hash>
  </archivos>
  <archivos>
    <archivo>r01011010.txt</archivo>
    <hash>A026204129EFC139FD0E73C006C69C2B</hash>
  </archivos>
  <archivos>
    <archivo>r01011011.txt</archivo>
    <hash>7CEE2CFB9C5D51E4BD8CE22C16FA69FA</hash>
  </archivos>
  <archivos>
    <archivo>r01011012.txt</archivo>
    <hash>6B4CFCDA0C6FE7A6308BAB58C5296629</hash>
  </archivos>
  <archivos>
    <archivo>r01011013.txt</archivo>
    <hash>1FB7C95964E12FB61D8F33548471F32D</hash>
  </archivos>
  <archivos>
    <archivo>r01011014.txt</archivo>
    <hash>E6B737A3B6CD7AFE32092680A0F04945</hash>
  </archivos>
  <archivos>
    <archivo>r01011015.txt</archivo>
    <hash>6255806A40073EF9AAE5F73E79340FDA</hash>
  </archivos>
  <archivos>
    <archivo>r01011016.txt</archivo>
    <hash>D5816ED90B29282B49D0BE7F91C92F26</hash>
  </archivos>
  <archivos>
    <archivo>r01011017.txt</archivo>
    <hash>0BD2787DD0B05D48FBF720ED03A2777F</hash>
  </archivos>
  <archivos>
    <archivo>r01011018.txt</archivo>
    <hash>046ABC549ECE256FAB221459800BF7DB</hash>
  </archivos>
  <archivos>
    <archivo>sectoresTarifarios.xml</archivo>
    <hash>1C8B108AD075AFE04309EDC744289E84</hash>
  </archivos>
</Version>