<?xml version="1.0" standalone="yes"?>
<Sector>
  <xs:schema id="Sector" xmlns="" xmlns:xs="http://www.w3.org/2001/XMLSchema" xmlns:msdata="urn:schemas-microsoft-com:xml-msdata">
    <xs:element name="Sector" msdata:IsDataSet="true" msdata:Locale="">
      <xs:complexType>
        <xs:choice minOccurs="0" maxOccurs="unbounded">
          <xs:element name="S" msdata:Locale="">
            <xs:complexType>
              <xs:sequence>
                <xs:element name="Calle" type="xs:string" minOccurs="0" />
                <xs:element name="Lat" type="xs:decimal" minOccurs="0" />
                <xs:element name="Lon" type="xs:decimal" minOccurs="0" />
                <xs:element name="Dis" type="xs:decimal" minOccurs="0" />
                <xs:element name="Cta" type="xs:int" minOccurs="0" />
                <xs:element name="CodSec" type="xs:int" minOccurs="0" />
              </xs:sequence>
            </xs:complexType>
          </xs:element>
        </xs:choice>
      </xs:complexType>
    </xs:element>
  </xs:schema>
  <S>
    <Calle>202-1</Calle>
    <Lat>34.484800</Lat>
    <Lon>58.613910</Lon>
    <Dis>1917.940</Dis>
    <Cta>1</Cta>
    <CodSec>18</CodSec>
  </S>
  <S>
    <Calle>ARATA</Calle>
    <Lat>34.494184</Lat>
    <Lon>58.631552</Lon>
    <Dis>1296.930</Dis>
    <Cta>209</Cta>
    <CodSec>18</CodSec>
  </S>
  <S>
    <Calle>TORCU</Calle>
    <Lat>34.500553</Lat>
    <Lon>58.643394</Lon>
    <Dis>3230.990</Dis>
    <Cta>346</Cta>
    <CodSec>18</CodSec>
  </S>
  <S>
    <Calle>PERO4</Calle>
    <Lat>34.518180</Lat>
    <Lon>58.671219</Lon>
    <Dis>1973.540</Dis>
    <Cta>686</Cta>
    <CodSec>18</CodSec>
  </S>
  <S>
    <Calle>LEMO3</Calle>
    <Lat>34.529449</Lat>
    <Lon>58.687850</Lon>
    <Dis>1781.740</Dis>
    <Cta>890</Cta>
    <CodSec>18</CodSec>
  </S>
  <S>
    <Calle>LEMOS</Calle>
    <Lat>34.531786</Lat>
    <Lon>58.701950</Lon>
    <Dis>860.870</Dis>
    <Cta>1097</Cta>
    <CodSec>18</CodSec>
  </S>
  <S>
    <Calle>SANLO</Calle>
    <Lat>34.536509</Lat>
    <Lon>58.708493</Lon>
    <Dis>1173.820</Dis>
    <Cta>1190</Cta>
    <CodSec>18</CodSec>
  </S>
  <S>
    <Calle>SMIG</Calle>
    <Lat>34.544295</Lat>
    <Lon>58.714245</Lon>
    <Dis>1012.750</Dis>
    <Cta>1316</Cta>
    <CodSec>18</CodSec>
  </S>
  <S>
    <Calle>CAMPO</Calle>
    <Lat>34.551151</Lat>
    <Lon>58.721521</Lon>
    <Dis>2809.800</Dis>
    <Cta>1422</Cta>
    <CodSec>18</CodSec>
  </S>
  <S>
    <Calle>ESPA1</Calle>
    <Lat>34.566759</Lat>
    <Lon>58.743301</Lon>
    <Dis>1594.050</Dis>
    <Cta>1723</Cta>
    <CodSec>18</CodSec>
  </S>
  <S>
    <Calle>EDIS</Calle>
    <Lat>34.558735</Lat>
    <Lon>58.756200</Lon>
    <Dis>1457.970</Dis>
    <Cta>1886</Cta>
    <CodSec>18</CodSec>
  </S>
  <S>
    <Calle>GUIDO</Calle>
    <Lat>34.549970</Lat>
    <Lon>58.768036</Lon>
    <Dis>3853.270</Dis>
    <Cta>2040</Cta>
    <CodSec>18</CodSec>
  </S>
  <S>
    <Calle>DERQU</Calle>
    <Lat>34.537878</Lat>
    <Lon>58.794879</Lon>
    <Dis>1640.740</Dis>
    <Cta>2449</Cta>
    <CodSec>18</CodSec>
  </S>
  <S>
    <Calle>USTAR</Calle>
    <Lat>34.530553</Lat>
    <Lon>58.779420</Lon>
    <Dis>2801.460</Dis>
    <Cta>2628</Cta>
    <CodSec>18</CodSec>
  </S>
  <S>
    <Calle>JCPAZ</Calle>
    <Lat>34.519158</Lat>
    <Lon>58.752239</Lon>
    <Dis>910.320</Dis>
    <Cta>2934</Cta>
    <CodSec>18</CodSec>
  </S>
  <S>
    <Calle>MU?OZ</Calle>
    <Lat>34.515192</Lat>
    <Lon>58.743555</Lon>
    <Dis>1511.930</Dis>
    <Cta>3035</Cta>
    <CodSec>18</CodSec>
  </S>
  <S>
    <Calle>R. 8</Calle>
    <Lat>34.509221</Lat>
    <Lon>58.728738</Lon>
    <Dis>1532.190</Dis>
    <Cta>3197</Cta>
    <CodSec>18</CodSec>
  </S>
  <S>
    <Calle>CALLA</Calle>
    <Lat>34.502578</Lat>
    <Lon>58.714096</Lon>
    <Dis>1288.430</Dis>
    <Cta>3365</Cta>
    <CodSec>18</CodSec>
  </S>
  <S>
    <Calle>P.NOG</Calle>
    <Lat>34.494001</Lat>
    <Lon>58.704657</Lon>
    <Dis>1970.930</Dis>
    <Cta>3507</Cta>
    <CodSec>18</CodSec>
  </S>
  <S>
    <Calle>MORSE</Calle>
    <Lat>34.485169</Lat>
    <Lon>58.686614</Lon>
    <Dis>1404.040</Dis>
    <Cta>3744</Cta>
    <CodSec>18</CodSec>
  </S>
  <S>
    <Calle>AV.SM</Calle>
    <Lat>34.478677</Lat>
    <Lon>58.673486</Lon>
    <Dis>968.150</Dis>
    <Cta>3895</Cta>
    <CodSec>18</CodSec>
  </S>
  <S>
    <Calle>197-1</Calle>
    <Lat>34.476067</Lat>
    <Lon>58.663637</Lon>
    <Dis>661.420</Dis>
    <Cta>4006</Cta>
    <CodSec>18</CodSec>
  </S>
  <S>
    <Calle>PACHE</Calle>
    <Lat>34.476637</Lat>
    <Lon>58.662864</Lon>
    <Dis>0</Dis>
    <Cta>4077</Cta>
    <CodSec>18</CodSec>
  </S>
</Sector>