<?xml version="1.0" standalone="yes"?>
<Sector>
  <xs:schema id="Sector" xmlns="" xmlns:xs="http://www.w3.org/2001/XMLSchema" xmlns:msdata="urn:schemas-microsoft-com:xml-msdata">
    <xs:element name="Sector" msdata:IsDataSet="true" msdata:Locale="">
      <xs:complexType>
        <xs:choice minOccurs="0" maxOccurs="unbounded">
          <xs:element name="S" msdata:Locale="">
            <xs:complexType>
              <xs:sequence>
                <xs:element name="Calle" type="xs:string" minOccurs="0" />
                <xs:element name="Lat" type="xs:decimal" minOccurs="0" />
                <xs:element name="Lon" type="xs:decimal" minOccurs="0" />
                <xs:element name="Dis" type="xs:decimal" minOccurs="0" />
                <xs:element name="Cta" type="xs:int" minOccurs="0" />
                <xs:element name="CodSec" type="xs:int" minOccurs="0" />
              </xs:sequence>
            </xs:complexType>
          </xs:element>
        </xs:choice>
      </xs:complexType>
    </xs:element>
  </xs:schema>
  <S>
    <Calle>202-1</Calle>
    <Lat>34.484800</Lat>
    <Lon>58.613910</Lon>
    <Dis>1917.940</Dis>
    <Cta>1</Cta>
    <CodSec>18</CodSec>
  </S>
  <S>
    <Calle>ARATA</Calle>
    <Lat>34.494184</Lat>
    <Lon>58.631552</Lon>
    <Dis>1296.930</Dis>
    <Cta>209</Cta>
    <CodSec>18</CodSec>
  </S>
  <S>
    <Calle>TORCU</Calle>
    <Lat>34.500553</Lat>
    <Lon>58.643394</Lon>
    <Dis>3256.110</Dis>
    <Cta>346</Cta>
    <CodSec>18</CodSec>
  </S>
  <S>
    <Calle>PERO4</Calle>
    <Lat>34.518321</Lat>
    <Lon>58.671433</Lon>
    <Dis>1948.450</Dis>
    <Cta>689</Cta>
    <CodSec>18</CodSec>
  </S>
  <S>
    <Calle>LEMO3</Calle>
    <Lat>34.529449</Lat>
    <Lon>58.687850</Lon>
    <Dis>1781.740</Dis>
    <Cta>890</Cta>
    <CodSec>18</CodSec>
  </S>
  <S>
    <Calle>LEMOS</Calle>
    <Lat>34.531786</Lat>
    <Lon>58.701950</Lon>
    <Dis>860.870</Dis>
    <Cta>1097</Cta>
    <CodSec>18</CodSec>
  </S>
  <S>
    <Calle>SANLO</Calle>
    <Lat>34.536509</Lat>
    <Lon>58.708493</Lon>
    <Dis>1207.040</Dis>
    <Cta>1190</Cta>
    <CodSec>18</CodSec>
  </S>
  <S>
    <Calle>SMIG</Calle>
    <Lat>34.544513</Lat>
    <Lon>58.714493</Lon>
    <Dis>979.490</Dis>
    <Cta>1321</Cta>
    <CodSec>18</CodSec>
  </S>
  <S>
    <Calle>CAMPO</Calle>
    <Lat>34.551151</Lat>
    <Lon>58.721521</Lon>
    <Dis>2810.100</Dis>
    <Cta>1423</Cta>
    <CodSec>18</CodSec>
  </S>
  <S>
    <Calle>ESPA1</Calle>
    <Lat>34.566763</Lat>
    <Lon>58.743303</Lon>
    <Dis>1595.850</Dis>
    <Cta>1724</Cta>
    <CodSec>18</CodSec>
  </S>
  <S>
    <Calle>EDIS</Calle>
    <Lat>34.558735</Lat>
    <Lon>58.756200</Lon>
    <Dis>1457.970</Dis>
    <Cta>1892</Cta>
    <CodSec>18</CodSec>
  </S>
  <S>
    <Calle>GUIDO</Calle>
    <Lat>34.549970</Lat>
    <Lon>58.768036</Lon>
    <Dis>3853.120</Dis>
    <Cta>2046</Cta>
    <CodSec>18</CodSec>
  </S>
  <S>
    <Calle>DERQU</Calle>
    <Lat>34.537879</Lat>
    <Lon>58.794880</Lon>
    <Dis>1640.880</Dis>
    <Cta>2455</Cta>
    <CodSec>18</CodSec>
  </S>
  <S>
    <Calle>USTAR</Calle>
    <Lat>34.530553</Lat>
    <Lon>58.779420</Lon>
    <Dis>2855.640</Dis>
    <Cta>2634</Cta>
    <CodSec>18</CodSec>
  </S>
  <S>
    <Calle>JCPAZ</Calle>
    <Lat>34.518940</Lat>
    <Lon>58.751710</Lon>
    <Dis>0</Dis>
    <Cta>2945</Cta>
    <CodSec>18</CodSec>
  </S>
</Sector>