<?xml version="1.0" standalone="yes"?>
<Version>
  <xs:schema id="Version" xmlns="" xmlns:xs="http://www.w3.org/2001/XMLSchema" xmlns:msdata="urn:schemas-microsoft-com:xml-msdata">
    <xs:element name="Version" msdata:IsDataSet="true" msdata:UseCurrentLocale="true">
      <xs:complexType>
        <xs:choice minOccurs="0" maxOccurs="unbounded">
          <xs:element name="datosVersion">
            <xs:complexType>
              <xs:sequence>
                <xs:element name="nroVersion" type="xs:int" minOccurs="0" />
                <xs:element name="fechaActivacion" type="xs:dateTime" minOccurs="0" />
              </xs:sequence>
            </xs:complexType>
          </xs:element>
          <xs:element name="archivos">
            <xs:complexType>
              <xs:sequence>
                <xs:element name="archivo" type="xs:string" minOccurs="0" />
                <xs:element name="hash" type="xs:string" minOccurs="0" />
              </xs:sequence>
            </xs:complexType>
          </xs:element>
        </xs:choice>
      </xs:complexType>
    </xs:element>
  </xs:schema>
  <datosVersion>
    <nroVersion>22</nroVersion>
    <fechaActivacion>2019-01-16T00:00:00-03:00</fechaActivacion>
  </datosVersion>
  <archivos>
    <archivo>s01652821.xml</archivo>
    <hash>7561A904737392AECA6F8392D08092D0</hash>
  </archivos>
  <archivos>
    <archivo>s01652823.xml</archivo>
    <hash>170EC8C4DC53A886E4969E9F60B21185</hash>
  </archivos>
  <archivos>
    <archivo>s01652866.xml</archivo>
    <hash>B1073293F687A20834837DD6B778C39A</hash>
  </archivos>
  <archivos>
    <archivo>s01652867.xml</archivo>
    <hash>9A5404517E72553A84DDC16C3062AB20</hash>
  </archivos>
  <archivos>
    <archivo>s01652868.xml</archivo>
    <hash>7E19C0F912D5506C83D06A7989E87612</hash>
  </archivos>
  <archivos>
    <archivo>s01652869.xml</archivo>
    <hash>E6BDC17AB22DFA8EDCC4FF59A882D9FD</hash>
  </archivos>
  <archivos>
    <archivo>s01652870.xml</archivo>
    <hash>F51C95D3BA7C4E395BD863C19712C8EC</hash>
  </archivos>
  <archivos>
    <archivo>s01652871.xml</archivo>
    <hash>13EB609C0AC8009CC24391B76E5EA4E6</hash>
  </archivos>
  <archivos>
    <archivo>s01652872.xml</archivo>
    <hash>E49472EDE228485D46EEDC817FB26513</hash>
  </archivos>
  <archivos>
    <archivo>s01652874.xml</archivo>
    <hash>6182268A2DE881225B025A61A1593B2F</hash>
  </archivos>
  <archivos>
    <archivo>s01652875.xml</archivo>
    <hash>A0B183F0C1188325BDD4FFAC6A65E9F4</hash>
  </archivos>
  <archivos>
    <archivo>s01652876.xml</archivo>
    <hash>34F1C87E5423A019CD3D57C8F75E06ED</hash>
  </archivos>
  <archivos>
    <archivo>s01652877.xml</archivo>
    <hash>22ED50E1787E51603F4300E8E88B2CFB</hash>
  </archivos>
  <archivos>
    <archivo>s01652884.xml</archivo>
    <hash>453F766F83B30A291025330404D90FB0</hash>
  </archivos>
  <archivos>
    <archivo>s01652885.xml</archivo>
    <hash>E4D5865B7630D9907CD3A73B47B44162</hash>
  </archivos>
  <archivos>
    <archivo>s01652886.xml</archivo>
    <hash>B1383ACB2773207912771C3508AA706F</hash>
  </archivos>
  <archivos>
    <archivo>s01653009.xml</archivo>
    <hash>7879A1FA8903C5CF8AE726DAA098916C</hash>
  </archivos>
  <archivos>
    <archivo>s01653010.xml</archivo>
    <hash>23A2C6204D7C7693D2835C3987F41644</hash>
  </archivos>
  <archivos>
    <archivo>s01653011.xml</archivo>
    <hash>E798C0F24B364C837828F87CD08B58C0</hash>
  </archivos>
  <archivos>
    <archivo>s01653012.xml</archivo>
    <hash>9E56A817D9AF92204AE25E76540C81B0</hash>
  </archivos>
  <archivos>
    <archivo>s01653013.xml</archivo>
    <hash>C03C662479CEC176E1DEDA2D3B09BEE7</hash>
  </archivos>
  <archivos>
    <archivo>s01653014.xml</archivo>
    <hash>2FA996B2AB8E0B4DF2544A6120FA6C6D</hash>
  </archivos>
  <archivos>
    <archivo>s01653015.xml</archivo>
    <hash>55B5570D4E4AB1DE56706262C2D10D16</hash>
  </archivos>
  <archivos>
    <archivo>s01653016.xml</archivo>
    <hash>ED0C5AD5CC5B3D746F7BD69AD2D8FD4B</hash>
  </archivos>
  <archivos>
    <archivo>s01653017.xml</archivo>
    <hash>C24D28FA188E2E99C02E04949588822C</hash>
  </archivos>
  <archivos>
    <archivo>s01653018.xml</archivo>
    <hash>0EB071CC37C9E107E18460BE5D47899B</hash>
  </archivos>
  <archivos>
    <archivo>s01653019.xml</archivo>
    <hash>DBDB7FECCFCE66E804DF63A34FC8AEBA</hash>
  </archivos>
  <archivos>
    <archivo>s01653020.xml</archivo>
    <hash>1B8D74E377DD9CD8B2E89788B58CA6CF</hash>
  </archivos>
  <archivos>
    <archivo>s01653021.xml</archivo>
    <hash>50D81C95AE908BF0BC2CA6A5E6E5474A</hash>
  </archivos>
  <archivos>
    <archivo>s01653022.xml</archivo>
    <hash>2A3C013F5294F81E8DAB66D96169F9B3</hash>
  </archivos>
  <archivos>
    <archivo>s01653023.xml</archivo>
    <hash>C40E11DA20CD4D4319850463BD4BD9E1</hash>
  </archivos>
  <archivos>
    <archivo>s01653024.xml</archivo>
    <hash>53FC505A2B78A2C21AB60F55C98B178B</hash>
  </archivos>
  <archivos>
    <archivo>s01653025.xml</archivo>
    <hash>F50FC7AB6011CFB4330C2D36E2581D4D</hash>
  </archivos>
  <archivos>
    <archivo>s01653026.xml</archivo>
    <hash>6138442A2AC5A75B75C415AAD71289E4</hash>
  </archivos>
  <archivos>
    <archivo>s01653029.xml</archivo>
    <hash>CA6B7BC2F235AECB83F5F38F514B68A2</hash>
  </archivos>
  <archivos>
    <archivo>s01653039.xml</archivo>
    <hash>7879A1FA8903C5CF8AE726DAA098916C</hash>
  </archivos>
  <archivos>
    <archivo>s01653040.xml</archivo>
    <hash>BB529A8FC87FA329BCA004660B8B44A9</hash>
  </archivos>
  <archivos>
    <archivo>s01653041.xml</archivo>
    <hash>230B1AAFA85F0466797479D1567C7AE5</hash>
  </archivos>
  <archivos>
    <archivo>s01653042.xml</archivo>
    <hash>07A0ED487C0D90A4B3293FB5BE3786AE</hash>
  </archivos>
  <archivos>
    <archivo>r01652821.txt</archivo>
    <hash>8DF6A3E0CA4A80052177324414E6BD41</hash>
  </archivos>
  <archivos>
    <archivo>r01652823.txt</archivo>
    <hash>5E67C46721456635337EBBDC6155524F</hash>
  </archivos>
  <archivos>
    <archivo>r01652866.txt</archivo>
    <hash>9015AA96BF735D35217F5CB7C41E6668</hash>
  </archivos>
  <archivos>
    <archivo>r01652867.txt</archivo>
    <hash>4FBF047421A1A6201215FB26B1B4C346</hash>
  </archivos>
  <archivos>
    <archivo>r01652868.txt</archivo>
    <hash>1B95EE15DBE8E8909FB348CF8AE630EE</hash>
  </archivos>
  <archivos>
    <archivo>r01652869.txt</archivo>
    <hash>7BCFAB21A9B6260DD74CC34ED0F1AAFD</hash>
  </archivos>
  <archivos>
    <archivo>r01652870.txt</archivo>
    <hash>2C407B9EA8BE5CB8AC74935E01F04599</hash>
  </archivos>
  <archivos>
    <archivo>r01652871.txt</archivo>
    <hash>FC70657D31FBD682086700BF6D1909B2</hash>
  </archivos>
  <archivos>
    <archivo>r01652872.txt</archivo>
    <hash>2313FB8CF13005B9C07783D275E46D61</hash>
  </archivos>
  <archivos>
    <archivo>r01652874.txt</archivo>
    <hash>1A187B19191256DC9C9BC5CA4D5E62DF</hash>
  </archivos>
  <archivos>
    <archivo>r01652875.txt</archivo>
    <hash>8C192449A7F337498ABDEE01816F30CD</hash>
  </archivos>
  <archivos>
    <archivo>r01652876.txt</archivo>
    <hash>B53E11EEF799D0B39ECA859874BC6E8D</hash>
  </archivos>
  <archivos>
    <archivo>r01652877.txt</archivo>
    <hash>B53E11EEF799D0B39ECA859874BC6E8D</hash>
  </archivos>
  <archivos>
    <archivo>r01652884.txt</archivo>
    <hash>FFFCE949A341CA3208A0462A2819D953</hash>
  </archivos>
  <archivos>
    <archivo>r01652885.txt</archivo>
    <hash>DD70F84C1F8C30AAC03ED51E6B46E339</hash>
  </archivos>
  <archivos>
    <archivo>r01652886.txt</archivo>
    <hash>313802CF2A4578EE42AB686EC68E4946</hash>
  </archivos>
  <archivos>
    <archivo>r01653009.txt</archivo>
    <hash>F20A1AD380CC5EA937C2442CDFB6C20D</hash>
  </archivos>
  <archivos>
    <archivo>r01653010.txt</archivo>
    <hash>7633B979B283E2C00A8A259B6056FB73</hash>
  </archivos>
  <archivos>
    <archivo>r01653011.txt</archivo>
    <hash>25A982C823C0240703B50FFD818EC197</hash>
  </archivos>
  <archivos>
    <archivo>r01653012.txt</archivo>
    <hash>6FA5CC8FC6D606661B8469CBAADF8ECC</hash>
  </archivos>
  <archivos>
    <archivo>r01653013.txt</archivo>
    <hash>BB80CA4B691D8C2BE5C9B46AA19CEB58</hash>
  </archivos>
  <archivos>
    <archivo>r01653014.txt</archivo>
    <hash>1F977B6BA5FF18158DE25DAF37603D63</hash>
  </archivos>
  <archivos>
    <archivo>r01653015.txt</archivo>
    <hash>B3A70B87CE25CC1BD3FC0CE30DF2E28D</hash>
  </archivos>
  <archivos>
    <archivo>r01653016.txt</archivo>
    <hash>42DEB1C5239AE8EA4B70DBC91AE064A3</hash>
  </archivos>
  <archivos>
    <archivo>r01653017.txt</archivo>
    <hash>B397984E01ECA8E478FAEF55F481DDD5</hash>
  </archivos>
  <archivos>
    <archivo>r01653018.txt</archivo>
    <hash>0F17EAE83791342F404751CCCA72ACBC</hash>
  </archivos>
  <archivos>
    <archivo>r01653019.txt</archivo>
    <hash>47782CB241C3EE4C46A781ADAB5C305E</hash>
  </archivos>
  <archivos>
    <archivo>r01653020.txt</archivo>
    <hash>9757F97A891AADE07525313465042AE3</hash>
  </archivos>
  <archivos>
    <archivo>r01653021.txt</archivo>
    <hash>FF0A46210C7932C30DDBBBC12868454E</hash>
  </archivos>
  <archivos>
    <archivo>r01653022.txt</archivo>
    <hash>650C03F0C7811BF92826089380B06697</hash>
  </archivos>
  <archivos>
    <archivo>r01653023.txt</archivo>
    <hash>08021867D9992CC1DA5ABDDADEA96B0C</hash>
  </archivos>
  <archivos>
    <archivo>r01653024.txt</archivo>
    <hash>B995D8BA92F549B8AEF7EA55B12FBE1C</hash>
  </archivos>
  <archivos>
    <archivo>r01653025.txt</archivo>
    <hash>71676248548D751D51B76E0A9109B97A</hash>
  </archivos>
  <archivos>
    <archivo>r01653026.txt</archivo>
    <hash>493D584AB9043A60D96F660B7B66D4C2</hash>
  </archivos>
  <archivos>
    <archivo>r01653029.txt</archivo>
    <hash>83020C64E917C24848CEA4E517A993B9</hash>
  </archivos>
  <archivos>
    <archivo>r01653039.txt</archivo>
    <hash>F20A1AD380CC5EA937C2442CDFB6C20D</hash>
  </archivos>
  <archivos>
    <archivo>r01653040.txt</archivo>
    <hash>9A20EF7DC5D784653E3D9CE26F36D052</hash>
  </archivos>
  <archivos>
    <archivo>r01653041.txt</archivo>
    <hash>E3A1AC6036BAC43F28FB8D020EB16179</hash>
  </archivos>
  <archivos>
    <archivo>r01653042.txt</archivo>
    <hash>EE5F69C99A8EDA83C5155609C7E1EF35</hash>
  </archivos>
  <archivos>
    <archivo>sectoresTarifarios.xml</archivo>
    <hash>A7173CF26D7F555F3BD24DFDEFE7F368</hash>
  </archivos>
</Version>