<?xml version="1.0" standalone="yes"?>
<Sector>
  <xs:schema id="Sector" xmlns="" xmlns:xs="http://www.w3.org/2001/XMLSchema" xmlns:msdata="urn:schemas-microsoft-com:xml-msdata">
    <xs:element name="Sector" msdata:IsDataSet="true" msdata:Locale="">
      <xs:complexType>
        <xs:choice minOccurs="0" maxOccurs="unbounded">
          <xs:element name="S" msdata:Locale="">
            <xs:complexType>
              <xs:sequence>
                <xs:element name="Calle" type="xs:string" minOccurs="0" />
                <xs:element name="Lat" type="xs:decimal" minOccurs="0" />
                <xs:element name="Lon" type="xs:decimal" minOccurs="0" />
                <xs:element name="Dis" type="xs:decimal" minOccurs="0" />
                <xs:element name="Cta" type="xs:int" minOccurs="0" />
                <xs:element name="CodSec" type="xs:int" minOccurs="0" />
              </xs:sequence>
            </xs:complexType>
          </xs:element>
        </xs:choice>
      </xs:complexType>
    </xs:element>
  </xs:schema>
  <S>
    <Calle>LROSA</Calle>
    <Lat>32.475581</Lat>
    <Lon>61.578814</Lon>
    <Dis>9040.883</Dis>
    <Cta>1</Cta>
    <CodSec>208</CodSec>
  </S>
  <S>
    <Calle>CALI1</Calle>
    <Lat>32.543860</Lat>
    <Lon>61.550940</Lon>
    <Dis>14963.987</Dis>
    <Cta>457</Cta>
    <CodSec>207</CodSec>
  </S>
  <S>
    <Calle>PARE1</Calle>
    <Lat>32.674965</Lat>
    <Lon>61.529246</Lon>
    <Dis>13316.649</Dis>
    <Cta>1144</Cta>
    <CodSec>206</CodSec>
  </S>
  <S>
    <Calle>RUTA9</Calle>
    <Lat>32.782202</Lat>
    <Lon>61.545655</Lon>
    <Dis>12237.483</Dis>
    <Cta>1729</Cta>
    <CodSec>205</CodSec>
  </S>
  <S>
    <Calle>C.GO1</Calle>
    <Lat>32.805609</Lat>
    <Lon>61.421571</Lon>
    <Dis>2694.378</Dis>
    <Cta>2282</Cta>
    <CodSec>204</CodSec>
  </S>
  <S>
    <Calle>C.GOM</Calle>
    <Lat>32.812491</Lat>
    <Lon>61.396978</Lon>
    <Dis>2919.331</Dis>
    <Cta>2417</Cta>
    <CodSec>204</CodSec>
  </S>
  <S>
    <Calle>C.GO2</Calle>
    <Lat>32.814537</Lat>
    <Lon>61.369080</Lon>
    <Dis>11350.755</Dis>
    <Cta>2560</Cta>
    <CodSec>204</CodSec>
  </S>
  <S>
    <Calle>CORR1</Calle>
    <Lat>32.850717</Lat>
    <Lon>61.265491</Lon>
    <Dis>8718.027</Dis>
    <Cta>3121</Cta>
    <CodSec>203</CodSec>
  </S>
  <S>
    <Calle>ArCAR</Calle>
    <Lat>32.858516</Lat>
    <Lon>61.172832</Lon>
    <Dis>13376.550</Dis>
    <Cta>3552</Cta>
    <CodSec>202</CodSec>
  </S>
  <S>
    <Calle>SJER1</Calle>
    <Lat>32.883368</Lat>
    <Lon>61.032926</Lon>
    <Dis>10563.342</Dis>
    <Cta>4153</Cta>
    <CodSec>201</CodSec>
  </S>
  <S>
    <Calle>ROLDA</Calle>
    <Lat>32.903080</Lat>
    <Lon>60.922375</Lon>
    <Dis>5212.427</Dis>
    <Cta>4574</Cta>
    <CodSec>32</CodSec>
  </S>
  <S>
    <Calle>S.SEB</Calle>
    <Lat>32.912832</Lat>
    <Lon>60.867821</Lon>
    <Dis>9888.795</Dis>
    <Cta>4859</Cta>
    <CodSec>30</CodSec>
  </S>
  <S>
    <Calle>ArLUD</Calle>
    <Lat>32.925287</Lat>
    <Lon>60.763232</Lon>
    <Dis>9016.778</Dis>
    <Cta>5379</Cta>
    <CodSec>13</CodSec>
  </S>
  <S>
    <Calle>ROSAR</Calle>
    <Lat>32.939537</Lat>
    <Lon>60.673154</Lon>
    <Dis>0</Dis>
    <Cta>5914</Cta>
    <CodSec>13</CodSec>
  </S>
</Sector>