<?xml version="1.0" standalone="yes"?>
<Sector>
  <xs:schema id="Sector" xmlns="" xmlns:xs="http://www.w3.org/2001/XMLSchema" xmlns:msdata="urn:schemas-microsoft-com:xml-msdata">
    <xs:element name="Sector" msdata:IsDataSet="true" msdata:Locale="">
      <xs:complexType>
        <xs:choice minOccurs="0" maxOccurs="unbounded">
          <xs:element name="S" msdata:Locale="">
            <xs:complexType>
              <xs:sequence>
                <xs:element name="Calle" type="xs:string" minOccurs="0" />
                <xs:element name="Lat" type="xs:decimal" minOccurs="0" />
                <xs:element name="Lon" type="xs:decimal" minOccurs="0" />
                <xs:element name="Dis" type="xs:decimal" minOccurs="0" />
                <xs:element name="Cta" type="xs:int" minOccurs="0" />
                <xs:element name="CodSec" type="xs:int" minOccurs="0" />
              </xs:sequence>
            </xs:complexType>
          </xs:element>
        </xs:choice>
      </xs:complexType>
    </xs:element>
  </xs:schema>
  <S>
    <Calle>ZAVAV</Calle>
    <Lat>33.031299</Lat>
    <Lon>60.889908</Lon>
    <Dis>2338.353</Dis>
    <Cta>1</Cta>
    <CodSec>86</CodSec>
  </S>
  <S>
    <Calle>VRINO</Calle>
    <Lat>33.019048</Lat>
    <Lon>60.879315</Lon>
    <Dis>1707.945</Dis>
    <Cta>120</Cta>
    <CodSec>86</CodSec>
  </S>
  <S>
    <Calle>ZAVA2</Calle>
    <Lat>33.018897</Lat>
    <Lon>60.861162</Lon>
    <Dis>5881.695</Dis>
    <Cta>205</Cta>
    <CodSec>86</CodSec>
  </S>
  <S>
    <Calle>CURVA</Calle>
    <Lat>33.010293</Lat>
    <Lon>60.799519</Lon>
    <Dis>1311.303</Dis>
    <Cta>453</Cta>
    <CodSec>85</CodSec>
  </S>
  <S>
    <Calle>AVELL</Calle>
    <Lat>33.005716</Lat>
    <Lon>60.786812</Lon>
    <Dis>2539.774</Dis>
    <Cta>520</Cta>
    <CodSec>85</CodSec>
  </S>
  <S>
    <Calle>YPF</Calle>
    <Lat>32.995119</Lat>
    <Lon>60.764545</Lon>
    <Dis>2956.963</Dis>
    <Cta>661</Cta>
    <CodSec>85</CodSec>
  </S>
  <S>
    <Calle>ESSO.</Calle>
    <Lat>32.981403</Lat>
    <Lon>60.737942</Lon>
    <Dis>2928.805</Dis>
    <Cta>843</Cta>
    <CodSec>13</CodSec>
  </S>
  <S>
    <Calle>PUNID</Calle>
    <Lat>32.967994</Lat>
    <Lon>60.711312</Lon>
    <Dis>2016.267</Dis>
    <Cta>997</Cta>
    <CodSec>13</CodSec>
  </S>
  <S>
    <Calle>FMORE</Calle>
    <Lat>32.958720</Lat>
    <Lon>60.692777</Lon>
    <Dis>1710.569</Dis>
    <Cta>1101</Cta>
    <CodSec>13</CodSec>
  </S>
  <S>
    <Calle>PELLE</Calle>
    <Lat>32.950147</Lat>
    <Lon>60.681843</Lon>
    <Dis>1240.213</Dis>
    <Cta>1196</Cta>
    <CodSec>13</CodSec>
  </S>
  <S>
    <Calle>CORDO</Calle>
    <Lat>32.939279</Lat>
    <Lon>60.679100</Lon>
    <Dis>950.587</Dis>
    <Cta>1261</Cta>
    <CodSec>13</CodSec>
  </S>
  <S>
    <Calle>ROSAR</Calle>
    <Lat>32.939541</Lat>
    <Lon>60.672696</Lon>
    <Dis>0</Dis>
    <Cta>1344</Cta>
    <CodSec>81</CodSec>
  </S>
</Sector>