<?xml version="1.0" standalone="yes"?>
<Sector>
  <xs:schema id="Sector" xmlns="" xmlns:xs="http://www.w3.org/2001/XMLSchema" xmlns:msdata="urn:schemas-microsoft-com:xml-msdata">
    <xs:element name="Sector" msdata:IsDataSet="true" msdata:Locale="">
      <xs:complexType>
        <xs:choice minOccurs="0" maxOccurs="unbounded">
          <xs:element name="S" msdata:Locale="">
            <xs:complexType>
              <xs:sequence>
                <xs:element name="Calle" type="xs:string" minOccurs="0" />
                <xs:element name="Lat" type="xs:decimal" minOccurs="0" />
                <xs:element name="Lon" type="xs:decimal" minOccurs="0" />
                <xs:element name="Dis" type="xs:decimal" minOccurs="0" />
                <xs:element name="Cta" type="xs:int" minOccurs="0" />
                <xs:element name="CodSec" type="xs:int" minOccurs="0" />
              </xs:sequence>
            </xs:complexType>
          </xs:element>
        </xs:choice>
      </xs:complexType>
    </xs:element>
  </xs:schema>
  <S>
    <Calle>ROSAR</Calle>
    <Lat>32.939643</Lat>
    <Lon>60.672386</Lon>
    <Dis>8538.784</Dis>
    <Cta>1</Cta>
    <CodSec>13</CodSec>
  </S>
  <S>
    <Calle>ESSO.</Calle>
    <Lat>32.980282</Lat>
    <Lon>60.736182</Lon>
    <Dis>3138.102</Dis>
    <Cta>427</Cta>
    <CodSec>85</CodSec>
  </S>
  <S>
    <Calle>YPF</Calle>
    <Lat>32.995077</Lat>
    <Lon>60.764603</Lon>
    <Dis>3833.342</Dis>
    <Cta>616</Cta>
    <CodSec>85</CodSec>
  </S>
  <S>
    <Calle>CURVA</Calle>
    <Lat>33.010059</Lat>
    <Lon>60.799529</Lon>
    <Dis>5893.473</Dis>
    <Cta>818</Cta>
    <CodSec>86</CodSec>
  </S>
  <S>
    <Calle>ZAVA2</Calle>
    <Lat>33.018849</Lat>
    <Lon>60.861223</Lon>
    <Dis>15758.375</Dis>
    <Cta>1070</Cta>
    <CodSec>86</CodSec>
  </S>
  <S>
    <Calle>PUJA2</Calle>
    <Lat>33.016890</Lat>
    <Lon>61.029954</Lon>
    <Dis>11070.440</Dis>
    <Cta>1720</Cta>
    <CodSec>120</CodSec>
  </S>
  <S>
    <Calle>CASI2</Calle>
    <Lat>33.042952</Lat>
    <Lon>61.139015</Lon>
    <Dis>3503.139</Dis>
    <Cta>2204</Cta>
    <CodSec>121</CodSec>
  </S>
  <S>
    <Calle>CASIL</Calle>
    <Lat>33.042981</Lat>
    <Lon>61.165948</Lon>
    <Dis>4761.550</Dis>
    <Cta>2380</Cta>
    <CodSec>121</CodSec>
  </S>
  <S>
    <Calle>CASI1</Calle>
    <Lat>33.069728</Lat>
    <Lon>61.187489</Lon>
    <Dis>11564.532</Dis>
    <Cta>2616</Cta>
    <CodSec>121</CodSec>
  </S>
  <S>
    <Calle>SANF2</Calle>
    <Lat>33.139445</Lat>
    <Lon>61.274802</Lon>
    <Dis>12430.290</Dis>
    <Cta>3119</Cta>
    <CodSec>122</CodSec>
  </S>
  <S>
    <Calle>CHAB2</Calle>
    <Lat>33.232013</Lat>
    <Lon>61.349065</Lon>
    <Dis>15153.513</Dis>
    <Cta>3754</Cta>
    <CodSec>123</CodSec>
  </S>
  <S>
    <Calle>VILL2</Calle>
    <Lat>33.344235</Lat>
    <Lon>61.440235</Lon>
    <Dis>11360.703</Dis>
    <Cta>4419</Cta>
    <CodSec>124</CodSec>
  </S>
  <S>
    <Calle>FIRM2</Calle>
    <Lat>33.436318</Lat>
    <Lon>61.483498</Lon>
    <Dis>2562.321</Dis>
    <Cta>4891</Cta>
    <CodSec>125</CodSec>
  </S>
  <S>
    <Calle>FIRMA</Calle>
    <Lat>33.455143</Lat>
    <Lon>61.484873</Lon>
    <Dis>2205.665</Dis>
    <Cta>5029</Cta>
    <CodSec>125</CodSec>
  </S>
  <S>
    <Calle>FIRM1</Calle>
    <Lat>33.456423</Lat>
    <Lon>61.503311</Lon>
    <Dis>11219.326</Dis>
    <Cta>5140</Cta>
    <CodSec>125</CodSec>
  </S>
  <S>
    <Calle>CUCL2</Calle>
    <Lat>33.413380</Lat>
    <Lon>61.601383</Lon>
    <Dis>9680.090</Dis>
    <Cta>5638</Cta>
    <CodSec>143</CodSec>
  </S>
  <S>
    <Calle>QUIR2</Calle>
    <Lat>33.383239</Lat>
    <Lon>61.698850</Lon>
    <Dis>13230.567</Dis>
    <Cta>6060</Cta>
    <CodSec>144</CodSec>
  </S>
  <S>
    <Calle>GODEK</Calle>
    <Lat>33.344859</Lat>
    <Lon>61.829614</Lon>
    <Dis>2359.443</Dis>
    <Cta>6628</Cta>
    <CodSec>146</CodSec>
  </S>
  <S>
    <Calle>BERA2</Calle>
    <Lat>33.345203</Lat>
    <Lon>61.854491</Lon>
    <Dis>17687.741</Dis>
    <Cta>6751</Cta>
    <CodSec>145</CodSec>
  </S>
  <S>
    <Calle>C.LAD</Calle>
    <Lat>33.321521</Lat>
    <Lon>62.034946</Lon>
    <Dis>16159.664</Dis>
    <Cta>7487</Cta>
    <CodSec>147</CodSec>
  </S>
  <S>
    <Calle>C.BUS</Calle>
    <Lat>33.279627</Lat>
    <Lon>62.186109</Lon>
    <Dis>0</Dis>
    <Cta>8221</Cta>
    <CodSec>150</CodSec>
  </S>
</Sector>