<?xml version="1.0" standalone="yes"?>
<Sector>
  <xs:schema id="Sector" xmlns="" xmlns:xs="http://www.w3.org/2001/XMLSchema" xmlns:msdata="urn:schemas-microsoft-com:xml-msdata">
    <xs:element name="Sector" msdata:IsDataSet="true" msdata:Locale="">
      <xs:complexType>
        <xs:choice minOccurs="0" maxOccurs="unbounded">
          <xs:element name="S" msdata:Locale="">
            <xs:complexType>
              <xs:sequence>
                <xs:element name="Calle" type="xs:string" minOccurs="0" />
                <xs:element name="Lat" type="xs:decimal" minOccurs="0" />
                <xs:element name="Lon" type="xs:decimal" minOccurs="0" />
                <xs:element name="Dis" type="xs:decimal" minOccurs="0" />
                <xs:element name="Cta" type="xs:int" minOccurs="0" />
                <xs:element name="CodSec" type="xs:int" minOccurs="0" />
              </xs:sequence>
            </xs:complexType>
          </xs:element>
        </xs:choice>
      </xs:complexType>
    </xs:element>
  </xs:schema>
  <S>
    <Calle>ROSAR</Calle>
    <Lat>32.939635</Lat>
    <Lon>60.672386</Lon>
    <Dis>8548.317</Dis>
    <Cta>1</Cta>
    <CodSec>13</CodSec>
  </S>
  <S>
    <Calle>ESSO.</Calle>
    <Lat>32.980318</Lat>
    <Lon>60.736246</Lon>
    <Dis>3216.024</Dis>
    <Cta>427</Cta>
    <CodSec>85</CodSec>
  </S>
  <S>
    <Calle>YPF</Calle>
    <Lat>32.995602</Lat>
    <Lon>60.765258</Lon>
    <Dis>3761.468</Dis>
    <Cta>624</Cta>
    <CodSec>85</CodSec>
  </S>
  <S>
    <Calle>CURVA</Calle>
    <Lat>33.010167</Lat>
    <Lon>60.799569</Lon>
    <Dis>6298.066</Dis>
    <Cta>821</Cta>
    <CodSec>86</CodSec>
  </S>
  <S>
    <Calle>ZAVA2</Calle>
    <Lat>33.018808</Lat>
    <Lon>60.865701</Lon>
    <Dis>15511.844</Dis>
    <Cta>1088</Cta>
    <CodSec>86</CodSec>
  </S>
  <S>
    <Calle>PUJA2</Calle>
    <Lat>33.017170</Lat>
    <Lon>61.031717</Lon>
    <Dis>10904.541</Dis>
    <Cta>1730</Cta>
    <CodSec>120</CodSec>
  </S>
  <S>
    <Calle>CASI2</Calle>
    <Lat>33.042965</Lat>
    <Lon>61.139037</Lon>
    <Dis>2063.083</Dis>
    <Cta>2204</Cta>
    <CodSec>121</CodSec>
  </S>
  <S>
    <Calle>LAGOS</Calle>
    <Lat>33.053154</Lat>
    <Lon>61.157451</Lon>
    <Dis>3139.483</Dis>
    <Cta>2308</Cta>
    <CodSec>121</CodSec>
  </S>
  <S>
    <Calle>CASI1</Calle>
    <Lat>33.068654</Lat>
    <Lon>61.185561</Lon>
    <Dis>12043.971</Dis>
    <Cta>2461</Cta>
    <CodSec>121</CodSec>
  </S>
  <S>
    <Calle>SANF2</Calle>
    <Lat>33.141580</Lat>
    <Lon>61.276021</Lon>
    <Dis>13036.088</Dis>
    <Cta>2991</Cta>
    <CodSec>122</CodSec>
  </S>
  <S>
    <Calle>CHAB2</Calle>
    <Lat>33.238580</Lat>
    <Lon>61.354136</Lon>
    <Dis>14542.029</Dis>
    <Cta>3660</Cta>
    <CodSec>123</CodSec>
  </S>
  <S>
    <Calle>VILL2</Calle>
    <Lat>33.345968</Lat>
    <Lon>61.442068</Lon>
    <Dis>11465.963</Dis>
    <Cta>4292</Cta>
    <CodSec>124</CodSec>
  </S>
  <S>
    <Calle>FIRM2</Calle>
    <Lat>33.439567</Lat>
    <Lon>61.483763</Lon>
    <Dis>2309.017</Dis>
    <Cta>4764</Cta>
    <CodSec>125</CodSec>
  </S>
  <S>
    <Calle>FIRMA</Calle>
    <Lat>33.455252</Lat>
    <Lon>61.484910</Lon>
    <Dis>2238.892</Dis>
    <Cta>4893</Cta>
    <CodSec>125</CodSec>
  </S>
  <S>
    <Calle>FIRM1</Calle>
    <Lat>33.456172</Lat>
    <Lon>61.502904</Lon>
    <Dis>15087.655</Dis>
    <Cta>5011</Cta>
    <CodSec>125</CodSec>
  </S>
  <S>
    <Calle>CHOVE</Calle>
    <Lat>33.531653</Lat>
    <Lon>61.637390</Lon>
    <Dis>3336.409</Dis>
    <Cta>5669</Cta>
    <CodSec>126</CodSec>
  </S>
  <S>
    <Calle>DIVIS</Calle>
    <Lat>33.547927</Lat>
    <Lon>61.667562</Lon>
    <Dis>5970.238</Dis>
    <Cta>5824</Cta>
    <CodSec>127</CodSec>
  </S>
  <S>
    <Calle>ELORT</Calle>
    <Lat>33.577000</Lat>
    <Lon>61.721605</Lon>
    <Dis>6049.377</Dis>
    <Cta>6077</Cta>
    <CodSec>128</CodSec>
  </S>
  <S>
    <Calle>RAVI2</Calle>
    <Lat>33.606518</Lat>
    <Lon>61.776386</Lon>
    <Dis>7635.054</Dis>
    <Cta>6329</Cta>
    <CodSec>129</CodSec>
  </S>
  <S>
    <Calle>MURP2</Calle>
    <Lat>33.643712</Lat>
    <Lon>61.845600</Lon>
    <Dis>18135.115</Dis>
    <Cta>6653</Cta>
    <CodSec>130</CodSec>
  </S>
  <S>
    <Calle>V.TUE</Calle>
    <Lat>33.734921</Lat>
    <Lon>61.975974</Lon>
    <Dis>0</Dis>
    <Cta>7474</Cta>
    <CodSec>131</CodSec>
  </S>
</Sector>