<?xml version="1.0" standalone="yes"?>
<Sector>
  <xs:schema id="Sector" xmlns="" xmlns:xs="http://www.w3.org/2001/XMLSchema" xmlns:msdata="urn:schemas-microsoft-com:xml-msdata">
    <xs:element name="Sector" msdata:IsDataSet="true" msdata:Locale="">
      <xs:complexType>
        <xs:choice minOccurs="0" maxOccurs="unbounded">
          <xs:element name="S" msdata:Locale="">
            <xs:complexType>
              <xs:sequence>
                <xs:element name="Calle" type="xs:string" minOccurs="0" />
                <xs:element name="Lat" type="xs:decimal" minOccurs="0" />
                <xs:element name="Lon" type="xs:decimal" minOccurs="0" />
                <xs:element name="Dis" type="xs:decimal" minOccurs="0" />
                <xs:element name="Cta" type="xs:int" minOccurs="0" />
                <xs:element name="CodSec" type="xs:int" minOccurs="0" />
              </xs:sequence>
            </xs:complexType>
          </xs:element>
        </xs:choice>
      </xs:complexType>
    </xs:element>
  </xs:schema>
  <S>
    <Calle>ROSAR</Calle>
    <Lat>32.939457</Lat>
    <Lon>60.673438</Lon>
    <Dis>8667.662</Dis>
    <Cta>1</Cta>
    <CodSec>13</CodSec>
  </S>
  <S>
    <Calle>ArLUD</Calle>
    <Lat>32.925287</Lat>
    <Lon>60.763231</Lon>
    <Dis>9885.614</Dis>
    <Cta>482</Cta>
    <CodSec>30</CodSec>
  </S>
  <S>
    <Calle>S.SEB</Calle>
    <Lat>32.912836</Lat>
    <Lon>60.867788</Lon>
    <Dis>14058.529</Dis>
    <Cta>1001</Cta>
    <CodSec>32</CodSec>
  </S>
  <S>
    <Calle>SJER2</Calle>
    <Lat>32.886563</Lat>
    <Lon>61.014921</Lon>
    <Dis>10360.017</Dis>
    <Cta>1618</Cta>
    <CodSec>201</CodSec>
  </S>
  <S>
    <Calle>RUT26</Calle>
    <Lat>32.867260</Lat>
    <Lon>61.123254</Lon>
    <Dis>11077.524</Dis>
    <Cta>2055</Cta>
    <CodSec>202</CodSec>
  </S>
  <S>
    <Calle>CORR2</Calle>
    <Lat>32.853789</Lat>
    <Lon>61.240381</Lon>
    <Dis>13491.102</Dis>
    <Cta>2610</Cta>
    <CodSec>203</CodSec>
  </S>
  <S>
    <Calle>C.GO2</Calle>
    <Lat>32.814925</Lat>
    <Lon>61.366873</Lon>
    <Dis>3097.031</Dis>
    <Cta>3279</Cta>
    <CodSec>204</CodSec>
  </S>
  <S>
    <Calle>C.GOM</Calle>
    <Lat>32.812495</Lat>
    <Lon>61.396863</Lon>
    <Dis>2804.404</Dis>
    <Cta>3433</Cta>
    <CodSec>204</CodSec>
  </S>
  <S>
    <Calle>C.GO1</Calle>
    <Lat>32.805635</Lat>
    <Lon>61.421347</Lon>
    <Dis>10640.532</Dis>
    <Cta>3573</Cta>
    <CodSec>204</CodSec>
  </S>
  <S>
    <Calle>RU178</Calle>
    <Lat>32.786499</Lat>
    <Lon>61.532750</Lon>
    <Dis>10670.452</Dis>
    <Cta>4025</Cta>
    <CodSec>205</CodSec>
  </S>
  <S>
    <Calle>PARE2</Calle>
    <Lat>32.701024</Lat>
    <Lon>61.526106</Lon>
    <Dis>18179.998</Dis>
    <Cta>4450</Cta>
    <CodSec>206</CodSec>
  </S>
  <S>
    <Calle>CALI2</Calle>
    <Lat>32.551667</Lat>
    <Lon>61.550199</Lon>
    <Dis>6758.957</Dis>
    <Cta>5303</Cta>
    <CodSec>207</CodSec>
  </S>
  <S>
    <Calle>L.RO2</Calle>
    <Lat>32.492833</Lat>
    <Lon>61.564109</Lon>
    <Dis>3334.775</Dis>
    <Cta>5640</Cta>
    <CodSec>208</CodSec>
  </S>
  <S>
    <Calle>ITALI</Calle>
    <Lat>32.475992</Lat>
    <Lon>61.578917</Lon>
    <Dis>3964.890</Dis>
    <Cta>5833</Cta>
    <CodSec>208</CodSec>
  </S>
  <S>
    <Calle>L.RO1</Calle>
    <Lat>32.450561</Lat>
    <Lon>61.582615</Lon>
    <Dis>13861.722</Dis>
    <Cta>6050</Cta>
    <CodSec>208</CodSec>
  </S>
  <S>
    <Calle>CARD2</Calle>
    <Lat>32.333118</Lat>
    <Lon>61.631349</Lon>
    <Dis>14990.955</Dis>
    <Cta>6644</Cta>
    <CodSec>209</CodSec>
  </S>
  <S>
    <Calle>TREB2</Calle>
    <Lat>32.216597</Lat>
    <Lon>61.687211</Lon>
    <Dis>20933.121</Dis>
    <Cta>7357</Cta>
    <CodSec>210</CodSec>
  </S>
  <S>
    <Calle>C.PE2</Calle>
    <Lat>32.066641</Lat>
    <Lon>61.778856</Lon>
    <Dis>21510.947</Dis>
    <Cta>8517</Cta>
    <CodSec>211</CodSec>
  </S>
  <S>
    <Calle>SJOR2</Calle>
    <Lat>31.909075</Lat>
    <Lon>61.848629</Lon>
    <Dis>5226.323</Dis>
    <Cta>9650</Cta>
    <CodSec>212</CodSec>
  </S>
  <S>
    <Calle>SJOR1</Calle>
    <Lat>31.889299</Lat>
    <Lon>61.843880</Lon>
    <Dis>12519.240</Dis>
    <Cta>9916</Cta>
    <CodSec>212</CodSec>
  </S>
  <S>
    <Calle>SAST2</Calle>
    <Lat>31.779082</Lat>
    <Lon>61.817510</Lon>
    <Dis>15044.726</Dis>
    <Cta>10407</Cta>
    <CodSec>213</CodSec>
  </S>
  <S>
    <Calle>MJUA2</Calle>
    <Lat>31.684467</Lat>
    <Lon>61.764903</Lon>
    <Dis>18696.628</Dis>
    <Cta>11177</Cta>
    <CodSec>214</CodSec>
  </S>
  <S>
    <Calle>CLUS2</Calle>
    <Lat>31.524575</Lat>
    <Lon>61.725969</Lon>
    <Dis>4159.933</Dis>
    <Cta>12149</Cta>
    <CodSec>215</CodSec>
  </S>
  <S>
    <Calle>RUT19</Calle>
    <Lat>31.487929</Lat>
    <Lon>61.717522</Lon>
    <Dis>27681.721</Dis>
    <Cta>12318</Cta>
    <CodSec>216</CodSec>
  </S>
  <S>
    <Calle>JOSEF</Calle>
    <Lat>31.433933</Lat>
    <Lon>61.997992</Lon>
    <Dis>8295.785</Dis>
    <Cta>13462</Cta>
    <CodSec>217</CodSec>
  </S>
  <S>
    <Calle>FRONT</Calle>
    <Lat>31.436582</Lat>
    <Lon>62.067790</Lon>
    <Dis>0</Dis>
    <Cta>13865</Cta>
    <CodSec>218</CodSec>
  </S>
</Sector>