<?xml version="1.0" standalone="yes"?>
<Version>
  <xs:schema id="Version" xmlns="" xmlns:xs="http://www.w3.org/2001/XMLSchema" xmlns:msdata="urn:schemas-microsoft-com:xml-msdata">
    <xs:element name="Version" msdata:IsDataSet="true" msdata:UseCurrentLocale="true">
      <xs:complexType>
        <xs:choice minOccurs="0" maxOccurs="unbounded">
          <xs:element name="datosVersion">
            <xs:complexType>
              <xs:sequence>
                <xs:element name="nroVersion" type="xs:int" minOccurs="0" />
                <xs:element name="fechaActivacion" type="xs:dateTime" minOccurs="0" />
              </xs:sequence>
            </xs:complexType>
          </xs:element>
          <xs:element name="archivos">
            <xs:complexType>
              <xs:sequence>
                <xs:element name="archivo" type="xs:string" minOccurs="0" />
                <xs:element name="hash" type="xs:string" minOccurs="0" />
              </xs:sequence>
            </xs:complexType>
          </xs:element>
        </xs:choice>
      </xs:complexType>
    </xs:element>
  </xs:schema>
  <datosVersion>
    <nroVersion>17</nroVersion>
    <fechaActivacion>2019-08-21T00:00:00-03:00</fechaActivacion>
  </datosVersion>
  <archivos>
    <archivo>s01010949.xml</archivo>
    <hash>CEAABC5F191DF965017BAE6DE1C51F9F</hash>
  </archivos>
  <archivos>
    <archivo>s01010950.xml</archivo>
    <hash>C7CEBCDC84CAA83CAC4F4B8ED9432F0F</hash>
  </archivos>
  <archivos>
    <archivo>s01010951.xml</archivo>
    <hash>33244EF53F663F7F466CC3CC64E5892A</hash>
  </archivos>
  <archivos>
    <archivo>s01010952.xml</archivo>
    <hash>A048AEFC2391057559908E6AA1B762EA</hash>
  </archivos>
  <archivos>
    <archivo>s01010975.xml</archivo>
    <hash>6541149C193811558CB90F0A3E90BAF5</hash>
  </archivos>
  <archivos>
    <archivo>s01010976.xml</archivo>
    <hash>6E840BE52B2B56396F444D0D8461F1F3</hash>
  </archivos>
  <archivos>
    <archivo>s01010977.xml</archivo>
    <hash>2A2143E24A88F9909422A0336F47EC83</hash>
  </archivos>
  <archivos>
    <archivo>s01010978.xml</archivo>
    <hash>4D2CB7C35606936CA7F1867E8FE1C8D9</hash>
  </archivos>
  <archivos>
    <archivo>s01010979.xml</archivo>
    <hash>C3C14978911C2260364756E9C7F17D3F</hash>
  </archivos>
  <archivos>
    <archivo>s01010980.xml</archivo>
    <hash>0F7AAF85E487F1E05040F196A9667194</hash>
  </archivos>
  <archivos>
    <archivo>s01010981.xml</archivo>
    <hash>7947B46B9C7921B324C9408D083D5EB7</hash>
  </archivos>
  <archivos>
    <archivo>s01010982.xml</archivo>
    <hash>9B7EE173E9FA128E991E13C4E404DF1D</hash>
  </archivos>
  <archivos>
    <archivo>s01010987.xml</archivo>
    <hash>00760BE496DC56033F837A2FAA9DC1D3</hash>
  </archivos>
  <archivos>
    <archivo>s01010988.xml</archivo>
    <hash>FF926E38C1620299A1CAF2C6CBE9B612</hash>
  </archivos>
  <archivos>
    <archivo>s01010989.xml</archivo>
    <hash>FE481B60DA814514B410F2EB0870F32F</hash>
  </archivos>
  <archivos>
    <archivo>s01010990.xml</archivo>
    <hash>F2EC033F3EA7D7E3CA47E0142C0D4C14</hash>
  </archivos>
  <archivos>
    <archivo>s01011001.xml</archivo>
    <hash>ECF41031F19091D851ED4573ACB7CB40</hash>
  </archivos>
  <archivos>
    <archivo>s01011008.xml</archivo>
    <hash>7B44F79514F8920DB15E5FE8A6CAF163</hash>
  </archivos>
  <archivos>
    <archivo>s01011009.xml</archivo>
    <hash>CCA4BFBDAE985435D5D1CE88C73D3CE8</hash>
  </archivos>
  <archivos>
    <archivo>s01011010.xml</archivo>
    <hash>DF6C7D10949E6A73CBA95840B76C2777</hash>
  </archivos>
  <archivos>
    <archivo>s01011011.xml</archivo>
    <hash>F9E22A9EBD07B755985949C29949BDEB</hash>
  </archivos>
  <archivos>
    <archivo>s01011012.xml</archivo>
    <hash>B86EC503D3F4520BA5633C0FCDC7DDFF</hash>
  </archivos>
  <archivos>
    <archivo>s01011013.xml</archivo>
    <hash>422FE6FEC4A3BDD37F17AA3D91F941BC</hash>
  </archivos>
  <archivos>
    <archivo>s01011014.xml</archivo>
    <hash>1AE5725492844421734D03DE9EA394A0</hash>
  </archivos>
  <archivos>
    <archivo>s01011015.xml</archivo>
    <hash>C1FFED86319F32591A96236C2602307D</hash>
  </archivos>
  <archivos>
    <archivo>s01011016.xml</archivo>
    <hash>AB4446A86AB1ECD499814E389534D4A2</hash>
  </archivos>
  <archivos>
    <archivo>s01011017.xml</archivo>
    <hash>3597D8B904633B359066906E3AAEAC72</hash>
  </archivos>
  <archivos>
    <archivo>s01011018.xml</archivo>
    <hash>AE4C7F2882C0BED83CA5F0EDFC4D9A13</hash>
  </archivos>
  <archivos>
    <archivo>r01010949.txt</archivo>
    <hash>56D3A5DB4E6BB4EC2C996643C2AF34E3</hash>
  </archivos>
  <archivos>
    <archivo>r01010950.txt</archivo>
    <hash>4BCA37736C3899A60B870302CABBB396</hash>
  </archivos>
  <archivos>
    <archivo>r01010951.txt</archivo>
    <hash>B80DF9B45AF49EE3922B5084548D2B6D</hash>
  </archivos>
  <archivos>
    <archivo>r01010952.txt</archivo>
    <hash>D2F8DF2A8FB2F6B615692B1F4B987700</hash>
  </archivos>
  <archivos>
    <archivo>r01010975.txt</archivo>
    <hash>9AB4B3F1AA321E4D411C5C39B82CE07C</hash>
  </archivos>
  <archivos>
    <archivo>r01010976.txt</archivo>
    <hash>1135BFFD85F553247C1F1919DB1D8BF5</hash>
  </archivos>
  <archivos>
    <archivo>r01010977.txt</archivo>
    <hash>9F87E766AB593D896772BA71B19FE526</hash>
  </archivos>
  <archivos>
    <archivo>r01010978.txt</archivo>
    <hash>E6B6ADA55454577DAC657EBBC61CF65E</hash>
  </archivos>
  <archivos>
    <archivo>r01010979.txt</archivo>
    <hash>39E770F8F22F742CE09D08C7668787F1</hash>
  </archivos>
  <archivos>
    <archivo>r01010980.txt</archivo>
    <hash>3C7B89A2DEE72583A60C4689CB656E73</hash>
  </archivos>
  <archivos>
    <archivo>r01010981.txt</archivo>
    <hash>D6E3BD1161F1C0476F4E0CA5001B9E2B</hash>
  </archivos>
  <archivos>
    <archivo>r01010982.txt</archivo>
    <hash>18AB2400DA2861EF0CE0B6CB70E32540</hash>
  </archivos>
  <archivos>
    <archivo>r01010987.txt</archivo>
    <hash>7B6AEE501B8F91E2C406DCF704CB89FE</hash>
  </archivos>
  <archivos>
    <archivo>r01010988.txt</archivo>
    <hash>636E8A65087CF3B74A6129DE140C6827</hash>
  </archivos>
  <archivos>
    <archivo>r01010989.txt</archivo>
    <hash>45A072C2B73640420F16DD502A2E908D</hash>
  </archivos>
  <archivos>
    <archivo>r01010990.txt</archivo>
    <hash>9DE2C639472994CEE3E477B4F1B64253</hash>
  </archivos>
  <archivos>
    <archivo>r01011001.txt</archivo>
    <hash>1EFF7E7A7AAEC7E90AB245784D00B89F</hash>
  </archivos>
  <archivos>
    <archivo>r01011008.txt</archivo>
    <hash>9829C240402936B4BEAA3A9322946E91</hash>
  </archivos>
  <archivos>
    <archivo>r01011009.txt</archivo>
    <hash>0371D986600D0751D00558713E08E640</hash>
  </archivos>
  <archivos>
    <archivo>r01011010.txt</archivo>
    <hash>19FB28091242E7CB56BC7B946205B651</hash>
  </archivos>
  <archivos>
    <archivo>r01011011.txt</archivo>
    <hash>6B6F7DEA7BB0956C0C8AA06163389870</hash>
  </archivos>
  <archivos>
    <archivo>r01011012.txt</archivo>
    <hash>909245E0D3DF53F922D9EEF4DDFD09F1</hash>
  </archivos>
  <archivos>
    <archivo>r01011013.txt</archivo>
    <hash>BA9ABD19F850CB240CC81662804104E7</hash>
  </archivos>
  <archivos>
    <archivo>r01011014.txt</archivo>
    <hash>9633790114DC744866F1A1E92178DC9C</hash>
  </archivos>
  <archivos>
    <archivo>r01011015.txt</archivo>
    <hash>C86B7DC6EA3D89E1DF2F1636054559A6</hash>
  </archivos>
  <archivos>
    <archivo>r01011016.txt</archivo>
    <hash>0D51F72B6A1CE55D85F8EDA91B92D6CF</hash>
  </archivos>
  <archivos>
    <archivo>r01011017.txt</archivo>
    <hash>5B921AE3A9F1DE543B9BF9F3795CE3B4</hash>
  </archivos>
  <archivos>
    <archivo>r01011018.txt</archivo>
    <hash>AD10D907BA53A2158235CFCCB423577E</hash>
  </archivos>
  <archivos>
    <archivo>sectoresTarifarios.xml</archivo>
    <hash>1C8B108AD075AFE04309EDC744289E84</hash>
  </archivos>
</Version>