<?xml version="1.0" standalone="yes"?>
<Sector>
  <xs:schema id="Sector" xmlns="" xmlns:xs="http://www.w3.org/2001/XMLSchema" xmlns:msdata="urn:schemas-microsoft-com:xml-msdata">
    <xs:element name="Sector" msdata:IsDataSet="true" msdata:Locale="">
      <xs:complexType>
        <xs:choice minOccurs="0" maxOccurs="unbounded">
          <xs:element name="S" msdata:Locale="">
            <xs:complexType>
              <xs:sequence>
                <xs:element name="Calle" type="xs:string" minOccurs="0" />
                <xs:element name="Lat" type="xs:decimal" minOccurs="0" />
                <xs:element name="Lon" type="xs:decimal" minOccurs="0" />
                <xs:element name="Dis" type="xs:decimal" minOccurs="0" />
                <xs:element name="Cta" type="xs:int" minOccurs="0" />
                <xs:element name="CodSec" type="xs:int" minOccurs="0" />
              </xs:sequence>
            </xs:complexType>
          </xs:element>
        </xs:choice>
      </xs:complexType>
    </xs:element>
  </xs:schema>
  <S>
    <Calle>GALP6</Calle>
    <Lat>34.528274</Lat>
    <Lon>58.543786</Lon>
    <Dis>660.880</Dis>
    <Cta>1</Cta>
    <CodSec>1</CodSec>
  </S>
  <S>
    <Calle>ADER</Calle>
    <Lat>34.529041</Lat>
    <Lon>58.548492</Lon>
    <Dis>1649.060</Dis>
    <Cta>26</Cta>
    <CodSec>1</CodSec>
  </S>
  <S>
    <Calle>INDEP</Calle>
    <Lat>34.535329</Lat>
    <Lon>58.535682</Lon>
    <Dis>1023.220</Dis>
    <Cta>85</Cta>
    <CodSec>1</CodSec>
  </S>
  <S>
    <Calle>ESTAC</Calle>
    <Lat>34.531224</Lat>
    <Lon>58.525736</Lon>
    <Dis>1172.190</Dis>
    <Cta>123</Cta>
    <CodSec>2</CodSec>
  </S>
  <S>
    <Calle>MITRE</Calle>
    <Lat>34.530596</Lat>
    <Lon>58.514910</Lon>
    <Dis>496.130</Dis>
    <Cta>167</Cta>
    <CodSec>2</CodSec>
  </S>
  <S>
    <Calle>YRIG3</Calle>
    <Lat>34.532957</Lat>
    <Lon>58.510338</Lon>
    <Dis>1399.380</Dis>
    <Cta>186</Cta>
    <CodSec>2</CodSec>
  </S>
  <S>
    <Calle>LAVAL</Calle>
    <Lat>34.543946</Lat>
    <Lon>58.503401</Lon>
    <Dis>891.640</Dis>
    <Cta>241</Cta>
    <CodSec>2</CodSec>
  </S>
  <S>
    <Calle>G.PAZ</Calle>
    <Lat>34.550381</Lat>
    <Lon>58.500313</Lon>
    <Dis>2517.280</Dis>
    <Cta>279</Cta>
    <CodSec>3</CodSec>
  </S>
  <S>
    <Calle>CONGR</Calle>
    <Lat>34.566230</Lat>
    <Lon>58.483835</Lon>
    <Dis>2273.120</Dis>
    <Cta>374</Cta>
    <CodSec>3</CodSec>
  </S>
  <S>
    <Calle>CABIL</Calle>
    <Lat>34.555612</Lat>
    <Lon>58.462827</Lon>
    <Dis>790.230</Dis>
    <Cta>453</Cta>
    <CodSec>4</CodSec>
  </S>
  <S>
    <Calle>MENDO</Calle>
    <Lat>34.561087</Lat>
    <Lon>58.457581</Lon>
    <Dis>917.660</Dis>
    <Cta>483</Cta>
    <CodSec>5</CodSec>
  </S>
  <S>
    <Calle>ARRED</Calle>
    <Lat>34.566961</Lat>
    <Lon>58.450770</Lon>
    <Dis>1717.490</Dis>
    <Cta>517</Cta>
    <CodSec>5</CodSec>
  </S>
  <S>
    <Calle>VIADU</Calle>
    <Lat>34.575233</Lat>
    <Lon>58.434935</Lon>
    <Dis>1367.610</Dis>
    <Cta>576</Cta>
    <CodSec>6</CodSec>
  </S>
  <S>
    <Calle>ITALI</Calle>
    <Lat>34.581024</Lat>
    <Lon>58.421917</Lon>
    <Dis>989.060</Dis>
    <Cta>628</Cta>
    <CodSec>6</CodSec>
  </S>
  <S>
    <Calle>S.ORT</Calle>
    <Lat>34.581935</Lat>
    <Lon>58.411572</Lon>
    <Dis>1499.780</Dis>
    <Cta>665</Cta>
    <CodSec>6</CodSec>
  </S>
  <S>
    <Calle>PUEY2</Calle>
    <Lat>34.587293</Lat>
    <Lon>58.397520</Lon>
    <Dis>1378.390</Dis>
    <Cta>718</Cta>
    <CodSec>7</CodSec>
  </S>
  <S>
    <Calle>CORDO</Calle>
    <Lat>34.598169</Lat>
    <Lon>58.403700</Lon>
    <Dis>1334.030</Dis>
    <Cta>768</Cta>
    <CodSec>7</CodSec>
  </S>
  <S>
    <Calle>RIVD5</Calle>
    <Lat>34.609925</Lat>
    <Lon>58.406022</Lon>
    <Dis>2560.710</Dis>
    <Cta>817</Cta>
    <CodSec>8</CodSec>
  </S>
  <S>
    <Calle>COCHA</Calle>
    <Lat>34.626972</Lat>
    <Lon>58.412365</Lon>
    <Dis>0</Dis>
    <Cta>907</Cta>
    <CodSec>9</CodSec>
  </S>
</Sector>