<?xml version="1.0" standalone="yes"?>
<SectorTarifarioExportacion>
  <xs:schema id="SectorTarifarioExportacion" xmlns="" xmlns:xs="http://www.w3.org/2001/XMLSchema" xmlns:msdata="urn:schemas-microsoft-com:xml-msdata">
    <xs:element name="SectorTarifarioExportacion" msdata:IsDataSet="true" msdata:Locale="">
      <xs:complexType>
        <xs:choice minOccurs="0" maxOccurs="unbounded">
          <xs:element name="S" msdata:Locale="">
            <xs:complexType>
              <xs:sequence>
                <xs:element name="Sec" type="xs:string" minOccurs="0" />
                <xs:element name="CodSec" type="xs:int" minOccurs="0" />
              </xs:sequence>
            </xs:complexType>
          </xs:element>
        </xs:choice>
      </xs:complexType>
    </xs:element>
  </xs:schema>
  <S>
    <Sec>Galp-Carap</Sec>
    <CodSec>1</CodSec>
  </S>
  <S>
    <Sec>Est. Munro</Sec>
    <CodSec>2</CodSec>
  </S>
  <S>
    <Sec>Gral. Paz</Sec>
    <CodSec>3</CodSec>
  </S>
  <S>
    <Sec>Cong-Trona</Sec>
    <CodSec>4</CodSec>
  </S>
  <S>
    <Sec>Juramento</Sec>
    <CodSec>5</CodSec>
  </S>
  <S>
    <Sec>Pte.Pacifi</Sec>
    <CodSec>6</CodSec>
  </S>
  <S>
    <Sec>Heras-Puey</Sec>
    <CodSec>7</CodSec>
  </S>
  <S>
    <Sec>Puey-Mitre</Sec>
    <CodSec>8</CodSec>
  </S>
  <S>
    <Sec>S.de Loria</Sec>
    <CodSec>9</CodSec>
  </S>
</SectorTarifarioExportacion>