<?xml version="1.0" standalone="yes"?>
<Sector>
  <xs:schema id="Sector" xmlns="" xmlns:xs="http://www.w3.org/2001/XMLSchema" xmlns:msdata="urn:schemas-microsoft-com:xml-msdata">
    <xs:element name="Sector" msdata:IsDataSet="true" msdata:Locale="">
      <xs:complexType>
        <xs:choice minOccurs="0" maxOccurs="unbounded">
          <xs:element name="S" msdata:Locale="">
            <xs:complexType>
              <xs:sequence>
                <xs:element name="Calle" type="xs:string" minOccurs="0" />
                <xs:element name="Lat" type="xs:decimal" minOccurs="0" />
                <xs:element name="Lon" type="xs:decimal" minOccurs="0" />
                <xs:element name="Dis" type="xs:decimal" minOccurs="0" />
                <xs:element name="Cta" type="xs:int" minOccurs="0" />
                <xs:element name="CodSec" type="xs:int" minOccurs="0" />
              </xs:sequence>
            </xs:complexType>
          </xs:element>
        </xs:choice>
      </xs:complexType>
    </xs:element>
  </xs:schema>
  <S>
    <Calle>S.RAF</Calle>
    <Lat>33.033623</Lat>
    <Lon>60.621009</Lon>
    <Dis>4113.489</Dis>
    <Cta>1</Cta>
    <CodSec>12</CodSec>
  </S>
  <S>
    <Calle>SDIEG</Calle>
    <Lat>33.018482</Lat>
    <Lon>60.609104</Lon>
    <Dis>1398.284</Dis>
    <Cta>268</Cta>
    <CodSec>12</CodSec>
  </S>
  <S>
    <Calle>JDPER</Calle>
    <Lat>33.010651</Lat>
    <Lon>60.614834</Lon>
    <Dis>1198.888</Dis>
    <Cta>370</Cta>
    <CodSec>12</CodSec>
  </S>
  <S>
    <Calle>ArSAL</Calle>
    <Lat>33.000332</Lat>
    <Lon>60.614864</Lon>
    <Dis>3628.234</Dis>
    <Cta>465</Cta>
    <CodSec>12</CodSec>
  </S>
  <S>
    <Calle>27FEB</Calle>
    <Lat>32.971339</Lat>
    <Lon>60.622392</Lon>
    <Dis>3636.188</Dis>
    <Cta>701</Cta>
    <CodSec>12</CodSec>
  </S>
  <S>
    <Calle>CORRI</Calle>
    <Lat>32.956354</Lat>
    <Lon>60.645016</Lon>
    <Dis>770.755</Dis>
    <Cta>914</Cta>
    <CodSec>12</CodSec>
  </S>
  <S>
    <Calle>SJUAN</Calle>
    <Lat>32.949591</Lat>
    <Lon>60.643341</Lon>
    <Dis>449.547</Dis>
    <Cta>958</Cta>
    <CodSec>12</CodSec>
  </S>
  <S>
    <Calle>CORDO</Calle>
    <Lat>32.945772</Lat>
    <Lon>60.642371</Lon>
    <Dis>1187.972</Dis>
    <Cta>985</Cta>
    <CodSec>12</CodSec>
  </S>
  <S>
    <Calle>ORO?O</Calle>
    <Lat>32.942393</Lat>
    <Lon>60.652671</Lon>
    <Dis>1708.242</Dis>
    <Cta>1055</Cta>
    <CodSec>12</CodSec>
  </S>
  <S>
    <Calle>CAFFE</Calle>
    <Lat>32.939222</Lat>
    <Lon>60.670454</Lon>
    <Dis>2208.551</Dis>
    <Cta>1154</Cta>
    <CodSec>12</CodSec>
  </S>
  <S>
    <Calle>AVELL</Calle>
    <Lat>32.927120</Lat>
    <Lon>60.676047</Lon>
    <Dis>1621.756</Dis>
    <Cta>1294</Cta>
    <CodSec>12</CodSec>
  </S>
  <S>
    <Calle>GENOV</Calle>
    <Lat>32.915195</Lat>
    <Lon>60.685671</Lon>
    <Dis>2469.802</Dis>
    <Cta>1395</Cta>
    <CodSec>12</CodSec>
  </S>
  <S>
    <Calle>PUCCI</Calle>
    <Lat>32.894253</Lat>
    <Lon>60.692278</Lon>
    <Dis>2708.260</Dis>
    <Cta>1550</Cta>
    <CodSec>12</CodSec>
  </S>
  <S>
    <Calle>CIUDA</Calle>
    <Lat>32.870949</Lat>
    <Lon>60.699420</Lon>
    <Dis>4253.266</Dis>
    <Cta>1715</Cta>
    <CodSec>14</CodSec>
  </S>
  <S>
    <Calle>CELUL</Calle>
    <Lat>32.834155</Lat>
    <Lon>60.710831</Lon>
    <Dis>3903.251</Dis>
    <Cta>1964</Cta>
    <CodSec>15</CodSec>
  </S>
  <S>
    <Calle>MALVI</Calle>
    <Lat>32.800377</Lat>
    <Lon>60.721067</Lon>
    <Dis>2602.802</Dis>
    <Cta>2213</Cta>
    <CodSec>16</CodSec>
  </S>
  <S>
    <Calle>M.MOR</Calle>
    <Lat>32.777804</Lat>
    <Lon>60.727899</Lon>
    <Dis>2577.702</Dis>
    <Cta>2380</Cta>
    <CodSec>17</CodSec>
  </S>
  <S>
    <Calle>BORGH</Calle>
    <Lat>32.755899</Lat>
    <Lon>60.734320</Lon>
    <Dis>2016.336</Dis>
    <Cta>2617</Cta>
    <CodSec>17</CodSec>
  </S>
  <S>
    <Calle>FALUC</Calle>
    <Lat>32.737902</Lat>
    <Lon>60.733902</Lon>
    <Dis>1957.085</Dis>
    <Cta>2745</Cta>
    <CodSec>17</CodSec>
  </S>
  <S>
    <Calle>P.PSM</Calle>
    <Lat>32.720594</Lat>
    <Lon>60.731834</Lon>
    <Dis>6185.590</Dis>
    <Cta>2871</Cta>
    <CodSec>18</CodSec>
  </S>
  <S>
    <Calle>VIAS.</Calle>
    <Lat>32.691463</Lat>
    <Lon>60.773824</Lon>
    <Dis>2542.892</Dis>
    <Cta>3301</Cta>
    <CodSec>19</CodSec>
  </S>
  <S>
    <Calle>TRENE</Calle>
    <Lat>32.672382</Lat>
    <Lon>60.788633</Lon>
    <Dis>4452.487</Dis>
    <Cta>3419</Cta>
    <CodSec>19</CodSec>
  </S>
  <S>
    <Calle>CRUCE</Calle>
    <Lat>32.638882</Lat>
    <Lon>60.814265</Lon>
    <Dis>9645.285</Dis>
    <Cta>3651</Cta>
    <CodSec>21</CodSec>
  </S>
  <S>
    <Calle>CIRC.</Calle>
    <Lat>32.671533</Lat>
    <Lon>60.882205</Lon>
    <Dis>0</Dis>
    <Cta>4308</Cta>
    <CodSec>21</CodSec>
  </S>
</Sector>