<?xml version="1.0" standalone="yes"?>
<Sector>
  <xs:schema id="Sector" xmlns="" xmlns:xs="http://www.w3.org/2001/XMLSchema" xmlns:msdata="urn:schemas-microsoft-com:xml-msdata">
    <xs:element name="Sector" msdata:IsDataSet="true" msdata:Locale="">
      <xs:complexType>
        <xs:choice minOccurs="0" maxOccurs="unbounded">
          <xs:element name="S" msdata:Locale="">
            <xs:complexType>
              <xs:sequence>
                <xs:element name="Calle" type="xs:string" minOccurs="0" />
                <xs:element name="Lat" type="xs:decimal" minOccurs="0" />
                <xs:element name="Lon" type="xs:decimal" minOccurs="0" />
                <xs:element name="Dis" type="xs:decimal" minOccurs="0" />
                <xs:element name="Cta" type="xs:int" minOccurs="0" />
                <xs:element name="CodSec" type="xs:int" minOccurs="0" />
              </xs:sequence>
            </xs:complexType>
          </xs:element>
        </xs:choice>
      </xs:complexType>
    </xs:element>
  </xs:schema>
  <S>
    <Calle>S.RAF</Calle>
    <Lat>33.033623</Lat>
    <Lon>60.621009</Lon>
    <Dis>4089.844</Dis>
    <Cta>1</Cta>
    <CodSec>12</CodSec>
  </S>
  <S>
    <Calle>SDIEG</Calle>
    <Lat>33.018482</Lat>
    <Lon>60.609104</Lon>
    <Dis>1398.284</Dis>
    <Cta>267</Cta>
    <CodSec>12</CodSec>
  </S>
  <S>
    <Calle>JDPER</Calle>
    <Lat>33.010651</Lat>
    <Lon>60.614834</Lon>
    <Dis>1198.888</Dis>
    <Cta>369</Cta>
    <CodSec>12</CodSec>
  </S>
  <S>
    <Calle>ArSAL</Calle>
    <Lat>33.000332</Lat>
    <Lon>60.614864</Lon>
    <Dis>3628.234</Dis>
    <Cta>464</Cta>
    <CodSec>12</CodSec>
  </S>
  <S>
    <Calle>27FEB</Calle>
    <Lat>32.971339</Lat>
    <Lon>60.622392</Lon>
    <Dis>3636.188</Dis>
    <Cta>700</Cta>
    <CodSec>12</CodSec>
  </S>
  <S>
    <Calle>CORRI</Calle>
    <Lat>32.956354</Lat>
    <Lon>60.645016</Lon>
    <Dis>764.891</Dis>
    <Cta>913</Cta>
    <CodSec>12</CodSec>
  </S>
  <S>
    <Calle>SJUAN</Calle>
    <Lat>32.949663</Lat>
    <Lon>60.643325</Lon>
    <Dis>454.403</Dis>
    <Cta>957</Cta>
    <CodSec>12</CodSec>
  </S>
  <S>
    <Calle>CORDO</Calle>
    <Lat>32.945772</Lat>
    <Lon>60.642371</Lon>
    <Dis>1187.127</Dis>
    <Cta>984</Cta>
    <CodSec>12</CodSec>
  </S>
  <S>
    <Calle>ORO?O</Calle>
    <Lat>32.942393</Lat>
    <Lon>60.652671</Lon>
    <Dis>1710.518</Dis>
    <Cta>1054</Cta>
    <CodSec>12</CodSec>
  </S>
  <S>
    <Calle>CAFFE</Calle>
    <Lat>32.939222</Lat>
    <Lon>60.670454</Lon>
    <Dis>2184.996</Dis>
    <Cta>1152</Cta>
    <CodSec>12</CodSec>
  </S>
  <S>
    <Calle>AVELL</Calle>
    <Lat>32.927120</Lat>
    <Lon>60.676047</Lon>
    <Dis>1616.490</Dis>
    <Cta>1289</Cta>
    <CodSec>12</CodSec>
  </S>
  <S>
    <Calle>GENOV</Calle>
    <Lat>32.915258</Lat>
    <Lon>60.685617</Lon>
    <Dis>2476.247</Dis>
    <Cta>1385</Cta>
    <CodSec>12</CodSec>
  </S>
  <S>
    <Calle>PUCCI</Calle>
    <Lat>32.894253</Lat>
    <Lon>60.692278</Lon>
    <Dis>2723.627</Dis>
    <Cta>1540</Cta>
    <CodSec>12</CodSec>
  </S>
  <S>
    <Calle>CIUDA</Calle>
    <Lat>32.870949</Lat>
    <Lon>60.699420</Lon>
    <Dis>4249.441</Dis>
    <Cta>1705</Cta>
    <CodSec>14</CodSec>
  </S>
  <S>
    <Calle>CELUL</Calle>
    <Lat>32.834155</Lat>
    <Lon>60.710831</Lon>
    <Dis>3901.140</Dis>
    <Cta>1954</Cta>
    <CodSec>15</CodSec>
  </S>
  <S>
    <Calle>MALVI</Calle>
    <Lat>32.800377</Lat>
    <Lon>60.721067</Lon>
    <Dis>2607.420</Dis>
    <Cta>2206</Cta>
    <CodSec>16</CodSec>
  </S>
  <S>
    <Calle>M.MOR</Calle>
    <Lat>32.777804</Lat>
    <Lon>60.727899</Lon>
    <Dis>2573.868</Dis>
    <Cta>2373</Cta>
    <CodSec>17</CodSec>
  </S>
  <S>
    <Calle>BORGH</Calle>
    <Lat>32.755899</Lat>
    <Lon>60.734320</Lon>
    <Dis>2016.968</Dis>
    <Cta>2605</Cta>
    <CodSec>17</CodSec>
  </S>
  <S>
    <Calle>FALUC</Calle>
    <Lat>32.737902</Lat>
    <Lon>60.733902</Lon>
    <Dis>1953.494</Dis>
    <Cta>2733</Cta>
    <CodSec>17</CodSec>
  </S>
  <S>
    <Calle>P.PSM</Calle>
    <Lat>32.720594</Lat>
    <Lon>60.731834</Lon>
    <Dis>739.241</Dis>
    <Cta>2861</Cta>
    <CodSec>18</CodSec>
  </S>
  <S>
    <Calle>PGSMA</Calle>
    <Lat>32.717152</Lat>
    <Lon>60.730196</Lon>
    <Dis>0</Dis>
    <Cta>2911</Cta>
    <CodSec>18</CodSec>
  </S>
</Sector>