<?xml version="1.0" standalone="yes"?>
<Sector>
  <xs:schema id="Sector" xmlns="" xmlns:xs="http://www.w3.org/2001/XMLSchema" xmlns:msdata="urn:schemas-microsoft-com:xml-msdata">
    <xs:element name="Sector" msdata:IsDataSet="true" msdata:Locale="">
      <xs:complexType>
        <xs:choice minOccurs="0" maxOccurs="unbounded">
          <xs:element name="S" msdata:Locale="">
            <xs:complexType>
              <xs:sequence>
                <xs:element name="Calle" type="xs:string" minOccurs="0" />
                <xs:element name="Lat" type="xs:decimal" minOccurs="0" />
                <xs:element name="Lon" type="xs:decimal" minOccurs="0" />
                <xs:element name="Dis" type="xs:decimal" minOccurs="0" />
                <xs:element name="Cta" type="xs:int" minOccurs="0" />
                <xs:element name="CodSec" type="xs:int" minOccurs="0" />
              </xs:sequence>
            </xs:complexType>
          </xs:element>
        </xs:choice>
      </xs:complexType>
    </xs:element>
  </xs:schema>
  <S>
    <Calle>V.G.G</Calle>
    <Lat>33.038562</Lat>
    <Lon>60.660540</Lon>
    <Dis>4175.178</Dis>
    <Cta>1</Cta>
    <CodSec>12</CodSec>
  </S>
  <S>
    <Calle>FILIP</Calle>
    <Lat>33.028733</Lat>
    <Lon>60.637026</Lon>
    <Dis>1624.302</Dis>
    <Cta>272</Cta>
    <CodSec>12</CodSec>
  </S>
  <S>
    <Calle>CIRCU</Calle>
    <Lat>33.016555</Lat>
    <Lon>60.633030</Lon>
    <Dis>3267.714</Dis>
    <Cta>402</Cta>
    <CodSec>12</CodSec>
  </S>
  <S>
    <Calle>AvROS</Calle>
    <Lat>32.998884</Lat>
    <Lon>60.617562</Lon>
    <Dis>4499.364</Dis>
    <Cta>598</Cta>
    <CodSec>12</CodSec>
  </S>
  <S>
    <Calle>PELL.</Calle>
    <Lat>32.960669</Lat>
    <Lon>60.620983</Lon>
    <Dis>2322.561</Dis>
    <Cta>912</Cta>
    <CodSec>12</CodSec>
  </S>
  <S>
    <Calle>CORRI</Calle>
    <Lat>32.956426</Lat>
    <Lon>60.644994</Lon>
    <Dis>806.846</Dis>
    <Cta>1070</Cta>
    <CodSec>12</CodSec>
  </S>
  <S>
    <Calle>SJUAN</Calle>
    <Lat>32.949420</Lat>
    <Lon>60.643260</Lon>
    <Dis>417.573</Dis>
    <Cta>1115</Cta>
    <CodSec>12</CodSec>
  </S>
  <S>
    <Calle>CORDO</Calle>
    <Lat>32.945772</Lat>
    <Lon>60.642371</Lon>
    <Dis>1188.163</Dis>
    <Cta>1139</Cta>
    <CodSec>12</CodSec>
  </S>
  <S>
    <Calle>ORO?O</Calle>
    <Lat>32.942393</Lat>
    <Lon>60.652671</Lon>
    <Dis>1708.005</Dis>
    <Cta>1205</Cta>
    <CodSec>12</CodSec>
  </S>
  <S>
    <Calle>CAFFE</Calle>
    <Lat>32.939222</Lat>
    <Lon>60.670454</Lon>
    <Dis>2204.727</Dis>
    <Cta>1306</Cta>
    <CodSec>12</CodSec>
  </S>
  <S>
    <Calle>AVELL</Calle>
    <Lat>32.927120</Lat>
    <Lon>60.676047</Lon>
    <Dis>1628.144</Dis>
    <Cta>1441</Cta>
    <CodSec>12</CodSec>
  </S>
  <S>
    <Calle>GENOV</Calle>
    <Lat>32.915096</Lat>
    <Lon>60.685703</Lon>
    <Dis>2443.996</Dis>
    <Cta>1540</Cta>
    <CodSec>12</CodSec>
  </S>
  <S>
    <Calle>PUCCI</Calle>
    <Lat>32.894253</Lat>
    <Lon>60.692278</Lon>
    <Dis>2720.219</Dis>
    <Cta>1692</Cta>
    <CodSec>12</CodSec>
  </S>
  <S>
    <Calle>CIUDA</Calle>
    <Lat>32.870949</Lat>
    <Lon>60.699420</Lon>
    <Dis>4246.691</Dis>
    <Cta>1855</Cta>
    <CodSec>14</CodSec>
  </S>
  <S>
    <Calle>CELUL</Calle>
    <Lat>32.834155</Lat>
    <Lon>60.710831</Lon>
    <Dis>3903.003</Dis>
    <Cta>2102</Cta>
    <CodSec>15</CodSec>
  </S>
  <S>
    <Calle>MALVI</Calle>
    <Lat>32.800377</Lat>
    <Lon>60.721067</Lon>
    <Dis>2611.820</Dis>
    <Cta>2353</Cta>
    <CodSec>16</CodSec>
  </S>
  <S>
    <Calle>M.MOR</Calle>
    <Lat>32.777804</Lat>
    <Lon>60.727899</Lon>
    <Dis>2578.322</Dis>
    <Cta>2522</Cta>
    <CodSec>17</CodSec>
  </S>
  <S>
    <Calle>BORGH</Calle>
    <Lat>32.755899</Lat>
    <Lon>60.734320</Lon>
    <Dis>2015.656</Dis>
    <Cta>2754</Cta>
    <CodSec>17</CodSec>
  </S>
  <S>
    <Calle>FALUC</Calle>
    <Lat>32.737902</Lat>
    <Lon>60.733902</Lon>
    <Dis>1964.545</Dis>
    <Cta>2882</Cta>
    <CodSec>17</CodSec>
  </S>
  <S>
    <Calle>P.PSM</Calle>
    <Lat>32.720594</Lat>
    <Lon>60.731834</Lon>
    <Dis>4096.183</Dis>
    <Cta>3010</Cta>
    <CodSec>18</CodSec>
  </S>
  <S>
    <Calle>B.VIS</Calle>
    <Lat>32.697227</Lat>
    <Lon>60.729834</Lon>
    <Dis>0</Dis>
    <Cta>3373</Cta>
    <CodSec>18</CodSec>
  </S>
</Sector>