<?xml version="1.0" standalone="yes"?>
<Sector>
  <xs:schema id="Sector" xmlns="" xmlns:xs="http://www.w3.org/2001/XMLSchema" xmlns:msdata="urn:schemas-microsoft-com:xml-msdata">
    <xs:element name="Sector" msdata:IsDataSet="true" msdata:Locale="">
      <xs:complexType>
        <xs:choice minOccurs="0" maxOccurs="unbounded">
          <xs:element name="S" msdata:Locale="">
            <xs:complexType>
              <xs:sequence>
                <xs:element name="Calle" type="xs:string" minOccurs="0" />
                <xs:element name="Lat" type="xs:decimal" minOccurs="0" />
                <xs:element name="Lon" type="xs:decimal" minOccurs="0" />
                <xs:element name="Dis" type="xs:decimal" minOccurs="0" />
                <xs:element name="Cta" type="xs:int" minOccurs="0" />
                <xs:element name="CodSec" type="xs:int" minOccurs="0" />
              </xs:sequence>
            </xs:complexType>
          </xs:element>
        </xs:choice>
      </xs:complexType>
    </xs:element>
  </xs:schema>
  <S>
    <Calle>V.G.G</Calle>
    <Lat>33.038562</Lat>
    <Lon>60.660540</Lon>
    <Dis>4175.178</Dis>
    <Cta>1</Cta>
    <CodSec>12</CodSec>
  </S>
  <S>
    <Calle>FILIP</Calle>
    <Lat>33.028733</Lat>
    <Lon>60.637026</Lon>
    <Dis>1624.302</Dis>
    <Cta>272</Cta>
    <CodSec>12</CodSec>
  </S>
  <S>
    <Calle>CIRCU</Calle>
    <Lat>33.016555</Lat>
    <Lon>60.633030</Lon>
    <Dis>3267.714</Dis>
    <Cta>402</Cta>
    <CodSec>12</CodSec>
  </S>
  <S>
    <Calle>AvROS</Calle>
    <Lat>32.998884</Lat>
    <Lon>60.617562</Lon>
    <Dis>4499.364</Dis>
    <Cta>598</Cta>
    <CodSec>12</CodSec>
  </S>
  <S>
    <Calle>PELL.</Calle>
    <Lat>32.960669</Lat>
    <Lon>60.620983</Lon>
    <Dis>2322.561</Dis>
    <Cta>912</Cta>
    <CodSec>12</CodSec>
  </S>
  <S>
    <Calle>CORRI</Calle>
    <Lat>32.956426</Lat>
    <Lon>60.644994</Lon>
    <Dis>807.206</Dis>
    <Cta>1070</Cta>
    <CodSec>12</CodSec>
  </S>
  <S>
    <Calle>SJUAN</Calle>
    <Lat>32.949420</Lat>
    <Lon>60.643261</Lon>
    <Dis>418.625</Dis>
    <Cta>1115</Cta>
    <CodSec>12</CodSec>
  </S>
  <S>
    <Calle>CORDO</Calle>
    <Lat>32.945772</Lat>
    <Lon>60.642371</Lon>
    <Dis>1187.127</Dis>
    <Cta>1139</Cta>
    <CodSec>12</CodSec>
  </S>
  <S>
    <Calle>ORO?O</Calle>
    <Lat>32.942393</Lat>
    <Lon>60.652671</Lon>
    <Dis>1709.680</Dis>
    <Cta>1209</Cta>
    <CodSec>12</CodSec>
  </S>
  <S>
    <Calle>CAFFE</Calle>
    <Lat>32.939222</Lat>
    <Lon>60.670454</Lon>
    <Dis>2172.708</Dis>
    <Cta>1307</Cta>
    <CodSec>12</CodSec>
  </S>
  <S>
    <Calle>AVELL</Calle>
    <Lat>32.927120</Lat>
    <Lon>60.676047</Lon>
    <Dis>1616.866</Dis>
    <Cta>1444</Cta>
    <CodSec>12</CodSec>
  </S>
  <S>
    <Calle>GENOV</Calle>
    <Lat>32.915258</Lat>
    <Lon>60.685617</Lon>
    <Dis>2474.241</Dis>
    <Cta>1540</Cta>
    <CodSec>12</CodSec>
  </S>
  <S>
    <Calle>PUCCI</Calle>
    <Lat>32.894253</Lat>
    <Lon>60.692278</Lon>
    <Dis>2722.725</Dis>
    <Cta>1695</Cta>
    <CodSec>12</CodSec>
  </S>
  <S>
    <Calle>CIUDA</Calle>
    <Lat>32.870949</Lat>
    <Lon>60.699420</Lon>
    <Dis>4249.441</Dis>
    <Cta>1859</Cta>
    <CodSec>14</CodSec>
  </S>
  <S>
    <Calle>CELUL</Calle>
    <Lat>32.834155</Lat>
    <Lon>60.710831</Lon>
    <Dis>3901.138</Dis>
    <Cta>2108</Cta>
    <CodSec>15</CodSec>
  </S>
  <S>
    <Calle>MALVI</Calle>
    <Lat>32.800377</Lat>
    <Lon>60.721067</Lon>
    <Dis>2607.420</Dis>
    <Cta>2360</Cta>
    <CodSec>16</CodSec>
  </S>
  <S>
    <Calle>M.MOR</Calle>
    <Lat>32.777804</Lat>
    <Lon>60.727899</Lon>
    <Dis>2573.868</Dis>
    <Cta>2527</Cta>
    <CodSec>17</CodSec>
  </S>
  <S>
    <Calle>BORGH</Calle>
    <Lat>32.755899</Lat>
    <Lon>60.734320</Lon>
    <Dis>2016.968</Dis>
    <Cta>2759</Cta>
    <CodSec>17</CodSec>
  </S>
  <S>
    <Calle>FALUC</Calle>
    <Lat>32.737902</Lat>
    <Lon>60.733902</Lon>
    <Dis>1953.494</Dis>
    <Cta>2887</Cta>
    <CodSec>17</CodSec>
  </S>
  <S>
    <Calle>P.PSM</Calle>
    <Lat>32.720594</Lat>
    <Lon>60.731834</Lon>
    <Dis>739.216</Dis>
    <Cta>3015</Cta>
    <CodSec>18</CodSec>
  </S>
  <S>
    <Calle>PGSMA</Calle>
    <Lat>32.717152</Lat>
    <Lon>60.730196</Lon>
    <Dis>0</Dis>
    <Cta>3065</Cta>
    <CodSec>18</CodSec>
  </S>
</Sector>