<?xml version="1.0" standalone="yes"?>
<Version>
  <xs:schema id="Version" xmlns="" xmlns:xs="http://www.w3.org/2001/XMLSchema" xmlns:msdata="urn:schemas-microsoft-com:xml-msdata">
    <xs:element name="Version" msdata:IsDataSet="true" msdata:UseCurrentLocale="true">
      <xs:complexType>
        <xs:choice minOccurs="0" maxOccurs="unbounded">
          <xs:element name="datosVersion">
            <xs:complexType>
              <xs:sequence>
                <xs:element name="nroVersion" type="xs:int" minOccurs="0" />
                <xs:element name="fechaActivacion" type="xs:dateTime" minOccurs="0" />
              </xs:sequence>
            </xs:complexType>
          </xs:element>
          <xs:element name="archivos">
            <xs:complexType>
              <xs:sequence>
                <xs:element name="archivo" type="xs:string" minOccurs="0" />
                <xs:element name="hash" type="xs:string" minOccurs="0" />
              </xs:sequence>
            </xs:complexType>
          </xs:element>
        </xs:choice>
      </xs:complexType>
    </xs:element>
  </xs:schema>
  <datosVersion>
    <nroVersion>32</nroVersion>
    <fechaActivacion>2020-11-06T00:00:00-03:00</fechaActivacion>
  </datosVersion>
  <archivos>
    <archivo>s01033340.xml</archivo>
    <hash>987FBEAC58358575CBB38758D4001EEC</hash>
  </archivos>
  <archivos>
    <archivo>s01033341.xml</archivo>
    <hash>C40A9E54A261187733666877BD2AF7C5</hash>
  </archivos>
  <archivos>
    <archivo>s01033342.xml</archivo>
    <hash>B744046514F0ACDB3140B1785361CCA1</hash>
  </archivos>
  <archivos>
    <archivo>s01033343.xml</archivo>
    <hash>25998206058E6642D6468A1325309FB2</hash>
  </archivos>
  <archivos>
    <archivo>s01033344.xml</archivo>
    <hash>A3B8F4FAB80D6B53CDB496AF8B563364</hash>
  </archivos>
  <archivos>
    <archivo>s01033345.xml</archivo>
    <hash>264C45B46772C419BB264F4BA9002899</hash>
  </archivos>
  <archivos>
    <archivo>s01033346.xml</archivo>
    <hash>737A4156C2E262F5F9BE7C196F17D3FC</hash>
  </archivos>
  <archivos>
    <archivo>s01033347.xml</archivo>
    <hash>1B520DE3047FF5458B9DB80330074F45</hash>
  </archivos>
  <archivos>
    <archivo>s01033348.xml</archivo>
    <hash>C14055D639D5C20D6A7699425756253B</hash>
  </archivos>
  <archivos>
    <archivo>s01033349.xml</archivo>
    <hash>7BA6EFB144293A24F30DDF672C00F9C5</hash>
  </archivos>
  <archivos>
    <archivo>s01033350.xml</archivo>
    <hash>0631F8A3316302ADFB6013FE63750E81</hash>
  </archivos>
  <archivos>
    <archivo>s01033351.xml</archivo>
    <hash>2B9B1482EC761817139921F76D60F904</hash>
  </archivos>
  <archivos>
    <archivo>s01033352.xml</archivo>
    <hash>538754FDEFDCD69D1019402B00C1F298</hash>
  </archivos>
  <archivos>
    <archivo>s01033353.xml</archivo>
    <hash>1AB8CA4912A4254B0A1823F30492E202</hash>
  </archivos>
  <archivos>
    <archivo>s01033354.xml</archivo>
    <hash>A15E766D190216C072EE16BE1DF2CFA1</hash>
  </archivos>
  <archivos>
    <archivo>s01033355.xml</archivo>
    <hash>860F0126ECD21F5DCB346DE31BE5636D</hash>
  </archivos>
  <archivos>
    <archivo>r01033340.txt</archivo>
    <hash>74FEB7624F576EC2B94354E4CFB78511</hash>
  </archivos>
  <archivos>
    <archivo>r01033341.txt</archivo>
    <hash>B22B59D153F6FE85EFE0AB0498E4EF02</hash>
  </archivos>
  <archivos>
    <archivo>r01033342.txt</archivo>
    <hash>F78693D1D6D8C668B4632BE0CC812AC0</hash>
  </archivos>
  <archivos>
    <archivo>r01033343.txt</archivo>
    <hash>B9756F8FE0574C455891B884178804B1</hash>
  </archivos>
  <archivos>
    <archivo>r01033344.txt</archivo>
    <hash>9F7B01ED7CFEF0716C47784E73EA3659</hash>
  </archivos>
  <archivos>
    <archivo>r01033345.txt</archivo>
    <hash>FF5CF7D7A1A0606366AB4564B9C0542E</hash>
  </archivos>
  <archivos>
    <archivo>r01033346.txt</archivo>
    <hash>170ECC48E926D9DFC5400B77231A146A</hash>
  </archivos>
  <archivos>
    <archivo>r01033347.txt</archivo>
    <hash>1655B9DA431DB0FD303E1C68A8B5B0F3</hash>
  </archivos>
  <archivos>
    <archivo>r01033348.txt</archivo>
    <hash>360027B13078CCE1F7161C001C84E92C</hash>
  </archivos>
  <archivos>
    <archivo>r01033349.txt</archivo>
    <hash>26BC6E0C71FA6D3AFE18C10A71AA2CD7</hash>
  </archivos>
  <archivos>
    <archivo>r01033350.txt</archivo>
    <hash>4803F20705748BF4C9EC5FDE1938F0EA</hash>
  </archivos>
  <archivos>
    <archivo>r01033351.txt</archivo>
    <hash>879A0E90637E76A807BB283DEE0CC6BD</hash>
  </archivos>
  <archivos>
    <archivo>r01033352.txt</archivo>
    <hash>096BF72386D1C89409B63E7789CE94BE</hash>
  </archivos>
  <archivos>
    <archivo>r01033353.txt</archivo>
    <hash>6E8B57CFDEB220697C0A063D64B3619A</hash>
  </archivos>
  <archivos>
    <archivo>r01033354.txt</archivo>
    <hash>06F9825CA5B3AB83A99A23A6C52CCE22</hash>
  </archivos>
  <archivos>
    <archivo>r01033355.txt</archivo>
    <hash>2AC5D3DD1C9F93479934C54F36E40BF3</hash>
  </archivos>
  <archivos>
    <archivo>sectoresTarifarios.xml</archivo>
    <hash>F3A9DA74097E020FB0BE19DFEE8F04E4</hash>
  </archivos>
</Version>