<?xml version="1.0" standalone="yes"?>
<Sector>
  <xs:schema id="Sector" xmlns="" xmlns:xs="http://www.w3.org/2001/XMLSchema" xmlns:msdata="urn:schemas-microsoft-com:xml-msdata">
    <xs:element name="Sector" msdata:IsDataSet="true" msdata:Locale="">
      <xs:complexType>
        <xs:choice minOccurs="0" maxOccurs="unbounded">
          <xs:element name="S" msdata:Locale="">
            <xs:complexType>
              <xs:sequence>
                <xs:element name="Calle" type="xs:string" minOccurs="0" />
                <xs:element name="Lat" type="xs:decimal" minOccurs="0" />
                <xs:element name="Lon" type="xs:decimal" minOccurs="0" />
                <xs:element name="Dis" type="xs:decimal" minOccurs="0" />
                <xs:element name="Cta" type="xs:int" minOccurs="0" />
                <xs:element name="CodSec" type="xs:int" minOccurs="0" />
              </xs:sequence>
            </xs:complexType>
          </xs:element>
        </xs:choice>
      </xs:complexType>
    </xs:element>
  </xs:schema>
  <S>
    <Calle>SAAVE</Calle>
    <Lat>34.537791</Lat>
    <Lon>58.475410</Lon>
    <Dis>706.800</Dis>
    <Cta>1</Cta>
    <CodSec>1</CodSec>
  </S>
  <S>
    <Calle>ZAPIO</Calle>
    <Lat>34.540662</Lat>
    <Lon>58.480857</Lon>
    <Dis>2844.850</Dis>
    <Cta>30</Cta>
    <CodSec>1</CodSec>
  </S>
  <S>
    <Calle>AV.SM</Calle>
    <Lat>34.534374</Lat>
    <Lon>58.502723</Lon>
    <Dis>3877.380</Dis>
    <Cta>132</Cta>
    <CodSec>11</CodSec>
  </S>
  <S>
    <Calle>EDIS</Calle>
    <Lat>34.508167</Lat>
    <Lon>58.529510</Lon>
    <Dis>1389.010</Dis>
    <Cta>270</Cta>
    <CodSec>12</CodSec>
  </S>
  <S>
    <Calle>THAME</Calle>
    <Lat>34.501787</Lat>
    <Lon>58.542530</Lon>
    <Dis>965.100</Dis>
    <Cta>319</Cta>
    <CodSec>12</CodSec>
  </S>
  <S>
    <Calle>MAR 1</Calle>
    <Lat>34.497111</Lat>
    <Lon>58.551385</Lon>
    <Dis>400.750</Dis>
    <Cta>354</Cta>
    <CodSec>13</CodSec>
  </S>
  <S>
    <Calle>MAR-2</Calle>
    <Lat>34.494648</Lat>
    <Lon>58.554544</Lon>
    <Dis>1041.320</Dis>
    <Cta>369</Cta>
    <CodSec>13</CodSec>
  </S>
  <S>
    <Calle>J.S.M</Calle>
    <Lat>34.491259</Lat>
    <Lon>58.564773</Lon>
    <Dis>1894.470</Dis>
    <Cta>406</Cta>
    <CodSec>13</CodSec>
  </S>
  <S>
    <Calle>BOULO</Calle>
    <Lat>34.487860</Lat>
    <Lon>58.584753</Lon>
    <Dis>2186.960</Dis>
    <Cta>476</Cta>
    <CodSec>13</CodSec>
  </S>
  <S>
    <Calle>202-1</Calle>
    <Lat>34.485933</Lat>
    <Lon>58.608469</Lon>
    <Dis>819.430</Dis>
    <Cta>554</Cta>
    <CodSec>14</CodSec>
  </S>
  <S>
    <Calle>202-2</Calle>
    <Lat>34.484753</Lat>
    <Lon>58.617231</Lon>
    <Dis>3616.000</Dis>
    <Cta>585</Cta>
    <CodSec>14</CodSec>
  </S>
  <S>
    <Calle>197-1</Calle>
    <Lat>34.477086</Lat>
    <Lon>58.655488</Lon>
    <Dis>882.590</Dis>
    <Cta>712</Cta>
    <CodSec>36</CodSec>
  </S>
  <S>
    <Calle>197-2</Calle>
    <Lat>34.474616</Lat>
    <Lon>58.664267</Lon>
    <Dis>4271.620</Dis>
    <Cta>745</Cta>
    <CodSec>36</CodSec>
  </S>
  <S>
    <Calle>PJE-1</Calle>
    <Lat>34.461189</Lat>
    <Lon>58.707683</Lon>
    <Dis>195.550</Dis>
    <Cta>906</Cta>
    <CodSec>37</CodSec>
  </S>
  <S>
    <Calle>PJE-2</Calle>
    <Lat>34.460588</Lat>
    <Lon>58.709685</Lon>
    <Dis>769.210</Dis>
    <Cta>913</Cta>
    <CodSec>37</CodSec>
  </S>
  <S>
    <Calle>SKF-1</Calle>
    <Lat>34.458167</Lat>
    <Lon>58.717530</Lon>
    <Dis>416.380</Dis>
    <Cta>941</Cta>
    <CodSec>37</CodSec>
  </S>
  <S>
    <Calle>SKF-2</Calle>
    <Lat>34.457234</Lat>
    <Lon>58.720533</Lon>
    <Dis>890.100</Dis>
    <Cta>960</Cta>
    <CodSec>37</CodSec>
  </S>
  <S>
    <Calle>FON-1</Calle>
    <Lat>34.454332</Lat>
    <Lon>58.729574</Lon>
    <Dis>408.650</Dis>
    <Cta>992</Cta>
    <CodSec>38</CodSec>
  </S>
  <S>
    <Calle>FON-2</Calle>
    <Lat>34.453096</Lat>
    <Lon>58.733503</Lon>
    <Dis>1263.920</Dis>
    <Cta>1009</Cta>
    <CodSec>38</CodSec>
  </S>
  <S>
    <Calle>P.G-1</Calle>
    <Lat>34.448964</Lat>
    <Lon>58.746340</Lon>
    <Dis>406.890</Dis>
    <Cta>1056</Cta>
    <CodSec>38</CodSec>
  </S>
  <S>
    <Calle>P.G-2</Calle>
    <Lat>34.447735</Lat>
    <Lon>58.750273</Lon>
    <Dis>1077.940</Dis>
    <Cta>1074</Cta>
    <CodSec>38</CodSec>
  </S>
  <S>
    <Calle>P-5-1</Calle>
    <Lat>34.444587</Lat>
    <Lon>58.761388</Lon>
    <Dis>763.470</Dis>
    <Cta>1113</Cta>
    <CodSec>38</CodSec>
  </S>
  <S>
    <Calle>P-5-2</Calle>
    <Lat>34.443149</Lat>
    <Lon>58.768433</Lon>
    <Dis>1142.540</Dis>
    <Cta>1144</Cta>
    <CodSec>38</CodSec>
  </S>
  <S>
    <Calle>RU.26</Calle>
    <Lat>34.440979</Lat>
    <Lon>58.780606</Lon>
    <Dis>4176.950</Dis>
    <Cta>1185</Cta>
    <CodSec>39</CodSec>
  </S>
  <S>
    <Calle>SAVI1</Calle>
    <Lat>34.406907</Lat>
    <Lon>58.772795</Lon>
    <Dis>0</Dis>
    <Cta>1329</Cta>
    <CodSec>52</CodSec>
  </S>
</Sector>