<?xml version="1.0" standalone="yes"?>
<Sector>
  <xs:schema id="Sector" xmlns="" xmlns:xs="http://www.w3.org/2001/XMLSchema" xmlns:msdata="urn:schemas-microsoft-com:xml-msdata">
    <xs:element name="Sector" msdata:IsDataSet="true" msdata:Locale="">
      <xs:complexType>
        <xs:choice minOccurs="0" maxOccurs="unbounded">
          <xs:element name="S" msdata:Locale="">
            <xs:complexType>
              <xs:sequence>
                <xs:element name="Calle" type="xs:string" minOccurs="0" />
                <xs:element name="Lat" type="xs:decimal" minOccurs="0" />
                <xs:element name="Lon" type="xs:decimal" minOccurs="0" />
                <xs:element name="Dis" type="xs:decimal" minOccurs="0" />
                <xs:element name="Cta" type="xs:int" minOccurs="0" />
                <xs:element name="CodSec" type="xs:int" minOccurs="0" />
              </xs:sequence>
            </xs:complexType>
          </xs:element>
        </xs:choice>
      </xs:complexType>
    </xs:element>
  </xs:schema>
  <S>
    <Calle>PILAR</Calle>
    <Lat>34.477876</Lat>
    <Lon>58.901248</Lon>
    <Dis>1126.750</Dis>
    <Cta>1</Cta>
    <CodSec>60</CodSec>
  </S>
  <S>
    <Calle>PILA1</Calle>
    <Lat>34.469000</Lat>
    <Lon>58.905856</Lon>
    <Dis>3199.520</Dis>
    <Cta>45</Cta>
    <CodSec>60</CodSec>
  </S>
  <S>
    <Calle>RA.PI</Calle>
    <Lat>34.450814</Lat>
    <Lon>58.906569</Lon>
    <Dis>3131.730</Dis>
    <Cta>162</Cta>
    <CodSec>60</CodSec>
  </S>
  <S>
    <Calle>JUM-1</Calle>
    <Lat>34.444198</Lat>
    <Lon>58.874350</Lon>
    <Dis>4219.670</Dis>
    <Cta>293</Cta>
    <CodSec>41</CodSec>
  </S>
  <S>
    <Calle>LAG-1</Calle>
    <Lat>34.438095</Lat>
    <Lon>58.830767</Lon>
    <Dis>4591.880</Dis>
    <Cta>466</Cta>
    <CodSec>40</CodSec>
  </S>
  <S>
    <Calle>RU.26</Calle>
    <Lat>34.441156</Lat>
    <Lon>58.783105</Lon>
    <Dis>2131.560</Dis>
    <Cta>648</Cta>
    <CodSec>39</CodSec>
  </S>
  <S>
    <Calle>P-5-1</Calle>
    <Lat>34.445196</Lat>
    <Lon>58.761714</Lon>
    <Dis>1063.980</Dis>
    <Cta>733</Cta>
    <CodSec>39</CodSec>
  </S>
  <S>
    <Calle>P.G-1</Calle>
    <Lat>34.448068</Lat>
    <Lon>58.751190</Lon>
    <Dis>412.500</Dis>
    <Cta>773</Cta>
    <CodSec>39</CodSec>
  </S>
  <S>
    <Calle>P.G-2</Calle>
    <Lat>34.449111</Lat>
    <Lon>58.746971</Lon>
    <Dis>1261.030</Dis>
    <Cta>795</Cta>
    <CodSec>39</CodSec>
  </S>
  <S>
    <Calle>FON-1</Calle>
    <Lat>34.453388</Lat>
    <Lon>58.734256</Lon>
    <Dis>386.320</Dis>
    <Cta>843</Cta>
    <CodSec>38</CodSec>
  </S>
  <S>
    <Calle>FON-2</Calle>
    <Lat>34.454425</Lat>
    <Lon>58.730367</Lon>
    <Dis>1017.530</Dis>
    <Cta>859</Cta>
    <CodSec>38</CodSec>
  </S>
  <S>
    <Calle>SKF-1</Calle>
    <Lat>34.457730</Lat>
    <Lon>58.720028</Lon>
    <Dis>330.650</Dis>
    <Cta>896</Cta>
    <CodSec>38</CodSec>
  </S>
  <S>
    <Calle>SKF-2</Calle>
    <Lat>34.458512</Lat>
    <Lon>58.717468</Lon>
    <Dis>750.860</Dis>
    <Cta>910</Cta>
    <CodSec>38</CodSec>
  </S>
  <S>
    <Calle>PJE-1</Calle>
    <Lat>34.461093</Lat>
    <Lon>58.709919</Lon>
    <Dis>197.170</Dis>
    <Cta>945</Cta>
    <CodSec>38</CodSec>
  </S>
  <S>
    <Calle>PJE-2</Calle>
    <Lat>34.461639</Lat>
    <Lon>58.707875</Lon>
    <Dis>4084.710</Dis>
    <Cta>954</Cta>
    <CodSec>37</CodSec>
  </S>
  <S>
    <Calle>197-1</Calle>
    <Lat>34.474733</Lat>
    <Lon>58.666405</Lon>
    <Dis>1192.660</Dis>
    <Cta>1113</Cta>
    <CodSec>36</CodSec>
  </S>
  <S>
    <Calle>197-2</Calle>
    <Lat>34.477996</Lat>
    <Lon>58.654074</Lon>
    <Dis>3417.800</Dis>
    <Cta>1157</Cta>
    <CodSec>36</CodSec>
  </S>
  <S>
    <Calle>202-1</Calle>
    <Lat>34.485051</Lat>
    <Lon>58.617824</Lon>
    <Dis>962.600</Dis>
    <Cta>1273</Cta>
    <CodSec>14</CodSec>
  </S>
  <S>
    <Calle>202-2</Calle>
    <Lat>34.486493</Lat>
    <Lon>58.607559</Lon>
    <Dis>2108.060</Dis>
    <Cta>1308</Cta>
    <CodSec>14</CodSec>
  </S>
  <S>
    <Calle>BOULO</Calle>
    <Lat>34.488237</Lat>
    <Lon>58.584682</Lon>
    <Dis>1841.340</Dis>
    <Cta>1381</Cta>
    <CodSec>14</CodSec>
  </S>
  <S>
    <Calle>J.S.M</Calle>
    <Lat>34.491705</Lat>
    <Lon>58.565296</Lon>
    <Dis>937.870</Dis>
    <Cta>1449</Cta>
    <CodSec>14</CodSec>
  </S>
  <S>
    <Calle>MAR 1</Calle>
    <Lat>34.495906</Lat>
    <Lon>58.556676</Lon>
    <Dis>1459.190</Dis>
    <Cta>1485</Cta>
    <CodSec>13</CodSec>
  </S>
  <S>
    <Calle>THS-1</Calle>
    <Lat>34.502292</Lat>
    <Lon>58.543119</Lon>
    <Dis>976.450</Dis>
    <Cta>1535</Cta>
    <CodSec>13</CodSec>
  </S>
  <S>
    <Calle>EDIS</Calle>
    <Lat>34.506731</Lat>
    <Lon>58.533934</Lon>
    <Dis>4092.890</Dis>
    <Cta>1570</Cta>
    <CodSec>12</CodSec>
  </S>
  <S>
    <Calle>AV.SM</Calle>
    <Lat>34.533345</Lat>
    <Lon>58.504400</Lon>
    <Dis>3274.980</Dis>
    <Cta>1719</Cta>
    <CodSec>11</CodSec>
  </S>
  <S>
    <Calle>ZAPIO</Calle>
    <Lat>34.541931</Lat>
    <Lon>58.481159</Lon>
    <Dis>830.670</Dis>
    <Cta>1842</Cta>
    <CodSec>11</CodSec>
  </S>
  <S>
    <Calle>SAAVE</Calle>
    <Lat>34.537503</Lat>
    <Lon>58.475619</Lon>
    <Dis>0</Dis>
    <Cta>1875</Cta>
    <CodSec>1</CodSec>
  </S>
</Sector>