<?xml version="1.0" standalone="yes"?>
<Sector>
  <xs:schema id="Sector" xmlns="" xmlns:xs="http://www.w3.org/2001/XMLSchema" xmlns:msdata="urn:schemas-microsoft-com:xml-msdata">
    <xs:element name="Sector" msdata:IsDataSet="true" msdata:Locale="">
      <xs:complexType>
        <xs:choice minOccurs="0" maxOccurs="unbounded">
          <xs:element name="S" msdata:Locale="">
            <xs:complexType>
              <xs:sequence>
                <xs:element name="Calle" type="xs:string" minOccurs="0" />
                <xs:element name="Lat" type="xs:decimal" minOccurs="0" />
                <xs:element name="Lon" type="xs:decimal" minOccurs="0" />
                <xs:element name="Dis" type="xs:decimal" minOccurs="0" />
                <xs:element name="Cta" type="xs:int" minOccurs="0" />
                <xs:element name="CodSec" type="xs:int" minOccurs="0" />
              </xs:sequence>
            </xs:complexType>
          </xs:element>
        </xs:choice>
      </xs:complexType>
    </xs:element>
  </xs:schema>
  <S>
    <Calle>PILAR</Calle>
    <Lat>34.477876</Lat>
    <Lon>58.901248</Lon>
    <Dis>1126.780</Dis>
    <Cta>1</Cta>
    <CodSec>60</CodSec>
  </S>
  <S>
    <Calle>PILA1</Calle>
    <Lat>34.469000</Lat>
    <Lon>58.905856</Lon>
    <Dis>2387.150</Dis>
    <Cta>44</Cta>
    <CodSec>60</CodSec>
  </S>
  <S>
    <Calle>RU.25</Calle>
    <Lat>34.456794</Lat>
    <Lon>58.905975</Lon>
    <Dis>3355.490</Dis>
    <Cta>131</Cta>
    <CodSec>57</CodSec>
  </S>
  <S>
    <Calle>JUMBO</Calle>
    <Lat>34.450089</Lat>
    <Lon>58.870329</Lon>
    <Dis>3074.800</Dis>
    <Cta>247</Cta>
    <CodSec>56</CodSec>
  </S>
  <S>
    <Calle>LONJA</Calle>
    <Lat>34.454444</Lat>
    <Lon>58.837336</Lon>
    <Dis>2710.940</Dis>
    <Cta>359</Cta>
    <CodSec>55</CodSec>
  </S>
  <S>
    <Calle>RU.26</Calle>
    <Lat>34.458980</Lat>
    <Lon>58.811812</Lon>
    <Dis>1473.110</Dis>
    <Cta>460</Cta>
    <CodSec>54</CodSec>
  </S>
  <S>
    <Calle>D.VIS</Calle>
    <Lat>34.453880</Lat>
    <Lon>58.799554</Lon>
    <Dis>2140.670</Dis>
    <Cta>511</Cta>
    <CodSec>54</CodSec>
  </S>
  <S>
    <Calle>RA.PI</Calle>
    <Lat>34.441314</Lat>
    <Lon>58.782833</Lon>
    <Dis>2101.250</Dis>
    <Cta>587</Cta>
    <CodSec>39</CodSec>
  </S>
  <S>
    <Calle>P-5-1</Calle>
    <Lat>34.444851</Lat>
    <Lon>58.761718</Lon>
    <Dis>1453.570</Dis>
    <Cta>667</Cta>
    <CodSec>39</CodSec>
  </S>
  <S>
    <Calle>P.G-2</Calle>
    <Lat>34.449110</Lat>
    <Lon>58.746973</Lon>
    <Dis>1261.250</Dis>
    <Cta>734</Cta>
    <CodSec>39</CodSec>
  </S>
  <S>
    <Calle>FON-1</Calle>
    <Lat>34.453388</Lat>
    <Lon>58.734256</Lon>
    <Dis>386.320</Dis>
    <Cta>783</Cta>
    <CodSec>38</CodSec>
  </S>
  <S>
    <Calle>FON-2</Calle>
    <Lat>34.454425</Lat>
    <Lon>58.730367</Lon>
    <Dis>1017.580</Dis>
    <Cta>799</Cta>
    <CodSec>38</CodSec>
  </S>
  <S>
    <Calle>SKF-1</Calle>
    <Lat>34.457730</Lat>
    <Lon>58.720028</Lon>
    <Dis>330.690</Dis>
    <Cta>837</Cta>
    <CodSec>38</CodSec>
  </S>
  <S>
    <Calle>SKF-2</Calle>
    <Lat>34.458512</Lat>
    <Lon>58.717468</Lon>
    <Dis>750.890</Dis>
    <Cta>851</Cta>
    <CodSec>38</CodSec>
  </S>
  <S>
    <Calle>PJE-1</Calle>
    <Lat>34.461093</Lat>
    <Lon>58.709919</Lon>
    <Dis>197.180</Dis>
    <Cta>878</Cta>
    <CodSec>37</CodSec>
  </S>
  <S>
    <Calle>PJE-2</Calle>
    <Lat>34.461639</Lat>
    <Lon>58.707875</Lon>
    <Dis>4084.630</Dis>
    <Cta>887</Cta>
    <CodSec>37</CodSec>
  </S>
  <S>
    <Calle>197-1</Calle>
    <Lat>34.474733</Lat>
    <Lon>58.666405</Lon>
    <Dis>1192.530</Dis>
    <Cta>1043</Cta>
    <CodSec>36</CodSec>
  </S>
  <S>
    <Calle>197-2</Calle>
    <Lat>34.477996</Lat>
    <Lon>58.654074</Lon>
    <Dis>3417.500</Dis>
    <Cta>1086</Cta>
    <CodSec>36</CodSec>
  </S>
  <S>
    <Calle>202-1</Calle>
    <Lat>34.485052</Lat>
    <Lon>58.617824</Lon>
    <Dis>962.510</Dis>
    <Cta>1202</Cta>
    <CodSec>14</CodSec>
  </S>
  <S>
    <Calle>202-2</Calle>
    <Lat>34.486493</Lat>
    <Lon>58.607559</Lon>
    <Dis>2108.110</Dis>
    <Cta>1236</Cta>
    <CodSec>14</CodSec>
  </S>
  <S>
    <Calle>BOULO</Calle>
    <Lat>34.488237</Lat>
    <Lon>58.584682</Lon>
    <Dis>1841.210</Dis>
    <Cta>1309</Cta>
    <CodSec>14</CodSec>
  </S>
  <S>
    <Calle>J.S.M</Calle>
    <Lat>34.491705</Lat>
    <Lon>58.565296</Lon>
    <Dis>937.850</Dis>
    <Cta>1377</Cta>
    <CodSec>14</CodSec>
  </S>
  <S>
    <Calle>MAR 1</Calle>
    <Lat>34.495906</Lat>
    <Lon>58.556676</Lon>
    <Dis>1459.160</Dis>
    <Cta>1413</Cta>
    <CodSec>13</CodSec>
  </S>
  <S>
    <Calle>THS-1</Calle>
    <Lat>34.502292</Lat>
    <Lon>58.543119</Lon>
    <Dis>976.460</Dis>
    <Cta>1463</Cta>
    <CodSec>13</CodSec>
  </S>
  <S>
    <Calle>EDIS</Calle>
    <Lat>34.506731</Lat>
    <Lon>58.533933</Lon>
    <Dis>4090.540</Dis>
    <Cta>1498</Cta>
    <CodSec>12</CodSec>
  </S>
  <S>
    <Calle>AV.SM</Calle>
    <Lat>34.533379</Lat>
    <Lon>58.504533</Lon>
    <Dis>2219.910</Dis>
    <Cta>1650</Cta>
    <CodSec>11</CodSec>
  </S>
  <S>
    <Calle>AV.MA</Calle>
    <Lat>34.524047</Lat>
    <Lon>58.483973</Lon>
    <Dis>1819.430</Dis>
    <Cta>1731</Cta>
    <CodSec>11</CodSec>
  </S>
  <S>
    <Calle>SAAVE</Calle>
    <Lat>34.537797</Lat>
    <Lon>58.475431</Lon>
    <Dis>0</Dis>
    <Cta>1795</Cta>
    <CodSec>1</CodSec>
  </S>
</Sector>