<?xml version="1.0" standalone="yes"?>
<Sector>
  <xs:schema id="Sector" xmlns="" xmlns:xs="http://www.w3.org/2001/XMLSchema" xmlns:msdata="urn:schemas-microsoft-com:xml-msdata">
    <xs:element name="Sector" msdata:IsDataSet="true" msdata:Locale="">
      <xs:complexType>
        <xs:choice minOccurs="0" maxOccurs="unbounded">
          <xs:element name="S" msdata:Locale="">
            <xs:complexType>
              <xs:sequence>
                <xs:element name="Calle" type="xs:string" minOccurs="0" />
                <xs:element name="Lat" type="xs:decimal" minOccurs="0" />
                <xs:element name="Lon" type="xs:decimal" minOccurs="0" />
                <xs:element name="Dis" type="xs:decimal" minOccurs="0" />
                <xs:element name="Cta" type="xs:int" minOccurs="0" />
                <xs:element name="CodSec" type="xs:int" minOccurs="0" />
              </xs:sequence>
            </xs:complexType>
          </xs:element>
        </xs:choice>
      </xs:complexType>
    </xs:element>
  </xs:schema>
  <S>
    <Calle>PILAR</Calle>
    <Lat>34.477876</Lat>
    <Lon>58.901248</Lon>
    <Dis>1126.730</Dis>
    <Cta>1</Cta>
    <CodSec>60</CodSec>
  </S>
  <S>
    <Calle>PILA1</Calle>
    <Lat>34.469000</Lat>
    <Lon>58.905856</Lon>
    <Dis>2387.250</Dis>
    <Cta>45</Cta>
    <CodSec>60</CodSec>
  </S>
  <S>
    <Calle>RU.25</Calle>
    <Lat>34.456794</Lat>
    <Lon>58.905975</Lon>
    <Dis>3355.250</Dis>
    <Cta>132</Cta>
    <CodSec>57</CodSec>
  </S>
  <S>
    <Calle>JUMBO</Calle>
    <Lat>34.450090</Lat>
    <Lon>58.870331</Lon>
    <Dis>3074.980</Dis>
    <Cta>249</Cta>
    <CodSec>56</CodSec>
  </S>
  <S>
    <Calle>LONJA</Calle>
    <Lat>34.454444</Lat>
    <Lon>58.837336</Lon>
    <Dis>2710.710</Dis>
    <Cta>360</Cta>
    <CodSec>55</CodSec>
  </S>
  <S>
    <Calle>RU.26</Calle>
    <Lat>34.458979</Lat>
    <Lon>58.811813</Lon>
    <Dis>1473.100</Dis>
    <Cta>460</Cta>
    <CodSec>54</CodSec>
  </S>
  <S>
    <Calle>D.VIS</Calle>
    <Lat>34.453880</Lat>
    <Lon>58.799554</Lon>
    <Dis>2140.640</Dis>
    <Cta>511</Cta>
    <CodSec>54</CodSec>
  </S>
  <S>
    <Calle>RA.PI</Calle>
    <Lat>34.441314</Lat>
    <Lon>58.782833</Lon>
    <Dis>2764.990</Dis>
    <Cta>586</Cta>
    <CodSec>53</CodSec>
  </S>
  <S>
    <Calle>A.S.T</Calle>
    <Lat>34.417253</Lat>
    <Lon>58.775391</Lon>
    <Dis>1048.600</Dis>
    <Cta>680</Cta>
    <CodSec>53</CodSec>
  </S>
  <S>
    <Calle>SAVI1</Calle>
    <Lat>34.408427</Lat>
    <Lon>58.771395</Lon>
    <Dis>3614.410</Dis>
    <Cta>717</Cta>
    <CodSec>52</CodSec>
  </S>
  <S>
    <Calle>COLEC</Calle>
    <Lat>34.381804</Lat>
    <Lon>58.753064</Lon>
    <Dis>1909.400</Dis>
    <Cta>846</Cta>
    <CodSec>51</CodSec>
  </S>
  <S>
    <Calle>MASCH</Calle>
    <Lat>34.394855</Lat>
    <Lon>58.741366</Lon>
    <Dis>1826.320</Dis>
    <Cta>915</Cta>
    <CodSec>51</CodSec>
  </S>
  <S>
    <Calle>RUT.9</Calle>
    <Lat>34.408550</Lat>
    <Lon>58.730490</Lon>
    <Dis>2458.250</Dis>
    <Cta>980</Cta>
    <CodSec>51</CodSec>
  </S>
  <S>
    <Calle>PA.LO</Calle>
    <Lat>34.412860</Lat>
    <Lon>58.704746</Lon>
    <Dis>4214.180</Dis>
    <Cta>1065</Cta>
    <CodSec>50</CodSec>
  </S>
  <S>
    <Calle>LO.CA</Calle>
    <Lat>34.443278</Lat>
    <Lon>58.678514</Lon>
    <Dis>2927.860</Dis>
    <Cta>1208</Cta>
    <CodSec>49</CodSec>
  </S>
  <S>
    <Calle>BLANC</Calle>
    <Lat>34.453227</Lat>
    <Lon>58.649976</Lon>
    <Dis>2560.750</Dis>
    <Cta>1308</Cta>
    <CodSec>48</CodSec>
  </S>
  <S>
    <Calle>PACHE</Calle>
    <Lat>34.456621</Lat>
    <Lon>58.627492</Lon>
    <Dis>3009.140</Dis>
    <Cta>1398</Cta>
    <CodSec>47</CodSec>
  </S>
  <S>
    <Calle>LINIE</Calle>
    <Lat>34.444841</Lat>
    <Lon>58.598148</Lon>
    <Dis>1172.570</Dis>
    <Cta>1501</Cta>
    <CodSec>46</CodSec>
  </S>
  <S>
    <Calle>DETAL</Calle>
    <Lat>34.447004</Lat>
    <Lon>58.589254</Lon>
    <Dis>2896.020</Dis>
    <Cta>1544</Cta>
    <CodSec>46</CodSec>
  </S>
  <S>
    <Calle>S.FDO</Calle>
    <Lat>34.435394</Lat>
    <Lon>58.566887</Lon>
    <Dis>2503.840</Dis>
    <Cta>1651</Cta>
    <CodSec>6</CodSec>
  </S>
  <S>
    <Calle>PERO4</Calle>
    <Lat>34.447340</Lat>
    <Lon>58.546943</Lon>
    <Dis>793.060</Dis>
    <Cta>1735</Cta>
    <CodSec>6</CodSec>
  </S>
  <S>
    <Calle>VICTO</Calle>
    <Lat>34.451825</Lat>
    <Lon>58.540273</Lon>
    <Dis>3235.630</Dis>
    <Cta>1766</Cta>
    <CodSec>5</CodSec>
  </S>
  <S>
    <Calle>S.ISI</Calle>
    <Lat>34.471889</Lat>
    <Lon>58.515055</Lon>
    <Dis>2196.670</Dis>
    <Cta>1883</Cta>
    <CodSec>4</CodSec>
  </S>
  <S>
    <Calle>MARTI</Calle>
    <Lat>34.488062</Lat>
    <Lon>58.501428</Lon>
    <Dis>2909.290</Dis>
    <Cta>1964</Cta>
    <CodSec>3</CodSec>
  </S>
  <S>
    <Calle>ES.MI</Calle>
    <Lat>34.512304</Lat>
    <Lon>58.489938</Lon>
    <Dis>1400.660</Dis>
    <Cta>2069</Cta>
    <CodSec>2</CodSec>
  </S>
  <S>
    <Calle>AV.SM</Calle>
    <Lat>34.523846</Lat>
    <Lon>58.483829</Lon>
    <Dis>1811.100</Dis>
    <Cta>2118</Cta>
    <CodSec>2</CodSec>
  </S>
  <S>
    <Calle>SAAVE</Calle>
    <Lat>34.537798</Lat>
    <Lon>58.475431</Lon>
    <Dis>0</Dis>
    <Cta>2181</Cta>
    <CodSec>1</CodSec>
  </S>
</Sector>