<?xml version="1.0" standalone="yes"?>
<Sector>
  <xs:schema id="Sector" xmlns="" xmlns:xs="http://www.w3.org/2001/XMLSchema" xmlns:msdata="urn:schemas-microsoft-com:xml-msdata">
    <xs:element name="Sector" msdata:IsDataSet="true" msdata:Locale="">
      <xs:complexType>
        <xs:choice minOccurs="0" maxOccurs="unbounded">
          <xs:element name="S" msdata:Locale="">
            <xs:complexType>
              <xs:sequence>
                <xs:element name="Calle" type="xs:string" minOccurs="0" />
                <xs:element name="Lat" type="xs:decimal" minOccurs="0" />
                <xs:element name="Lon" type="xs:decimal" minOccurs="0" />
                <xs:element name="Dis" type="xs:decimal" minOccurs="0" />
                <xs:element name="Cta" type="xs:int" minOccurs="0" />
                <xs:element name="CodSec" type="xs:int" minOccurs="0" />
              </xs:sequence>
            </xs:complexType>
          </xs:element>
        </xs:choice>
      </xs:complexType>
    </xs:element>
  </xs:schema>
  <S>
    <Calle>SAAVE</Calle>
    <Lat>34.537791</Lat>
    <Lon>58.475410</Lon>
    <Dis>706.850</Dis>
    <Cta>1</Cta>
    <CodSec>1</CodSec>
  </S>
  <S>
    <Calle>ZAPIO</Calle>
    <Lat>34.540662</Lat>
    <Lon>58.480858</Lon>
    <Dis>2844.980</Dis>
    <Cta>30</Cta>
    <CodSec>1</CodSec>
  </S>
  <S>
    <Calle>AV.SM</Calle>
    <Lat>34.534374</Lat>
    <Lon>58.502723</Lon>
    <Dis>3877.640</Dis>
    <Cta>132</Cta>
    <CodSec>11</CodSec>
  </S>
  <S>
    <Calle>EDIS</Calle>
    <Lat>34.508168</Lat>
    <Lon>58.529510</Lon>
    <Dis>1389.150</Dis>
    <Cta>271</Cta>
    <CodSec>12</CodSec>
  </S>
  <S>
    <Calle>THAME</Calle>
    <Lat>34.501787</Lat>
    <Lon>58.542530</Lon>
    <Dis>964.900</Dis>
    <Cta>320</Cta>
    <CodSec>12</CodSec>
  </S>
  <S>
    <Calle>MAR 1</Calle>
    <Lat>34.497111</Lat>
    <Lon>58.551385</Lon>
    <Dis>400.720</Dis>
    <Cta>355</Cta>
    <CodSec>13</CodSec>
  </S>
  <S>
    <Calle>MAR-2</Calle>
    <Lat>34.494647</Lat>
    <Lon>58.554544</Lon>
    <Dis>1041.340</Dis>
    <Cta>370</Cta>
    <CodSec>13</CodSec>
  </S>
  <S>
    <Calle>J.S.M</Calle>
    <Lat>34.491259</Lat>
    <Lon>58.564773</Lon>
    <Dis>1894.640</Dis>
    <Cta>407</Cta>
    <CodSec>13</CodSec>
  </S>
  <S>
    <Calle>BOULO</Calle>
    <Lat>34.487859</Lat>
    <Lon>58.584753</Lon>
    <Dis>2187.000</Dis>
    <Cta>477</Cta>
    <CodSec>13</CodSec>
  </S>
  <S>
    <Calle>202-1</Calle>
    <Lat>34.485933</Lat>
    <Lon>58.608469</Lon>
    <Dis>819.440</Dis>
    <Cta>554</Cta>
    <CodSec>14</CodSec>
  </S>
  <S>
    <Calle>202-2</Calle>
    <Lat>34.484754</Lat>
    <Lon>58.617231</Lon>
    <Dis>3616.160</Dis>
    <Cta>585</Cta>
    <CodSec>14</CodSec>
  </S>
  <S>
    <Calle>197-1</Calle>
    <Lat>34.477086</Lat>
    <Lon>58.655488</Lon>
    <Dis>882.560</Dis>
    <Cta>716</Cta>
    <CodSec>36</CodSec>
  </S>
  <S>
    <Calle>197-2</Calle>
    <Lat>34.474616</Lat>
    <Lon>58.664267</Lon>
    <Dis>4271.680</Dis>
    <Cta>749</Cta>
    <CodSec>36</CodSec>
  </S>
  <S>
    <Calle>PJE-1</Calle>
    <Lat>34.461189</Lat>
    <Lon>58.707683</Lon>
    <Dis>195.570</Dis>
    <Cta>909</Cta>
    <CodSec>37</CodSec>
  </S>
  <S>
    <Calle>PJE-2</Calle>
    <Lat>34.460588</Lat>
    <Lon>58.709685</Lon>
    <Dis>769.290</Dis>
    <Cta>916</Cta>
    <CodSec>37</CodSec>
  </S>
  <S>
    <Calle>SKF-1</Calle>
    <Lat>34.458166</Lat>
    <Lon>58.717529</Lon>
    <Dis>1306.450</Dis>
    <Cta>947</Cta>
    <CodSec>37</CodSec>
  </S>
  <S>
    <Calle>FON-1</Calle>
    <Lat>34.454332</Lat>
    <Lon>58.729574</Lon>
    <Dis>408.570</Dis>
    <Cta>997</Cta>
    <CodSec>38</CodSec>
  </S>
  <S>
    <Calle>FON-2</Calle>
    <Lat>34.453096</Lat>
    <Lon>58.733503</Lon>
    <Dis>1263.880</Dis>
    <Cta>1014</Cta>
    <CodSec>38</CodSec>
  </S>
  <S>
    <Calle>P.G-1</Calle>
    <Lat>34.448964</Lat>
    <Lon>58.746340</Lon>
    <Dis>406.830</Dis>
    <Cta>1060</Cta>
    <CodSec>38</CodSec>
  </S>
  <S>
    <Calle>P.G-2</Calle>
    <Lat>34.447736</Lat>
    <Lon>58.750273</Lon>
    <Dis>1078.040</Dis>
    <Cta>1078</Cta>
    <CodSec>38</CodSec>
  </S>
  <S>
    <Calle>P-5-1</Calle>
    <Lat>34.444587</Lat>
    <Lon>58.761388</Lon>
    <Dis>763.480</Dis>
    <Cta>1116</Cta>
    <CodSec>38</CodSec>
  </S>
  <S>
    <Calle>P-5-2</Calle>
    <Lat>34.443149</Lat>
    <Lon>58.768433</Lon>
    <Dis>1142.530</Dis>
    <Cta>1147</Cta>
    <CodSec>38</CodSec>
  </S>
  <S>
    <Calle>RU.26</Calle>
    <Lat>34.440979</Lat>
    <Lon>58.780606</Lon>
    <Dis>4283.690</Dis>
    <Cta>1188</Cta>
    <CodSec>39</CodSec>
  </S>
  <S>
    <Calle>LAG-1</Calle>
    <Lat>34.435831</Lat>
    <Lon>58.825543</Lon>
    <Dis>4451.730</Dis>
    <Cta>1356</Cta>
    <CodSec>40</CodSec>
  </S>
  <S>
    <Calle>JUM-1</Calle>
    <Lat>34.443425</Lat>
    <Lon>58.870873</Lon>
    <Dis>2993.730</Dis>
    <Cta>1532</Cta>
    <CodSec>41</CodSec>
  </S>
  <S>
    <Calle>RU.25</Calle>
    <Lat>34.448838</Lat>
    <Lon>58.902197</Lon>
    <Dis>3018.550</Dis>
    <Cta>1653</Cta>
    <CodSec>41</CodSec>
  </S>
  <S>
    <Calle>PILA1</Calle>
    <Lat>34.468964</Lat>
    <Lon>58.905992</Lon>
    <Dis>1154.260</Dis>
    <Cta>1765</Cta>
    <CodSec>60</CodSec>
  </S>
  <S>
    <Calle>PILAR</Calle>
    <Lat>34.477843</Lat>
    <Lon>58.901268</Lon>
    <Dis>0</Dis>
    <Cta>1808</Cta>
    <CodSec>60</CodSec>
  </S>
</Sector>