<?xml version="1.0" standalone="yes"?>
<Sector>
  <xs:schema id="Sector" xmlns="" xmlns:xs="http://www.w3.org/2001/XMLSchema" xmlns:msdata="urn:schemas-microsoft-com:xml-msdata">
    <xs:element name="Sector" msdata:IsDataSet="true" msdata:Locale="">
      <xs:complexType>
        <xs:choice minOccurs="0" maxOccurs="unbounded">
          <xs:element name="S" msdata:Locale="">
            <xs:complexType>
              <xs:sequence>
                <xs:element name="Calle" type="xs:string" minOccurs="0" />
                <xs:element name="Lat" type="xs:decimal" minOccurs="0" />
                <xs:element name="Lon" type="xs:decimal" minOccurs="0" />
                <xs:element name="Dis" type="xs:decimal" minOccurs="0" />
                <xs:element name="Cta" type="xs:int" minOccurs="0" />
                <xs:element name="CodSec" type="xs:int" minOccurs="0" />
              </xs:sequence>
            </xs:complexType>
          </xs:element>
        </xs:choice>
      </xs:complexType>
    </xs:element>
  </xs:schema>
  <S>
    <Calle>202-1</Calle>
    <Lat>34.485873</Lat>
    <Lon>58.608686</Lon>
    <Dis>775.570</Dis>
    <Cta>1</Cta>
    <CodSec>14</CodSec>
  </S>
  <S>
    <Calle>202-2</Calle>
    <Lat>34.484753</Lat>
    <Lon>58.617231</Lon>
    <Dis>3616.000</Dis>
    <Cta>31</Cta>
    <CodSec>14</CodSec>
  </S>
  <S>
    <Calle>197-1</Calle>
    <Lat>34.477086</Lat>
    <Lon>58.655488</Lon>
    <Dis>882.590</Dis>
    <Cta>158</Cta>
    <CodSec>36</CodSec>
  </S>
  <S>
    <Calle>197-2</Calle>
    <Lat>34.474616</Lat>
    <Lon>58.664267</Lon>
    <Dis>4271.620</Dis>
    <Cta>191</Cta>
    <CodSec>36</CodSec>
  </S>
  <S>
    <Calle>PJE-1</Calle>
    <Lat>34.461189</Lat>
    <Lon>58.707683</Lon>
    <Dis>195.550</Dis>
    <Cta>352</Cta>
    <CodSec>37</CodSec>
  </S>
  <S>
    <Calle>PJE-2</Calle>
    <Lat>34.460588</Lat>
    <Lon>58.709685</Lon>
    <Dis>769.210</Dis>
    <Cta>359</Cta>
    <CodSec>37</CodSec>
  </S>
  <S>
    <Calle>SKF-1</Calle>
    <Lat>34.458167</Lat>
    <Lon>58.717530</Lon>
    <Dis>416.380</Dis>
    <Cta>387</Cta>
    <CodSec>37</CodSec>
  </S>
  <S>
    <Calle>SKF-2</Calle>
    <Lat>34.457234</Lat>
    <Lon>58.720533</Lon>
    <Dis>890.100</Dis>
    <Cta>406</Cta>
    <CodSec>37</CodSec>
  </S>
  <S>
    <Calle>FON-1</Calle>
    <Lat>34.454332</Lat>
    <Lon>58.729574</Lon>
    <Dis>408.650</Dis>
    <Cta>438</Cta>
    <CodSec>38</CodSec>
  </S>
  <S>
    <Calle>FON-2</Calle>
    <Lat>34.453096</Lat>
    <Lon>58.733503</Lon>
    <Dis>1263.920</Dis>
    <Cta>455</Cta>
    <CodSec>38</CodSec>
  </S>
  <S>
    <Calle>P.G-1</Calle>
    <Lat>34.448964</Lat>
    <Lon>58.746340</Lon>
    <Dis>406.890</Dis>
    <Cta>502</Cta>
    <CodSec>38</CodSec>
  </S>
  <S>
    <Calle>P.G-2</Calle>
    <Lat>34.447735</Lat>
    <Lon>58.750273</Lon>
    <Dis>1077.940</Dis>
    <Cta>520</Cta>
    <CodSec>38</CodSec>
  </S>
  <S>
    <Calle>P-5-1</Calle>
    <Lat>34.444587</Lat>
    <Lon>58.761388</Lon>
    <Dis>763.470</Dis>
    <Cta>559</Cta>
    <CodSec>38</CodSec>
  </S>
  <S>
    <Calle>P-5-2</Calle>
    <Lat>34.443149</Lat>
    <Lon>58.768433</Lon>
    <Dis>1142.540</Dis>
    <Cta>590</Cta>
    <CodSec>38</CodSec>
  </S>
  <S>
    <Calle>RU.26</Calle>
    <Lat>34.440979</Lat>
    <Lon>58.780606</Lon>
    <Dis>4176.950</Dis>
    <Cta>631</Cta>
    <CodSec>39</CodSec>
  </S>
  <S>
    <Calle>SAVI1</Calle>
    <Lat>34.406907</Lat>
    <Lon>58.772795</Lon>
    <Dis>0</Dis>
    <Cta>775</Cta>
    <CodSec>52</CodSec>
  </S>
</Sector>