<?xml version="1.0" standalone="yes"?>
<Sector>
  <xs:schema id="Sector" xmlns="" xmlns:xs="http://www.w3.org/2001/XMLSchema" xmlns:msdata="urn:schemas-microsoft-com:xml-msdata">
    <xs:element name="Sector" msdata:IsDataSet="true" msdata:Locale="">
      <xs:complexType>
        <xs:choice minOccurs="0" maxOccurs="unbounded">
          <xs:element name="S" msdata:Locale="">
            <xs:complexType>
              <xs:sequence>
                <xs:element name="Calle" type="xs:string" minOccurs="0" />
                <xs:element name="Lat" type="xs:decimal" minOccurs="0" />
                <xs:element name="Lon" type="xs:decimal" minOccurs="0" />
                <xs:element name="Dis" type="xs:decimal" minOccurs="0" />
                <xs:element name="Cta" type="xs:int" minOccurs="0" />
                <xs:element name="CodSec" type="xs:int" minOccurs="0" />
              </xs:sequence>
            </xs:complexType>
          </xs:element>
        </xs:choice>
      </xs:complexType>
    </xs:element>
  </xs:schema>
  <S>
    <Calle>SAAVE</Calle>
    <Lat>34.537791</Lat>
    <Lon>58.475410</Lon>
    <Dis>1757.440</Dis>
    <Cta>1</Cta>
    <CodSec>1</CodSec>
  </S>
  <S>
    <Calle>AV.SM</Calle>
    <Lat>34.524103</Lat>
    <Lon>58.483593</Lon>
    <Dis>994.990</Dis>
    <Cta>64</Cta>
    <CodSec>1</CodSec>
  </S>
  <S>
    <Calle>ES.MI</Calle>
    <Lat>34.515921</Lat>
    <Lon>58.487988</Lon>
    <Dis>2977.230</Dis>
    <Cta>99</Cta>
    <CodSec>2</CodSec>
  </S>
  <S>
    <Calle>MARTI</Calle>
    <Lat>34.491048</Lat>
    <Lon>58.499585</Lon>
    <Dis>2114.670</Dis>
    <Cta>205</Cta>
    <CodSec>3</CodSec>
  </S>
  <S>
    <Calle>S.ISI</Calle>
    <Lat>34.475022</Lat>
    <Lon>58.511809</Lon>
    <Dis>3346.040</Dis>
    <Cta>280</Cta>
    <CodSec>4</CodSec>
  </S>
  <S>
    <Calle>VICTO</Calle>
    <Lat>34.454073</Lat>
    <Lon>58.537606</Lon>
    <Dis>1047.840</Dis>
    <Cta>401</Cta>
    <CodSec>5</CodSec>
  </S>
  <S>
    <Calle>GANDO</Calle>
    <Lat>34.447883</Lat>
    <Lon>58.546138</Lon>
    <Dis>2456.720</Dis>
    <Cta>440</Cta>
    <CodSec>5</CodSec>
  </S>
  <S>
    <Calle>S.FDO</Calle>
    <Lat>34.432704</Lat>
    <Lon>58.564243</Lon>
    <Dis>3215.900</Dis>
    <Cta>531</Cta>
    <CodSec>6</CodSec>
  </S>
  <S>
    <Calle>DETAL</Calle>
    <Lat>34.446682</Lat>
    <Lon>58.587952</Lon>
    <Dis>1272.970</Dis>
    <Cta>647</Cta>
    <CodSec>46</CodSec>
  </S>
  <S>
    <Calle>LINIE</Calle>
    <Lat>34.444743</Lat>
    <Lon>58.598166</Lon>
    <Dis>2889.630</Dis>
    <Cta>693</Cta>
    <CodSec>46</CodSec>
  </S>
  <S>
    <Calle>PACHE</Calle>
    <Lat>34.455948</Lat>
    <Lon>58.626416</Lon>
    <Dis>2173.120</Dis>
    <Cta>792</Cta>
    <CodSec>47</CodSec>
  </S>
  <S>
    <Calle>BLANC</Calle>
    <Lat>34.453525</Lat>
    <Lon>58.644462</Lon>
    <Dis>2681.770</Dis>
    <Cta>867</Cta>
    <CodSec>48</CodSec>
  </S>
  <S>
    <Calle>LO.CA</Calle>
    <Lat>34.447312</Lat>
    <Lon>58.672527</Lon>
    <Dis>4577.430</Dis>
    <Cta>958</Cta>
    <CodSec>49</CodSec>
  </S>
  <S>
    <Calle>PA.LO</Calle>
    <Lat>34.414397</Lat>
    <Lon>58.700949</Lon>
    <Dis>2811.890</Dis>
    <Cta>1116</Cta>
    <CodSec>50</CodSec>
  </S>
  <S>
    <Calle>CURVO</Calle>
    <Lat>34.407533</Lat>
    <Lon>58.729755</Lon>
    <Dis>1610.540</Dis>
    <Cta>1214</Cta>
    <CodSec>50</CodSec>
  </S>
  <S>
    <Calle>MASCH</Calle>
    <Lat>34.395426</Lat>
    <Lon>58.739284</Lon>
    <Dis>2306.850</Dis>
    <Cta>1269</Cta>
    <CodSec>50</CodSec>
  </S>
  <S>
    <Calle>A.C.A</Calle>
    <Lat>34.381350</Lat>
    <Lon>58.752309</Lon>
    <Dis>3572.080</Dis>
    <Cta>1351</Cta>
    <CodSec>51</CodSec>
  </S>
  <S>
    <Calle>SAVI1</Calle>
    <Lat>34.407339</Lat>
    <Lon>58.770860</Lon>
    <Dis>935.930</Dis>
    <Cta>1479</Cta>
    <CodSec>52</CodSec>
  </S>
  <S>
    <Calle>A.S.T</Calle>
    <Lat>34.415143</Lat>
    <Lon>58.774660</Lon>
    <Dis>2994.900</Dis>
    <Cta>1512</Cta>
    <CodSec>52</CodSec>
  </S>
  <S>
    <Calle>RA.PI</Calle>
    <Lat>34.441150</Lat>
    <Lon>58.782953</Lon>
    <Dis>1751.100</Dis>
    <Cta>1614</Cta>
    <CodSec>53</CodSec>
  </S>
  <S>
    <Calle>D.VIS</Calle>
    <Lat>34.450662</Lat>
    <Lon>58.797545</Lon>
    <Dis>1427.170</Dis>
    <Cta>1678</Cta>
    <CodSec>53</CodSec>
  </S>
  <S>
    <Calle>R. 8</Calle>
    <Lat>34.459619</Lat>
    <Lon>58.808029</Lon>
    <Dis>2747.500</Dis>
    <Cta>1728</Cta>
    <CodSec>54</CodSec>
  </S>
  <S>
    <Calle>LONJA</Calle>
    <Lat>34.454026</Lat>
    <Lon>58.833501</Lon>
    <Dis>3021.310</Dis>
    <Cta>1826</Cta>
    <CodSec>55</CodSec>
  </S>
  <S>
    <Calle>JUMBO</Calle>
    <Lat>34.450220</Lat>
    <Lon>58.865864</Lon>
    <Dis>3726.290</Dis>
    <Cta>1932</Cta>
    <CodSec>56</CodSec>
  </S>
  <S>
    <Calle>RU.25</Calle>
    <Lat>34.456645</Lat>
    <Lon>58.905466</Lon>
    <Dis>2187.490</Dis>
    <Cta>2069</Cta>
    <CodSec>57</CodSec>
  </S>
  <S>
    <Calle>PILA1</Calle>
    <Lat>34.468964</Lat>
    <Lon>58.905991</Lon>
    <Dis>1154.270</Dis>
    <Cta>2149</Cta>
    <CodSec>60</CodSec>
  </S>
  <S>
    <Calle>PILAR</Calle>
    <Lat>34.477844</Lat>
    <Lon>58.901269</Lon>
    <Dis>0</Dis>
    <Cta>2192</Cta>
    <CodSec>60</CodSec>
  </S>
</Sector>