<?xml version="1.0" standalone="yes"?>
<Sector>
  <xs:schema id="Sector" xmlns="" xmlns:xs="http://www.w3.org/2001/XMLSchema" xmlns:msdata="urn:schemas-microsoft-com:xml-msdata">
    <xs:element name="Sector" msdata:IsDataSet="true" msdata:Locale="">
      <xs:complexType>
        <xs:choice minOccurs="0" maxOccurs="unbounded">
          <xs:element name="S" msdata:Locale="">
            <xs:complexType>
              <xs:sequence>
                <xs:element name="Calle" type="xs:string" minOccurs="0" />
                <xs:element name="Lat" type="xs:decimal" minOccurs="0" />
                <xs:element name="Lon" type="xs:decimal" minOccurs="0" />
                <xs:element name="Dis" type="xs:decimal" minOccurs="0" />
                <xs:element name="Cta" type="xs:int" minOccurs="0" />
                <xs:element name="CodSec" type="xs:int" minOccurs="0" />
              </xs:sequence>
            </xs:complexType>
          </xs:element>
        </xs:choice>
      </xs:complexType>
    </xs:element>
  </xs:schema>
  <S>
    <Calle>SEGUI</Calle>
    <Lat>34.484134</Lat>
    <Lon>58.727232</Lon>
    <Dis>1654.330</Dis>
    <Cta>1</Cta>
    <CodSec>18</CodSec>
  </S>
  <S>
    <Calle>BEIRO</Calle>
    <Lat>34.482148</Lat>
    <Lon>58.716993</Lon>
    <Dis>1646.280</Dis>
    <Cta>70</Cta>
    <CodSec>18</CodSec>
  </S>
  <S>
    <Calle>P.NOG</Calle>
    <Lat>34.493630</Lat>
    <Lon>58.706118</Lon>
    <Dis>1828.380</Dis>
    <Cta>134</Cta>
    <CodSec>18</CodSec>
  </S>
  <S>
    <Calle>VALPA</Calle>
    <Lat>34.495888</Lat>
    <Lon>58.706860</Lon>
    <Dis>971.780</Dis>
    <Cta>218</Cta>
    <CodSec>18</CodSec>
  </S>
  <S>
    <Calle>CALLA</Calle>
    <Lat>34.502369</Lat>
    <Lon>58.713973</Lon>
    <Dis>1508.380</Dis>
    <Cta>255</Cta>
    <CodSec>18</CodSec>
  </S>
  <S>
    <Calle>ILIA2</Calle>
    <Lat>34.508941</Lat>
    <Lon>58.728366</Lon>
    <Dis>2107.210</Dis>
    <Cta>311</Cta>
    <CodSec>18</CodSec>
  </S>
  <S>
    <Calle>1JUNT</Calle>
    <Lat>34.523441</Lat>
    <Lon>58.714233</Lon>
    <Dis>1497.590</Dis>
    <Cta>390</Cta>
    <CodSec>18</CodSec>
  </S>
  <S>
    <Calle>BALB.</Calle>
    <Lat>34.532376</Lat>
    <Lon>58.702001</Lon>
    <Dis>914.050</Dis>
    <Cta>446</Cta>
    <CodSec>18</CodSec>
  </S>
  <S>
    <Calle>SANLO</Calle>
    <Lat>34.536500</Lat>
    <Lon>58.708526</Lon>
    <Dis>903.960</Dis>
    <Cta>492</Cta>
    <CodSec>18</CodSec>
  </S>
  <S>
    <Calle>ALEM.</Calle>
    <Lat>34.542654</Lat>
    <Lon>58.714855</Lon>
    <Dis>0</Dis>
    <Cta>529</Cta>
    <CodSec>18</CodSec>
  </S>
</Sector>