<?xml version="1.0" standalone="yes"?>
<Sector>
  <xs:schema id="Sector" xmlns="" xmlns:xs="http://www.w3.org/2001/XMLSchema" xmlns:msdata="urn:schemas-microsoft-com:xml-msdata">
    <xs:element name="Sector" msdata:IsDataSet="true" msdata:Locale="">
      <xs:complexType>
        <xs:choice minOccurs="0" maxOccurs="unbounded">
          <xs:element name="S" msdata:Locale="">
            <xs:complexType>
              <xs:sequence>
                <xs:element name="Calle" type="xs:string" minOccurs="0" />
                <xs:element name="Lat" type="xs:decimal" minOccurs="0" />
                <xs:element name="Lon" type="xs:decimal" minOccurs="0" />
                <xs:element name="Dis" type="xs:decimal" minOccurs="0" />
                <xs:element name="Cta" type="xs:int" minOccurs="0" />
                <xs:element name="CodSec" type="xs:int" minOccurs="0" />
              </xs:sequence>
            </xs:complexType>
          </xs:element>
        </xs:choice>
      </xs:complexType>
    </xs:element>
  </xs:schema>
  <S>
    <Calle>PERON</Calle>
    <Lat>34.541543</Lat>
    <Lon>58.713893</Lon>
    <Dis>1246.740</Dis>
    <Cta>1</Cta>
    <CodSec>18</CodSec>
  </S>
  <S>
    <Calle>SLO.</Calle>
    <Lat>34.537737</Lat>
    <Lon>58.707185</Lon>
    <Dis>743.320</Dis>
    <Cta>131</Cta>
    <CodSec>18</CodSec>
  </S>
  <S>
    <Calle>ILLI</Calle>
    <Lat>34.532798</Lat>
    <Lon>58.701743</Lon>
    <Dis>1704.450</Dis>
    <Cta>208</Cta>
    <CodSec>18</CodSec>
  </S>
  <S>
    <Calle>1JUNT</Calle>
    <Lat>34.523582</Lat>
    <Lon>58.713988</Lon>
    <Dis>2064.780</Dis>
    <Cta>394</Cta>
    <CodSec>18</CodSec>
  </S>
  <S>
    <Calle>SESQU</Calle>
    <Lat>34.509421</Lat>
    <Lon>58.728257</Lon>
    <Dis>1537.760</Dis>
    <Cta>608</Cta>
    <CodSec>18</CodSec>
  </S>
  <S>
    <Calle>CALLA</Calle>
    <Lat>34.502552</Lat>
    <Lon>58.714083</Lon>
    <Dis>961.590</Dis>
    <Cta>768</Cta>
    <CodSec>18</CodSec>
  </S>
  <S>
    <Calle>VALPA</Calle>
    <Lat>34.496174</Lat>
    <Lon>58.707009</Lon>
    <Dis>1834.850</Dis>
    <Cta>868</Cta>
    <CodSec>18</CodSec>
  </S>
  <S>
    <Calle>P.NOG</Calle>
    <Lat>34.493621</Lat>
    <Lon>58.706096</Lon>
    <Dis>1620.160</Dis>
    <Cta>1072</Cta>
    <CodSec>18</CodSec>
  </S>
  <S>
    <Calle>BEIRO</Calle>
    <Lat>34.482327</Lat>
    <Lon>58.716802</Lon>
    <Dis>2053.970</Dis>
    <Cta>1241</Cta>
    <CodSec>18</CodSec>
  </S>
  <S>
    <Calle>VERNE</Calle>
    <Lat>34.484134</Lat>
    <Lon>58.727231</Lon>
    <Dis>0</Dis>
    <Cta>1460</Cta>
    <CodSec>18</CodSec>
  </S>
</Sector>