<?xml version="1.0" standalone="yes"?>
<Sector>
  <xs:schema id="Sector" xmlns="" xmlns:xs="http://www.w3.org/2001/XMLSchema" xmlns:msdata="urn:schemas-microsoft-com:xml-msdata">
    <xs:element name="Sector" msdata:IsDataSet="true" msdata:Locale="">
      <xs:complexType>
        <xs:choice minOccurs="0" maxOccurs="unbounded">
          <xs:element name="S" msdata:Locale="">
            <xs:complexType>
              <xs:sequence>
                <xs:element name="Calle" type="xs:string" minOccurs="0" />
                <xs:element name="Lat" type="xs:decimal" minOccurs="0" />
                <xs:element name="Lon" type="xs:decimal" minOccurs="0" />
                <xs:element name="Dis" type="xs:decimal" minOccurs="0" />
                <xs:element name="Cta" type="xs:int" minOccurs="0" />
                <xs:element name="CodSec" type="xs:int" minOccurs="0" />
              </xs:sequence>
            </xs:complexType>
          </xs:element>
        </xs:choice>
      </xs:complexType>
    </xs:element>
  </xs:schema>
  <S>
    <Calle>TRIBU</Calle>
    <Lat>34.542636</Lat>
    <Lon>58.714886</Lon>
    <Dis>1934.890</Dis>
    <Cta>1</Cta>
    <CodSec>18</CodSec>
  </S>
  <S>
    <Calle>MU?OZ</Calle>
    <Lat>34.533882</Lat>
    <Lon>58.718006</Lon>
    <Dis>1545.810</Dis>
    <Cta>224</Cta>
    <CodSec>18</CodSec>
  </S>
  <S>
    <Calle>CHILE</Calle>
    <Lat>34.524646</Lat>
    <Lon>58.730391</Lon>
    <Dis>1130.140</Dis>
    <Cta>389</Cta>
    <CodSec>18</CodSec>
  </S>
  <S>
    <Calle>ILIA2</Calle>
    <Lat>34.517217</Lat>
    <Lon>58.722506</Lon>
    <Dis>1060.800</Dis>
    <Cta>521</Cta>
    <CodSec>18</CodSec>
  </S>
  <S>
    <Calle>SESQU</Calle>
    <Lat>34.509250</Lat>
    <Lon>58.728394</Lon>
    <Dis>1446.890</Dis>
    <Cta>638</Cta>
    <CodSec>18</CodSec>
  </S>
  <S>
    <Calle>OBRIE</Calle>
    <Lat>34.499788</Lat>
    <Lon>58.738424</Lon>
    <Dis>1145.600</Dis>
    <Cta>799</Cta>
    <CodSec>18</CodSec>
  </S>
  <S>
    <Calle>P.PAT</Calle>
    <Lat>34.497844</Lat>
    <Lon>58.729006</Lon>
    <Dis>1862.030</Dis>
    <Cta>931</Cta>
    <CodSec>18</CodSec>
  </S>
  <S>
    <Calle>G.BOU</Calle>
    <Lat>34.485798</Lat>
    <Lon>58.724814</Lon>
    <Dis>1312.380</Dis>
    <Cta>1131</Cta>
    <CodSec>18</CodSec>
  </S>
  <S>
    <Calle>PASO</Calle>
    <Lat>34.493408</Lat>
    <Lon>58.721024</Lon>
    <Dis>1178.100</Dis>
    <Cta>1272</Cta>
    <CodSec>18</CodSec>
  </S>
  <S>
    <Calle>SESQ</Calle>
    <Lat>34.502325</Lat>
    <Lon>58.714079</Lon>
    <Dis>1132.070</Dis>
    <Cta>1392</Cta>
    <CodSec>18</CodSec>
  </S>
  <S>
    <Calle>E.LUC</Calle>
    <Lat>34.495104</Lat>
    <Lon>58.705680</Lon>
    <Dis>1263.510</Dis>
    <Cta>1511</Cta>
    <CodSec>18</CodSec>
  </S>
  <S>
    <Calle>BARON</Calle>
    <Lat>34.503481</Lat>
    <Lon>58.703334</Lon>
    <Dis>1386.590</Dis>
    <Cta>1655</Cta>
    <CodSec>18</CodSec>
  </S>
  <S>
    <Calle>PERO5</Calle>
    <Lat>34.500475</Lat>
    <Lon>58.692475</Lon>
    <Dis>2753.080</Dis>
    <Cta>1805</Cta>
    <CodSec>18</CodSec>
  </S>
  <S>
    <Calle>LEMO</Calle>
    <Lat>34.518114</Lat>
    <Lon>58.671488</Lon>
    <Dis>1966.490</Dis>
    <Cta>2087</Cta>
    <CodSec>18</CodSec>
  </S>
  <S>
    <Calle>SUARE</Calle>
    <Lat>34.529420</Lat>
    <Lon>58.687796</Lon>
    <Dis>1888.110</Dis>
    <Cta>2293</Cta>
    <CodSec>18</CodSec>
  </S>
  <S>
    <Calle>TRIB.</Calle>
    <Lat>34.531563</Lat>
    <Lon>58.702997</Lon>
    <Dis>761.050</Dis>
    <Cta>2502</Cta>
    <CodSec>18</CodSec>
  </S>
  <S>
    <Calle>SANLO</Calle>
    <Lat>34.536503</Lat>
    <Lon>58.708520</Lon>
    <Dis>901.730</Dis>
    <Cta>2586</Cta>
    <CodSec>18</CodSec>
  </S>
  <S>
    <Calle>ALEM3</Calle>
    <Lat>34.542615</Lat>
    <Lon>58.714905</Lon>
    <Dis>0</Dis>
    <Cta>2681</Cta>
    <CodSec>18</CodSec>
  </S>
</Sector>