<?xml version="1.0" standalone="yes"?>
<Sector>
  <xs:schema id="Sector" xmlns="" xmlns:xs="http://www.w3.org/2001/XMLSchema" xmlns:msdata="urn:schemas-microsoft-com:xml-msdata">
    <xs:element name="Sector" msdata:IsDataSet="true" msdata:Locale="">
      <xs:complexType>
        <xs:choice minOccurs="0" maxOccurs="unbounded">
          <xs:element name="S" msdata:Locale="">
            <xs:complexType>
              <xs:sequence>
                <xs:element name="Calle" type="xs:string" minOccurs="0" />
                <xs:element name="Lat" type="xs:decimal" minOccurs="0" />
                <xs:element name="Lon" type="xs:decimal" minOccurs="0" />
                <xs:element name="Dis" type="xs:decimal" minOccurs="0" />
                <xs:element name="Cta" type="xs:int" minOccurs="0" />
                <xs:element name="CodSec" type="xs:int" minOccurs="0" />
              </xs:sequence>
            </xs:complexType>
          </xs:element>
        </xs:choice>
      </xs:complexType>
    </xs:element>
  </xs:schema>
  <S>
    <Calle>LLAVA</Calle>
    <Lat>34.484245</Lat>
    <Lon>58.740892</Lon>
    <Dis>1088.450</Dis>
    <Cta>1</Cta>
    <CodSec>18</CodSec>
  </S>
  <S>
    <Calle>S.MAR</Calle>
    <Lat>34.489622</Lat>
    <Lon>58.733367</Lon>
    <Dis>997.840</Dis>
    <Cta>42</Cta>
    <CodSec>18</CodSec>
  </S>
  <S>
    <Calle>G.BOU</Calle>
    <Lat>34.486354</Lat>
    <Lon>58.724641</Lon>
    <Dis>1411.390</Dis>
    <Cta>80</Cta>
    <CodSec>18</CodSec>
  </S>
  <S>
    <Calle>PASCO</Calle>
    <Lat>34.493395</Lat>
    <Lon>58.721030</Lon>
    <Dis>1174.130</Dis>
    <Cta>138</Cta>
    <CodSec>18</CodSec>
  </S>
  <S>
    <Calle>SESQ</Calle>
    <Lat>34.502281</Lat>
    <Lon>58.714110</Lon>
    <Dis>1512.950</Dis>
    <Cta>179</Cta>
    <CodSec>18</CodSec>
  </S>
  <S>
    <Calle>ILIA2</Calle>
    <Lat>34.508936</Lat>
    <Lon>58.728353</Lon>
    <Dis>2496.090</Dis>
    <Cta>234</Cta>
    <CodSec>18</CodSec>
  </S>
  <S>
    <Calle>ZUVIR</Calle>
    <Lat>34.519193</Lat>
    <Lon>58.752570</Lon>
    <Dis>2401.600</Dis>
    <Cta>322</Cta>
    <CodSec>18</CodSec>
  </S>
  <S>
    <Calle>MARTE</Calle>
    <Lat>34.525142</Lat>
    <Lon>58.765652</Lon>
    <Dis>1575.920</Dis>
    <Cta>416</Cta>
    <CodSec>18</CodSec>
  </S>
  <S>
    <Calle>LAZZA</Calle>
    <Lat>34.531225</Lat>
    <Lon>58.781175</Lon>
    <Dis>995.920</Dis>
    <Cta>471</Cta>
    <CodSec>18</CodSec>
  </S>
  <S>
    <Calle>ARIAS</Calle>
    <Lat>34.537533</Lat>
    <Lon>58.774547</Lon>
    <Dis>1622.280</Dis>
    <Cta>511</Cta>
    <CodSec>18</CodSec>
  </S>
  <S>
    <Calle>MENDO</Calle>
    <Lat>34.548854</Lat>
    <Lon>58.763382</Lon>
    <Dis>1554.060</Dis>
    <Cta>568</Cta>
    <CodSec>18</CodSec>
  </S>
  <S>
    <Calle>1JUNT</Calle>
    <Lat>34.558186</Lat>
    <Lon>58.750750</Lon>
    <Dis>1319.350</Dis>
    <Cta>623</Cta>
    <CodSec>18</CodSec>
  </S>
  <S>
    <Calle>BALBI</Calle>
    <Lat>34.566124</Lat>
    <Lon>58.740043</Lon>
    <Dis>2352.670</Dis>
    <Cta>668</Cta>
    <CodSec>18</CodSec>
  </S>
  <S>
    <Calle>CAMPO</Calle>
    <Lat>34.551565</Lat>
    <Lon>58.721830</Lon>
    <Dis>1294.180</Dis>
    <Cta>752</Cta>
    <CodSec>18</CodSec>
  </S>
  <S>
    <Calle>BALB.</Calle>
    <Lat>34.544440</Lat>
    <Lon>58.714178</Lon>
    <Dis>0</Dis>
    <Cta>800</Cta>
    <CodSec>18</CodSec>
  </S>
</Sector>