<?xml version="1.0" standalone="yes"?>
<Sector>
  <xs:schema id="Sector" xmlns="" xmlns:xs="http://www.w3.org/2001/XMLSchema" xmlns:msdata="urn:schemas-microsoft-com:xml-msdata">
    <xs:element name="Sector" msdata:IsDataSet="true" msdata:Locale="">
      <xs:complexType>
        <xs:choice minOccurs="0" maxOccurs="unbounded">
          <xs:element name="S" msdata:Locale="">
            <xs:complexType>
              <xs:sequence>
                <xs:element name="Calle" type="xs:string" minOccurs="0" />
                <xs:element name="Lat" type="xs:decimal" minOccurs="0" />
                <xs:element name="Lon" type="xs:decimal" minOccurs="0" />
                <xs:element name="Dis" type="xs:decimal" minOccurs="0" />
                <xs:element name="Cta" type="xs:int" minOccurs="0" />
                <xs:element name="CodSec" type="xs:int" minOccurs="0" />
              </xs:sequence>
            </xs:complexType>
          </xs:element>
        </xs:choice>
      </xs:complexType>
    </xs:element>
  </xs:schema>
  <S>
    <Calle>ACEVE</Calle>
    <Lat>34.530293</Lat>
    <Lon>58.815337</Lon>
    <Dis>1301.680</Dis>
    <Cta>1</Cta>
    <CodSec>18</CodSec>
  </S>
  <S>
    <Calle>DERQU</Calle>
    <Lat>34.527761</Lat>
    <Lon>58.804849</Lon>
    <Dis>705.930</Dis>
    <Cta>138</Cta>
    <CodSec>18</CodSec>
  </S>
  <S>
    <Calle>S.FDO</Calle>
    <Lat>34.532592</Lat>
    <Lon>58.800016</Lon>
    <Dis>1830.790</Dis>
    <Cta>211</Cta>
    <CodSec>18</CodSec>
  </S>
  <S>
    <Calle>CROAC</Calle>
    <Lat>34.529179</Lat>
    <Lon>58.780561</Lon>
    <Dis>1907.250</Dis>
    <Cta>398</Cta>
    <CodSec>18</CodSec>
  </S>
  <S>
    <Calle>WILLI</Calle>
    <Lat>34.522898</Lat>
    <Lon>58.761226</Lon>
    <Dis>719.840</Dis>
    <Cta>591</Cta>
    <CodSec>18</CodSec>
  </S>
  <S>
    <Calle>LACRO</Calle>
    <Lat>34.520048</Lat>
    <Lon>58.754172</Lon>
    <Dis>418.760</Dis>
    <Cta>666</Cta>
    <CodSec>18</CodSec>
  </S>
  <S>
    <Calle>ALTUB</Calle>
    <Lat>34.521042</Lat>
    <Lon>58.749873</Lon>
    <Dis>1272.360</Dis>
    <Cta>710</Cta>
    <CodSec>18</CodSec>
  </S>
  <S>
    <Calle>PUEYR</Calle>
    <Lat>34.529161</Lat>
    <Lon>58.751086</Lon>
    <Dis>1471.730</Dis>
    <Cta>842</Cta>
    <CodSec>18</CodSec>
  </S>
  <S>
    <Calle>BLASC</Calle>
    <Lat>34.539158</Lat>
    <Lon>58.749091</Lon>
    <Dis>2279.090</Dis>
    <Cta>993</Cta>
    <CodSec>18</CodSec>
  </S>
  <S>
    <Calle>MENDO</Calle>
    <Lat>34.551292</Lat>
    <Lon>58.766092</Lon>
    <Dis>3558.570</Dis>
    <Cta>1227</Cta>
    <CodSec>18</CodSec>
  </S>
  <S>
    <Calle>FERRE</Calle>
    <Lat>34.560910</Lat>
    <Lon>58.753491</Lon>
    <Dis>1313.420</Dis>
    <Cta>1591</Cta>
    <CodSec>18</CodSec>
  </S>
  <S>
    <Calle>FERR.</Calle>
    <Lat>34.568631</Lat>
    <Lon>58.742792</Lon>
    <Dis>2727.920</Dis>
    <Cta>1724</Cta>
    <CodSec>18</CodSec>
  </S>
  <S>
    <Calle>CAMPO</Calle>
    <Lat>34.551479</Lat>
    <Lon>58.721707</Lon>
    <Dis>1286.210</Dis>
    <Cta>2009</Cta>
    <CodSec>18</CodSec>
  </S>
  <S>
    <Calle>BALB.</Calle>
    <Lat>34.544429</Lat>
    <Lon>58.714163</Lon>
    <Dis>0</Dis>
    <Cta>2146</Cta>
    <CodSec>18</CodSec>
  </S>
</Sector>