<?xml version="1.0" standalone="yes"?>
<Sector>
  <xs:schema id="Sector" xmlns="" xmlns:xs="http://www.w3.org/2001/XMLSchema" xmlns:msdata="urn:schemas-microsoft-com:xml-msdata">
    <xs:element name="Sector" msdata:IsDataSet="true" msdata:Locale="">
      <xs:complexType>
        <xs:choice minOccurs="0" maxOccurs="unbounded">
          <xs:element name="S" msdata:Locale="">
            <xs:complexType>
              <xs:sequence>
                <xs:element name="Calle" type="xs:string" minOccurs="0" />
                <xs:element name="Lat" type="xs:decimal" minOccurs="0" />
                <xs:element name="Lon" type="xs:decimal" minOccurs="0" />
                <xs:element name="Dis" type="xs:decimal" minOccurs="0" />
                <xs:element name="Cta" type="xs:int" minOccurs="0" />
                <xs:element name="CodSec" type="xs:int" minOccurs="0" />
              </xs:sequence>
            </xs:complexType>
          </xs:element>
        </xs:choice>
      </xs:complexType>
    </xs:element>
  </xs:schema>
  <S>
    <Calle>BALB.</Calle>
    <Lat>34.543865</Lat>
    <Lon>58.715024</Lon>
    <Dis>1252.420</Dis>
    <Cta>1</Cta>
    <CodSec>18</CodSec>
  </S>
  <S>
    <Calle>G.CAM</Calle>
    <Lat>34.550147</Lat>
    <Lon>58.723115</Lon>
    <Dis>848.710</Dis>
    <Cta>133</Cta>
    <CodSec>18</CodSec>
  </S>
  <S>
    <Calle>IRIG</Calle>
    <Lat>34.545203</Lat>
    <Lon>58.730087</Lon>
    <Dis>2160.250</Dis>
    <Cta>221</Cta>
    <CodSec>18</CodSec>
  </S>
  <S>
    <Calle>JJUST</Calle>
    <Lat>34.532338</Lat>
    <Lon>58.747754</Lon>
    <Dis>1128.630</Dis>
    <Cta>440</Cta>
    <CodSec>18</CodSec>
  </S>
  <S>
    <Calle>ALTUB</Calle>
    <Lat>34.524162</Lat>
    <Lon>58.754945</Lon>
    <Dis>843.770</Dis>
    <Cta>556</Cta>
    <CodSec>18</CodSec>
  </S>
  <S>
    <Calle>LACRO</Calle>
    <Lat>34.519246</Lat>
    <Lon>58.752284</Lon>
    <Dis>2453.110</Dis>
    <Cta>648</Cta>
    <CodSec>18</CodSec>
  </S>
  <S>
    <Calle>ILIA2</Calle>
    <Lat>34.509142</Lat>
    <Lon>58.728509</Lon>
    <Dis>1350.850</Dis>
    <Cta>904</Cta>
    <CodSec>18</CodSec>
  </S>
  <S>
    <Calle>S.IGN</Calle>
    <Lat>34.503290</Lat>
    <Lon>58.715592</Lon>
    <Dis>955.930</Dis>
    <Cta>1044</Cta>
    <CodSec>18</CodSec>
  </S>
  <S>
    <Calle>BARON</Calle>
    <Lat>34.507580</Lat>
    <Lon>58.708841</Lon>
    <Dis>1420.670</Dis>
    <Cta>1151</Cta>
    <CodSec>18</CodSec>
  </S>
  <S>
    <Calle>G.SAV</Calle>
    <Lat>34.499007</Lat>
    <Lon>58.697455</Lon>
    <Dis>1445.990</Dis>
    <Cta>1298</Cta>
    <CodSec>18</CodSec>
  </S>
  <S>
    <Calle>GANDH</Calle>
    <Lat>34.508160</Lat>
    <Lon>58.704526</Lon>
    <Dis>1066.070</Dis>
    <Cta>1455</Cta>
    <CodSec>18</CodSec>
  </S>
  <S>
    <Calle>MORE3</Calle>
    <Lat>34.514383</Lat>
    <Lon>58.707079</Lon>
    <Dis>1128.830</Dis>
    <Cta>1569</Cta>
    <CodSec>18</CodSec>
  </S>
  <S>
    <Calle>MAZZA</Calle>
    <Lat>34.521730</Lat>
    <Lon>58.701299</Lon>
    <Dis>921.180</Dis>
    <Cta>1690</Cta>
    <CodSec>18</CodSec>
  </S>
  <S>
    <Calle>ILLI.</Calle>
    <Lat>34.527982</Lat>
    <Lon>58.707897</Lon>
    <Dis>845.720</Dis>
    <Cta>1786</Cta>
    <CodSec>18</CodSec>
  </S>
  <S>
    <Calle>BELG5</Calle>
    <Lat>34.533067</Lat>
    <Lon>58.701092</Lon>
    <Dis>1003.920</Dis>
    <Cta>1878</Cta>
    <CodSec>18</CodSec>
  </S>
  <S>
    <Calle>SANLO</Calle>
    <Lat>34.536497</Lat>
    <Lon>58.708528</Lon>
    <Dis>887.400</Dis>
    <Cta>1992</Cta>
    <CodSec>18</CodSec>
  </S>
  <S>
    <Calle>ALEM3</Calle>
    <Lat>34.542499</Lat>
    <Lon>58.714912</Lon>
    <Dis>1376.730</Dis>
    <Cta>2084</Cta>
    <CodSec>18</CodSec>
  </S>
  <S>
    <Calle>FRAGA</Calle>
    <Lat>34.538465</Lat>
    <Lon>58.722934</Lon>
    <Dis>860.350</Dis>
    <Cta>2232</Cta>
    <CodSec>18</CodSec>
  </S>
  <S>
    <Calle>SASTR</Calle>
    <Lat>34.543237</Lat>
    <Lon>58.729234</Lon>
    <Dis>2377.490</Dis>
    <Cta>2324</Cta>
    <CodSec>18</CodSec>
  </S>
  <S>
    <Calle>BALCA</Calle>
    <Lat>34.537660</Lat>
    <Lon>58.747522</Lon>
    <Dis>1045.590</Dis>
    <Cta>2568</Cta>
    <CodSec>18</CodSec>
  </S>
  <S>
    <Calle>PINTO</Calle>
    <Lat>34.544586</Lat>
    <Lon>58.755202</Lon>
    <Dis>1458.350</Dis>
    <Cta>2675</Cta>
    <CodSec>18</CodSec>
  </S>
  <S>
    <Calle>MENDO</Calle>
    <Lat>34.551324</Lat>
    <Lon>58.766122</Lon>
    <Dis>1410.890</Dis>
    <Cta>2826</Cta>
    <CodSec>18</CodSec>
  </S>
  <S>
    <Calle>LPINT</Calle>
    <Lat>34.560541</Lat>
    <Lon>58.769977</Lon>
    <Dis>1371.220</Dis>
    <Cta>2970</Cta>
    <CodSec>18</CodSec>
  </S>
  <S>
    <Calle>WATT</Calle>
    <Lat>34.569194</Lat>
    <Lon>58.766889</Lon>
    <Dis>0</Dis>
    <Cta>3110</Cta>
    <CodSec>18</CodSec>
  </S>
</Sector>