<?xml version="1.0" standalone="yes"?>
<Sector>
  <xs:schema id="Sector" xmlns="" xmlns:xs="http://www.w3.org/2001/XMLSchema" xmlns:msdata="urn:schemas-microsoft-com:xml-msdata">
    <xs:element name="Sector" msdata:IsDataSet="true" msdata:Locale="">
      <xs:complexType>
        <xs:choice minOccurs="0" maxOccurs="unbounded">
          <xs:element name="S" msdata:Locale="">
            <xs:complexType>
              <xs:sequence>
                <xs:element name="Calle" type="xs:string" minOccurs="0" />
                <xs:element name="Lat" type="xs:decimal" minOccurs="0" />
                <xs:element name="Lon" type="xs:decimal" minOccurs="0" />
                <xs:element name="Dis" type="xs:decimal" minOccurs="0" />
                <xs:element name="Cta" type="xs:int" minOccurs="0" />
                <xs:element name="CodSec" type="xs:int" minOccurs="0" />
              </xs:sequence>
            </xs:complexType>
          </xs:element>
        </xs:choice>
      </xs:complexType>
    </xs:element>
  </xs:schema>
  <S>
    <Calle>DARMI</Calle>
    <Lat>34.479032</Lat>
    <Lon>58.740079</Lon>
    <Dis>1085.640</Dis>
    <Cta>1</Cta>
    <CodSec>18</CodSec>
  </S>
  <S>
    <Calle>PLUM</Calle>
    <Lat>34.483719</Lat>
    <Lon>58.729563</Lon>
    <Dis>858.010</Dis>
    <Cta>111</Cta>
    <CodSec>18</CodSec>
  </S>
  <S>
    <Calle>G.BOU</Calle>
    <Lat>34.486366</Lat>
    <Lon>58.724683</Lon>
    <Dis>1500.250</Dis>
    <Cta>203</Cta>
    <CodSec>18</CodSec>
  </S>
  <S>
    <Calle>PASCO</Calle>
    <Lat>34.493382</Lat>
    <Lon>58.721061</Lon>
    <Dis>1179.580</Dis>
    <Cta>368</Cta>
    <CodSec>18</CodSec>
  </S>
  <S>
    <Calle>SESQ</Calle>
    <Lat>34.502303</Lat>
    <Lon>58.714099</Lon>
    <Dis>1278.300</Dis>
    <Cta>488</Cta>
    <CodSec>18</CodSec>
  </S>
  <S>
    <Calle>9</Calle>
    <Lat>34.511028</Lat>
    <Lon>58.711466</Lon>
    <Dis>1503.960</Dis>
    <Cta>624</Cta>
    <CodSec>18</CodSec>
  </S>
  <S>
    <Calle>GUITI</Calle>
    <Lat>34.520378</Lat>
    <Lon>58.699972</Lon>
    <Dis>1113.470</Dis>
    <Cta>781</Cta>
    <CodSec>18</CodSec>
  </S>
  <S>
    <Calle>ILLI.</Calle>
    <Lat>34.527933</Lat>
    <Lon>58.707861</Lon>
    <Dis>577.060</Dis>
    <Cta>896</Cta>
    <CodSec>18</CodSec>
  </S>
  <S>
    <Calle>TRIBU</Calle>
    <Lat>34.531426</Lat>
    <Lon>58.703333</Lon>
    <Dis>1284.040</Dis>
    <Cta>958</Cta>
    <CodSec>18</CodSec>
  </S>
  <S>
    <Calle>SANLO</Calle>
    <Lat>34.536499</Lat>
    <Lon>58.708527</Lon>
    <Dis>1343.280</Dis>
    <Cta>1101</Cta>
    <CodSec>18</CodSec>
  </S>
  <S>
    <Calle>FARIA</Calle>
    <Lat>34.545496</Lat>
    <Lon>58.715586</Lon>
    <Dis>0</Dis>
    <Cta>1241</Cta>
    <CodSec>18</CodSec>
  </S>
</Sector>