<?xml version="1.0" standalone="yes"?>
<Sector>
  <xs:schema id="Sector" xmlns="" xmlns:xs="http://www.w3.org/2001/XMLSchema" xmlns:msdata="urn:schemas-microsoft-com:xml-msdata">
    <xs:element name="Sector" msdata:IsDataSet="true" msdata:Locale="">
      <xs:complexType>
        <xs:choice minOccurs="0" maxOccurs="unbounded">
          <xs:element name="S" msdata:Locale="">
            <xs:complexType>
              <xs:sequence>
                <xs:element name="Calle" type="xs:string" minOccurs="0" />
                <xs:element name="Lat" type="xs:decimal" minOccurs="0" />
                <xs:element name="Lon" type="xs:decimal" minOccurs="0" />
                <xs:element name="Dis" type="xs:decimal" minOccurs="0" />
                <xs:element name="Cta" type="xs:int" minOccurs="0" />
                <xs:element name="CodSec" type="xs:int" minOccurs="0" />
              </xs:sequence>
            </xs:complexType>
          </xs:element>
        </xs:choice>
      </xs:complexType>
    </xs:element>
  </xs:schema>
  <S>
    <Calle>JCPAZ</Calle>
    <Lat>34.519259</Lat>
    <Lon>58.752356</Lon>
    <Dis>6211.060</Dis>
    <Cta>1</Cta>
    <CodSec>18</CodSec>
  </S>
  <S>
    <Calle>LPOLV</Calle>
    <Lat>34.499037</Lat>
    <Lon>58.697172</Lon>
    <Dis>5322.680</Dis>
    <Cta>656</Cta>
    <CodSec>18</CodSec>
  </S>
  <S>
    <Calle>LEMOS</Calle>
    <Lat>34.532748</Lat>
    <Lon>58.701523</Lon>
    <Dis>5401.240</Dis>
    <Cta>1219</Cta>
    <CodSec>18</CodSec>
  </S>
  <S>
    <Calle>CEMEN</Calle>
    <Lat>34.538670</Lat>
    <Lon>58.739078</Lon>
    <Dis>3659.070</Dis>
    <Cta>1794</Cta>
    <CodSec>18</CodSec>
  </S>
  <S>
    <Calle>MENDO</Calle>
    <Lat>34.551324</Lat>
    <Lon>58.766122</Lon>
    <Dis>2782.370</Dis>
    <Cta>2169</Cta>
    <CodSec>18</CodSec>
  </S>
  <S>
    <Calle>BRIGI</Calle>
    <Lat>34.569194</Lat>
    <Lon>58.766889</Lon>
    <Dis>0</Dis>
    <Cta>2453</Cta>
    <CodSec>18</CodSec>
  </S>
</Sector>