<?xml version="1.0" standalone="yes"?>
<Sector>
  <xs:schema id="Sector" xmlns="" xmlns:xs="http://www.w3.org/2001/XMLSchema" xmlns:msdata="urn:schemas-microsoft-com:xml-msdata">
    <xs:element name="Sector" msdata:IsDataSet="true" msdata:Locale="">
      <xs:complexType>
        <xs:choice minOccurs="0" maxOccurs="unbounded">
          <xs:element name="S" msdata:Locale="">
            <xs:complexType>
              <xs:sequence>
                <xs:element name="Calle" type="xs:string" minOccurs="0" />
                <xs:element name="Lat" type="xs:decimal" minOccurs="0" />
                <xs:element name="Lon" type="xs:decimal" minOccurs="0" />
                <xs:element name="Dis" type="xs:decimal" minOccurs="0" />
                <xs:element name="Cta" type="xs:int" minOccurs="0" />
                <xs:element name="CodSec" type="xs:int" minOccurs="0" />
              </xs:sequence>
            </xs:complexType>
          </xs:element>
        </xs:choice>
      </xs:complexType>
    </xs:element>
  </xs:schema>
  <S>
    <Calle>SUARE</Calle>
    <Lat>34.522396</Lat>
    <Lon>58.701933</Lon>
    <Dis>1770.640</Dis>
    <Cta>1</Cta>
    <CodSec>18</CodSec>
  </S>
  <S>
    <Calle>9</Calle>
    <Lat>34.511147</Lat>
    <Lon>58.711311</Lon>
    <Dis>1260.070</Dis>
    <Cta>187</Cta>
    <CodSec>18</CodSec>
  </S>
  <S>
    <Calle>CALLA</Calle>
    <Lat>34.502566</Lat>
    <Lon>58.714100</Lon>
    <Dis>1219.540</Dis>
    <Cta>317</Cta>
    <CodSec>18</CodSec>
  </S>
  <S>
    <Calle>PASCO</Calle>
    <Lat>34.493354</Lat>
    <Lon>58.721025</Lon>
    <Dis>972.450</Dis>
    <Cta>445</Cta>
    <CodSec>18</CodSec>
  </S>
  <S>
    <Calle>G.BOU</Calle>
    <Lat>34.486345</Lat>
    <Lon>58.724640</Lon>
    <Dis>1692.220</Dis>
    <Cta>546</Cta>
    <CodSec>18</CodSec>
  </S>
  <S>
    <Calle>DARMI</Calle>
    <Lat>34.479012</Lat>
    <Lon>58.740049</Lon>
    <Dis>0</Dis>
    <Cta>720</Cta>
    <CodSec>18</CodSec>
  </S>
</Sector>