<?xml version="1.0" standalone="yes"?>
<Sector>
  <xs:schema id="Sector" xmlns="" xmlns:xs="http://www.w3.org/2001/XMLSchema" xmlns:msdata="urn:schemas-microsoft-com:xml-msdata">
    <xs:element name="Sector" msdata:IsDataSet="true" msdata:Locale="">
      <xs:complexType>
        <xs:choice minOccurs="0" maxOccurs="unbounded">
          <xs:element name="S" msdata:Locale="">
            <xs:complexType>
              <xs:sequence>
                <xs:element name="Calle" type="xs:string" minOccurs="0" />
                <xs:element name="Lat" type="xs:decimal" minOccurs="0" />
                <xs:element name="Lon" type="xs:decimal" minOccurs="0" />
                <xs:element name="Dis" type="xs:decimal" minOccurs="0" />
                <xs:element name="Cta" type="xs:int" minOccurs="0" />
                <xs:element name="CodSec" type="xs:int" minOccurs="0" />
              </xs:sequence>
            </xs:complexType>
          </xs:element>
        </xs:choice>
      </xs:complexType>
    </xs:element>
  </xs:schema>
  <S>
    <Calle>FRAGA</Calle>
    <Lat>34.544485</Lat>
    <Lon>58.714536</Lon>
    <Dis>960.990</Dis>
    <Cta>1</Cta>
    <CodSec>18</CodSec>
  </S>
  <S>
    <Calle>CAMPO</Calle>
    <Lat>34.551188</Lat>
    <Lon>58.721649</Lon>
    <Dis>2353.550</Dis>
    <Cta>35</Cta>
    <CodSec>18</CodSec>
  </S>
  <S>
    <Calle>SARMI</Calle>
    <Lat>34.566141</Lat>
    <Lon>58.739787</Lon>
    <Dis>1322.890</Dis>
    <Cta>119</Cta>
    <CodSec>18</CodSec>
  </S>
  <S>
    <Calle>1JUNT</Calle>
    <Lat>34.558300</Lat>
    <Lon>58.750508</Lon>
    <Dis>1582.830</Dis>
    <Cta>165</Cta>
    <CodSec>18</CodSec>
  </S>
  <S>
    <Calle>MENDO</Calle>
    <Lat>34.548806</Lat>
    <Lon>58.763384</Lon>
    <Dis>1592.040</Dis>
    <Cta>222</Cta>
    <CodSec>18</CodSec>
  </S>
  <S>
    <Calle>ARIAS</Calle>
    <Lat>34.537661</Lat>
    <Lon>58.774294</Lon>
    <Dis>965.250</Dis>
    <Cta>277</Cta>
    <CodSec>18</CodSec>
  </S>
  <S>
    <Calle>USTAR</Calle>
    <Lat>34.530908</Lat>
    <Lon>58.779949</Lon>
    <Dis>1433.770</Dis>
    <Cta>314</Cta>
    <CodSec>18</CodSec>
  </S>
  <S>
    <Calle>MARTE</Calle>
    <Lat>34.525350</Lat>
    <Lon>58.765934</Lon>
    <Dis>1426.450</Dis>
    <Cta>366</Cta>
    <CodSec>18</CodSec>
  </S>
  <S>
    <Calle>ZUVIR</Calle>
    <Lat>34.519247</Lat>
    <Lon>58.752283</Lon>
    <Dis>2428.370</Dis>
    <Cta>419</Cta>
    <CodSec>18</CodSec>
  </S>
  <S>
    <Calle>ILIA2</Calle>
    <Lat>34.509241</Lat>
    <Lon>58.728752</Lon>
    <Dis>1536.400</Dis>
    <Cta>508</Cta>
    <CodSec>18</CodSec>
  </S>
  <S>
    <Calle>CALLA</Calle>
    <Lat>34.502555</Lat>
    <Lon>58.714082</Lon>
    <Dis>1188.490</Dis>
    <Cta>564</Cta>
    <CodSec>18</CodSec>
  </S>
  <S>
    <Calle>PASCO</Calle>
    <Lat>34.493619</Lat>
    <Lon>58.720844</Lon>
    <Dis>1322.410</Dis>
    <Cta>606</Cta>
    <CodSec>18</CodSec>
  </S>
  <S>
    <Calle>G.BOU</Calle>
    <Lat>34.485839</Lat>
    <Lon>58.724757</Lon>
    <Dis>917.540</Dis>
    <Cta>652</Cta>
    <CodSec>18</CodSec>
  </S>
  <S>
    <Calle>ANDES</Calle>
    <Lat>34.489632</Lat>
    <Lon>58.733206</Lon>
    <Dis>1142.520</Dis>
    <Cta>687</Cta>
    <CodSec>18</CodSec>
  </S>
  <S>
    <Calle>LLAVA</Calle>
    <Lat>34.484291</Lat>
    <Lon>58.741029</Lon>
    <Dis>0</Dis>
    <Cta>735</Cta>
    <CodSec>18</CodSec>
  </S>
</Sector>