<?xml version="1.0" standalone="yes"?>
<Version>
  <xs:schema id="Version" xmlns="" xmlns:xs="http://www.w3.org/2001/XMLSchema" xmlns:msdata="urn:schemas-microsoft-com:xml-msdata">
    <xs:element name="Version" msdata:IsDataSet="true" msdata:UseCurrentLocale="true">
      <xs:complexType>
        <xs:choice minOccurs="0" maxOccurs="unbounded">
          <xs:element name="datosVersion">
            <xs:complexType>
              <xs:sequence>
                <xs:element name="nroVersion" type="xs:int" minOccurs="0" />
                <xs:element name="fechaActivacion" type="xs:dateTime" minOccurs="0" />
              </xs:sequence>
            </xs:complexType>
          </xs:element>
          <xs:element name="archivos">
            <xs:complexType>
              <xs:sequence>
                <xs:element name="archivo" type="xs:string" minOccurs="0" />
                <xs:element name="hash" type="xs:string" minOccurs="0" />
              </xs:sequence>
            </xs:complexType>
          </xs:element>
        </xs:choice>
      </xs:complexType>
    </xs:element>
  </xs:schema>
  <datosVersion>
    <nroVersion>32</nroVersion>
    <fechaActivacion>2019-05-06T00:00:00-03:00</fechaActivacion>
  </datosVersion>
  <archivos>
    <archivo>s01660896.xml</archivo>
    <hash>33CD831557762240CD2A5BFE00075DDC</hash>
  </archivos>
  <archivos>
    <archivo>s01660901.xml</archivo>
    <hash>772D138EE5A76B12485F112F6DD7029D</hash>
  </archivos>
  <archivos>
    <archivo>s01660902.xml</archivo>
    <hash>3ED5CAF8DAC508691F62AE6F9B62864F</hash>
  </archivos>
  <archivos>
    <archivo>s01660904.xml</archivo>
    <hash>D20461012C2A92A2D08DA0B5923C0022</hash>
  </archivos>
  <archivos>
    <archivo>s01660925.xml</archivo>
    <hash>547FA9ECFE0D61BB11903EFFFCD600A8</hash>
  </archivos>
  <archivos>
    <archivo>s01660926.xml</archivo>
    <hash>E1552722520DCA87254761A0AA1A55D6</hash>
  </archivos>
  <archivos>
    <archivo>s01660927.xml</archivo>
    <hash>DC786C9DFD70A971F17C24126C52FB66</hash>
  </archivos>
  <archivos>
    <archivo>s01660928.xml</archivo>
    <hash>010A451024DF63BB84C75EFAA4DFA05E</hash>
  </archivos>
  <archivos>
    <archivo>s01661032.xml</archivo>
    <hash>AED9B3B1A480CEF212C8987A403F4B98</hash>
  </archivos>
  <archivos>
    <archivo>s01661033.xml</archivo>
    <hash>DE36E1F9433A0B28A56DBD8A36E7339B</hash>
  </archivos>
  <archivos>
    <archivo>s01661052.xml</archivo>
    <hash>8846DEBDEF8A8699773BF5AF4AA2C2E6</hash>
  </archivos>
  <archivos>
    <archivo>s01661053.xml</archivo>
    <hash>147F945DF50555AEF592374013E898B0</hash>
  </archivos>
  <archivos>
    <archivo>s01661054.xml</archivo>
    <hash>A4C4AEB6CED59624CE6A7CE0D9639593</hash>
  </archivos>
  <archivos>
    <archivo>s01661055.xml</archivo>
    <hash>87CC6A84395E0FF8164687DD663D1BDD</hash>
  </archivos>
  <archivos>
    <archivo>s01661056.xml</archivo>
    <hash>60CEDE6076F7427F1F8A8E325D7A22D1</hash>
  </archivos>
  <archivos>
    <archivo>s01661067.xml</archivo>
    <hash>AF56A03161793EA8B612A7313AB9A763</hash>
  </archivos>
  <archivos>
    <archivo>s01661068.xml</archivo>
    <hash>60763690C622FF21AB47AA535AEDEA7E</hash>
  </archivos>
  <archivos>
    <archivo>s01661075.xml</archivo>
    <hash>05125C44C0A3F1E5B704D9CDE75DD554</hash>
  </archivos>
  <archivos>
    <archivo>s01661076.xml</archivo>
    <hash>2619D8963A53152094F6520FAFFA521B</hash>
  </archivos>
  <archivos>
    <archivo>s01661077.xml</archivo>
    <hash>738C5F6DCBB12A8C49ED95F0F600B5AB</hash>
  </archivos>
  <archivos>
    <archivo>s01661078.xml</archivo>
    <hash>7F9AC507C9BF62C7EFCA8AABFA39CD4B</hash>
  </archivos>
  <archivos>
    <archivo>s01661079.xml</archivo>
    <hash>2B7DD05847994FBA4DF80A636264BE90</hash>
  </archivos>
  <archivos>
    <archivo>s01661080.xml</archivo>
    <hash>F8CF2C79C120395F8F7C931DD4C2CA41</hash>
  </archivos>
  <archivos>
    <archivo>s01661081.xml</archivo>
    <hash>13A39575EDF529150211DA741B41D6AD</hash>
  </archivos>
  <archivos>
    <archivo>s01661082.xml</archivo>
    <hash>FAD4ACB589CB2B9B3920BD2DF4D0BB55</hash>
  </archivos>
  <archivos>
    <archivo>s01661083.xml</archivo>
    <hash>4BE82C0401F7880E98567C386C6AADEA</hash>
  </archivos>
  <archivos>
    <archivo>s01661084.xml</archivo>
    <hash>D18169F0F314AA761B5B58C2C2F9945C</hash>
  </archivos>
  <archivos>
    <archivo>s01661085.xml</archivo>
    <hash>D70EAB2CFBE6DDCC95A5A55731360808</hash>
  </archivos>
  <archivos>
    <archivo>s01661086.xml</archivo>
    <hash>971D6F05D23304A47450590AC6A6201B</hash>
  </archivos>
  <archivos>
    <archivo>s01661087.xml</archivo>
    <hash>4DB7903701E57C2C5F0F0D9302BED424</hash>
  </archivos>
  <archivos>
    <archivo>s01661088.xml</archivo>
    <hash>46225BF72CD26D4E0D451507E63D7396</hash>
  </archivos>
  <archivos>
    <archivo>s01662784.xml</archivo>
    <hash>1E5F3531DAAA7E2087F86D1015724172</hash>
  </archivos>
  <archivos>
    <archivo>s01662785.xml</archivo>
    <hash>08B17DB663931053656BB9371828C710</hash>
  </archivos>
  <archivos>
    <archivo>s01662786.xml</archivo>
    <hash>7BE6D74F9E1A7BFBAB39C3666E896CE0</hash>
  </archivos>
  <archivos>
    <archivo>s01662787.xml</archivo>
    <hash>6780BCA20F361E93A5C6C939883AED72</hash>
  </archivos>
  <archivos>
    <archivo>s01662788.xml</archivo>
    <hash>BC5A2DF7E00AA65363C58B62746126B3</hash>
  </archivos>
  <archivos>
    <archivo>s01662789.xml</archivo>
    <hash>20F86CD7FCBE908872925CB22EF39176</hash>
  </archivos>
  <archivos>
    <archivo>s01662790.xml</archivo>
    <hash>4BF10D70F232FAB15F2E5F95096913BC</hash>
  </archivos>
  <archivos>
    <archivo>s01662791.xml</archivo>
    <hash>81BB1056AD29D410277BEDCC33B1C8E0</hash>
  </archivos>
  <archivos>
    <archivo>s01662792.xml</archivo>
    <hash>94DCE4473B69C567261F68A5839ED7B7</hash>
  </archivos>
  <archivos>
    <archivo>s01662798.xml</archivo>
    <hash>9E8A78859ADBE0F9B6B4CBB3573BBD46</hash>
  </archivos>
  <archivos>
    <archivo>s01662800.xml</archivo>
    <hash>21CE38EA2D7094305360AC4395C450AA</hash>
  </archivos>
  <archivos>
    <archivo>s01662801.xml</archivo>
    <hash>AFFCF70D029F3A9DD0E8C52361DDF80B</hash>
  </archivos>
  <archivos>
    <archivo>s01662802.xml</archivo>
    <hash>031D1CDDD7E039DFB2FDE36F565BF9C8</hash>
  </archivos>
  <archivos>
    <archivo>s01662828.xml</archivo>
    <hash>451D6AC41F7E1A29FE116FFCB4B0A711</hash>
  </archivos>
  <archivos>
    <archivo>s01662829.xml</archivo>
    <hash>1875A2362588E7AD86BE0D5462506D75</hash>
  </archivos>
  <archivos>
    <archivo>s01662830.xml</archivo>
    <hash>C7B8651E65341D52C70F04D1151529CC</hash>
  </archivos>
  <archivos>
    <archivo>s01662832.xml</archivo>
    <hash>2B33C89ED7E184FE5820BFD7FE91799A</hash>
  </archivos>
  <archivos>
    <archivo>s01662834.xml</archivo>
    <hash>B5D01710EB6E24FD03F74C466AA9E0F3</hash>
  </archivos>
  <archivos>
    <archivo>s01662835.xml</archivo>
    <hash>D63012A89E396E53DD2FC5BFB1CDAC43</hash>
  </archivos>
  <archivos>
    <archivo>s01662836.xml</archivo>
    <hash>052A2F1C0A895C6E06F579346CA14AFB</hash>
  </archivos>
  <archivos>
    <archivo>s01662849.xml</archivo>
    <hash>BFA75A29460D9366E651040E0A97B8CD</hash>
  </archivos>
  <archivos>
    <archivo>s01662850.xml</archivo>
    <hash>66AA011D145D6E17E84C7E978ECFBB26</hash>
  </archivos>
  <archivos>
    <archivo>s01662853.xml</archivo>
    <hash>372AC836603DA2361A6DFEED3AA77ACF</hash>
  </archivos>
  <archivos>
    <archivo>s01662897.xml</archivo>
    <hash>5A414AD175C25209930ED397DBC5EB1D</hash>
  </archivos>
  <archivos>
    <archivo>s01662900.xml</archivo>
    <hash>5589A1C73CDF8F1D5A289EDF9926D0A4</hash>
  </archivos>
  <archivos>
    <archivo>s01662903.xml</archivo>
    <hash>33679DDDA50245D82ABE798286F48398</hash>
  </archivos>
  <archivos>
    <archivo>s01662905.xml</archivo>
    <hash>67EE33C13EE52A137C37D3641E815A83</hash>
  </archivos>
  <archivos>
    <archivo>s01662906.xml</archivo>
    <hash>9403B7D079E630084D24C1B9FF127759</hash>
  </archivos>
  <archivos>
    <archivo>s01662907.xml</archivo>
    <hash>9114BE36F7798C1CEE288C08CF812334</hash>
  </archivos>
  <archivos>
    <archivo>s01662908.xml</archivo>
    <hash>D80A6699EC1EC9315163F773920A362B</hash>
  </archivos>
  <archivos>
    <archivo>s01662909.xml</archivo>
    <hash>49A2FD9A88034792A6B918BD82C703A1</hash>
  </archivos>
  <archivos>
    <archivo>s01662910.xml</archivo>
    <hash>4BC6D4A8DF0DCAA7FA6364E67425A771</hash>
  </archivos>
  <archivos>
    <archivo>s01662911.xml</archivo>
    <hash>372AC836603DA2361A6DFEED3AA77ACF</hash>
  </archivos>
  <archivos>
    <archivo>s01662912.xml</archivo>
    <hash>7067F917EC7F0A01BAB0CB56E84BB58C</hash>
  </archivos>
  <archivos>
    <archivo>s01662913.xml</archivo>
    <hash>6785AC0779954AB6BA11C6BD4BABDB12</hash>
  </archivos>
  <archivos>
    <archivo>s01662914.xml</archivo>
    <hash>3DE29E2E941B0BF2B4AE1F3ED56FA316</hash>
  </archivos>
  <archivos>
    <archivo>s01662915.xml</archivo>
    <hash>A8FA7D84A0B84D279037223C7B9DC684</hash>
  </archivos>
  <archivos>
    <archivo>s01662916.xml</archivo>
    <hash>FBE2BD76A331E129E5887035A16C3D1D</hash>
  </archivos>
  <archivos>
    <archivo>s01662917.xml</archivo>
    <hash>972F201203D6D5B59DA4383063E0ED28</hash>
  </archivos>
  <archivos>
    <archivo>s01662918.xml</archivo>
    <hash>72C014A87B885C011790BD4380C316A1</hash>
  </archivos>
  <archivos>
    <archivo>s01662919.xml</archivo>
    <hash>B33309A4752BB040E419B94C0F2509B7</hash>
  </archivos>
  <archivos>
    <archivo>s01662920.xml</archivo>
    <hash>FC8D99360BFEC32F3B788B42D3666C53</hash>
  </archivos>
  <archivos>
    <archivo>s01662921.xml</archivo>
    <hash>24A90703B66C16864EFCCDB6002CC13C</hash>
  </archivos>
  <archivos>
    <archivo>s01662922.xml</archivo>
    <hash>8BE2C85A6E04CBAD28E3B5E52E10EB74</hash>
  </archivos>
  <archivos>
    <archivo>s01662923.xml</archivo>
    <hash>2BC3037F4A2509B06D8947413B173A83</hash>
  </archivos>
  <archivos>
    <archivo>s01662924.xml</archivo>
    <hash>72C101077CFBE5019C07638217B8B45A</hash>
  </archivos>
  <archivos>
    <archivo>s01662930.xml</archivo>
    <hash>3FAE326F34CF8DB29893D41E1AD6541D</hash>
  </archivos>
  <archivos>
    <archivo>s01662931.xml</archivo>
    <hash>33733B4F7CE2610E5AC08FC55E7AF775</hash>
  </archivos>
  <archivos>
    <archivo>s01662932.xml</archivo>
    <hash>93DF249F3835764FCC6181CC005A9729</hash>
  </archivos>
  <archivos>
    <archivo>s01662933.xml</archivo>
    <hash>149AF60E17172CC87EF4838D8FF7D657</hash>
  </archivos>
  <archivos>
    <archivo>s01662934.xml</archivo>
    <hash>45C341438C406AA1E26F7D31C09BF856</hash>
  </archivos>
  <archivos>
    <archivo>s01662935.xml</archivo>
    <hash>29D3B955F922F0A12C9A4AFF3557150C</hash>
  </archivos>
  <archivos>
    <archivo>s01662936.xml</archivo>
    <hash>0ED3C8D28E3A3C65BA38CDF89DA4437F</hash>
  </archivos>
  <archivos>
    <archivo>s01662937.xml</archivo>
    <hash>04FDE6A7BA507226462C65676E192820</hash>
  </archivos>
  <archivos>
    <archivo>s01662938.xml</archivo>
    <hash>9F54CCB07741EDCB172FF0896F66B930</hash>
  </archivos>
  <archivos>
    <archivo>s01662939.xml</archivo>
    <hash>46A674385A59218372519762F38CA51C</hash>
  </archivos>
  <archivos>
    <archivo>s01662940.xml</archivo>
    <hash>0E5D09A949A6924F7B5F2437A0D08A23</hash>
  </archivos>
  <archivos>
    <archivo>s01662941.xml</archivo>
    <hash>AE14FAD8C72A38B3A163CF142FE1C63F</hash>
  </archivos>
  <archivos>
    <archivo>s01662942.xml</archivo>
    <hash>093FB48E44799A8C70C432282B7394BF</hash>
  </archivos>
  <archivos>
    <archivo>s01662943.xml</archivo>
    <hash>E797AA04B84655B77605BACC8F6BC269</hash>
  </archivos>
  <archivos>
    <archivo>s01662944.xml</archivo>
    <hash>FECB787EB56E2B9A38826501C189984A</hash>
  </archivos>
  <archivos>
    <archivo>s01662945.xml</archivo>
    <hash>069A1E62B854239EACD8D9773DDC1310</hash>
  </archivos>
  <archivos>
    <archivo>s01662946.xml</archivo>
    <hash>4112B3742C357AD6D43D48E986BC6F20</hash>
  </archivos>
  <archivos>
    <archivo>s01662947.xml</archivo>
    <hash>6A1333AAD050DF254CDB54DEC909FA34</hash>
  </archivos>
  <archivos>
    <archivo>s01662948.xml</archivo>
    <hash>C2FB42ADE253EE4AFBE59B5E9CE1C28D</hash>
  </archivos>
  <archivos>
    <archivo>s01662949.xml</archivo>
    <hash>0A946B0658770CC4DB7C1FB76858581C</hash>
  </archivos>
  <archivos>
    <archivo>s01662950.xml</archivo>
    <hash>468DF81B6D2187D9D99E0CAADBCEEFCC</hash>
  </archivos>
  <archivos>
    <archivo>s01662951.xml</archivo>
    <hash>001AC78051C2AEB24B3D15774D729D08</hash>
  </archivos>
  <archivos>
    <archivo>s01662952.xml</archivo>
    <hash>56175200A0DA81981EB1E460F7CCCE37</hash>
  </archivos>
  <archivos>
    <archivo>s01662953.xml</archivo>
    <hash>A11650C98CF3B35FB88E0145E7067ADA</hash>
  </archivos>
  <archivos>
    <archivo>s01662954.xml</archivo>
    <hash>2105E9AB36C19E0A037A8ED75A47AD57</hash>
  </archivos>
  <archivos>
    <archivo>s01662955.xml</archivo>
    <hash>1E1E04A889553D5481FC5875F092FF50</hash>
  </archivos>
  <archivos>
    <archivo>s01662956.xml</archivo>
    <hash>FAA51BEBD69042B16EA35462A9435053</hash>
  </archivos>
  <archivos>
    <archivo>s01662957.xml</archivo>
    <hash>773D49EEDD644316C437F9B21A2B715F</hash>
  </archivos>
  <archivos>
    <archivo>s01662958.xml</archivo>
    <hash>7535C8B23957FDA11022A47A4C5A3556</hash>
  </archivos>
  <archivos>
    <archivo>s01662959.xml</archivo>
    <hash>4DBCC1E5E2D791CBF71A31357B58A996</hash>
  </archivos>
  <archivos>
    <archivo>s01662960.xml</archivo>
    <hash>AD94B1D44D24648C4023705DC985B0C5</hash>
  </archivos>
  <archivos>
    <archivo>s01662961.xml</archivo>
    <hash>AC846B7A647814BD5BA05E0AD4AD23EB</hash>
  </archivos>
  <archivos>
    <archivo>s01662962.xml</archivo>
    <hash>68BBAB2EC4EF511FC24B0524D6793D9B</hash>
  </archivos>
  <archivos>
    <archivo>s01662963.xml</archivo>
    <hash>EA227B1557F875301458F8FE28D921DD</hash>
  </archivos>
  <archivos>
    <archivo>s01662964.xml</archivo>
    <hash>34F81EFC89752C18F2EDBD5E4D47293C</hash>
  </archivos>
  <archivos>
    <archivo>s01662965.xml</archivo>
    <hash>D3BAB3DC64B4634DC3D45E9E6332FBCD</hash>
  </archivos>
  <archivos>
    <archivo>s01662980.xml</archivo>
    <hash>A456A25487D5F4F54EE406EBA9AB6E66</hash>
  </archivos>
  <archivos>
    <archivo>s01662985.xml</archivo>
    <hash>7B12593AFDC00C6A35ABE2A9C32B65CC</hash>
  </archivos>
  <archivos>
    <archivo>s01662986.xml</archivo>
    <hash>96CD222F9558AE0485C88B7144942566</hash>
  </archivos>
  <archivos>
    <archivo>s01662987.xml</archivo>
    <hash>041DECD898E9F4909A5DCD9AC82C8615</hash>
  </archivos>
  <archivos>
    <archivo>s01662988.xml</archivo>
    <hash>B46C8632AE3FAFF6F71D0BD77210281E</hash>
  </archivos>
  <archivos>
    <archivo>s01662989.xml</archivo>
    <hash>315CE43C4D6F888A8A4B2EA528E086AA</hash>
  </archivos>
  <archivos>
    <archivo>s01662990.xml</archivo>
    <hash>E6102607904D40F7197F32BDBC8AACFC</hash>
  </archivos>
  <archivos>
    <archivo>s01662991.xml</archivo>
    <hash>E409A74D0C2F679FCBA75076A52F52A8</hash>
  </archivos>
  <archivos>
    <archivo>s01662992.xml</archivo>
    <hash>2375D258AC5FB33E1736EFDBA48F2EB1</hash>
  </archivos>
  <archivos>
    <archivo>s01662993.xml</archivo>
    <hash>F711F00B77D8DFA320EEEFF4E5FADB0C</hash>
  </archivos>
  <archivos>
    <archivo>s01662994.xml</archivo>
    <hash>3FB5884D1328D6E2076763DAD90C342E</hash>
  </archivos>
  <archivos>
    <archivo>s01663027.xml</archivo>
    <hash>9CEF0368618C6DCE49376FC3255E13E8</hash>
  </archivos>
  <archivos>
    <archivo>s01663028.xml</archivo>
    <hash>56F66B0D5A9F4CC169E47F35FF363385</hash>
  </archivos>
  <archivos>
    <archivo>s01663030.xml</archivo>
    <hash>3B82B1D684F325ED8382099C25B828BA</hash>
  </archivos>
  <archivos>
    <archivo>s01663031.xml</archivo>
    <hash>6E7656F98BB9E08AE7FE5BDF7C5B784D</hash>
  </archivos>
  <archivos>
    <archivo>s01663043.xml</archivo>
    <hash>13C95ACBD1E4AAF66E398E8E3B1282E8</hash>
  </archivos>
  <archivos>
    <archivo>s01663044.xml</archivo>
    <hash>173DC68B0FBFD776C51F8C018A246CD0</hash>
  </archivos>
  <archivos>
    <archivo>s01663047.xml</archivo>
    <hash>C8E862B7EFE9D39B86C6523522093A0F</hash>
  </archivos>
  <archivos>
    <archivo>s01663048.xml</archivo>
    <hash>02949D4265D21F5C7D512FF67EACB18F</hash>
  </archivos>
  <archivos>
    <archivo>s01663072.xml</archivo>
    <hash>9ABF3DE2744D684CD02CA33575F3C77A</hash>
  </archivos>
  <archivos>
    <archivo>s01663073.xml</archivo>
    <hash>7F48833EFD687D75BC6701C9D2423D28</hash>
  </archivos>
  <archivos>
    <archivo>r01660896.txt</archivo>
    <hash>B8275A78BFE16E68D40F178BE93AEA8C</hash>
  </archivos>
  <archivos>
    <archivo>r01660901.txt</archivo>
    <hash>2B8FDC1F3C0E7C16AE4FB72E63C6EED1</hash>
  </archivos>
  <archivos>
    <archivo>r01660902.txt</archivo>
    <hash>33501902049B0E216282374586C228B3</hash>
  </archivos>
  <archivos>
    <archivo>r01660904.txt</archivo>
    <hash>D3F40C44C257D7743EC77775B8A15F6C</hash>
  </archivos>
  <archivos>
    <archivo>r01660925.txt</archivo>
    <hash>181103B2D0452835667428B873B31CCB</hash>
  </archivos>
  <archivos>
    <archivo>r01660926.txt</archivo>
    <hash>FEF39AC1098854C49CFA2C5DA5B977AA</hash>
  </archivos>
  <archivos>
    <archivo>r01660927.txt</archivo>
    <hash>5B5CB990C4F2715F9128B382B3D00EEC</hash>
  </archivos>
  <archivos>
    <archivo>r01660928.txt</archivo>
    <hash>4A7BDFF20143C47A6FBC0C97FC0F7652</hash>
  </archivos>
  <archivos>
    <archivo>r01661032.txt</archivo>
    <hash>53FEA887347872F7D0A163CF9D236555</hash>
  </archivos>
  <archivos>
    <archivo>r01661033.txt</archivo>
    <hash>987B69816DD611AEFB8F96019297BB47</hash>
  </archivos>
  <archivos>
    <archivo>r01661052.txt</archivo>
    <hash>EDB284D0419C3F1B37B023A330B77A48</hash>
  </archivos>
  <archivos>
    <archivo>r01661053.txt</archivo>
    <hash>C1A74FCD85AED5DCB82F58940A2F22E9</hash>
  </archivos>
  <archivos>
    <archivo>r01661054.txt</archivo>
    <hash>8CEFD0A18FC90B8C9B67899D57DA7B27</hash>
  </archivos>
  <archivos>
    <archivo>r01661055.txt</archivo>
    <hash>95577308AFCEB38FEB6536F23E2AA02B</hash>
  </archivos>
  <archivos>
    <archivo>r01661056.txt</archivo>
    <hash>533666FECBF900FA5C41B4034A1AE1AB</hash>
  </archivos>
  <archivos>
    <archivo>r01661067.txt</archivo>
    <hash>1535BC8B654E7F6D4B7B3855784E6B92</hash>
  </archivos>
  <archivos>
    <archivo>r01661068.txt</archivo>
    <hash>18A2DF675ADBBFA8079950E4276BAF8D</hash>
  </archivos>
  <archivos>
    <archivo>r01661075.txt</archivo>
    <hash>C7138546D9058AF3B93551F438EF9798</hash>
  </archivos>
  <archivos>
    <archivo>r01661076.txt</archivo>
    <hash>8E2FF351A93E671C5F6E464AF2478F09</hash>
  </archivos>
  <archivos>
    <archivo>r01661077.txt</archivo>
    <hash>906B29BA2C0A38822EB0C24966AF1703</hash>
  </archivos>
  <archivos>
    <archivo>r01661078.txt</archivo>
    <hash>009C5A740369E5BCE51E67DBDFD6B2B1</hash>
  </archivos>
  <archivos>
    <archivo>r01661079.txt</archivo>
    <hash>C775EB796C150E339D24D55CDFE8F859</hash>
  </archivos>
  <archivos>
    <archivo>r01661080.txt</archivo>
    <hash>AAE5972A85E6B1A92E72E5C836F9B31A</hash>
  </archivos>
  <archivos>
    <archivo>r01661081.txt</archivo>
    <hash>78A9DF24A5FBC5BFAF190ED03C8A629A</hash>
  </archivos>
  <archivos>
    <archivo>r01661082.txt</archivo>
    <hash>2D777E6F945C82345F1A48EF7A627DE0</hash>
  </archivos>
  <archivos>
    <archivo>r01661083.txt</archivo>
    <hash>40105B47708267BA9C1F692CEA0A5AD2</hash>
  </archivos>
  <archivos>
    <archivo>r01661084.txt</archivo>
    <hash>5FA886A0D5A3503D022E70132B3FC494</hash>
  </archivos>
  <archivos>
    <archivo>r01661085.txt</archivo>
    <hash>48D3AAF710EA3AB755A5C9864C44CA5A</hash>
  </archivos>
  <archivos>
    <archivo>r01661086.txt</archivo>
    <hash>78F45942667B097EA3A400B851952C3C</hash>
  </archivos>
  <archivos>
    <archivo>r01661087.txt</archivo>
    <hash>B82D73162E4B3794462E8ACD3D410E0A</hash>
  </archivos>
  <archivos>
    <archivo>r01661088.txt</archivo>
    <hash>FA7B9712042C45A85AF16F00614F045D</hash>
  </archivos>
  <archivos>
    <archivo>r01662784.txt</archivo>
    <hash>F69C084BF9CB1AA0175D21BDBB1A4A83</hash>
  </archivos>
  <archivos>
    <archivo>r01662785.txt</archivo>
    <hash>670534A04AFC838B5ED80DF3909FFB45</hash>
  </archivos>
  <archivos>
    <archivo>r01662786.txt</archivo>
    <hash>F9D897808A510F2955D8788163F7A1DB</hash>
  </archivos>
  <archivos>
    <archivo>r01662787.txt</archivo>
    <hash>D7C30D05123B2973640CFE381FBE28A0</hash>
  </archivos>
  <archivos>
    <archivo>r01662788.txt</archivo>
    <hash>601F0B471C31B8EF0F1F6A9316618F77</hash>
  </archivos>
  <archivos>
    <archivo>r01662789.txt</archivo>
    <hash>5093333563C1AD87FAB2FC5F00C8BF18</hash>
  </archivos>
  <archivos>
    <archivo>r01662790.txt</archivo>
    <hash>D3B4CF652ECEA86793B2DB60EC300937</hash>
  </archivos>
  <archivos>
    <archivo>r01662791.txt</archivo>
    <hash>59F23E07174FF25B51C906051D381E73</hash>
  </archivos>
  <archivos>
    <archivo>r01662792.txt</archivo>
    <hash>ABA4F072A68FA5ACE4348BF3C1AA2DB0</hash>
  </archivos>
  <archivos>
    <archivo>r01662798.txt</archivo>
    <hash>FA7DDFB6E9CBA7124483047067260A87</hash>
  </archivos>
  <archivos>
    <archivo>r01662800.txt</archivo>
    <hash>E6226C65FFBC63AA209BE175345DFB53</hash>
  </archivos>
  <archivos>
    <archivo>r01662801.txt</archivo>
    <hash>7F23A417B4FBD6B3E031E3DCD8F70336</hash>
  </archivos>
  <archivos>
    <archivo>r01662802.txt</archivo>
    <hash>0069097876DCC6B9E80CBC21823CEB31</hash>
  </archivos>
  <archivos>
    <archivo>r01662828.txt</archivo>
    <hash>294056FD9A0698EF43FEEA68A232D345</hash>
  </archivos>
  <archivos>
    <archivo>r01662829.txt</archivo>
    <hash>E30636ABC89F1A2BEA6257CCD02E411D</hash>
  </archivos>
  <archivos>
    <archivo>r01662830.txt</archivo>
    <hash>E76443467164BEDC49240125CBA5C1FC</hash>
  </archivos>
  <archivos>
    <archivo>r01662832.txt</archivo>
    <hash>6462D31C8B6818ADB8AD1505B63B1779</hash>
  </archivos>
  <archivos>
    <archivo>r01662834.txt</archivo>
    <hash>22E83F87F366E7FF56EA56C9035F7978</hash>
  </archivos>
  <archivos>
    <archivo>r01662835.txt</archivo>
    <hash>EDFDB3B338CFF5D5AD387568673E1848</hash>
  </archivos>
  <archivos>
    <archivo>r01662836.txt</archivo>
    <hash>E0D62615B1EC5B24A77CE2247481EF7A</hash>
  </archivos>
  <archivos>
    <archivo>r01662849.txt</archivo>
    <hash>F8FACF1A2CBAADBB9487B916D482EE94</hash>
  </archivos>
  <archivos>
    <archivo>r01662850.txt</archivo>
    <hash>BBAF77A4A7109FA524F868DE6C3F39D1</hash>
  </archivos>
  <archivos>
    <archivo>r01662853.txt</archivo>
    <hash>C8A0DD08F9918EB7D860D5614FE502F7</hash>
  </archivos>
  <archivos>
    <archivo>r01662897.txt</archivo>
    <hash>9D78C697EF7A427C0AE4C9498A5EA598</hash>
  </archivos>
  <archivos>
    <archivo>r01662900.txt</archivo>
    <hash>D0CB62ABE09A7D7B45F7D12F2B6BBA4D</hash>
  </archivos>
  <archivos>
    <archivo>r01662903.txt</archivo>
    <hash>0B6D4FF5E0751B2FF590460971AF9BEA</hash>
  </archivos>
  <archivos>
    <archivo>r01662905.txt</archivo>
    <hash>26D843E6E6EE80636F95CA27108A7BD1</hash>
  </archivos>
  <archivos>
    <archivo>r01662906.txt</archivo>
    <hash>8AA7F1C90207EA23D607D0EAFF9FCAEE</hash>
  </archivos>
  <archivos>
    <archivo>r01662907.txt</archivo>
    <hash>92B1EFA9FDC9D7B9069ACFC79BDD0BEA</hash>
  </archivos>
  <archivos>
    <archivo>r01662908.txt</archivo>
    <hash>3B3B300627A38908501F9E5EA30BD2FF</hash>
  </archivos>
  <archivos>
    <archivo>r01662909.txt</archivo>
    <hash>D2CD82E7FA3807B881631C2DF393C14F</hash>
  </archivos>
  <archivos>
    <archivo>r01662910.txt</archivo>
    <hash>760BA110166721EA13BF30FA55678F8C</hash>
  </archivos>
  <archivos>
    <archivo>r01662911.txt</archivo>
    <hash>C8A0DD08F9918EB7D860D5614FE502F7</hash>
  </archivos>
  <archivos>
    <archivo>r01662912.txt</archivo>
    <hash>A9708CF75B19CDC450089B02EDE6A723</hash>
  </archivos>
  <archivos>
    <archivo>r01662913.txt</archivo>
    <hash>D7056EBD123A81CDE031B619B0C27560</hash>
  </archivos>
  <archivos>
    <archivo>r01662914.txt</archivo>
    <hash>B6347C38D837C0843F14A848325984A8</hash>
  </archivos>
  <archivos>
    <archivo>r01662915.txt</archivo>
    <hash>E633BBD2D213E8C88014CE1705C2C239</hash>
  </archivos>
  <archivos>
    <archivo>r01662916.txt</archivo>
    <hash>47EC12AFF0ABB6676D34E1BB81CC0A49</hash>
  </archivos>
  <archivos>
    <archivo>r01662917.txt</archivo>
    <hash>92805A4B18AC30E824CF8EF477B0267B</hash>
  </archivos>
  <archivos>
    <archivo>r01662918.txt</archivo>
    <hash>D4CE2099E27E0B26A568BA3D3AD47BBC</hash>
  </archivos>
  <archivos>
    <archivo>r01662919.txt</archivo>
    <hash>AAB73E72B79DBF4BB8C7CCFF723DE352</hash>
  </archivos>
  <archivos>
    <archivo>r01662920.txt</archivo>
    <hash>D8019C3B7D6B971365F49AAE3877B95A</hash>
  </archivos>
  <archivos>
    <archivo>r01662921.txt</archivo>
    <hash>939DA4F7928AE2206DAE9A8FC77979DF</hash>
  </archivos>
  <archivos>
    <archivo>r01662922.txt</archivo>
    <hash>7398F39FE84682940D7CAFE2E9E08C71</hash>
  </archivos>
  <archivos>
    <archivo>r01662923.txt</archivo>
    <hash>A765D39B623CF7E3481825D09831B1A7</hash>
  </archivos>
  <archivos>
    <archivo>r01662924.txt</archivo>
    <hash>A370E152B44263BAF74F019576457392</hash>
  </archivos>
  <archivos>
    <archivo>r01662930.txt</archivo>
    <hash>D274B0AFA99936BA1E150444D8051949</hash>
  </archivos>
  <archivos>
    <archivo>r01662931.txt</archivo>
    <hash>5E2E4FD5A305D7547D5F34C9B229F09D</hash>
  </archivos>
  <archivos>
    <archivo>r01662932.txt</archivo>
    <hash>B63617DBBE4449144F4129AB339F80AE</hash>
  </archivos>
  <archivos>
    <archivo>r01662933.txt</archivo>
    <hash>4CEA22DF66390ED1A514F54D3DCBD07B</hash>
  </archivos>
  <archivos>
    <archivo>r01662934.txt</archivo>
    <hash>144B5C9DD5A7577EC9C9265690A6247B</hash>
  </archivos>
  <archivos>
    <archivo>r01662935.txt</archivo>
    <hash>917D8348BBA406230A3FC2AD1E986F74</hash>
  </archivos>
  <archivos>
    <archivo>r01662936.txt</archivo>
    <hash>C5E3621D5E1637D88D9CBBB3C190494E</hash>
  </archivos>
  <archivos>
    <archivo>r01662937.txt</archivo>
    <hash>9FD73D00038B6696842B70FDC5EBCDFC</hash>
  </archivos>
  <archivos>
    <archivo>r01662938.txt</archivo>
    <hash>479409D5A22A71A402D9620A7DA05782</hash>
  </archivos>
  <archivos>
    <archivo>r01662939.txt</archivo>
    <hash>0C977997F73CBD6EBE935FC82F200B28</hash>
  </archivos>
  <archivos>
    <archivo>r01662940.txt</archivo>
    <hash>A9FC2F379CB6DBBE27D0904573B211FC</hash>
  </archivos>
  <archivos>
    <archivo>r01662941.txt</archivo>
    <hash>892BF8B4AC7A6CF90605FAFC14276428</hash>
  </archivos>
  <archivos>
    <archivo>r01662942.txt</archivo>
    <hash>00407601809C1DA1832890C9E8A1B14A</hash>
  </archivos>
  <archivos>
    <archivo>r01662943.txt</archivo>
    <hash>BB28FE8355111EE4F2B971243FA6E114</hash>
  </archivos>
  <archivos>
    <archivo>r01662944.txt</archivo>
    <hash>3DB6157E53872E0D5BA6645CA51A497A</hash>
  </archivos>
  <archivos>
    <archivo>r01662945.txt</archivo>
    <hash>D90B35EC18EB3401E86554F1E069348F</hash>
  </archivos>
  <archivos>
    <archivo>r01662946.txt</archivo>
    <hash>29D0C94497A845F2C1F7755F480C112B</hash>
  </archivos>
  <archivos>
    <archivo>r01662947.txt</archivo>
    <hash>591653D5F48593F8ACE447ADF1CF29FF</hash>
  </archivos>
  <archivos>
    <archivo>r01662948.txt</archivo>
    <hash>D41C731DB51F78C80A0617454D09F1EB</hash>
  </archivos>
  <archivos>
    <archivo>r01662949.txt</archivo>
    <hash>EEE1531CA821DFEB225C74AFA3A9D6A3</hash>
  </archivos>
  <archivos>
    <archivo>r01662950.txt</archivo>
    <hash>8144BA9A13AAEC857BD38FB3EBEACF2F</hash>
  </archivos>
  <archivos>
    <archivo>r01662951.txt</archivo>
    <hash>DAC530CF8C973E9424B573B3A46C1952</hash>
  </archivos>
  <archivos>
    <archivo>r01662952.txt</archivo>
    <hash>EC244E1574EDD39C84F3055727CF3928</hash>
  </archivos>
  <archivos>
    <archivo>r01662953.txt</archivo>
    <hash>6C22E4E54C31B1ABCF8299E0D9EAA74E</hash>
  </archivos>
  <archivos>
    <archivo>r01662954.txt</archivo>
    <hash>612C338C9009BE2A8EA7CAB270039DEE</hash>
  </archivos>
  <archivos>
    <archivo>r01662955.txt</archivo>
    <hash>C8C3D820BEA0DF156895B62675347A4C</hash>
  </archivos>
  <archivos>
    <archivo>r01662956.txt</archivo>
    <hash>C5446F6A5FD37A65D35955BC1402FC18</hash>
  </archivos>
  <archivos>
    <archivo>r01662957.txt</archivo>
    <hash>807AB71E2BAA599930A1BC071A611296</hash>
  </archivos>
  <archivos>
    <archivo>r01662958.txt</archivo>
    <hash>E7B2227C64ACF2673DE46D18B5B2AB30</hash>
  </archivos>
  <archivos>
    <archivo>r01662959.txt</archivo>
    <hash>8BB68A7B2D7BBA6B4B39F29ED1720A58</hash>
  </archivos>
  <archivos>
    <archivo>r01662960.txt</archivo>
    <hash>1B8489653B64E8DFCB67D07A7CA87D6F</hash>
  </archivos>
  <archivos>
    <archivo>r01662961.txt</archivo>
    <hash>E8AC08548F65100595456C07E4E2A5C8</hash>
  </archivos>
  <archivos>
    <archivo>r01662962.txt</archivo>
    <hash>7191D1ED9F5F72136F7B3014D00ACCE0</hash>
  </archivos>
  <archivos>
    <archivo>r01662963.txt</archivo>
    <hash>B5D90C92CBD6AF976757825BD34EDA83</hash>
  </archivos>
  <archivos>
    <archivo>r01662964.txt</archivo>
    <hash>B68987FAE66234B7A91C407AE94134FD</hash>
  </archivos>
  <archivos>
    <archivo>r01662965.txt</archivo>
    <hash>9C27CB244EF84CC949F3635B2542E9F1</hash>
  </archivos>
  <archivos>
    <archivo>r01662980.txt</archivo>
    <hash>AA3F8E0AF8CEB50BAE975B9BB07772D8</hash>
  </archivos>
  <archivos>
    <archivo>r01662985.txt</archivo>
    <hash>A7CE5A1293C9D45B5A44338BB5B67E50</hash>
  </archivos>
  <archivos>
    <archivo>r01662986.txt</archivo>
    <hash>857A5403780AA27C5E82123AFF3C3673</hash>
  </archivos>
  <archivos>
    <archivo>r01662987.txt</archivo>
    <hash>08AC4452AFD391338FDE2869AD916246</hash>
  </archivos>
  <archivos>
    <archivo>r01662988.txt</archivo>
    <hash>7EE9B9E8AEEEB2B5F9413FDA9AB73A57</hash>
  </archivos>
  <archivos>
    <archivo>r01662989.txt</archivo>
    <hash>0CF7306ED5B0C7A3C85ED9826E2CD087</hash>
  </archivos>
  <archivos>
    <archivo>r01662990.txt</archivo>
    <hash>34561930D6667DE66EBEB9E6481A0EBE</hash>
  </archivos>
  <archivos>
    <archivo>r01662991.txt</archivo>
    <hash>8D2AB375B29A8A426BA54E449E70020C</hash>
  </archivos>
  <archivos>
    <archivo>r01662992.txt</archivo>
    <hash>BD2C618F6EF448F9394E25411E17ACF8</hash>
  </archivos>
  <archivos>
    <archivo>r01662993.txt</archivo>
    <hash>A749E191C64801D1D8437A74E081E491</hash>
  </archivos>
  <archivos>
    <archivo>r01662994.txt</archivo>
    <hash>8DC5D137708FCE5D94BCAB98B7E038D3</hash>
  </archivos>
  <archivos>
    <archivo>r01663027.txt</archivo>
    <hash>ED73265ADDBD403EED4138B5AD4CCBC9</hash>
  </archivos>
  <archivos>
    <archivo>r01663028.txt</archivo>
    <hash>C9614C5F55DD93C779C68D1D0F5B0DD4</hash>
  </archivos>
  <archivos>
    <archivo>r01663030.txt</archivo>
    <hash>4D40FA055665DB38DEA3D4728453B2B1</hash>
  </archivos>
  <archivos>
    <archivo>r01663031.txt</archivo>
    <hash>A0EA0F1F5165641FB0CCC462C3832CE6</hash>
  </archivos>
  <archivos>
    <archivo>r01663043.txt</archivo>
    <hash>67AC4A6AB33000BF68CB626B81132B12</hash>
  </archivos>
  <archivos>
    <archivo>r01663044.txt</archivo>
    <hash>4DCDDAF17EA283C39AC23B3F4E60581B</hash>
  </archivos>
  <archivos>
    <archivo>r01663047.txt</archivo>
    <hash>4F463B26B1E962537980A3014AC9409F</hash>
  </archivos>
  <archivos>
    <archivo>r01663048.txt</archivo>
    <hash>733E4B6339E6E4726835E7590AAAA973</hash>
  </archivos>
  <archivos>
    <archivo>r01663072.txt</archivo>
    <hash>AD8DF272556C42C63C607A282D5A3B58</hash>
  </archivos>
  <archivos>
    <archivo>r01663073.txt</archivo>
    <hash>5DA36DE73631418857793A9EE97CCC9C</hash>
  </archivos>
  <archivos>
    <archivo>sectoresTarifarios.xml</archivo>
    <hash>9738BE90918128E1EF31E68EDB6C0560</hash>
  </archivos>
</Version>