<?xml version="1.0" standalone="yes"?>
<Sector>
  <xs:schema id="Sector" xmlns="" xmlns:xs="http://www.w3.org/2001/XMLSchema" xmlns:msdata="urn:schemas-microsoft-com:xml-msdata">
    <xs:element name="Sector" msdata:IsDataSet="true" msdata:Locale="">
      <xs:complexType>
        <xs:choice minOccurs="0" maxOccurs="unbounded">
          <xs:element name="S" msdata:Locale="">
            <xs:complexType>
              <xs:sequence>
                <xs:element name="Calle" type="xs:string" minOccurs="0" />
                <xs:element name="Lat" type="xs:decimal" minOccurs="0" />
                <xs:element name="Lon" type="xs:decimal" minOccurs="0" />
                <xs:element name="Dis" type="xs:decimal" minOccurs="0" />
                <xs:element name="Cta" type="xs:int" minOccurs="0" />
                <xs:element name="CodSec" type="xs:int" minOccurs="0" />
              </xs:sequence>
            </xs:complexType>
          </xs:element>
        </xs:choice>
      </xs:complexType>
    </xs:element>
  </xs:schema>
  <S>
    <Calle>PILAR</Calle>
    <Lat>34.477876</Lat>
    <Lon>58.901249</Lon>
    <Dis>1126.840</Dis>
    <Cta>1</Cta>
    <CodSec>60</CodSec>
  </S>
  <S>
    <Calle>PILA1</Calle>
    <Lat>34.469000</Lat>
    <Lon>58.905856</Lon>
    <Dis>2387.260</Dis>
    <Cta>44</Cta>
    <CodSec>60</CodSec>
  </S>
  <S>
    <Calle>RU.25</Calle>
    <Lat>34.456794</Lat>
    <Lon>58.905975</Lon>
    <Dis>3355.240</Dis>
    <Cta>131</Cta>
    <CodSec>57</CodSec>
  </S>
  <S>
    <Calle>JUMBO</Calle>
    <Lat>34.450089</Lat>
    <Lon>58.870331</Lon>
    <Dis>3074.900</Dis>
    <Cta>247</Cta>
    <CodSec>56</CodSec>
  </S>
  <S>
    <Calle>LONJA</Calle>
    <Lat>34.454444</Lat>
    <Lon>58.837336</Lon>
    <Dis>2710.940</Dis>
    <Cta>359</Cta>
    <CodSec>55</CodSec>
  </S>
  <S>
    <Calle>RU.26</Calle>
    <Lat>34.458980</Lat>
    <Lon>58.811812</Lon>
    <Dis>1472.910</Dis>
    <Cta>460</Cta>
    <CodSec>54</CodSec>
  </S>
  <S>
    <Calle>D.VIS</Calle>
    <Lat>34.453880</Lat>
    <Lon>58.799554</Lon>
    <Dis>2140.350</Dis>
    <Cta>511</Cta>
    <CodSec>54</CodSec>
  </S>
  <S>
    <Calle>RA.PI</Calle>
    <Lat>34.441314</Lat>
    <Lon>58.782833</Lon>
    <Dis>2764.660</Dis>
    <Cta>586</Cta>
    <CodSec>53</CodSec>
  </S>
  <S>
    <Calle>A.S.T</Calle>
    <Lat>34.417253</Lat>
    <Lon>58.775391</Lon>
    <Dis>1048.600</Dis>
    <Cta>680</Cta>
    <CodSec>53</CodSec>
  </S>
  <S>
    <Calle>SAVI1</Calle>
    <Lat>34.408427</Lat>
    <Lon>58.771395</Lon>
    <Dis>3614.700</Dis>
    <Cta>716</Cta>
    <CodSec>52</CodSec>
  </S>
  <S>
    <Calle>COLEC</Calle>
    <Lat>34.381805</Lat>
    <Lon>58.753064</Lon>
    <Dis>1909.650</Dis>
    <Cta>846</Cta>
    <CodSec>51</CodSec>
  </S>
  <S>
    <Calle>MASCH</Calle>
    <Lat>34.394855</Lat>
    <Lon>58.741366</Lon>
    <Dis>1826.280</Dis>
    <Cta>914</Cta>
    <CodSec>51</CodSec>
  </S>
  <S>
    <Calle>RUT.9</Calle>
    <Lat>34.408550</Lat>
    <Lon>58.730489</Lon>
    <Dis>874.290</Dis>
    <Cta>977</Cta>
    <CodSec>51</CodSec>
  </S>
  <S>
    <Calle>P.G-1</Calle>
    <Lat>34.414859</Lat>
    <Lon>58.724843</Lon>
    <Dis>2644.710</Dis>
    <Cta>1008</Cta>
    <CodSec>43</CodSec>
  </S>
  <S>
    <Calle>FOR-1</Calle>
    <Lat>34.435328</Lat>
    <Lon>58.711058</Lon>
    <Dis>1545.570</Dis>
    <Cta>1105</Cta>
    <CodSec>43</CodSec>
  </S>
  <S>
    <Calle>FOR-2</Calle>
    <Lat>34.446630</Lat>
    <Lon>58.701326</Lon>
    <Dis>5761.100</Dis>
    <Cta>1161</Cta>
    <CodSec>42</CodSec>
  </S>
  <S>
    <Calle>197-1</Calle>
    <Lat>34.474986</Lat>
    <Lon>58.666490</Lon>
    <Dis>1188.030</Dis>
    <Cta>1375</Cta>
    <CodSec>36</CodSec>
  </S>
  <S>
    <Calle>197-2</Calle>
    <Lat>34.477996</Lat>
    <Lon>58.654074</Lon>
    <Dis>3417.680</Dis>
    <Cta>1417</Cta>
    <CodSec>36</CodSec>
  </S>
  <S>
    <Calle>202-1</Calle>
    <Lat>34.485051</Lat>
    <Lon>58.617824</Lon>
    <Dis>962.540</Dis>
    <Cta>1533</Cta>
    <CodSec>14</CodSec>
  </S>
  <S>
    <Calle>202-2</Calle>
    <Lat>34.486493</Lat>
    <Lon>58.607559</Lon>
    <Dis>2108.180</Dis>
    <Cta>1567</Cta>
    <CodSec>14</CodSec>
  </S>
  <S>
    <Calle>BOULO</Calle>
    <Lat>34.488237</Lat>
    <Lon>58.584682</Lon>
    <Dis>1841.280</Dis>
    <Cta>1640</Cta>
    <CodSec>14</CodSec>
  </S>
  <S>
    <Calle>J.S.M</Calle>
    <Lat>34.491705</Lat>
    <Lon>58.565296</Lon>
    <Dis>937.920</Dis>
    <Cta>1708</Cta>
    <CodSec>14</CodSec>
  </S>
  <S>
    <Calle>MAR 1</Calle>
    <Lat>34.495906</Lat>
    <Lon>58.556676</Lon>
    <Dis>1459.270</Dis>
    <Cta>1744</Cta>
    <CodSec>13</CodSec>
  </S>
  <S>
    <Calle>THS-1</Calle>
    <Lat>34.502292</Lat>
    <Lon>58.543119</Lon>
    <Dis>976.370</Dis>
    <Cta>1794</Cta>
    <CodSec>13</CodSec>
  </S>
  <S>
    <Calle>EDIS</Calle>
    <Lat>34.506731</Lat>
    <Lon>58.533934</Lon>
    <Dis>4092.990</Dis>
    <Cta>1829</Cta>
    <CodSec>12</CodSec>
  </S>
  <S>
    <Calle>AV.SM</Calle>
    <Lat>34.533345</Lat>
    <Lon>58.504400</Lon>
    <Dis>3275.090</Dis>
    <Cta>1981</Cta>
    <CodSec>11</CodSec>
  </S>
  <S>
    <Calle>ZAPIO</Calle>
    <Lat>34.541931</Lat>
    <Lon>58.481159</Lon>
    <Dis>830.380</Dis>
    <Cta>2103</Cta>
    <CodSec>11</CodSec>
  </S>
  <S>
    <Calle>SAAVE</Calle>
    <Lat>34.537504</Lat>
    <Lon>58.475616</Lon>
    <Dis>0</Dis>
    <Cta>2136</Cta>
    <CodSec>1</CodSec>
  </S>
</Sector>