<?xml version="1.0" standalone="yes"?>
<Version>
  <xs:schema id="Version" xmlns="" xmlns:xs="http://www.w3.org/2001/XMLSchema" xmlns:msdata="urn:schemas-microsoft-com:xml-msdata">
    <xs:element name="Version" msdata:IsDataSet="true" msdata:UseCurrentLocale="true">
      <xs:complexType>
        <xs:choice minOccurs="0" maxOccurs="unbounded">
          <xs:element name="datosVersion">
            <xs:complexType>
              <xs:sequence>
                <xs:element name="nroVersion" type="xs:int" minOccurs="0" />
                <xs:element name="fechaActivacion" type="xs:dateTime" minOccurs="0" />
              </xs:sequence>
            </xs:complexType>
          </xs:element>
          <xs:element name="archivos">
            <xs:complexType>
              <xs:sequence>
                <xs:element name="archivo" type="xs:string" minOccurs="0" />
                <xs:element name="hash" type="xs:string" minOccurs="0" />
              </xs:sequence>
            </xs:complexType>
          </xs:element>
        </xs:choice>
      </xs:complexType>
    </xs:element>
  </xs:schema>
  <datosVersion>
    <nroVersion>26</nroVersion>
    <fechaActivacion>2019-12-24T00:00:00-03:00</fechaActivacion>
  </datosVersion>
  <archivos>
    <archivo>s01592742.xml</archivo>
    <hash>27894BFDF59FB3A9E583302A11AA5CC3</hash>
  </archivos>
  <archivos>
    <archivo>s01592743.xml</archivo>
    <hash>A9FFBCC83A3E84B1F530195DC8C51821</hash>
  </archivos>
  <archivos>
    <archivo>s01592744.xml</archivo>
    <hash>7478CCB9DDC76F4598557D62D1C65266</hash>
  </archivos>
  <archivos>
    <archivo>s01592745.xml</archivo>
    <hash>71942562F12705961417A73CA626A2D1</hash>
  </archivos>
  <archivos>
    <archivo>s01592746.xml</archivo>
    <hash>6DC29EA85759694960AF174F26B4AE55</hash>
  </archivos>
  <archivos>
    <archivo>s01592747.xml</archivo>
    <hash>DD2250C59A1CDE1E0871E48CED05E796</hash>
  </archivos>
  <archivos>
    <archivo>s01592748.xml</archivo>
    <hash>B688E8D09A7E0B844AFFCF13769E1B47</hash>
  </archivos>
  <archivos>
    <archivo>s01592749.xml</archivo>
    <hash>F8C33F75D2F6614044C4D06C32A63B62</hash>
  </archivos>
  <archivos>
    <archivo>s01592750.xml</archivo>
    <hash>79E3E3E7525E24CBDFBC01D2B21022FD</hash>
  </archivos>
  <archivos>
    <archivo>s01592751.xml</archivo>
    <hash>DEF8BD7F8D53733FE7054E50F20D23B7</hash>
  </archivos>
  <archivos>
    <archivo>s01592752.xml</archivo>
    <hash>2877235B3B441CF9B57FD6B033669962</hash>
  </archivos>
  <archivos>
    <archivo>s01592753.xml</archivo>
    <hash>B53D460D292459FF06C5191FDD3FDBD2</hash>
  </archivos>
  <archivos>
    <archivo>s01592754.xml</archivo>
    <hash>97059FBD08AAC159CD67C4C1FF0B81B9</hash>
  </archivos>
  <archivos>
    <archivo>s01592755.xml</archivo>
    <hash>928E2A45FD982D77AA2760A3A4E6E0A4</hash>
  </archivos>
  <archivos>
    <archivo>s01592756.xml</archivo>
    <hash>5130EF47A145A480F49E33D7BA90E108</hash>
  </archivos>
  <archivos>
    <archivo>s01592757.xml</archivo>
    <hash>B24A0A22F07084EE4B16002815721D93</hash>
  </archivos>
  <archivos>
    <archivo>s01592758.xml</archivo>
    <hash>643504024C4CDC6C1D66F349D1BF3F50</hash>
  </archivos>
  <archivos>
    <archivo>s01592759.xml</archivo>
    <hash>CADA55B1B7177158DE7BE630E85BC6F0</hash>
  </archivos>
  <archivos>
    <archivo>s01592760.xml</archivo>
    <hash>3DDEDC4470960968FD82C3717AAFCB72</hash>
  </archivos>
  <archivos>
    <archivo>r01592742.txt</archivo>
    <hash>3FB165EBDBA552E41AC669ACC57928E1</hash>
  </archivos>
  <archivos>
    <archivo>r01592743.txt</archivo>
    <hash>7C14AF2EB8FBAF390ECDBCE9D9E930E4</hash>
  </archivos>
  <archivos>
    <archivo>r01592744.txt</archivo>
    <hash>381A14BF0C114E1994519A668DDEEB00</hash>
  </archivos>
  <archivos>
    <archivo>r01592745.txt</archivo>
    <hash>E57BCA645187F4EFACF4ECCC52FEEF05</hash>
  </archivos>
  <archivos>
    <archivo>r01592746.txt</archivo>
    <hash>B302EBB84ACA084F222EE20BAB5B5848</hash>
  </archivos>
  <archivos>
    <archivo>r01592747.txt</archivo>
    <hash>EF2B12112C4AFE905590255D35BAA9ED</hash>
  </archivos>
  <archivos>
    <archivo>r01592748.txt</archivo>
    <hash>AEDCCC7427A6290C43AAA695335C65FB</hash>
  </archivos>
  <archivos>
    <archivo>r01592749.txt</archivo>
    <hash>907E6E413E2B22E78DDEA1028EF556F3</hash>
  </archivos>
  <archivos>
    <archivo>r01592750.txt</archivo>
    <hash>44A7CA685F26853E8D020881F6E97302</hash>
  </archivos>
  <archivos>
    <archivo>r01592751.txt</archivo>
    <hash>8EB46D25BBB9046F40F1C7CE47E4CC33</hash>
  </archivos>
  <archivos>
    <archivo>r01592752.txt</archivo>
    <hash>8DF66375559B04A25F01712C47332741</hash>
  </archivos>
  <archivos>
    <archivo>r01592753.txt</archivo>
    <hash>7F38165E7FD25C811E109A799E953D0E</hash>
  </archivos>
  <archivos>
    <archivo>r01592754.txt</archivo>
    <hash>F13184E2E29C3278A0362D0C15FFBCCA</hash>
  </archivos>
  <archivos>
    <archivo>r01592755.txt</archivo>
    <hash>988496991804F6E9781696746A0F4AB8</hash>
  </archivos>
  <archivos>
    <archivo>r01592756.txt</archivo>
    <hash>FDDD02E05E5A2D6AB2A6C9E67B68916E</hash>
  </archivos>
  <archivos>
    <archivo>r01592757.txt</archivo>
    <hash>2FF48FBF88B8F8EB4A0E03ABC3FBB6B8</hash>
  </archivos>
  <archivos>
    <archivo>r01592758.txt</archivo>
    <hash>AC77C3A39851B368BEC66B8F87EB68F6</hash>
  </archivos>
  <archivos>
    <archivo>r01592759.txt</archivo>
    <hash>548BE615C09AC276E6CCA91F9A41CB82</hash>
  </archivos>
  <archivos>
    <archivo>r01592760.txt</archivo>
    <hash>4D1D4AD1FF6FDB4B11C1CF20D674B3D5</hash>
  </archivos>
  <archivos>
    <archivo>sectoresTarifarios.xml</archivo>
    <hash>BDF89E6995DF3961B085471C0FD7AC9E</hash>
  </archivos>
</Version>