<?xml version="1.0" standalone="yes"?>
<Version>
  <xs:schema id="Version" xmlns="" xmlns:xs="http://www.w3.org/2001/XMLSchema" xmlns:msdata="urn:schemas-microsoft-com:xml-msdata">
    <xs:element name="Version" msdata:IsDataSet="true" msdata:UseCurrentLocale="true">
      <xs:complexType>
        <xs:choice minOccurs="0" maxOccurs="unbounded">
          <xs:element name="datosVersion">
            <xs:complexType>
              <xs:sequence>
                <xs:element name="nroVersion" type="xs:int" minOccurs="0" />
                <xs:element name="fechaActivacion" type="xs:dateTime" minOccurs="0" />
              </xs:sequence>
            </xs:complexType>
          </xs:element>
          <xs:element name="archivos">
            <xs:complexType>
              <xs:sequence>
                <xs:element name="archivo" type="xs:string" minOccurs="0" />
                <xs:element name="hash" type="xs:string" minOccurs="0" />
              </xs:sequence>
            </xs:complexType>
          </xs:element>
        </xs:choice>
      </xs:complexType>
    </xs:element>
  </xs:schema>
  <datosVersion>
    <nroVersion>29</nroVersion>
    <fechaActivacion>2020-05-18T00:00:00-03:00</fechaActivacion>
  </datosVersion>
  <archivos>
    <archivo>s01652821.xml</archivo>
    <hash>46C2D94CD25978E2482271914E8FE8A4</hash>
  </archivos>
  <archivos>
    <archivo>s01652823.xml</archivo>
    <hash>375A1718E5DF7201A1D4F4FB32C6A8BA</hash>
  </archivos>
  <archivos>
    <archivo>s01652853.xml</archivo>
    <hash>60BA80FEEBAE85872B4E2BA3F40BAB28</hash>
  </archivos>
  <archivos>
    <archivo>s01652866.xml</archivo>
    <hash>D0C8B04AC42004E83EDAD87A45DF6F4D</hash>
  </archivos>
  <archivos>
    <archivo>s01652867.xml</archivo>
    <hash>EC20F40073E05D942E501DB0E0552931</hash>
  </archivos>
  <archivos>
    <archivo>s01652868.xml</archivo>
    <hash>2C8AB578D205C0E52300804D4E493BA1</hash>
  </archivos>
  <archivos>
    <archivo>s01652869.xml</archivo>
    <hash>D4EB3CAD020F3DF5BAD0D3372BB138A6</hash>
  </archivos>
  <archivos>
    <archivo>s01652870.xml</archivo>
    <hash>27A8ADF5916AC444D96F0AE015229425</hash>
  </archivos>
  <archivos>
    <archivo>s01652871.xml</archivo>
    <hash>DFF0F49E2859BC6302AD47C7BCD0C853</hash>
  </archivos>
  <archivos>
    <archivo>s01652872.xml</archivo>
    <hash>049CA2DEA611D72DA00A1ACA0CC93CBD</hash>
  </archivos>
  <archivos>
    <archivo>s01652874.xml</archivo>
    <hash>B57488DD810BFFE3C76240B6A6DD6A9B</hash>
  </archivos>
  <archivos>
    <archivo>s01652875.xml</archivo>
    <hash>F9784E10328DC716253CC460464218F4</hash>
  </archivos>
  <archivos>
    <archivo>s01652884.xml</archivo>
    <hash>FA613739B754518CE76BF49AD01EEEE5</hash>
  </archivos>
  <archivos>
    <archivo>s01652885.xml</archivo>
    <hash>F287B02CA71AF237C51CF6C3448DFDB6</hash>
  </archivos>
  <archivos>
    <archivo>s01653047.xml</archivo>
    <hash>223A508DFC609588953CB42B9E2E7BA6</hash>
  </archivos>
  <archivos>
    <archivo>s01653048.xml</archivo>
    <hash>757A9FE4F9141A6CD92F091DDA642FD1</hash>
  </archivos>
  <archivos>
    <archivo>s01653087.xml</archivo>
    <hash>864A2A6ABE2C7D9C575C3F269BB3E82C</hash>
  </archivos>
  <archivos>
    <archivo>s01653102.xml</archivo>
    <hash>9C5DAAE56AAD45D3AE9DFD14F7420E7B</hash>
  </archivos>
  <archivos>
    <archivo>s01653117.xml</archivo>
    <hash>1E54CE5907D605243457111648896907</hash>
  </archivos>
  <archivos>
    <archivo>s01653143.xml</archivo>
    <hash>D46F2FCD636D5D5C7ED6E29ECDDA70EB</hash>
  </archivos>
  <archivos>
    <archivo>s01653185.xml</archivo>
    <hash>FBA7D64C7AA987E8E5DBEA0ABE2AD830</hash>
  </archivos>
  <archivos>
    <archivo>s01653190.xml</archivo>
    <hash>D792A11A2E8B21F6D67B4F82C0BFCBF8</hash>
  </archivos>
  <archivos>
    <archivo>s01653237.xml</archivo>
    <hash>E388BC95E1880EC94E4893644F2B354A</hash>
  </archivos>
  <archivos>
    <archivo>s01653238.xml</archivo>
    <hash>AE2BA4D946157605B8957EDC32D283BF</hash>
  </archivos>
  <archivos>
    <archivo>s01653239.xml</archivo>
    <hash>BE8A8135ABDEDCFB2F8C90CC1FC6A847</hash>
  </archivos>
  <archivos>
    <archivo>s01653241.xml</archivo>
    <hash>429C279F10CBA54B794B7DD2A234E46A</hash>
  </archivos>
  <archivos>
    <archivo>s01653242.xml</archivo>
    <hash>096D843C8B99BDD60A41F42DF57B3A99</hash>
  </archivos>
  <archivos>
    <archivo>s01653243.xml</archivo>
    <hash>59C34FB9B77B309C77AD06581604E610</hash>
  </archivos>
  <archivos>
    <archivo>s01653246.xml</archivo>
    <hash>93A1D42416AE0288A8A03F7B36D5E834</hash>
  </archivos>
  <archivos>
    <archivo>s01653247.xml</archivo>
    <hash>5379C10F4C2E51EB781F3A2D113E4281</hash>
  </archivos>
  <archivos>
    <archivo>s01653248.xml</archivo>
    <hash>9FD4A68FC33EFEAB12BC3940312DBD34</hash>
  </archivos>
  <archivos>
    <archivo>s01653249.xml</archivo>
    <hash>C12850ED1C89E0096FFB41E9DCDC4BFC</hash>
  </archivos>
  <archivos>
    <archivo>s01653250.xml</archivo>
    <hash>7BF602023EB80FFCA832D69E6F01BE14</hash>
  </archivos>
  <archivos>
    <archivo>s01653251.xml</archivo>
    <hash>D7D9A0E3106FB0A633504FF319C23DA2</hash>
  </archivos>
  <archivos>
    <archivo>r01652821.txt</archivo>
    <hash>E5D49B9A674FA498F27553A5ECC3301E</hash>
  </archivos>
  <archivos>
    <archivo>r01652823.txt</archivo>
    <hash>F189BED59D8D2BAF66115CB05EFAD84B</hash>
  </archivos>
  <archivos>
    <archivo>r01652853.txt</archivo>
    <hash>B7A0D9152EC1806F40052BB6C78D29E1</hash>
  </archivos>
  <archivos>
    <archivo>r01652866.txt</archivo>
    <hash>FEE185B2A88E45D9A1AAF6B0C8E8E722</hash>
  </archivos>
  <archivos>
    <archivo>r01652867.txt</archivo>
    <hash>163A5469643F0A2D16541B51F1D91556</hash>
  </archivos>
  <archivos>
    <archivo>r01652868.txt</archivo>
    <hash>5A0930E4E62808EBAA5FC36F8687F016</hash>
  </archivos>
  <archivos>
    <archivo>r01652869.txt</archivo>
    <hash>3EA9EB82FBD77B050632759ADC86E75D</hash>
  </archivos>
  <archivos>
    <archivo>r01652870.txt</archivo>
    <hash>211A079551D77538D2A254DC99BA720B</hash>
  </archivos>
  <archivos>
    <archivo>r01652871.txt</archivo>
    <hash>AC50458B575E1F118B2AB3C4F28120C0</hash>
  </archivos>
  <archivos>
    <archivo>r01652872.txt</archivo>
    <hash>5D8866300F4E77504BA4B40DE4FCB620</hash>
  </archivos>
  <archivos>
    <archivo>r01652874.txt</archivo>
    <hash>3EE23079BC6A722F692040A104CA6876</hash>
  </archivos>
  <archivos>
    <archivo>r01652875.txt</archivo>
    <hash>D55957785C6005DAFF153F7E9F8E2726</hash>
  </archivos>
  <archivos>
    <archivo>r01652884.txt</archivo>
    <hash>E0A4AB5840619FB1380BC21DA92496DC</hash>
  </archivos>
  <archivos>
    <archivo>r01652885.txt</archivo>
    <hash>8545CD2B1D40C6A73C789A7D18BDB685</hash>
  </archivos>
  <archivos>
    <archivo>r01653047.txt</archivo>
    <hash>F36B29FC5AD8B05E15FD49E53C17AEE0</hash>
  </archivos>
  <archivos>
    <archivo>r01653048.txt</archivo>
    <hash>D00E89FF70D664D6B1CCD562ED545276</hash>
  </archivos>
  <archivos>
    <archivo>r01653087.txt</archivo>
    <hash>1CA46E36CCBF76DD23DF760573DDA04C</hash>
  </archivos>
  <archivos>
    <archivo>r01653102.txt</archivo>
    <hash>DBD8810BD3CC5815D585CFB8D9FD3DF1</hash>
  </archivos>
  <archivos>
    <archivo>r01653117.txt</archivo>
    <hash>F967A9D428F16C65F196C2C596A8EBBC</hash>
  </archivos>
  <archivos>
    <archivo>r01653143.txt</archivo>
    <hash>36BBA1C82EDEE3F5A31CA2091BA5A8AE</hash>
  </archivos>
  <archivos>
    <archivo>r01653185.txt</archivo>
    <hash>5EBBAEC0602CAA0628382BD2833A3AAD</hash>
  </archivos>
  <archivos>
    <archivo>r01653190.txt</archivo>
    <hash>0B79C0EA50FE5CCFCDFA1A8238D03706</hash>
  </archivos>
  <archivos>
    <archivo>r01653237.txt</archivo>
    <hash>41B3011CE2B5ECF28077F18CCF45BED9</hash>
  </archivos>
  <archivos>
    <archivo>r01653238.txt</archivo>
    <hash>DEEE10DEC8AD0D5F5A28C85E1EA8E629</hash>
  </archivos>
  <archivos>
    <archivo>r01653239.txt</archivo>
    <hash>C52D97A4ED0D3D3D7BD3CE17C4CFDC92</hash>
  </archivos>
  <archivos>
    <archivo>r01653241.txt</archivo>
    <hash>9E346E7211744B78865723B4EBBDD45B</hash>
  </archivos>
  <archivos>
    <archivo>r01653242.txt</archivo>
    <hash>B0BEA5AECF9F282E4B3B1E537DE36CF3</hash>
  </archivos>
  <archivos>
    <archivo>r01653243.txt</archivo>
    <hash>297351D4D383D263D9936F79BD147DEA</hash>
  </archivos>
  <archivos>
    <archivo>r01653246.txt</archivo>
    <hash>09478476FD7CBCAD9073CBFB0DDE03B0</hash>
  </archivos>
  <archivos>
    <archivo>r01653247.txt</archivo>
    <hash>FD3D5C1AB1E71980A9B0320EFAABAE9E</hash>
  </archivos>
  <archivos>
    <archivo>r01653248.txt</archivo>
    <hash>A18340999E79A1B156C7CC204D30A16C</hash>
  </archivos>
  <archivos>
    <archivo>r01653249.txt</archivo>
    <hash>BCCB1BB5E658AE7E0CF5BC313C47DECC</hash>
  </archivos>
  <archivos>
    <archivo>r01653250.txt</archivo>
    <hash>F320CED2A56DAF69A695A7AFAEB1D7CB</hash>
  </archivos>
  <archivos>
    <archivo>r01653251.txt</archivo>
    <hash>372CC62A73AE4B033EBEF171DC64AD2B</hash>
  </archivos>
  <archivos>
    <archivo>sectoresTarifarios.xml</archivo>
    <hash>A3B8E1BA143582E6D4A8732D8B4ECA53</hash>
  </archivos>
</Version>