<?xml version="1.0" standalone="yes"?>
<Sector>
  <xs:schema id="Sector" xmlns="" xmlns:xs="http://www.w3.org/2001/XMLSchema" xmlns:msdata="urn:schemas-microsoft-com:xml-msdata">
    <xs:element name="Sector" msdata:IsDataSet="true" msdata:Locale="">
      <xs:complexType>
        <xs:choice minOccurs="0" maxOccurs="unbounded">
          <xs:element name="S" msdata:Locale="">
            <xs:complexType>
              <xs:sequence>
                <xs:element name="Calle" type="xs:string" minOccurs="0" />
                <xs:element name="Lat" type="xs:decimal" minOccurs="0" />
                <xs:element name="Lon" type="xs:decimal" minOccurs="0" />
                <xs:element name="Dis" type="xs:decimal" minOccurs="0" />
                <xs:element name="Cta" type="xs:int" minOccurs="0" />
                <xs:element name="CodSec" type="xs:int" minOccurs="0" />
              </xs:sequence>
            </xs:complexType>
          </xs:element>
        </xs:choice>
      </xs:complexType>
    </xs:element>
  </xs:schema>
  <S>
    <Calle>JCPAZ</Calle>
    <Lat>34.519340</Lat>
    <Lon>58.752890</Lon>
    <Dis>2664.710</Dis>
    <Cta>1</Cta>
    <CodSec>18</CodSec>
  </S>
  <S>
    <Calle>USTAR</Calle>
    <Lat>34.530241</Lat>
    <Lon>58.778834</Lon>
    <Dis>1732.630</Dis>
    <Cta>297</Cta>
    <CodSec>18</CodSec>
  </S>
  <S>
    <Calle>DERQU</Calle>
    <Lat>34.537545</Lat>
    <Lon>58.795368</Lon>
    <Dis>3939.380</Dis>
    <Cta>493</Cta>
    <CodSec>18</CodSec>
  </S>
  <S>
    <Calle>FERR2</Calle>
    <Lat>34.549988</Lat>
    <Lon>58.768268</Lon>
    <Dis>1455.240</Dis>
    <Cta>931</Cta>
    <CodSec>18</CodSec>
  </S>
  <S>
    <Calle>EDIS</Calle>
    <Lat>34.558543</Lat>
    <Lon>58.756456</Lon>
    <Dis>1663.750</Dis>
    <Cta>1085</Cta>
    <CodSec>18</CodSec>
  </S>
  <S>
    <Calle>R.202</Calle>
    <Lat>34.568524</Lat>
    <Lon>58.742926</Lon>
    <Dis>2742.660</Dis>
    <Cta>1260</Cta>
    <CodSec>18</CodSec>
  </S>
  <S>
    <Calle>CAMPO</Calle>
    <Lat>34.551605</Lat>
    <Lon>58.721770</Lon>
    <Dis>987.230</Dis>
    <Cta>1556</Cta>
    <CodSec>18</CodSec>
  </S>
  <S>
    <Calle>SMIG</Calle>
    <Lat>34.544856</Lat>
    <Lon>58.714853</Lon>
    <Dis>1058.090</Dis>
    <Cta>1660</Cta>
    <CodSec>18</CodSec>
  </S>
  <S>
    <Calle>SLO.</Calle>
    <Lat>34.537725</Lat>
    <Lon>58.707210</Lon>
    <Dis>673.110</Dis>
    <Cta>1775</Cta>
    <CodSec>18</CodSec>
  </S>
  <S>
    <Calle>LEMOS</Calle>
    <Lat>34.533165</Lat>
    <Lon>58.702378</Lon>
    <Dis>1684.690</Dis>
    <Cta>1846</Cta>
    <CodSec>18</CodSec>
  </S>
  <S>
    <Calle>LEMO3</Calle>
    <Lat>34.529421</Lat>
    <Lon>58.689316</Lon>
    <Dis>2123.280</Dis>
    <Cta>2029</Cta>
    <CodSec>18</CodSec>
  </S>
  <S>
    <Calle>PERO4</Calle>
    <Lat>34.518219</Lat>
    <Lon>58.671275</Lon>
    <Dis>2937.370</Dis>
    <Cta>2255</Cta>
    <CodSec>18</CodSec>
  </S>
  <S>
    <Calle>TORCU</Calle>
    <Lat>34.502019</Lat>
    <Lon>58.646096</Lon>
    <Dis>253.080</Dis>
    <Cta>2566</Cta>
    <CodSec>18</CodSec>
  </S>
  <S>
    <Calle>TORC</Calle>
    <Lat>34.500939</Lat>
    <Lon>58.643783</Lon>
    <Dis>1748.220</Dis>
    <Cta>2594</Cta>
    <CodSec>18</CodSec>
  </S>
  <S>
    <Calle>ARATA</Calle>
    <Lat>34.494355</Lat>
    <Lon>58.631817</Lon>
    <Dis>2560.850</Dis>
    <Cta>2777</Cta>
    <CodSec>18</CodSec>
  </S>
  <S>
    <Calle>202-1</Calle>
    <Lat>34.483693</Lat>
    <Lon>58.611816</Lon>
    <Dis>0</Dis>
    <Cta>3052</Cta>
    <CodSec>18</CodSec>
  </S>
</Sector>