<?xml version="1.0" standalone="yes"?>
<Sector>
  <xs:schema id="Sector" xmlns="" xmlns:xs="http://www.w3.org/2001/XMLSchema" xmlns:msdata="urn:schemas-microsoft-com:xml-msdata">
    <xs:element name="Sector" msdata:IsDataSet="true" msdata:Locale="">
      <xs:complexType>
        <xs:choice minOccurs="0" maxOccurs="unbounded">
          <xs:element name="S" msdata:Locale="">
            <xs:complexType>
              <xs:sequence>
                <xs:element name="Calle" type="xs:string" minOccurs="0" />
                <xs:element name="Lat" type="xs:decimal" minOccurs="0" />
                <xs:element name="Lon" type="xs:decimal" minOccurs="0" />
                <xs:element name="Dis" type="xs:decimal" minOccurs="0" />
                <xs:element name="Cta" type="xs:int" minOccurs="0" />
                <xs:element name="CodSec" type="xs:int" minOccurs="0" />
              </xs:sequence>
            </xs:complexType>
          </xs:element>
        </xs:choice>
      </xs:complexType>
    </xs:element>
  </xs:schema>
  <S>
    <Calle>PACHE</Calle>
    <Lat>34.476817</Lat>
    <Lon>58.662866</Lon>
    <Dis>133.150</Dis>
    <Cta>1</Cta>
    <CodSec>18</CodSec>
  </S>
  <S>
    <Calle>TALAR</Calle>
    <Lat>34.476116</Lat>
    <Lon>58.663643</Lon>
    <Dis>1303.680</Dis>
    <Cta>16</Cta>
    <CodSec>18</CodSec>
  </S>
  <S>
    <Calle>TALA2</Calle>
    <Lat>34.475872</Lat>
    <Lon>58.659646</Lon>
    <Dis>1524.190</Dis>
    <Cta>150</Cta>
    <CodSec>18</CodSec>
  </S>
  <S>
    <Calle>AV.SM</Calle>
    <Lat>34.478508</Lat>
    <Lon>58.673285</Lon>
    <Dis>1405.350</Dis>
    <Cta>322</Cta>
    <CodSec>18</CodSec>
  </S>
  <S>
    <Calle>MORSE</Calle>
    <Lat>34.484973</Lat>
    <Lon>58.686446</Lon>
    <Dis>1976.870</Dis>
    <Cta>472</Cta>
    <CodSec>18</CodSec>
  </S>
  <S>
    <Calle>P.NOG</Calle>
    <Lat>34.493979</Lat>
    <Lon>58.704767</Lon>
    <Dis>1234.590</Dis>
    <Cta>691</Cta>
    <CodSec>18</CodSec>
  </S>
  <S>
    <Calle>CALLA</Calle>
    <Lat>34.502223</Lat>
    <Lon>58.713789</Lon>
    <Dis>1526.620</Dis>
    <Cta>826</Cta>
    <CodSec>18</CodSec>
  </S>
  <S>
    <Calle>R. 8</Calle>
    <Lat>34.508912</Lat>
    <Lon>58.728318</Lon>
    <Dis>1524.080</Dis>
    <Cta>994</Cta>
    <CodSec>18</CodSec>
  </S>
  <S>
    <Calle>MU?OZ</Calle>
    <Lat>34.514950</Lat>
    <Lon>58.743243</Lon>
    <Dis>953.090</Dis>
    <Cta>1157</Cta>
    <CodSec>18</CodSec>
  </S>
  <S>
    <Calle>JCPAZ</Calle>
    <Lat>34.519107</Lat>
    <Lon>58.752337</Lon>
    <Dis>2731.360</Dis>
    <Cta>1263</Cta>
    <CodSec>18</CodSec>
  </S>
  <S>
    <Calle>USTAR</Calle>
    <Lat>34.530241</Lat>
    <Lon>58.778834</Lon>
    <Dis>1732.630</Dis>
    <Cta>1565</Cta>
    <CodSec>18</CodSec>
  </S>
  <S>
    <Calle>DERQU</Calle>
    <Lat>34.537545</Lat>
    <Lon>58.795368</Lon>
    <Dis>3939.380</Dis>
    <Cta>1761</Cta>
    <CodSec>18</CodSec>
  </S>
  <S>
    <Calle>FERR2</Calle>
    <Lat>34.549988</Lat>
    <Lon>58.768268</Lon>
    <Dis>1455.240</Dis>
    <Cta>2199</Cta>
    <CodSec>18</CodSec>
  </S>
  <S>
    <Calle>EDIS</Calle>
    <Lat>34.558543</Lat>
    <Lon>58.756456</Lon>
    <Dis>1663.750</Dis>
    <Cta>2353</Cta>
    <CodSec>18</CodSec>
  </S>
  <S>
    <Calle>R.202</Calle>
    <Lat>34.568524</Lat>
    <Lon>58.742926</Lon>
    <Dis>2742.660</Dis>
    <Cta>2528</Cta>
    <CodSec>18</CodSec>
  </S>
  <S>
    <Calle>CAMPO</Calle>
    <Lat>34.551605</Lat>
    <Lon>58.721770</Lon>
    <Dis>987.230</Dis>
    <Cta>2824</Cta>
    <CodSec>18</CodSec>
  </S>
  <S>
    <Calle>SMIG</Calle>
    <Lat>34.544856</Lat>
    <Lon>58.714853</Lon>
    <Dis>1058.090</Dis>
    <Cta>2928</Cta>
    <CodSec>18</CodSec>
  </S>
  <S>
    <Calle>SLO.</Calle>
    <Lat>34.537725</Lat>
    <Lon>58.707210</Lon>
    <Dis>673.110</Dis>
    <Cta>3043</Cta>
    <CodSec>18</CodSec>
  </S>
  <S>
    <Calle>LEMOS</Calle>
    <Lat>34.533165</Lat>
    <Lon>58.702378</Lon>
    <Dis>1684.690</Dis>
    <Cta>3114</Cta>
    <CodSec>18</CodSec>
  </S>
  <S>
    <Calle>LEMO3</Calle>
    <Lat>34.529421</Lat>
    <Lon>58.689316</Lon>
    <Dis>2105.690</Dis>
    <Cta>3297</Cta>
    <CodSec>18</CodSec>
  </S>
  <S>
    <Calle>PERO4</Calle>
    <Lat>34.518317</Lat>
    <Lon>58.671426</Lon>
    <Dis>2954.920</Dis>
    <Cta>3520</Cta>
    <CodSec>18</CodSec>
  </S>
  <S>
    <Calle>TORCU</Calle>
    <Lat>34.502019</Lat>
    <Lon>58.646096</Lon>
    <Dis>745.860</Dis>
    <Cta>3833</Cta>
    <CodSec>18</CodSec>
  </S>
  <S>
    <Calle>TORC</Calle>
    <Lat>34.500563</Lat>
    <Lon>58.643236</Lon>
    <Dis>1253.920</Dis>
    <Cta>3916</Cta>
    <CodSec>18</CodSec>
  </S>
  <S>
    <Calle>ARATA</Calle>
    <Lat>34.494355</Lat>
    <Lon>58.631817</Lon>
    <Dis>2554.990</Dis>
    <Cta>4046</Cta>
    <CodSec>18</CodSec>
  </S>
  <S>
    <Calle>202-1</Calle>
    <Lat>34.483701</Lat>
    <Lon>58.611806</Lon>
    <Dis>0</Dis>
    <Cta>4321</Cta>
    <CodSec>18</CodSec>
  </S>
</Sector>