<?xml version="1.0" standalone="yes"?>
<Sector>
  <xs:schema id="Sector" xmlns="" xmlns:xs="http://www.w3.org/2001/XMLSchema" xmlns:msdata="urn:schemas-microsoft-com:xml-msdata">
    <xs:element name="Sector" msdata:IsDataSet="true" msdata:Locale="">
      <xs:complexType>
        <xs:choice minOccurs="0" maxOccurs="unbounded">
          <xs:element name="S" msdata:Locale="">
            <xs:complexType>
              <xs:sequence>
                <xs:element name="Calle" type="xs:string" minOccurs="0" />
                <xs:element name="Lat" type="xs:decimal" minOccurs="0" />
                <xs:element name="Lon" type="xs:decimal" minOccurs="0" />
                <xs:element name="Dis" type="xs:decimal" minOccurs="0" />
                <xs:element name="Cta" type="xs:int" minOccurs="0" />
                <xs:element name="CodSec" type="xs:int" minOccurs="0" />
              </xs:sequence>
            </xs:complexType>
          </xs:element>
        </xs:choice>
      </xs:complexType>
    </xs:element>
  </xs:schema>
  <S>
    <Calle>LEMOS</Calle>
    <Lat>34.531780</Lat>
    <Lon>58.702330</Lon>
    <Dis>821.020</Dis>
    <Cta>1</Cta>
    <CodSec>18</CodSec>
  </S>
  <S>
    <Calle>SANLO</Calle>
    <Lat>34.536509</Lat>
    <Lon>58.708493</Lon>
    <Dis>1207.040</Dis>
    <Cta>89</Cta>
    <CodSec>18</CodSec>
  </S>
  <S>
    <Calle>SMIG</Calle>
    <Lat>34.544513</Lat>
    <Lon>58.714493</Lon>
    <Dis>979.490</Dis>
    <Cta>220</Cta>
    <CodSec>18</CodSec>
  </S>
  <S>
    <Calle>CAMPO</Calle>
    <Lat>34.551151</Lat>
    <Lon>58.721521</Lon>
    <Dis>2810.100</Dis>
    <Cta>322</Cta>
    <CodSec>18</CodSec>
  </S>
  <S>
    <Calle>ESPA1</Calle>
    <Lat>34.566763</Lat>
    <Lon>58.743303</Lon>
    <Dis>1595.850</Dis>
    <Cta>623</Cta>
    <CodSec>18</CodSec>
  </S>
  <S>
    <Calle>EDIS</Calle>
    <Lat>34.558735</Lat>
    <Lon>58.756200</Lon>
    <Dis>1457.970</Dis>
    <Cta>791</Cta>
    <CodSec>18</CodSec>
  </S>
  <S>
    <Calle>GUIDO</Calle>
    <Lat>34.549970</Lat>
    <Lon>58.768036</Lon>
    <Dis>3888.680</Dis>
    <Cta>945</Cta>
    <CodSec>18</CodSec>
  </S>
  <S>
    <Calle>DERQU</Calle>
    <Lat>34.537620</Lat>
    <Lon>58.794660</Lon>
    <Dis>0</Dis>
    <Cta>1359</Cta>
    <CodSec>18</CodSec>
  </S>
</Sector>