<?xml version="1.0" standalone="yes"?>
<Sector>
  <xs:schema id="Sector" xmlns="" xmlns:xs="http://www.w3.org/2001/XMLSchema" xmlns:msdata="urn:schemas-microsoft-com:xml-msdata">
    <xs:element name="Sector" msdata:IsDataSet="true" msdata:Locale="">
      <xs:complexType>
        <xs:choice minOccurs="0" maxOccurs="unbounded">
          <xs:element name="S" msdata:Locale="">
            <xs:complexType>
              <xs:sequence>
                <xs:element name="Calle" type="xs:string" minOccurs="0" />
                <xs:element name="Lat" type="xs:decimal" minOccurs="0" />
                <xs:element name="Lon" type="xs:decimal" minOccurs="0" />
                <xs:element name="Dis" type="xs:decimal" minOccurs="0" />
                <xs:element name="Cta" type="xs:int" minOccurs="0" />
                <xs:element name="CodSec" type="xs:int" minOccurs="0" />
              </xs:sequence>
            </xs:complexType>
          </xs:element>
        </xs:choice>
      </xs:complexType>
    </xs:element>
  </xs:schema>
  <S>
    <Calle>R2022</Calle>
    <Lat>34.485921</Lat>
    <Lon>58.615994</Lon>
    <Dis>2758.861</Dis>
    <Cta>1</Cta>
    <CodSec>14</CodSec>
  </S>
  <S>
    <Calle>CHIN2</Calle>
    <Lat>34.499275</Lat>
    <Lon>58.641129</Lon>
    <Dis>885.031</Dis>
    <Cta>166</Cta>
    <CodSec>15</CodSec>
  </S>
  <S>
    <Calle>DTORC</Calle>
    <Lat>34.503379</Lat>
    <Lon>58.649260</Lon>
    <Dis>3664.161</Dis>
    <Cta>216</Cta>
    <CodSec>15</CodSec>
  </S>
  <S>
    <Calle>LOREN</Calle>
    <Lat>34.524005</Lat>
    <Lon>58.680039</Lon>
    <Dis>1832.484</Dis>
    <Cta>406</Cta>
    <CodSec>16</CodSec>
  </S>
  <S>
    <Calle>ESCLE</Calle>
    <Lat>34.526725</Lat>
    <Lon>58.694778</Lon>
    <Dis>773.481</Dis>
    <Cta>526</Cta>
    <CodSec>16</CodSec>
  </S>
  <S>
    <Calle>ROLEM</Calle>
    <Lat>34.531763</Lat>
    <Lon>58.700271</Lon>
    <Dis>1504.266</Dis>
    <Cta>583</Cta>
    <CodSec>17</CodSec>
  </S>
  <S>
    <Calle>PAUNE</Calle>
    <Lat>34.539666</Lat>
    <Lon>58.711906</Lon>
    <Dis>477.849</Dis>
    <Cta>683</Cta>
    <CodSec>18</CodSec>
  </S>
  <S>
    <Calle>ALEM.</Calle>
    <Lat>34.542872</Lat>
    <Lon>58.715328</Lon>
    <Dis>2863.363</Dis>
    <Cta>711</Cta>
    <CodSec>18</CodSec>
  </S>
  <S>
    <Calle>PROSA</Calle>
    <Lat>34.561433</Lat>
    <Lon>58.733723</Lon>
    <Dis>1007.385</Dis>
    <Cta>878</Cta>
    <CodSec>18</CodSec>
  </S>
  <S>
    <Calle>SBRIG</Calle>
    <Lat>34.567663</Lat>
    <Lon>58.741614</Lon>
    <Dis>1929.982</Dis>
    <Cta>941</Cta>
    <CodSec>19</CodSec>
  </S>
  <S>
    <Calle>CCAST</Calle>
    <Lat>34.583494</Lat>
    <Lon>58.747497</Lon>
    <Dis>2587.861</Dis>
    <Cta>1064</Cta>
    <CodSec>20</CodSec>
  </S>
  <S>
    <Calle>PFIZR</Calle>
    <Lat>34.602699</Lat>
    <Lon>58.761996</Lon>
    <Dis>2879.363</Dis>
    <Cta>1233</Cta>
    <CodSec>21</CodSec>
  </S>
  <S>
    <Calle>P.GAO</Calle>
    <Lat>34.624880</Lat>
    <Lon>58.777040</Lon>
    <Dis>2737.632</Dis>
    <Cta>1414</Cta>
    <CodSec>22</CodSec>
  </S>
  <S>
    <Calle>INDEP</Calle>
    <Lat>34.646351</Lat>
    <Lon>58.790251</Lon>
    <Dis>1204.560</Dis>
    <Cta>1580</Cta>
    <CodSec>23</CodSec>
  </S>
  <S>
    <Calle>PIOVN</Calle>
    <Lat>34.647536</Lat>
    <Lon>58.799687</Lon>
    <Dis>1561.891</Dis>
    <Cta>1648</Cta>
    <CodSec>23</CodSec>
  </S>
  <S>
    <Calle>MORE</Calle>
    <Lat>34.643186</Lat>
    <Lon>58.815619</Lon>
    <Dis>0</Dis>
    <Cta>1723</Cta>
    <CodSec>23</CodSec>
  </S>
</Sector>