<?xml version="1.0" standalone="yes"?>
<Sector>
  <xs:schema id="Sector" xmlns="" xmlns:xs="http://www.w3.org/2001/XMLSchema" xmlns:msdata="urn:schemas-microsoft-com:xml-msdata">
    <xs:element name="Sector" msdata:IsDataSet="true" msdata:Locale="">
      <xs:complexType>
        <xs:choice minOccurs="0" maxOccurs="unbounded">
          <xs:element name="S" msdata:Locale="">
            <xs:complexType>
              <xs:sequence>
                <xs:element name="Calle" type="xs:string" minOccurs="0" />
                <xs:element name="Lat" type="xs:decimal" minOccurs="0" />
                <xs:element name="Lon" type="xs:decimal" minOccurs="0" />
                <xs:element name="Dis" type="xs:decimal" minOccurs="0" />
                <xs:element name="Cta" type="xs:int" minOccurs="0" />
                <xs:element name="CodSec" type="xs:int" minOccurs="0" />
              </xs:sequence>
            </xs:complexType>
          </xs:element>
        </xs:choice>
      </xs:complexType>
    </xs:element>
  </xs:schema>
  <S>
    <Calle>MORE</Calle>
    <Lat>34.640966</Lat>
    <Lon>58.823975</Lon>
    <Dis>11497.478</Dis>
    <Cta>1</Cta>
    <CodSec>23</CodSec>
  </S>
  <S>
    <Calle>CCAST</Calle>
    <Lat>34.586041</Lat>
    <Lon>58.750050</Lon>
    <Dis>1942.556</Dis>
    <Cta>619</Cta>
    <CodSec>20</CodSec>
  </S>
  <S>
    <Calle>SBRIG</Calle>
    <Lat>34.570446</Lat>
    <Lon>58.743093</Lon>
    <Dis>1093.538</Dis>
    <Cta>744</Cta>
    <CodSec>19</CodSec>
  </S>
  <S>
    <Calle>PROSA</Calle>
    <Lat>34.563111</Lat>
    <Lon>58.735753</Lon>
    <Dis>2666.282</Dis>
    <Cta>815</Cta>
    <CodSec>19</CodSec>
  </S>
  <S>
    <Calle>FARIA</Calle>
    <Lat>34.545871</Lat>
    <Lon>58.715952</Lon>
    <Dis>1848.517</Dis>
    <Cta>981</Cta>
    <CodSec>18</CodSec>
  </S>
  <S>
    <Calle>PAVON</Calle>
    <Lat>34.533557</Lat>
    <Lon>58.702717</Lon>
    <Dis>1030.429</Dis>
    <Cta>1086</Cta>
    <CodSec>17</CodSec>
  </S>
  <S>
    <Calle>ESCLE</Calle>
    <Lat>34.527032</Lat>
    <Lon>58.695086</Lon>
    <Dis>1770.232</Dis>
    <Cta>1151</Cta>
    <CodSec>17</CodSec>
  </S>
  <S>
    <Calle>LOREN</Calle>
    <Lat>34.524359</Lat>
    <Lon>58.680554</Lon>
    <Dis>3669.270</Dis>
    <Cta>1255</Cta>
    <CodSec>16</CodSec>
  </S>
  <S>
    <Calle>DTORC</Calle>
    <Lat>34.503672</Lat>
    <Lon>58.649607</Lon>
    <Dis>1099.692</Dis>
    <Cta>1454</Cta>
    <CodSec>15</CodSec>
  </S>
  <S>
    <Calle>CHIND</Calle>
    <Lat>34.500952</Lat>
    <Lon>58.642839</Lon>
    <Dis>2646.722</Dis>
    <Cta>1522</Cta>
    <CodSec>15</CodSec>
  </S>
  <S>
    <Calle>PANAM</Calle>
    <Lat>34.487946</Lat>
    <Lon>58.619957</Lon>
    <Dis>1146.024</Dis>
    <Cta>1674</Cta>
    <CodSec>14</CodSec>
  </S>
  <S>
    <Calle>R2022</Calle>
    <Lat>34.486530</Lat>
    <Lon>58.608449</Lon>
    <Dis>2116.770</Dis>
    <Cta>1746</Cta>
    <CodSec>14</CodSec>
  </S>
  <S>
    <Calle>BLGNE</Calle>
    <Lat>34.488097</Lat>
    <Lon>58.585574</Lon>
    <Dis>1862.446</Dis>
    <Cta>1854</Cta>
    <CodSec>14</CodSec>
  </S>
  <S>
    <Calle>JSMAR</Calle>
    <Lat>34.491407</Lat>
    <Lon>58.566046</Lon>
    <Dis>993.847</Dis>
    <Cta>1981</Cta>
    <CodSec>14</CodSec>
  </S>
  <S>
    <Calle>MARQ1</Calle>
    <Lat>34.495734</Lat>
    <Lon>58.556846</Lon>
    <Dis>1458.878</Dis>
    <Cta>2039</Cta>
    <CodSec>13</CodSec>
  </S>
  <S>
    <Calle>THAME</Calle>
    <Lat>34.502148</Lat>
    <Lon>58.543621</Lon>
    <Dis>975.639</Dis>
    <Cta>2132</Cta>
    <CodSec>13</CodSec>
  </S>
  <S>
    <Calle>EDISO</Calle>
    <Lat>34.506481</Lat>
    <Lon>58.534434</Lon>
    <Dis>4177.428</Dis>
    <Cta>2186</Cta>
    <CodSec>12</CodSec>
  </S>
  <S>
    <Calle>SMART</Calle>
    <Lat>34.533569</Lat>
    <Lon>58.504515</Lon>
    <Dis>3318.127</Dis>
    <Cta>2451</Cta>
    <CodSec>11</CodSec>
  </S>
  <S>
    <Calle>ZAPIO</Calle>
    <Lat>34.541889</Lat>
    <Lon>58.480902</Lon>
    <Dis>864.931</Dis>
    <Cta>2695</Cta>
    <CodSec>11</CodSec>
  </S>
  <S>
    <Calle>SAAVE</Calle>
    <Lat>34.537338</Lat>
    <Lon>58.475112</Lon>
    <Dis>0</Dis>
    <Cta>2748</Cta>
    <CodSec>1</CodSec>
  </S>
</Sector>