<?xml version="1.0" standalone="yes"?>
<Sector>
  <xs:schema id="Sector" xmlns="" xmlns:xs="http://www.w3.org/2001/XMLSchema" xmlns:msdata="urn:schemas-microsoft-com:xml-msdata">
    <xs:element name="Sector" msdata:IsDataSet="true" msdata:Locale="">
      <xs:complexType>
        <xs:choice minOccurs="0" maxOccurs="unbounded">
          <xs:element name="S" msdata:Locale="">
            <xs:complexType>
              <xs:sequence>
                <xs:element name="Calle" type="xs:string" minOccurs="0" />
                <xs:element name="Lat" type="xs:decimal" minOccurs="0" />
                <xs:element name="Lon" type="xs:decimal" minOccurs="0" />
                <xs:element name="Dis" type="xs:decimal" minOccurs="0" />
                <xs:element name="Cta" type="xs:int" minOccurs="0" />
                <xs:element name="CodSec" type="xs:int" minOccurs="0" />
              </xs:sequence>
            </xs:complexType>
          </xs:element>
        </xs:choice>
      </xs:complexType>
    </xs:element>
  </xs:schema>
  <S>
    <Calle>SAAVE</Calle>
    <Lat>34.537685</Lat>
    <Lon>58.476653</Lon>
    <Dis>588.899</Dis>
    <Cta>1</Cta>
    <CodSec>1</CodSec>
  </S>
  <S>
    <Calle>ZAPIO</Calle>
    <Lat>34.540532</Lat>
    <Lon>58.480954</Lon>
    <Dis>2902.483</Dis>
    <Cta>39</Cta>
    <CodSec>1</CodSec>
  </S>
  <S>
    <Calle>SMART</Calle>
    <Lat>34.534400</Lat>
    <Lon>58.502979</Lon>
    <Dis>3948.179</Dis>
    <Cta>228</Cta>
    <CodSec>11</CodSec>
  </S>
  <S>
    <Calle>EDISO</Calle>
    <Lat>34.507844</Lat>
    <Lon>58.530088</Lon>
    <Dis>1337.598</Dis>
    <Cta>449</Cta>
    <CodSec>12</CodSec>
  </S>
  <S>
    <Calle>THAME</Calle>
    <Lat>34.501853</Lat>
    <Lon>58.542473</Lon>
    <Dis>976.686</Dis>
    <Cta>535</Cta>
    <CodSec>12</CodSec>
  </S>
  <S>
    <Calle>MARQ2</Calle>
    <Lat>34.497089</Lat>
    <Lon>58.551360</Lon>
    <Dis>432.541</Dis>
    <Cta>595</Cta>
    <CodSec>13</CodSec>
  </S>
  <S>
    <Calle>MARQ1</Calle>
    <Lat>34.494638</Lat>
    <Lon>58.554758</Lon>
    <Dis>1089.744</Dis>
    <Cta>626</Cta>
    <CodSec>13</CodSec>
  </S>
  <S>
    <Calle>JSMAR</Calle>
    <Lat>34.491023</Lat>
    <Lon>58.565360</Lon>
    <Dis>1884.958</Dis>
    <Cta>697</Cta>
    <CodSec>13</CodSec>
  </S>
  <S>
    <Calle>BLGNE</Calle>
    <Lat>34.487887</Lat>
    <Lon>58.585111</Lon>
    <Dis>2227.061</Dis>
    <Cta>820</Cta>
    <CodSec>13</CodSec>
  </S>
  <S>
    <Calle>R2022</Calle>
    <Lat>34.485834</Lat>
    <Lon>58.609182</Lon>
    <Dis>3430.465</Dis>
    <Cta>932</Cta>
    <CodSec>14</CodSec>
  </S>
  <S>
    <Calle>CHIN2</Calle>
    <Lat>34.499261</Lat>
    <Lon>58.641099</Lon>
    <Dis>4540.814</Dis>
    <Cta>1138</Cta>
    <CodSec>15</CodSec>
  </S>
  <S>
    <Calle>LOREN</Calle>
    <Lat>34.523979</Lat>
    <Lon>58.680002</Lon>
    <Dis>2589.258</Dis>
    <Cta>1378</Cta>
    <CodSec>16</CodSec>
  </S>
  <S>
    <Calle>ROLEM</Calle>
    <Lat>34.531722</Lat>
    <Lon>58.700244</Lon>
    <Dis>1491.178</Dis>
    <Cta>1549</Cta>
    <CodSec>17</CodSec>
  </S>
  <S>
    <Calle>DELIA</Calle>
    <Lat>34.539571</Lat>
    <Lon>58.711766</Lon>
    <Dis>433.387</Dis>
    <Cta>1647</Cta>
    <CodSec>18</CodSec>
  </S>
  <S>
    <Calle>ALEM.</Calle>
    <Lat>34.542449</Lat>
    <Lon>58.714878</Lon>
    <Dis>3980.830</Dis>
    <Cta>1671</Cta>
    <CodSec>18</CodSec>
  </S>
  <S>
    <Calle>SBRIG</Calle>
    <Lat>34.567718</Lat>
    <Lon>58.741671</Lon>
    <Dis>1907.620</Dis>
    <Cta>1907</Cta>
    <CodSec>19</CodSec>
  </S>
  <S>
    <Calle>CCAST</Calle>
    <Lat>34.583477</Lat>
    <Lon>58.747482</Lon>
    <Dis>2585.946</Dis>
    <Cta>2030</Cta>
    <CodSec>20</CodSec>
  </S>
  <S>
    <Calle>PFIZR</Calle>
    <Lat>34.602710</Lat>
    <Lon>58.762011</Lon>
    <Dis>2868.755</Dis>
    <Cta>2197</Cta>
    <CodSec>21</CodSec>
  </S>
  <S>
    <Calle>P.GAO</Calle>
    <Lat>34.624829</Lat>
    <Lon>58.777007</Lon>
    <Dis>3575.982</Dis>
    <Cta>2377</Cta>
    <CodSec>22</CodSec>
  </S>
  <S>
    <Calle>MOREN</Calle>
    <Lat>34.650123</Lat>
    <Lon>58.789949</Lon>
    <Dis>2787.262</Dis>
    <Cta>2609</Cta>
    <CodSec>23</CodSec>
  </S>
  <S>
    <Calle>AcOES</Calle>
    <Lat>34.632877</Lat>
    <Lon>58.794254</Lon>
    <Dis>4410.252</Dis>
    <Cta>2773</Cta>
    <CodSec>23</CodSec>
  </S>
  <S>
    <Calle>LREJA</Calle>
    <Lat>34.618876</Lat>
    <Lon>58.838838</Lon>
    <Dis>2863.838</Dis>
    <Cta>3005</Cta>
    <CodSec>30</CodSec>
  </S>
  <S>
    <Calle>PTEAL</Calle>
    <Lat>34.610359</Lat>
    <Lon>58.868178</Lon>
    <Dis>4070.008</Dis>
    <Cta>3167</Cta>
    <CodSec>31</CodSec>
  </S>
  <S>
    <Calle>CMALV</Calle>
    <Lat>34.601320</Lat>
    <Lon>58.906325</Lon>
    <Dis>3560.199</Dis>
    <Cta>3439</Cta>
    <CodSec>31</CodSec>
  </S>
  <S>
    <Calle>RODR2</Calle>
    <Lat>34.594018</Lat>
    <Lon>58.943965</Lon>
    <Dis>5999.523</Dis>
    <Cta>3609</Cta>
    <CodSec>32</CodSec>
  </S>
  <S>
    <Calle>PEAJ2</Calle>
    <Lat>34.580310</Lat>
    <Lon>59.005958</Lon>
    <Dis>7590.534</Dis>
    <Cta>3940</Cta>
    <CodSec>33</CodSec>
  </S>
  <S>
    <Calle>CRUT7</Calle>
    <Lat>34.576853</Lat>
    <Lon>59.082722</Lon>
    <Dis>5603.575</Dis>
    <Cta>4369</Cta>
    <CodSec>34</CodSec>
  </S>
  <S>
    <Calle>LUJAN</Calle>
    <Lat>34.560661</Lat>
    <Lon>59.120427</Lon>
    <Dis>0</Dis>
    <Cta>4763</Cta>
    <CodSec>35</CodSec>
  </S>
</Sector>